scene,method,method_key,sim_count,best_error,run_seed
Changchun,BF-SAC-GP,BF-SAC-GP,1,0.608181,42
Changchun,BF-SAC-GP,BF-SAC-GP,2,0.608181,42
Changchun,BF-SAC-GP,BF-SAC-GP,3,0.608181,42
Changchun,BF-SAC-GP,BF-SAC-GP,4,0.539229,42
Changchun,BF-SAC-GP,BF-SAC-GP,5,0.297683,42
Changchun,BF-SAC-GP,BF-SAC-GP,6,0.297683,42
Changchun,BF-SAC-GP,BF-SAC-GP,7,0.297683,42
Changchun,BF-SAC-GP,BF-SAC-GP,8,0.297683,42
Changchun,BF-SAC-GP,BF-SAC-GP,9,0.297683,42
Changchun,BF-SAC-GP,BF-SAC-GP,10,0.297683,42
Changchun,BF-SAC-GP,BF-SAC-GP,11,0.297683,42
Changchun,BF-SAC-GP,BF-SAC-GP,12,0.297683,42
Changchun,BF-SAC-GP,BF-SAC-GP,13,0.297683,42
Changchun,BF-SAC-GP,BF-SAC-GP,14,0.297683,42
Changchun,BF-SAC-GP,BF-SAC-GP,15,0.297683,42
Changchun,BF-SAC-GP,BF-SAC-GP,16,0.297683,42
Changchun,BF-SAC-GP,BF-SAC-GP,17,0.297683,42
Changchun,BF-SAC-GP,BF-SAC-GP,18,0.297683,42
Changchun,BF-SAC-GP,BF-SAC-GP,19,0.297683,42
Changchun,BF-SAC-GP,BF-SAC-GP,20,0.297683,42
Changchun,BF-SAC-GP,BF-SAC-GP,21,0.297683,42
Changchun,BF-SAC-GP,BF-SAC-GP,22,0.297683,42
Changchun,BF-SAC-GP,BF-SAC-GP,23,0.297683,42
Changchun,BF-SAC-GP,BF-SAC-GP,24,0.297683,42
Changchun,BF-SAC-GP,BF-SAC-GP,25,0.297683,42
Changchun,BF-SAC-GP,BF-SAC-GP,26,0.297683,42
Changchun,BF-SAC-GP,BF-SAC-GP,27,0.297683,42
Changchun,BF-SAC-GP,BF-SAC-GP,28,0.297683,42
Changchun,BF-SAC-GP,BF-SAC-GP,29,0.297683,42
Changchun,BF-SAC-GP,BF-SAC-GP,30,0.297683,42
Changchun,BF-SAC-GP,BF-SAC-GP,31,0.297683,42
Changchun,BF-SAC-GP,BF-SAC-GP,32,0.297683,42
Changchun,BF-SAC-GP,BF-SAC-GP,33,0.224349,42
Changchun,BF-SAC-GP,BF-SAC-GP,34,0.224349,42
Changchun,BF-SAC-GP,BF-SAC-GP,35,0.224349,42
Changchun,BF-SAC-GP,BF-SAC-GP,36,0.224349,42
Changchun,BF-SAC-GP,BF-SAC-GP,37,0.224349,42
Changchun,BF-SAC-GP,BF-SAC-GP,38,0.224349,42
Changchun,BF-SAC-GP,BF-SAC-GP,39,0.224349,42
Changchun,BF-SAC-GP,BF-SAC-GP,40,0.224349,42
Changchun,BF-SAC-GP,BF-SAC-GP,41,0.224349,42
Changchun,BF-SAC-GP,BF-SAC-GP,42,0.200669,42
Changchun,BF-SAC-GP,BF-SAC-GP,43,0.200669,42
Changchun,BF-SAC-GP,BF-SAC-GP,44,0.200669,42
Changchun,BF-SAC-GP,BF-SAC-GP,45,0.200669,42
Changchun,BF-SAC-GP,BF-SAC-GP,46,0.200669,42
Changchun,BF-SAC-GP,BF-SAC-GP,47,0.200669,42
Changchun,BF-SAC-GP,BF-SAC-GP,48,0.200669,42
Changchun,BF-SAC-GP,BF-SAC-GP,49,0.19454,42
Changchun,BF-SAC-GP,BF-SAC-GP,50,0.19454,42
Changchun,BF-SAC-GP,BF-SAC-GP,51,0.179661,42
Changchun,BF-SAC-GP,BF-SAC-GP,52,0.179661,42
Changchun,BF-SAC-GP,BF-SAC-GP,53,0.179661,42
Changchun,BF-SAC-GP,BF-SAC-GP,54,0.179661,42
Changchun,BF-SAC-GP,BF-SAC-GP,55,0.179661,42
Changchun,BF-SAC-GP,BF-SAC-GP,56,0.179661,42
Changchun,BF-SAC-GP,BF-SAC-GP,57,0.179661,42
Changchun,BF-SAC-GP,BF-SAC-GP,58,0.179661,42
Changchun,BF-SAC-GP,BF-SAC-GP,59,0.179661,42
Changchun,BF-SAC-GP,BF-SAC-GP,60,0.179661,42
Changchun,BF-SAC-GP,BF-SAC-GP,61,0.179661,42
Changchun,BF-SAC-GP,BF-SAC-GP,62,0.179661,42
Changchun,BF-SAC-GP,BF-SAC-GP,63,0.179661,42
Changchun,BF-SAC-GP,BF-SAC-GP,64,0.179661,42
Changchun,BF-SAC-GP,BF-SAC-GP,65,0.179661,42
Changchun,BF-SAC-GP,BF-SAC-GP,66,0.179298,42
Changchun,BF-SAC-GP,BF-SAC-GP,67,0.179298,42
Changchun,BF-SAC-GP,BF-SAC-GP,68,0.179298,42
Changchun,BF-SAC-GP,BF-SAC-GP,69,0.177078,42
Changchun,BF-SAC-GP,BF-SAC-GP,70,0.177078,42
Changchun,BF-SAC-GP,BF-SAC-GP,71,0.177078,42
Changchun,BF-SAC-GP,BF-SAC-GP,72,0.177078,42
Changchun,BF-SAC-GP,BF-SAC-GP,73,0.177078,42
Changchun,BF-SAC-GP,BF-SAC-GP,74,0.177078,42
Changchun,BF-SAC-GP,BF-SAC-GP,75,0.177078,42
Changchun,BF-SAC-GP,BF-SAC-GP,76,0.177078,42
Changchun,BF-SAC-GP,BF-SAC-GP,77,0.177078,42
Changchun,BF-SAC-GP,BF-SAC-GP,78,0.177078,42
Changchun,BF-SAC-GP,BF-SAC-GP,79,0.177078,42
Changchun,BF-SAC-GP,BF-SAC-GP,80,0.177078,42
Changchun,BF-SAC-GP,BF-SAC-GP,81,0.177078,42
Changchun,BF-SAC-GP,BF-SAC-GP,82,0.177078,42
Changchun,BF-SAC-GP,BF-SAC-GP,83,0.177078,42
Changchun,BF-SAC-GP,BF-SAC-GP,84,0.177078,42
Changchun,BF-SAC-GP,BF-SAC-GP,85,0.177078,42
Changchun,BF-SAC-GP,BF-SAC-GP,86,0.177078,42
Changchun,BF-SAC-GP,BF-SAC-GP,87,0.177078,42
Changchun,BF-SAC-GP,BF-SAC-GP,88,0.164763,42
Changchun,BF-SAC-GP,BF-SAC-GP,89,0.164763,42
Changchun,BF-SAC-GP,BF-SAC-GP,90,0.164763,42
Changchun,BF-SAC-GP,BF-SAC-GP,91,0.159497,42
Changchun,BF-SAC-GP,BF-SAC-GP,92,0.159497,42
Changchun,BF-SAC-GP,BF-SAC-GP,93,0.159497,42
Changchun,BF-SAC-GP,BF-SAC-GP,94,0.159497,42
Changchun,BF-SAC-GP,BF-SAC-GP,95,0.159497,42
Changchun,BF-SAC-GP,BF-SAC-GP,96,0.159497,42
Changchun,BF-SAC-GP,BF-SAC-GP,97,0.159497,42
Changchun,BF-SAC-GP,BF-SAC-GP,98,0.159497,42
Changchun,BF-SAC-GP,BF-SAC-GP,99,0.159497,42
Changchun,BF-SAC-GP,BF-SAC-GP,100,0.159497,42
Changchun,BF-SAC-GP,BF-SAC-GP,1,0.696115,101
Changchun,BF-SAC-GP,BF-SAC-GP,2,0.696115,101
Changchun,BF-SAC-GP,BF-SAC-GP,3,0.606641,101
Changchun,BF-SAC-GP,BF-SAC-GP,4,0.606641,101
Changchun,BF-SAC-GP,BF-SAC-GP,5,0.606641,101
Changchun,BF-SAC-GP,BF-SAC-GP,6,0.606641,101
Changchun,BF-SAC-GP,BF-SAC-GP,7,0.606641,101
Changchun,BF-SAC-GP,BF-SAC-GP,8,0.606641,101
Changchun,BF-SAC-GP,BF-SAC-GP,9,0.602844,101
Changchun,BF-SAC-GP,BF-SAC-GP,10,0.602844,101
Changchun,BF-SAC-GP,BF-SAC-GP,11,0.599933,101
Changchun,BF-SAC-GP,BF-SAC-GP,12,0.544413,101
Changchun,BF-SAC-GP,BF-SAC-GP,13,0.544413,101
Changchun,BF-SAC-GP,BF-SAC-GP,14,0.2126,101
Changchun,BF-SAC-GP,BF-SAC-GP,15,0.2126,101
Changchun,BF-SAC-GP,BF-SAC-GP,16,0.2126,101
Changchun,BF-SAC-GP,BF-SAC-GP,17,0.2126,101
Changchun,BF-SAC-GP,BF-SAC-GP,18,0.2126,101
Changchun,BF-SAC-GP,BF-SAC-GP,19,0.2126,101
Changchun,BF-SAC-GP,BF-SAC-GP,20,0.2126,101
Changchun,BF-SAC-GP,BF-SAC-GP,21,0.2126,101
Changchun,BF-SAC-GP,BF-SAC-GP,22,0.2126,101
Changchun,BF-SAC-GP,BF-SAC-GP,23,0.2126,101
Changchun,BF-SAC-GP,BF-SAC-GP,24,0.2126,101
Changchun,BF-SAC-GP,BF-SAC-GP,25,0.2126,101
Changchun,BF-SAC-GP,BF-SAC-GP,26,0.2126,101
Changchun,BF-SAC-GP,BF-SAC-GP,27,0.2126,101
Changchun,BF-SAC-GP,BF-SAC-GP,28,0.2126,101
Changchun,BF-SAC-GP,BF-SAC-GP,29,0.2126,101
Changchun,BF-SAC-GP,BF-SAC-GP,30,0.2126,101
Changchun,BF-SAC-GP,BF-SAC-GP,31,0.2126,101
Changchun,BF-SAC-GP,BF-SAC-GP,32,0.2126,101
Changchun,BF-SAC-GP,BF-SAC-GP,33,0.2126,101
Changchun,BF-SAC-GP,BF-SAC-GP,34,0.2126,101
Changchun,BF-SAC-GP,BF-SAC-GP,35,0.2126,101
Changchun,BF-SAC-GP,BF-SAC-GP,36,0.2126,101
Changchun,BF-SAC-GP,BF-SAC-GP,37,0.2126,101
Changchun,BF-SAC-GP,BF-SAC-GP,38,0.2126,101
Changchun,BF-SAC-GP,BF-SAC-GP,39,0.2126,101
Changchun,BF-SAC-GP,BF-SAC-GP,40,0.2126,101
Changchun,BF-SAC-GP,BF-SAC-GP,41,0.2126,101
Changchun,BF-SAC-GP,BF-SAC-GP,42,0.2126,101
Changchun,BF-SAC-GP,BF-SAC-GP,43,0.2126,101
Changchun,BF-SAC-GP,BF-SAC-GP,44,0.2126,101
Changchun,BF-SAC-GP,BF-SAC-GP,45,0.2126,101
Changchun,BF-SAC-GP,BF-SAC-GP,46,0.2126,101
Changchun,BF-SAC-GP,BF-SAC-GP,47,0.2126,101
Changchun,BF-SAC-GP,BF-SAC-GP,48,0.2126,101
Changchun,BF-SAC-GP,BF-SAC-GP,49,0.2126,101
Changchun,BF-SAC-GP,BF-SAC-GP,50,0.2126,101
Changchun,BF-SAC-GP,BF-SAC-GP,51,0.2126,101
Changchun,BF-SAC-GP,BF-SAC-GP,52,0.2126,101
Changchun,BF-SAC-GP,BF-SAC-GP,53,0.2126,101
Changchun,BF-SAC-GP,BF-SAC-GP,54,0.2126,101
Changchun,BF-SAC-GP,BF-SAC-GP,55,0.2126,101
Changchun,BF-SAC-GP,BF-SAC-GP,56,0.2126,101
Changchun,BF-SAC-GP,BF-SAC-GP,57,0.203911,101
Changchun,BF-SAC-GP,BF-SAC-GP,58,0.196104,101
Changchun,BF-SAC-GP,BF-SAC-GP,59,0.196104,101
Changchun,BF-SAC-GP,BF-SAC-GP,60,0.178246,101
Changchun,BF-SAC-GP,BF-SAC-GP,61,0.178246,101
Changchun,BF-SAC-GP,BF-SAC-GP,62,0.178246,101
Changchun,BF-SAC-GP,BF-SAC-GP,63,0.178246,101
Changchun,BF-SAC-GP,BF-SAC-GP,64,0.178246,101
Changchun,BF-SAC-GP,BF-SAC-GP,65,0.178246,101
Changchun,BF-SAC-GP,BF-SAC-GP,66,0.178246,101
Changchun,BF-SAC-GP,BF-SAC-GP,67,0.178246,101
Changchun,BF-SAC-GP,BF-SAC-GP,68,0.178246,101
Changchun,BF-SAC-GP,BF-SAC-GP,69,0.178246,101
Changchun,BF-SAC-GP,BF-SAC-GP,70,0.178246,101
Changchun,BF-SAC-GP,BF-SAC-GP,71,0.178246,101
Changchun,BF-SAC-GP,BF-SAC-GP,72,0.178246,101
Changchun,BF-SAC-GP,BF-SAC-GP,73,0.178246,101
Changchun,BF-SAC-GP,BF-SAC-GP,74,0.178246,101
Changchun,BF-SAC-GP,BF-SAC-GP,75,0.178246,101
Changchun,BF-SAC-GP,BF-SAC-GP,76,0.178246,101
Changchun,BF-SAC-GP,BF-SAC-GP,77,0.178246,101
Changchun,BF-SAC-GP,BF-SAC-GP,78,0.178246,101
Changchun,BF-SAC-GP,BF-SAC-GP,79,0.178246,101
Changchun,BF-SAC-GP,BF-SAC-GP,80,0.178246,101
Changchun,BF-SAC-GP,BF-SAC-GP,81,0.178246,101
Changchun,BF-SAC-GP,BF-SAC-GP,82,0.178246,101
Changchun,BF-SAC-GP,BF-SAC-GP,83,0.178246,101
Changchun,BF-SAC-GP,BF-SAC-GP,84,0.178246,101
Changchun,BF-SAC-GP,BF-SAC-GP,85,0.178246,101
Changchun,BF-SAC-GP,BF-SAC-GP,86,0.178246,101
Changchun,BF-SAC-GP,BF-SAC-GP,87,0.178246,101
Changchun,BF-SAC-GP,BF-SAC-GP,88,0.178246,101
Changchun,BF-SAC-GP,BF-SAC-GP,89,0.178246,101
Changchun,BF-SAC-GP,BF-SAC-GP,90,0.178246,101
Changchun,BF-SAC-GP,BF-SAC-GP,91,0.178246,101
Changchun,BF-SAC-GP,BF-SAC-GP,92,0.178246,101
Changchun,BF-SAC-GP,BF-SAC-GP,93,0.178246,101
Changchun,BF-SAC-GP,BF-SAC-GP,94,0.178246,101
Changchun,BF-SAC-GP,BF-SAC-GP,95,0.178246,101
Changchun,BF-SAC-GP,BF-SAC-GP,96,0.178246,101
Changchun,BF-SAC-GP,BF-SAC-GP,97,0.178246,101
Changchun,BF-SAC-GP,BF-SAC-GP,98,0.178246,101
Changchun,BF-SAC-GP,BF-SAC-GP,99,0.178246,101
Changchun,BF-SAC-GP,BF-SAC-GP,100,0.178246,101
Changchun,BF-SAC-GP,BF-SAC-GP,1,0.664803,202
Changchun,BF-SAC-GP,BF-SAC-GP,2,0.664803,202
Changchun,BF-SAC-GP,BF-SAC-GP,3,0.480193,202
Changchun,BF-SAC-GP,BF-SAC-GP,4,0.480193,202
Changchun,BF-SAC-GP,BF-SAC-GP,5,0.480193,202
Changchun,BF-SAC-GP,BF-SAC-GP,6,0.480193,202
Changchun,BF-SAC-GP,BF-SAC-GP,7,0.480193,202
Changchun,BF-SAC-GP,BF-SAC-GP,8,0.480193,202
Changchun,BF-SAC-GP,BF-SAC-GP,9,0.480193,202
Changchun,BF-SAC-GP,BF-SAC-GP,10,0.480193,202
Changchun,BF-SAC-GP,BF-SAC-GP,11,0.480193,202
Changchun,BF-SAC-GP,BF-SAC-GP,12,0.480193,202
Changchun,BF-SAC-GP,BF-SAC-GP,13,0.480193,202
Changchun,BF-SAC-GP,BF-SAC-GP,14,0.480193,202
Changchun,BF-SAC-GP,BF-SAC-GP,15,0.480193,202
Changchun,BF-SAC-GP,BF-SAC-GP,16,0.480193,202
Changchun,BF-SAC-GP,BF-SAC-GP,17,0.480193,202
Changchun,BF-SAC-GP,BF-SAC-GP,18,0.480193,202
Changchun,BF-SAC-GP,BF-SAC-GP,19,0.255969,202
Changchun,BF-SAC-GP,BF-SAC-GP,20,0.255969,202
Changchun,BF-SAC-GP,BF-SAC-GP,21,0.255969,202
Changchun,BF-SAC-GP,BF-SAC-GP,22,0.255969,202
Changchun,BF-SAC-GP,BF-SAC-GP,23,0.255969,202
Changchun,BF-SAC-GP,BF-SAC-GP,24,0.255969,202
Changchun,BF-SAC-GP,BF-SAC-GP,25,0.255969,202
Changchun,BF-SAC-GP,BF-SAC-GP,26,0.255969,202
Changchun,BF-SAC-GP,BF-SAC-GP,27,0.255969,202
Changchun,BF-SAC-GP,BF-SAC-GP,28,0.255969,202
Changchun,BF-SAC-GP,BF-SAC-GP,29,0.255969,202
Changchun,BF-SAC-GP,BF-SAC-GP,30,0.255969,202
Changchun,BF-SAC-GP,BF-SAC-GP,31,0.255969,202
Changchun,BF-SAC-GP,BF-SAC-GP,32,0.255969,202
Changchun,BF-SAC-GP,BF-SAC-GP,33,0.255969,202
Changchun,BF-SAC-GP,BF-SAC-GP,34,0.255969,202
Changchun,BF-SAC-GP,BF-SAC-GP,35,0.255969,202
Changchun,BF-SAC-GP,BF-SAC-GP,36,0.255969,202
Changchun,BF-SAC-GP,BF-SAC-GP,37,0.255969,202
Changchun,BF-SAC-GP,BF-SAC-GP,38,0.255969,202
Changchun,BF-SAC-GP,BF-SAC-GP,39,0.255969,202
Changchun,BF-SAC-GP,BF-SAC-GP,40,0.255969,202
Changchun,BF-SAC-GP,BF-SAC-GP,41,0.255969,202
Changchun,BF-SAC-GP,BF-SAC-GP,42,0.255969,202
Changchun,BF-SAC-GP,BF-SAC-GP,43,0.246737,202
Changchun,BF-SAC-GP,BF-SAC-GP,44,0.246737,202
Changchun,BF-SAC-GP,BF-SAC-GP,45,0.198338,202
Changchun,BF-SAC-GP,BF-SAC-GP,46,0.198338,202
Changchun,BF-SAC-GP,BF-SAC-GP,47,0.198338,202
Changchun,BF-SAC-GP,BF-SAC-GP,48,0.198338,202
Changchun,BF-SAC-GP,BF-SAC-GP,49,0.198338,202
Changchun,BF-SAC-GP,BF-SAC-GP,50,0.198338,202
Changchun,BF-SAC-GP,BF-SAC-GP,51,0.198338,202
Changchun,BF-SAC-GP,BF-SAC-GP,52,0.198338,202
Changchun,BF-SAC-GP,BF-SAC-GP,53,0.198338,202
Changchun,BF-SAC-GP,BF-SAC-GP,54,0.198338,202
Changchun,BF-SAC-GP,BF-SAC-GP,55,0.198338,202
Changchun,BF-SAC-GP,BF-SAC-GP,56,0.198338,202
Changchun,BF-SAC-GP,BF-SAC-GP,57,0.198338,202
Changchun,BF-SAC-GP,BF-SAC-GP,58,0.198338,202
Changchun,BF-SAC-GP,BF-SAC-GP,59,0.198338,202
Changchun,BF-SAC-GP,BF-SAC-GP,60,0.198338,202
Changchun,BF-SAC-GP,BF-SAC-GP,61,0.19178,202
Changchun,BF-SAC-GP,BF-SAC-GP,62,0.19178,202
Changchun,BF-SAC-GP,BF-SAC-GP,63,0.19178,202
Changchun,BF-SAC-GP,BF-SAC-GP,64,0.19178,202
Changchun,BF-SAC-GP,BF-SAC-GP,65,0.19178,202
Changchun,BF-SAC-GP,BF-SAC-GP,66,0.19178,202
Changchun,BF-SAC-GP,BF-SAC-GP,67,0.19178,202
Changchun,BF-SAC-GP,BF-SAC-GP,68,0.19178,202
Changchun,BF-SAC-GP,BF-SAC-GP,69,0.19178,202
Changchun,BF-SAC-GP,BF-SAC-GP,70,0.19178,202
Changchun,BF-SAC-GP,BF-SAC-GP,71,0.19178,202
Changchun,BF-SAC-GP,BF-SAC-GP,72,0.19178,202
Changchun,BF-SAC-GP,BF-SAC-GP,73,0.19178,202
Changchun,BF-SAC-GP,BF-SAC-GP,74,0.19178,202
Changchun,BF-SAC-GP,BF-SAC-GP,75,0.19178,202
Changchun,BF-SAC-GP,BF-SAC-GP,76,0.19178,202
Changchun,BF-SAC-GP,BF-SAC-GP,77,0.19178,202
Changchun,BF-SAC-GP,BF-SAC-GP,78,0.19178,202
Changchun,BF-SAC-GP,BF-SAC-GP,79,0.19178,202
Changchun,BF-SAC-GP,BF-SAC-GP,80,0.19178,202
Changchun,BF-SAC-GP,BF-SAC-GP,81,0.19178,202
Changchun,BF-SAC-GP,BF-SAC-GP,82,0.19178,202
Changchun,BF-SAC-GP,BF-SAC-GP,83,0.19178,202
Changchun,BF-SAC-GP,BF-SAC-GP,84,0.19178,202
Changchun,BF-SAC-GP,BF-SAC-GP,85,0.19178,202
Changchun,BF-SAC-GP,BF-SAC-GP,86,0.19178,202
Changchun,BF-SAC-GP,BF-SAC-GP,87,0.19178,202
Changchun,BF-SAC-GP,BF-SAC-GP,88,0.19178,202
Changchun,BF-SAC-GP,BF-SAC-GP,89,0.19178,202
Changchun,BF-SAC-GP,BF-SAC-GP,90,0.19178,202
Changchun,BF-SAC-GP,BF-SAC-GP,91,0.185007,202
Changchun,BF-SAC-GP,BF-SAC-GP,92,0.185007,202
Changchun,BF-SAC-GP,BF-SAC-GP,93,0.185007,202
Changchun,BF-SAC-GP,BF-SAC-GP,94,0.185007,202
Changchun,BF-SAC-GP,BF-SAC-GP,95,0.185007,202
Changchun,BF-SAC-GP,BF-SAC-GP,96,0.185007,202
Changchun,BF-SAC-GP,BF-SAC-GP,97,0.177938,202
Changchun,BF-SAC-GP,BF-SAC-GP,98,0.177938,202
Changchun,BF-SAC-GP,BF-SAC-GP,99,0.177938,202
Changchun,BF-SAC-GP,BF-SAC-GP,100,0.177938,202
Changchun,BF-SAC-GP,BF-SAC-GP,1,0.705683,303
Changchun,BF-SAC-GP,BF-SAC-GP,2,0.402444,303
Changchun,BF-SAC-GP,BF-SAC-GP,3,0.402444,303
Changchun,BF-SAC-GP,BF-SAC-GP,4,0.402444,303
Changchun,BF-SAC-GP,BF-SAC-GP,5,0.402444,303
Changchun,BF-SAC-GP,BF-SAC-GP,6,0.402444,303
Changchun,BF-SAC-GP,BF-SAC-GP,7,0.402444,303
Changchun,BF-SAC-GP,BF-SAC-GP,8,0.402444,303
Changchun,BF-SAC-GP,BF-SAC-GP,9,0.323243,303
Changchun,BF-SAC-GP,BF-SAC-GP,10,0.323243,303
Changchun,BF-SAC-GP,BF-SAC-GP,11,0.323243,303
Changchun,BF-SAC-GP,BF-SAC-GP,12,0.323243,303
Changchun,BF-SAC-GP,BF-SAC-GP,13,0.323243,303
Changchun,BF-SAC-GP,BF-SAC-GP,14,0.323243,303
Changchun,BF-SAC-GP,BF-SAC-GP,15,0.323243,303
Changchun,BF-SAC-GP,BF-SAC-GP,16,0.323243,303
Changchun,BF-SAC-GP,BF-SAC-GP,17,0.323243,303
Changchun,BF-SAC-GP,BF-SAC-GP,18,0.323243,303
Changchun,BF-SAC-GP,BF-SAC-GP,19,0.323243,303
Changchun,BF-SAC-GP,BF-SAC-GP,20,0.323243,303
Changchun,BF-SAC-GP,BF-SAC-GP,21,0.323243,303
Changchun,BF-SAC-GP,BF-SAC-GP,22,0.323243,303
Changchun,BF-SAC-GP,BF-SAC-GP,23,0.323243,303
Changchun,BF-SAC-GP,BF-SAC-GP,24,0.323243,303
Changchun,BF-SAC-GP,BF-SAC-GP,25,0.323243,303
Changchun,BF-SAC-GP,BF-SAC-GP,26,0.323243,303
Changchun,BF-SAC-GP,BF-SAC-GP,27,0.323243,303
Changchun,BF-SAC-GP,BF-SAC-GP,28,0.323243,303
Changchun,BF-SAC-GP,BF-SAC-GP,29,0.323243,303
Changchun,BF-SAC-GP,BF-SAC-GP,30,0.323243,303
Changchun,BF-SAC-GP,BF-SAC-GP,31,0.323243,303
Changchun,BF-SAC-GP,BF-SAC-GP,32,0.323243,303
Changchun,BF-SAC-GP,BF-SAC-GP,33,0.323243,303
Changchun,BF-SAC-GP,BF-SAC-GP,34,0.323243,303
Changchun,BF-SAC-GP,BF-SAC-GP,35,0.323243,303
Changchun,BF-SAC-GP,BF-SAC-GP,36,0.323243,303
Changchun,BF-SAC-GP,BF-SAC-GP,37,0.323243,303
Changchun,BF-SAC-GP,BF-SAC-GP,38,0.323243,303
Changchun,BF-SAC-GP,BF-SAC-GP,39,0.323243,303
Changchun,BF-SAC-GP,BF-SAC-GP,40,0.323243,303
Changchun,BF-SAC-GP,BF-SAC-GP,41,0.323243,303
Changchun,BF-SAC-GP,BF-SAC-GP,42,0.323243,303
Changchun,BF-SAC-GP,BF-SAC-GP,43,0.323243,303
Changchun,BF-SAC-GP,BF-SAC-GP,44,0.323243,303
Changchun,BF-SAC-GP,BF-SAC-GP,45,0.323243,303
Changchun,BF-SAC-GP,BF-SAC-GP,46,0.323243,303
Changchun,BF-SAC-GP,BF-SAC-GP,47,0.30612,303
Changchun,BF-SAC-GP,BF-SAC-GP,48,0.272774,303
Changchun,BF-SAC-GP,BF-SAC-GP,49,0.272774,303
Changchun,BF-SAC-GP,BF-SAC-GP,50,0.272774,303
Changchun,BF-SAC-GP,BF-SAC-GP,51,0.272774,303
Changchun,BF-SAC-GP,BF-SAC-GP,52,0.272774,303
Changchun,BF-SAC-GP,BF-SAC-GP,53,0.272774,303
Changchun,BF-SAC-GP,BF-SAC-GP,54,0.272774,303
Changchun,BF-SAC-GP,BF-SAC-GP,55,0.272774,303
Changchun,BF-SAC-GP,BF-SAC-GP,56,0.268348,303
Changchun,BF-SAC-GP,BF-SAC-GP,57,0.268348,303
Changchun,BF-SAC-GP,BF-SAC-GP,58,0.268348,303
Changchun,BF-SAC-GP,BF-SAC-GP,59,0.258281,303
Changchun,BF-SAC-GP,BF-SAC-GP,60,0.251516,303
Changchun,BF-SAC-GP,BF-SAC-GP,61,0.251516,303
Changchun,BF-SAC-GP,BF-SAC-GP,62,0.251516,303
Changchun,BF-SAC-GP,BF-SAC-GP,63,0.251516,303
Changchun,BF-SAC-GP,BF-SAC-GP,64,0.251516,303
Changchun,BF-SAC-GP,BF-SAC-GP,65,0.249103,303
Changchun,BF-SAC-GP,BF-SAC-GP,66,0.249103,303
Changchun,BF-SAC-GP,BF-SAC-GP,67,0.249103,303
Changchun,BF-SAC-GP,BF-SAC-GP,68,0.249103,303
Changchun,BF-SAC-GP,BF-SAC-GP,69,0.249103,303
Changchun,BF-SAC-GP,BF-SAC-GP,70,0.249103,303
Changchun,BF-SAC-GP,BF-SAC-GP,71,0.249103,303
Changchun,BF-SAC-GP,BF-SAC-GP,72,0.249103,303
Changchun,BF-SAC-GP,BF-SAC-GP,73,0.249103,303
Changchun,BF-SAC-GP,BF-SAC-GP,74,0.249103,303
Changchun,BF-SAC-GP,BF-SAC-GP,75,0.249103,303
Changchun,BF-SAC-GP,BF-SAC-GP,76,0.234268,303
Changchun,BF-SAC-GP,BF-SAC-GP,77,0.234268,303
Changchun,BF-SAC-GP,BF-SAC-GP,78,0.215186,303
Changchun,BF-SAC-GP,BF-SAC-GP,79,0.208823,303
Changchun,BF-SAC-GP,BF-SAC-GP,80,0.195195,303
Changchun,BF-SAC-GP,BF-SAC-GP,81,0.195195,303
Changchun,BF-SAC-GP,BF-SAC-GP,82,0.195195,303
Changchun,BF-SAC-GP,BF-SAC-GP,83,0.195195,303
Changchun,BF-SAC-GP,BF-SAC-GP,84,0.195195,303
Changchun,BF-SAC-GP,BF-SAC-GP,85,0.195195,303
Changchun,BF-SAC-GP,BF-SAC-GP,86,0.195195,303
Changchun,BF-SAC-GP,BF-SAC-GP,87,0.195195,303
Changchun,BF-SAC-GP,BF-SAC-GP,88,0.195195,303
Changchun,BF-SAC-GP,BF-SAC-GP,89,0.195195,303
Changchun,BF-SAC-GP,BF-SAC-GP,90,0.195195,303
Changchun,BF-SAC-GP,BF-SAC-GP,91,0.195195,303
Changchun,BF-SAC-GP,BF-SAC-GP,92,0.188952,303
Changchun,BF-SAC-GP,BF-SAC-GP,93,0.188952,303
Changchun,BF-SAC-GP,BF-SAC-GP,94,0.188952,303
Changchun,BF-SAC-GP,BF-SAC-GP,95,0.188952,303
Changchun,BF-SAC-GP,BF-SAC-GP,96,0.188952,303
Changchun,BF-SAC-GP,BF-SAC-GP,97,0.188952,303
Changchun,BF-SAC-GP,BF-SAC-GP,98,0.188952,303
Changchun,BF-SAC-GP,BF-SAC-GP,99,0.188952,303
Changchun,BF-SAC-GP,BF-SAC-GP,100,0.188952,303
Changchun,BF-SAC-GP,BF-SAC-GP,1,0.645901,404
Changchun,BF-SAC-GP,BF-SAC-GP,2,0.645901,404
Changchun,BF-SAC-GP,BF-SAC-GP,3,0.390733,404
Changchun,BF-SAC-GP,BF-SAC-GP,4,0.390733,404
Changchun,BF-SAC-GP,BF-SAC-GP,5,0.390733,404
Changchun,BF-SAC-GP,BF-SAC-GP,6,0.390733,404
Changchun,BF-SAC-GP,BF-SAC-GP,7,0.390733,404
Changchun,BF-SAC-GP,BF-SAC-GP,8,0.390733,404
Changchun,BF-SAC-GP,BF-SAC-GP,9,0.390733,404
Changchun,BF-SAC-GP,BF-SAC-GP,10,0.390733,404
Changchun,BF-SAC-GP,BF-SAC-GP,11,0.390733,404
Changchun,BF-SAC-GP,BF-SAC-GP,12,0.390733,404
Changchun,BF-SAC-GP,BF-SAC-GP,13,0.390733,404
Changchun,BF-SAC-GP,BF-SAC-GP,14,0.390733,404
Changchun,BF-SAC-GP,BF-SAC-GP,15,0.390733,404
Changchun,BF-SAC-GP,BF-SAC-GP,16,0.390733,404
Changchun,BF-SAC-GP,BF-SAC-GP,17,0.390733,404
Changchun,BF-SAC-GP,BF-SAC-GP,18,0.390733,404
Changchun,BF-SAC-GP,BF-SAC-GP,19,0.390733,404
Changchun,BF-SAC-GP,BF-SAC-GP,20,0.390733,404
Changchun,BF-SAC-GP,BF-SAC-GP,21,0.390733,404
Changchun,BF-SAC-GP,BF-SAC-GP,22,0.390733,404
Changchun,BF-SAC-GP,BF-SAC-GP,23,0.390733,404
Changchun,BF-SAC-GP,BF-SAC-GP,24,0.390733,404
Changchun,BF-SAC-GP,BF-SAC-GP,25,0.390733,404
Changchun,BF-SAC-GP,BF-SAC-GP,26,0.3619,404
Changchun,BF-SAC-GP,BF-SAC-GP,27,0.3619,404
Changchun,BF-SAC-GP,BF-SAC-GP,28,0.3619,404
Changchun,BF-SAC-GP,BF-SAC-GP,29,0.3619,404
Changchun,BF-SAC-GP,BF-SAC-GP,30,0.3619,404
Changchun,BF-SAC-GP,BF-SAC-GP,31,0.3619,404
Changchun,BF-SAC-GP,BF-SAC-GP,32,0.3619,404
Changchun,BF-SAC-GP,BF-SAC-GP,33,0.3619,404
Changchun,BF-SAC-GP,BF-SAC-GP,34,0.3619,404
Changchun,BF-SAC-GP,BF-SAC-GP,35,0.3619,404
Changchun,BF-SAC-GP,BF-SAC-GP,36,0.3619,404
Changchun,BF-SAC-GP,BF-SAC-GP,37,0.3619,404
Changchun,BF-SAC-GP,BF-SAC-GP,38,0.245971,404
Changchun,BF-SAC-GP,BF-SAC-GP,39,0.245971,404
Changchun,BF-SAC-GP,BF-SAC-GP,40,0.245971,404
Changchun,BF-SAC-GP,BF-SAC-GP,41,0.245971,404
Changchun,BF-SAC-GP,BF-SAC-GP,42,0.245971,404
Changchun,BF-SAC-GP,BF-SAC-GP,43,0.245971,404
Changchun,BF-SAC-GP,BF-SAC-GP,44,0.245971,404
Changchun,BF-SAC-GP,BF-SAC-GP,45,0.245971,404
Changchun,BF-SAC-GP,BF-SAC-GP,46,0.245971,404
Changchun,BF-SAC-GP,BF-SAC-GP,47,0.24013,404
Changchun,BF-SAC-GP,BF-SAC-GP,48,0.24013,404
Changchun,BF-SAC-GP,BF-SAC-GP,49,0.24013,404
Changchun,BF-SAC-GP,BF-SAC-GP,50,0.21698,404
Changchun,BF-SAC-GP,BF-SAC-GP,51,0.21698,404
Changchun,BF-SAC-GP,BF-SAC-GP,52,0.21698,404
Changchun,BF-SAC-GP,BF-SAC-GP,53,0.187593,404
Changchun,BF-SAC-GP,BF-SAC-GP,54,0.187593,404
Changchun,BF-SAC-GP,BF-SAC-GP,55,0.187403,404
Changchun,BF-SAC-GP,BF-SAC-GP,56,0.187403,404
Changchun,BF-SAC-GP,BF-SAC-GP,57,0.187403,404
Changchun,BF-SAC-GP,BF-SAC-GP,58,0.187403,404
Changchun,BF-SAC-GP,BF-SAC-GP,59,0.187403,404
Changchun,BF-SAC-GP,BF-SAC-GP,60,0.187403,404
Changchun,BF-SAC-GP,BF-SAC-GP,61,0.187403,404
Changchun,BF-SAC-GP,BF-SAC-GP,62,0.187403,404
Changchun,BF-SAC-GP,BF-SAC-GP,63,0.187403,404
Changchun,BF-SAC-GP,BF-SAC-GP,64,0.187403,404
Changchun,BF-SAC-GP,BF-SAC-GP,65,0.187403,404
Changchun,BF-SAC-GP,BF-SAC-GP,66,0.187403,404
Changchun,BF-SAC-GP,BF-SAC-GP,67,0.187403,404
Changchun,BF-SAC-GP,BF-SAC-GP,68,0.187403,404
Changchun,BF-SAC-GP,BF-SAC-GP,69,0.187403,404
Changchun,BF-SAC-GP,BF-SAC-GP,70,0.187403,404
Changchun,BF-SAC-GP,BF-SAC-GP,71,0.187403,404
Changchun,BF-SAC-GP,BF-SAC-GP,72,0.187403,404
Changchun,BF-SAC-GP,BF-SAC-GP,73,0.187403,404
Changchun,BF-SAC-GP,BF-SAC-GP,74,0.187403,404
Changchun,BF-SAC-GP,BF-SAC-GP,75,0.187403,404
Changchun,BF-SAC-GP,BF-SAC-GP,76,0.187403,404
Changchun,BF-SAC-GP,BF-SAC-GP,77,0.187403,404
Changchun,BF-SAC-GP,BF-SAC-GP,78,0.187403,404
Changchun,BF-SAC-GP,BF-SAC-GP,79,0.181872,404
Changchun,BF-SAC-GP,BF-SAC-GP,80,0.181872,404
Changchun,BF-SAC-GP,BF-SAC-GP,81,0.181872,404
Changchun,BF-SAC-GP,BF-SAC-GP,82,0.181872,404
Changchun,BF-SAC-GP,BF-SAC-GP,83,0.181872,404
Changchun,BF-SAC-GP,BF-SAC-GP,84,0.176317,404
Changchun,BF-SAC-GP,BF-SAC-GP,85,0.176317,404
Changchun,BF-SAC-GP,BF-SAC-GP,86,0.176317,404
Changchun,BF-SAC-GP,BF-SAC-GP,87,0.176317,404
Changchun,BF-SAC-GP,BF-SAC-GP,88,0.169861,404
Changchun,BF-SAC-GP,BF-SAC-GP,89,0.168192,404
Changchun,BF-SAC-GP,BF-SAC-GP,90,0.168192,404
Changchun,BF-SAC-GP,BF-SAC-GP,91,0.168192,404
Changchun,BF-SAC-GP,BF-SAC-GP,92,0.164784,404
Changchun,BF-SAC-GP,BF-SAC-GP,93,0.164784,404
Changchun,BF-SAC-GP,BF-SAC-GP,94,0.164784,404
Changchun,BF-SAC-GP,BF-SAC-GP,95,0.164784,404
Changchun,BF-SAC-GP,BF-SAC-GP,96,0.164784,404
Changchun,BF-SAC-GP,BF-SAC-GP,97,0.164784,404
Changchun,BF-SAC-GP,BF-SAC-GP,98,0.164784,404
Changchun,BF-SAC-GP,BF-SAC-GP,99,0.164784,404
Changchun,BF-SAC-GP,BF-SAC-GP,100,0.164784,404
Changchun,BF-SAC-MLP,BF-SAC-MLP,1,0.662978,42
Changchun,BF-SAC-MLP,BF-SAC-MLP,2,0.446404,42
Changchun,BF-SAC-MLP,BF-SAC-MLP,3,0.446404,42
Changchun,BF-SAC-MLP,BF-SAC-MLP,4,0.446404,42
Changchun,BF-SAC-MLP,BF-SAC-MLP,5,0.446404,42
Changchun,BF-SAC-MLP,BF-SAC-MLP,6,0.246004,42
Changchun,BF-SAC-MLP,BF-SAC-MLP,7,0.246004,42
Changchun,BF-SAC-MLP,BF-SAC-MLP,8,0.246004,42
Changchun,BF-SAC-MLP,BF-SAC-MLP,9,0.246004,42
Changchun,BF-SAC-MLP,BF-SAC-MLP,10,0.246004,42
Changchun,BF-SAC-MLP,BF-SAC-MLP,11,0.246004,42
Changchun,BF-SAC-MLP,BF-SAC-MLP,12,0.246004,42
Changchun,BF-SAC-MLP,BF-SAC-MLP,13,0.246004,42
Changchun,BF-SAC-MLP,BF-SAC-MLP,14,0.246004,42
Changchun,BF-SAC-MLP,BF-SAC-MLP,15,0.246004,42
Changchun,BF-SAC-MLP,BF-SAC-MLP,16,0.246004,42
Changchun,BF-SAC-MLP,BF-SAC-MLP,17,0.246004,42
Changchun,BF-SAC-MLP,BF-SAC-MLP,18,0.246004,42
Changchun,BF-SAC-MLP,BF-SAC-MLP,19,0.246004,42
Changchun,BF-SAC-MLP,BF-SAC-MLP,20,0.246004,42
Changchun,BF-SAC-MLP,BF-SAC-MLP,21,0.246004,42
Changchun,BF-SAC-MLP,BF-SAC-MLP,22,0.246004,42
Changchun,BF-SAC-MLP,BF-SAC-MLP,23,0.246004,42
Changchun,BF-SAC-MLP,BF-SAC-MLP,24,0.246004,42
Changchun,BF-SAC-MLP,BF-SAC-MLP,25,0.246004,42
Changchun,BF-SAC-MLP,BF-SAC-MLP,26,0.246004,42
Changchun,BF-SAC-MLP,BF-SAC-MLP,27,0.246004,42
Changchun,BF-SAC-MLP,BF-SAC-MLP,28,0.246004,42
Changchun,BF-SAC-MLP,BF-SAC-MLP,29,0.246004,42
Changchun,BF-SAC-MLP,BF-SAC-MLP,30,0.246004,42
Changchun,BF-SAC-MLP,BF-SAC-MLP,31,0.246004,42
Changchun,BF-SAC-MLP,BF-SAC-MLP,32,0.246004,42
Changchun,BF-SAC-MLP,BF-SAC-MLP,33,0.246004,42
Changchun,BF-SAC-MLP,BF-SAC-MLP,34,0.246004,42
Changchun,BF-SAC-MLP,BF-SAC-MLP,35,0.246004,42
Changchun,BF-SAC-MLP,BF-SAC-MLP,36,0.246004,42
Changchun,BF-SAC-MLP,BF-SAC-MLP,37,0.246004,42
Changchun,BF-SAC-MLP,BF-SAC-MLP,38,0.246004,42
Changchun,BF-SAC-MLP,BF-SAC-MLP,39,0.246004,42
Changchun,BF-SAC-MLP,BF-SAC-MLP,40,0.246004,42
Changchun,BF-SAC-MLP,BF-SAC-MLP,41,0.246004,42
Changchun,BF-SAC-MLP,BF-SAC-MLP,42,0.246004,42
Changchun,BF-SAC-MLP,BF-SAC-MLP,43,0.246004,42
Changchun,BF-SAC-MLP,BF-SAC-MLP,44,0.246004,42
Changchun,BF-SAC-MLP,BF-SAC-MLP,45,0.246004,42
Changchun,BF-SAC-MLP,BF-SAC-MLP,46,0.246004,42
Changchun,BF-SAC-MLP,BF-SAC-MLP,47,0.246004,42
Changchun,BF-SAC-MLP,BF-SAC-MLP,48,0.246004,42
Changchun,BF-SAC-MLP,BF-SAC-MLP,49,0.246004,42
Changchun,BF-SAC-MLP,BF-SAC-MLP,50,0.246004,42
Changchun,BF-SAC-MLP,BF-SAC-MLP,51,0.246004,42
Changchun,BF-SAC-MLP,BF-SAC-MLP,52,0.23518,42
Changchun,BF-SAC-MLP,BF-SAC-MLP,53,0.23518,42
Changchun,BF-SAC-MLP,BF-SAC-MLP,54,0.22844,42
Changchun,BF-SAC-MLP,BF-SAC-MLP,55,0.221169,42
Changchun,BF-SAC-MLP,BF-SAC-MLP,56,0.179155,42
Changchun,BF-SAC-MLP,BF-SAC-MLP,57,0.179155,42
Changchun,BF-SAC-MLP,BF-SAC-MLP,58,0.179155,42
Changchun,BF-SAC-MLP,BF-SAC-MLP,59,0.179155,42
Changchun,BF-SAC-MLP,BF-SAC-MLP,60,0.179155,42
Changchun,BF-SAC-MLP,BF-SAC-MLP,61,0.179155,42
Changchun,BF-SAC-MLP,BF-SAC-MLP,62,0.179155,42
Changchun,BF-SAC-MLP,BF-SAC-MLP,63,0.179155,42
Changchun,BF-SAC-MLP,BF-SAC-MLP,64,0.179155,42
Changchun,BF-SAC-MLP,BF-SAC-MLP,65,0.179155,42
Changchun,BF-SAC-MLP,BF-SAC-MLP,66,0.179155,42
Changchun,BF-SAC-MLP,BF-SAC-MLP,67,0.179155,42
Changchun,BF-SAC-MLP,BF-SAC-MLP,68,0.156501,42
Changchun,BF-SAC-MLP,BF-SAC-MLP,69,0.156501,42
Changchun,BF-SAC-MLP,BF-SAC-MLP,70,0.156501,42
Changchun,BF-SAC-MLP,BF-SAC-MLP,71,0.156501,42
Changchun,BF-SAC-MLP,BF-SAC-MLP,72,0.156501,42
Changchun,BF-SAC-MLP,BF-SAC-MLP,73,0.156501,42
Changchun,BF-SAC-MLP,BF-SAC-MLP,74,0.156501,42
Changchun,BF-SAC-MLP,BF-SAC-MLP,75,0.156501,42
Changchun,BF-SAC-MLP,BF-SAC-MLP,76,0.156501,42
Changchun,BF-SAC-MLP,BF-SAC-MLP,77,0.156501,42
Changchun,BF-SAC-MLP,BF-SAC-MLP,78,0.156501,42
Changchun,BF-SAC-MLP,BF-SAC-MLP,79,0.156501,42
Changchun,BF-SAC-MLP,BF-SAC-MLP,80,0.156501,42
Changchun,BF-SAC-MLP,BF-SAC-MLP,81,0.156501,42
Changchun,BF-SAC-MLP,BF-SAC-MLP,82,0.156501,42
Changchun,BF-SAC-MLP,BF-SAC-MLP,83,0.156501,42
Changchun,BF-SAC-MLP,BF-SAC-MLP,84,0.156501,42
Changchun,BF-SAC-MLP,BF-SAC-MLP,85,0.156501,42
Changchun,BF-SAC-MLP,BF-SAC-MLP,86,0.156501,42
Changchun,BF-SAC-MLP,BF-SAC-MLP,87,0.156501,42
Changchun,BF-SAC-MLP,BF-SAC-MLP,88,0.156501,42
Changchun,BF-SAC-MLP,BF-SAC-MLP,89,0.156501,42
Changchun,BF-SAC-MLP,BF-SAC-MLP,90,0.156501,42
Changchun,BF-SAC-MLP,BF-SAC-MLP,91,0.156501,42
Changchun,BF-SAC-MLP,BF-SAC-MLP,92,0.156501,42
Changchun,BF-SAC-MLP,BF-SAC-MLP,93,0.156501,42
Changchun,BF-SAC-MLP,BF-SAC-MLP,94,0.156501,42
Changchun,BF-SAC-MLP,BF-SAC-MLP,95,0.156501,42
Changchun,BF-SAC-MLP,BF-SAC-MLP,96,0.156501,42
Changchun,BF-SAC-MLP,BF-SAC-MLP,97,0.156501,42
Changchun,BF-SAC-MLP,BF-SAC-MLP,98,0.156501,42
Changchun,BF-SAC-MLP,BF-SAC-MLP,99,0.156501,42
Changchun,BF-SAC-MLP,BF-SAC-MLP,100,0.156501,42
Changchun,BF-SAC-MLP,BF-SAC-MLP,1,0.694243,101
Changchun,BF-SAC-MLP,BF-SAC-MLP,2,0.694243,101
Changchun,BF-SAC-MLP,BF-SAC-MLP,3,0.683219,101
Changchun,BF-SAC-MLP,BF-SAC-MLP,4,0.613291,101
Changchun,BF-SAC-MLP,BF-SAC-MLP,5,0.613291,101
Changchun,BF-SAC-MLP,BF-SAC-MLP,6,0.613291,101
Changchun,BF-SAC-MLP,BF-SAC-MLP,7,0.613291,101
Changchun,BF-SAC-MLP,BF-SAC-MLP,8,0.613291,101
Changchun,BF-SAC-MLP,BF-SAC-MLP,9,0.585697,101
Changchun,BF-SAC-MLP,BF-SAC-MLP,10,0.585697,101
Changchun,BF-SAC-MLP,BF-SAC-MLP,11,0.585697,101
Changchun,BF-SAC-MLP,BF-SAC-MLP,12,0.5153,101
Changchun,BF-SAC-MLP,BF-SAC-MLP,13,0.5153,101
Changchun,BF-SAC-MLP,BF-SAC-MLP,14,0.214006,101
Changchun,BF-SAC-MLP,BF-SAC-MLP,15,0.214006,101
Changchun,BF-SAC-MLP,BF-SAC-MLP,16,0.214006,101
Changchun,BF-SAC-MLP,BF-SAC-MLP,17,0.214006,101
Changchun,BF-SAC-MLP,BF-SAC-MLP,18,0.214006,101
Changchun,BF-SAC-MLP,BF-SAC-MLP,19,0.214006,101
Changchun,BF-SAC-MLP,BF-SAC-MLP,20,0.214006,101
Changchun,BF-SAC-MLP,BF-SAC-MLP,21,0.214006,101
Changchun,BF-SAC-MLP,BF-SAC-MLP,22,0.214006,101
Changchun,BF-SAC-MLP,BF-SAC-MLP,23,0.214006,101
Changchun,BF-SAC-MLP,BF-SAC-MLP,24,0.214006,101
Changchun,BF-SAC-MLP,BF-SAC-MLP,25,0.214006,101
Changchun,BF-SAC-MLP,BF-SAC-MLP,26,0.214006,101
Changchun,BF-SAC-MLP,BF-SAC-MLP,27,0.214006,101
Changchun,BF-SAC-MLP,BF-SAC-MLP,28,0.214006,101
Changchun,BF-SAC-MLP,BF-SAC-MLP,29,0.214006,101
Changchun,BF-SAC-MLP,BF-SAC-MLP,30,0.214006,101
Changchun,BF-SAC-MLP,BF-SAC-MLP,31,0.214006,101
Changchun,BF-SAC-MLP,BF-SAC-MLP,32,0.214006,101
Changchun,BF-SAC-MLP,BF-SAC-MLP,33,0.214006,101
Changchun,BF-SAC-MLP,BF-SAC-MLP,34,0.214006,101
Changchun,BF-SAC-MLP,BF-SAC-MLP,35,0.214006,101
Changchun,BF-SAC-MLP,BF-SAC-MLP,36,0.214006,101
Changchun,BF-SAC-MLP,BF-SAC-MLP,37,0.214006,101
Changchun,BF-SAC-MLP,BF-SAC-MLP,38,0.214006,101
Changchun,BF-SAC-MLP,BF-SAC-MLP,39,0.214006,101
Changchun,BF-SAC-MLP,BF-SAC-MLP,40,0.214006,101
Changchun,BF-SAC-MLP,BF-SAC-MLP,41,0.214006,101
Changchun,BF-SAC-MLP,BF-SAC-MLP,42,0.214006,101
Changchun,BF-SAC-MLP,BF-SAC-MLP,43,0.214006,101
Changchun,BF-SAC-MLP,BF-SAC-MLP,44,0.214006,101
Changchun,BF-SAC-MLP,BF-SAC-MLP,45,0.214006,101
Changchun,BF-SAC-MLP,BF-SAC-MLP,46,0.214006,101
Changchun,BF-SAC-MLP,BF-SAC-MLP,47,0.214006,101
Changchun,BF-SAC-MLP,BF-SAC-MLP,48,0.214006,101
Changchun,BF-SAC-MLP,BF-SAC-MLP,49,0.214006,101
Changchun,BF-SAC-MLP,BF-SAC-MLP,50,0.214006,101
Changchun,BF-SAC-MLP,BF-SAC-MLP,51,0.214006,101
Changchun,BF-SAC-MLP,BF-SAC-MLP,52,0.214006,101
Changchun,BF-SAC-MLP,BF-SAC-MLP,53,0.214006,101
Changchun,BF-SAC-MLP,BF-SAC-MLP,54,0.214006,101
Changchun,BF-SAC-MLP,BF-SAC-MLP,55,0.214006,101
Changchun,BF-SAC-MLP,BF-SAC-MLP,56,0.214006,101
Changchun,BF-SAC-MLP,BF-SAC-MLP,57,0.214006,101
Changchun,BF-SAC-MLP,BF-SAC-MLP,58,0.214006,101
Changchun,BF-SAC-MLP,BF-SAC-MLP,59,0.214006,101
Changchun,BF-SAC-MLP,BF-SAC-MLP,60,0.214006,101
Changchun,BF-SAC-MLP,BF-SAC-MLP,61,0.214006,101
Changchun,BF-SAC-MLP,BF-SAC-MLP,62,0.214006,101
Changchun,BF-SAC-MLP,BF-SAC-MLP,63,0.214006,101
Changchun,BF-SAC-MLP,BF-SAC-MLP,64,0.214006,101
Changchun,BF-SAC-MLP,BF-SAC-MLP,65,0.214006,101
Changchun,BF-SAC-MLP,BF-SAC-MLP,66,0.214006,101
Changchun,BF-SAC-MLP,BF-SAC-MLP,67,0.214006,101
Changchun,BF-SAC-MLP,BF-SAC-MLP,68,0.214006,101
Changchun,BF-SAC-MLP,BF-SAC-MLP,69,0.214006,101
Changchun,BF-SAC-MLP,BF-SAC-MLP,70,0.214006,101
Changchun,BF-SAC-MLP,BF-SAC-MLP,71,0.214006,101
Changchun,BF-SAC-MLP,BF-SAC-MLP,72,0.214006,101
Changchun,BF-SAC-MLP,BF-SAC-MLP,73,0.214006,101
Changchun,BF-SAC-MLP,BF-SAC-MLP,74,0.21328,101
Changchun,BF-SAC-MLP,BF-SAC-MLP,75,0.21328,101
Changchun,BF-SAC-MLP,BF-SAC-MLP,76,0.21328,101
Changchun,BF-SAC-MLP,BF-SAC-MLP,77,0.21328,101
Changchun,BF-SAC-MLP,BF-SAC-MLP,78,0.21328,101
Changchun,BF-SAC-MLP,BF-SAC-MLP,79,0.21328,101
Changchun,BF-SAC-MLP,BF-SAC-MLP,80,0.21328,101
Changchun,BF-SAC-MLP,BF-SAC-MLP,81,0.21328,101
Changchun,BF-SAC-MLP,BF-SAC-MLP,82,0.21328,101
Changchun,BF-SAC-MLP,BF-SAC-MLP,83,0.21328,101
Changchun,BF-SAC-MLP,BF-SAC-MLP,84,0.21328,101
Changchun,BF-SAC-MLP,BF-SAC-MLP,85,0.21328,101
Changchun,BF-SAC-MLP,BF-SAC-MLP,86,0.21328,101
Changchun,BF-SAC-MLP,BF-SAC-MLP,87,0.21328,101
Changchun,BF-SAC-MLP,BF-SAC-MLP,88,0.21328,101
Changchun,BF-SAC-MLP,BF-SAC-MLP,89,0.21328,101
Changchun,BF-SAC-MLP,BF-SAC-MLP,90,0.21328,101
Changchun,BF-SAC-MLP,BF-SAC-MLP,91,0.21328,101
Changchun,BF-SAC-MLP,BF-SAC-MLP,92,0.21328,101
Changchun,BF-SAC-MLP,BF-SAC-MLP,93,0.21328,101
Changchun,BF-SAC-MLP,BF-SAC-MLP,94,0.21328,101
Changchun,BF-SAC-MLP,BF-SAC-MLP,95,0.21328,101
Changchun,BF-SAC-MLP,BF-SAC-MLP,96,0.21328,101
Changchun,BF-SAC-MLP,BF-SAC-MLP,97,0.21328,101
Changchun,BF-SAC-MLP,BF-SAC-MLP,98,0.21328,101
Changchun,BF-SAC-MLP,BF-SAC-MLP,99,0.21328,101
Changchun,BF-SAC-MLP,BF-SAC-MLP,100,0.21328,101
Changchun,BF-SAC-MLP,BF-SAC-MLP,1,0.64721,202
Changchun,BF-SAC-MLP,BF-SAC-MLP,2,0.614076,202
Changchun,BF-SAC-MLP,BF-SAC-MLP,3,0.436252,202
Changchun,BF-SAC-MLP,BF-SAC-MLP,4,0.436252,202
Changchun,BF-SAC-MLP,BF-SAC-MLP,5,0.436252,202
Changchun,BF-SAC-MLP,BF-SAC-MLP,6,0.436252,202
Changchun,BF-SAC-MLP,BF-SAC-MLP,7,0.436252,202
Changchun,BF-SAC-MLP,BF-SAC-MLP,8,0.436252,202
Changchun,BF-SAC-MLP,BF-SAC-MLP,9,0.436252,202
Changchun,BF-SAC-MLP,BF-SAC-MLP,10,0.436252,202
Changchun,BF-SAC-MLP,BF-SAC-MLP,11,0.436252,202
Changchun,BF-SAC-MLP,BF-SAC-MLP,12,0.436252,202
Changchun,BF-SAC-MLP,BF-SAC-MLP,13,0.436252,202
Changchun,BF-SAC-MLP,BF-SAC-MLP,14,0.436252,202
Changchun,BF-SAC-MLP,BF-SAC-MLP,15,0.436252,202
Changchun,BF-SAC-MLP,BF-SAC-MLP,16,0.436252,202
Changchun,BF-SAC-MLP,BF-SAC-MLP,17,0.436252,202
Changchun,BF-SAC-MLP,BF-SAC-MLP,18,0.436252,202
Changchun,BF-SAC-MLP,BF-SAC-MLP,19,0.24412,202
Changchun,BF-SAC-MLP,BF-SAC-MLP,20,0.24412,202
Changchun,BF-SAC-MLP,BF-SAC-MLP,21,0.24412,202
Changchun,BF-SAC-MLP,BF-SAC-MLP,22,0.24412,202
Changchun,BF-SAC-MLP,BF-SAC-MLP,23,0.24412,202
Changchun,BF-SAC-MLP,BF-SAC-MLP,24,0.24412,202
Changchun,BF-SAC-MLP,BF-SAC-MLP,25,0.24412,202
Changchun,BF-SAC-MLP,BF-SAC-MLP,26,0.24412,202
Changchun,BF-SAC-MLP,BF-SAC-MLP,27,0.24412,202
Changchun,BF-SAC-MLP,BF-SAC-MLP,28,0.24412,202
Changchun,BF-SAC-MLP,BF-SAC-MLP,29,0.24412,202
Changchun,BF-SAC-MLP,BF-SAC-MLP,30,0.24412,202
Changchun,BF-SAC-MLP,BF-SAC-MLP,31,0.24412,202
Changchun,BF-SAC-MLP,BF-SAC-MLP,32,0.24412,202
Changchun,BF-SAC-MLP,BF-SAC-MLP,33,0.24412,202
Changchun,BF-SAC-MLP,BF-SAC-MLP,34,0.24412,202
Changchun,BF-SAC-MLP,BF-SAC-MLP,35,0.24412,202
Changchun,BF-SAC-MLP,BF-SAC-MLP,36,0.24412,202
Changchun,BF-SAC-MLP,BF-SAC-MLP,37,0.24412,202
Changchun,BF-SAC-MLP,BF-SAC-MLP,38,0.24412,202
Changchun,BF-SAC-MLP,BF-SAC-MLP,39,0.24412,202
Changchun,BF-SAC-MLP,BF-SAC-MLP,40,0.24412,202
Changchun,BF-SAC-MLP,BF-SAC-MLP,41,0.24412,202
Changchun,BF-SAC-MLP,BF-SAC-MLP,42,0.24412,202
Changchun,BF-SAC-MLP,BF-SAC-MLP,43,0.24412,202
Changchun,BF-SAC-MLP,BF-SAC-MLP,44,0.24412,202
Changchun,BF-SAC-MLP,BF-SAC-MLP,45,0.24412,202
Changchun,BF-SAC-MLP,BF-SAC-MLP,46,0.24412,202
Changchun,BF-SAC-MLP,BF-SAC-MLP,47,0.24412,202
Changchun,BF-SAC-MLP,BF-SAC-MLP,48,0.24412,202
Changchun,BF-SAC-MLP,BF-SAC-MLP,49,0.24412,202
Changchun,BF-SAC-MLP,BF-SAC-MLP,50,0.24412,202
Changchun,BF-SAC-MLP,BF-SAC-MLP,51,0.24412,202
Changchun,BF-SAC-MLP,BF-SAC-MLP,52,0.24412,202
Changchun,BF-SAC-MLP,BF-SAC-MLP,53,0.24412,202
Changchun,BF-SAC-MLP,BF-SAC-MLP,54,0.24412,202
Changchun,BF-SAC-MLP,BF-SAC-MLP,55,0.231806,202
Changchun,BF-SAC-MLP,BF-SAC-MLP,56,0.231806,202
Changchun,BF-SAC-MLP,BF-SAC-MLP,57,0.231806,202
Changchun,BF-SAC-MLP,BF-SAC-MLP,58,0.231806,202
Changchun,BF-SAC-MLP,BF-SAC-MLP,59,0.231806,202
Changchun,BF-SAC-MLP,BF-SAC-MLP,60,0.231806,202
Changchun,BF-SAC-MLP,BF-SAC-MLP,61,0.231806,202
Changchun,BF-SAC-MLP,BF-SAC-MLP,62,0.231806,202
Changchun,BF-SAC-MLP,BF-SAC-MLP,63,0.231806,202
Changchun,BF-SAC-MLP,BF-SAC-MLP,64,0.231806,202
Changchun,BF-SAC-MLP,BF-SAC-MLP,65,0.231806,202
Changchun,BF-SAC-MLP,BF-SAC-MLP,66,0.227632,202
Changchun,BF-SAC-MLP,BF-SAC-MLP,67,0.227632,202
Changchun,BF-SAC-MLP,BF-SAC-MLP,68,0.227632,202
Changchun,BF-SAC-MLP,BF-SAC-MLP,69,0.227632,202
Changchun,BF-SAC-MLP,BF-SAC-MLP,70,0.227632,202
Changchun,BF-SAC-MLP,BF-SAC-MLP,71,0.227632,202
Changchun,BF-SAC-MLP,BF-SAC-MLP,72,0.216836,202
Changchun,BF-SAC-MLP,BF-SAC-MLP,73,0.216836,202
Changchun,BF-SAC-MLP,BF-SAC-MLP,74,0.216836,202
Changchun,BF-SAC-MLP,BF-SAC-MLP,75,0.216836,202
Changchun,BF-SAC-MLP,BF-SAC-MLP,76,0.216836,202
Changchun,BF-SAC-MLP,BF-SAC-MLP,77,0.216836,202
Changchun,BF-SAC-MLP,BF-SAC-MLP,78,0.216836,202
Changchun,BF-SAC-MLP,BF-SAC-MLP,79,0.212948,202
Changchun,BF-SAC-MLP,BF-SAC-MLP,80,0.212948,202
Changchun,BF-SAC-MLP,BF-SAC-MLP,81,0.212948,202
Changchun,BF-SAC-MLP,BF-SAC-MLP,82,0.212948,202
Changchun,BF-SAC-MLP,BF-SAC-MLP,83,0.207762,202
Changchun,BF-SAC-MLP,BF-SAC-MLP,84,0.207762,202
Changchun,BF-SAC-MLP,BF-SAC-MLP,85,0.207762,202
Changchun,BF-SAC-MLP,BF-SAC-MLP,86,0.207762,202
Changchun,BF-SAC-MLP,BF-SAC-MLP,87,0.207762,202
Changchun,BF-SAC-MLP,BF-SAC-MLP,88,0.207762,202
Changchun,BF-SAC-MLP,BF-SAC-MLP,89,0.207762,202
Changchun,BF-SAC-MLP,BF-SAC-MLP,90,0.207762,202
Changchun,BF-SAC-MLP,BF-SAC-MLP,91,0.207762,202
Changchun,BF-SAC-MLP,BF-SAC-MLP,92,0.207762,202
Changchun,BF-SAC-MLP,BF-SAC-MLP,93,0.207762,202
Changchun,BF-SAC-MLP,BF-SAC-MLP,94,0.207762,202
Changchun,BF-SAC-MLP,BF-SAC-MLP,95,0.207762,202
Changchun,BF-SAC-MLP,BF-SAC-MLP,96,0.207762,202
Changchun,BF-SAC-MLP,BF-SAC-MLP,97,0.207762,202
Changchun,BF-SAC-MLP,BF-SAC-MLP,98,0.207762,202
Changchun,BF-SAC-MLP,BF-SAC-MLP,99,0.207762,202
Changchun,BF-SAC-MLP,BF-SAC-MLP,100,0.207762,202
Changchun,BF-SAC-MLP,BF-SAC-MLP,1,0.672446,303
Changchun,BF-SAC-MLP,BF-SAC-MLP,2,0.415243,303
Changchun,BF-SAC-MLP,BF-SAC-MLP,3,0.394313,303
Changchun,BF-SAC-MLP,BF-SAC-MLP,4,0.394313,303
Changchun,BF-SAC-MLP,BF-SAC-MLP,5,0.394313,303
Changchun,BF-SAC-MLP,BF-SAC-MLP,6,0.394313,303
Changchun,BF-SAC-MLP,BF-SAC-MLP,7,0.394313,303
Changchun,BF-SAC-MLP,BF-SAC-MLP,8,0.394313,303
Changchun,BF-SAC-MLP,BF-SAC-MLP,9,0.315897,303
Changchun,BF-SAC-MLP,BF-SAC-MLP,10,0.315897,303
Changchun,BF-SAC-MLP,BF-SAC-MLP,11,0.315897,303
Changchun,BF-SAC-MLP,BF-SAC-MLP,12,0.315897,303
Changchun,BF-SAC-MLP,BF-SAC-MLP,13,0.315897,303
Changchun,BF-SAC-MLP,BF-SAC-MLP,14,0.315897,303
Changchun,BF-SAC-MLP,BF-SAC-MLP,15,0.315897,303
Changchun,BF-SAC-MLP,BF-SAC-MLP,16,0.315897,303
Changchun,BF-SAC-MLP,BF-SAC-MLP,17,0.315897,303
Changchun,BF-SAC-MLP,BF-SAC-MLP,18,0.315897,303
Changchun,BF-SAC-MLP,BF-SAC-MLP,19,0.315897,303
Changchun,BF-SAC-MLP,BF-SAC-MLP,20,0.315897,303
Changchun,BF-SAC-MLP,BF-SAC-MLP,21,0.315897,303
Changchun,BF-SAC-MLP,BF-SAC-MLP,22,0.315897,303
Changchun,BF-SAC-MLP,BF-SAC-MLP,23,0.315897,303
Changchun,BF-SAC-MLP,BF-SAC-MLP,24,0.315897,303
Changchun,BF-SAC-MLP,BF-SAC-MLP,25,0.315897,303
Changchun,BF-SAC-MLP,BF-SAC-MLP,26,0.315897,303
Changchun,BF-SAC-MLP,BF-SAC-MLP,27,0.315897,303
Changchun,BF-SAC-MLP,BF-SAC-MLP,28,0.315897,303
Changchun,BF-SAC-MLP,BF-SAC-MLP,29,0.315897,303
Changchun,BF-SAC-MLP,BF-SAC-MLP,30,0.315897,303
Changchun,BF-SAC-MLP,BF-SAC-MLP,31,0.315897,303
Changchun,BF-SAC-MLP,BF-SAC-MLP,32,0.315897,303
Changchun,BF-SAC-MLP,BF-SAC-MLP,33,0.315897,303
Changchun,BF-SAC-MLP,BF-SAC-MLP,34,0.315897,303
Changchun,BF-SAC-MLP,BF-SAC-MLP,35,0.315897,303
Changchun,BF-SAC-MLP,BF-SAC-MLP,36,0.315897,303
Changchun,BF-SAC-MLP,BF-SAC-MLP,37,0.315897,303
Changchun,BF-SAC-MLP,BF-SAC-MLP,38,0.315897,303
Changchun,BF-SAC-MLP,BF-SAC-MLP,39,0.315897,303
Changchun,BF-SAC-MLP,BF-SAC-MLP,40,0.315897,303
Changchun,BF-SAC-MLP,BF-SAC-MLP,41,0.315897,303
Changchun,BF-SAC-MLP,BF-SAC-MLP,42,0.315897,303
Changchun,BF-SAC-MLP,BF-SAC-MLP,43,0.315897,303
Changchun,BF-SAC-MLP,BF-SAC-MLP,44,0.315897,303
Changchun,BF-SAC-MLP,BF-SAC-MLP,45,0.315897,303
Changchun,BF-SAC-MLP,BF-SAC-MLP,46,0.315897,303
Changchun,BF-SAC-MLP,BF-SAC-MLP,47,0.27587,303
Changchun,BF-SAC-MLP,BF-SAC-MLP,48,0.246142,303
Changchun,BF-SAC-MLP,BF-SAC-MLP,49,0.246142,303
Changchun,BF-SAC-MLP,BF-SAC-MLP,50,0.246142,303
Changchun,BF-SAC-MLP,BF-SAC-MLP,51,0.2421,303
Changchun,BF-SAC-MLP,BF-SAC-MLP,52,0.2421,303
Changchun,BF-SAC-MLP,BF-SAC-MLP,53,0.2421,303
Changchun,BF-SAC-MLP,BF-SAC-MLP,54,0.2421,303
Changchun,BF-SAC-MLP,BF-SAC-MLP,55,0.2421,303
Changchun,BF-SAC-MLP,BF-SAC-MLP,56,0.2421,303
Changchun,BF-SAC-MLP,BF-SAC-MLP,57,0.2421,303
Changchun,BF-SAC-MLP,BF-SAC-MLP,58,0.2421,303
Changchun,BF-SAC-MLP,BF-SAC-MLP,59,0.2421,303
Changchun,BF-SAC-MLP,BF-SAC-MLP,60,0.2421,303
Changchun,BF-SAC-MLP,BF-SAC-MLP,61,0.2421,303
Changchun,BF-SAC-MLP,BF-SAC-MLP,62,0.2421,303
Changchun,BF-SAC-MLP,BF-SAC-MLP,63,0.2421,303
Changchun,BF-SAC-MLP,BF-SAC-MLP,64,0.2421,303
Changchun,BF-SAC-MLP,BF-SAC-MLP,65,0.2421,303
Changchun,BF-SAC-MLP,BF-SAC-MLP,66,0.235821,303
Changchun,BF-SAC-MLP,BF-SAC-MLP,67,0.154396,303
Changchun,BF-SAC-MLP,BF-SAC-MLP,68,0.154396,303
Changchun,BF-SAC-MLP,BF-SAC-MLP,69,0.154396,303
Changchun,BF-SAC-MLP,BF-SAC-MLP,70,0.154396,303
Changchun,BF-SAC-MLP,BF-SAC-MLP,71,0.154396,303
Changchun,BF-SAC-MLP,BF-SAC-MLP,72,0.154396,303
Changchun,BF-SAC-MLP,BF-SAC-MLP,73,0.154396,303
Changchun,BF-SAC-MLP,BF-SAC-MLP,74,0.154396,303
Changchun,BF-SAC-MLP,BF-SAC-MLP,75,0.154396,303
Changchun,BF-SAC-MLP,BF-SAC-MLP,76,0.154396,303
Changchun,BF-SAC-MLP,BF-SAC-MLP,77,0.154396,303
Changchun,BF-SAC-MLP,BF-SAC-MLP,78,0.154396,303
Changchun,BF-SAC-MLP,BF-SAC-MLP,79,0.154396,303
Changchun,BF-SAC-MLP,BF-SAC-MLP,80,0.154396,303
Changchun,BF-SAC-MLP,BF-SAC-MLP,81,0.154396,303
Changchun,BF-SAC-MLP,BF-SAC-MLP,82,0.154396,303
Changchun,BF-SAC-MLP,BF-SAC-MLP,83,0.154396,303
Changchun,BF-SAC-MLP,BF-SAC-MLP,84,0.154396,303
Changchun,BF-SAC-MLP,BF-SAC-MLP,85,0.154396,303
Changchun,BF-SAC-MLP,BF-SAC-MLP,86,0.154396,303
Changchun,BF-SAC-MLP,BF-SAC-MLP,87,0.154396,303
Changchun,BF-SAC-MLP,BF-SAC-MLP,88,0.154396,303
Changchun,BF-SAC-MLP,BF-SAC-MLP,89,0.154396,303
Changchun,BF-SAC-MLP,BF-SAC-MLP,90,0.154396,303
Changchun,BF-SAC-MLP,BF-SAC-MLP,91,0.154396,303
Changchun,BF-SAC-MLP,BF-SAC-MLP,92,0.154396,303
Changchun,BF-SAC-MLP,BF-SAC-MLP,93,0.154396,303
Changchun,BF-SAC-MLP,BF-SAC-MLP,94,0.154396,303
Changchun,BF-SAC-MLP,BF-SAC-MLP,95,0.154396,303
Changchun,BF-SAC-MLP,BF-SAC-MLP,96,0.154396,303
Changchun,BF-SAC-MLP,BF-SAC-MLP,97,0.154396,303
Changchun,BF-SAC-MLP,BF-SAC-MLP,98,0.154396,303
Changchun,BF-SAC-MLP,BF-SAC-MLP,99,0.154396,303
Changchun,BF-SAC-MLP,BF-SAC-MLP,100,0.154396,303
Changchun,BF-SAC-MLP,BF-SAC-MLP,1,0.636696,404
Changchun,BF-SAC-MLP,BF-SAC-MLP,2,0.636696,404
Changchun,BF-SAC-MLP,BF-SAC-MLP,3,0.396614,404
Changchun,BF-SAC-MLP,BF-SAC-MLP,4,0.396614,404
Changchun,BF-SAC-MLP,BF-SAC-MLP,5,0.396614,404
Changchun,BF-SAC-MLP,BF-SAC-MLP,6,0.396614,404
Changchun,BF-SAC-MLP,BF-SAC-MLP,7,0.396614,404
Changchun,BF-SAC-MLP,BF-SAC-MLP,8,0.396614,404
Changchun,BF-SAC-MLP,BF-SAC-MLP,9,0.396614,404
Changchun,BF-SAC-MLP,BF-SAC-MLP,10,0.396614,404
Changchun,BF-SAC-MLP,BF-SAC-MLP,11,0.396614,404
Changchun,BF-SAC-MLP,BF-SAC-MLP,12,0.396614,404
Changchun,BF-SAC-MLP,BF-SAC-MLP,13,0.396614,404
Changchun,BF-SAC-MLP,BF-SAC-MLP,14,0.396614,404
Changchun,BF-SAC-MLP,BF-SAC-MLP,15,0.396614,404
Changchun,BF-SAC-MLP,BF-SAC-MLP,16,0.396614,404
Changchun,BF-SAC-MLP,BF-SAC-MLP,17,0.396614,404
Changchun,BF-SAC-MLP,BF-SAC-MLP,18,0.396614,404
Changchun,BF-SAC-MLP,BF-SAC-MLP,19,0.396614,404
Changchun,BF-SAC-MLP,BF-SAC-MLP,20,0.380346,404
Changchun,BF-SAC-MLP,BF-SAC-MLP,21,0.380346,404
Changchun,BF-SAC-MLP,BF-SAC-MLP,22,0.380346,404
Changchun,BF-SAC-MLP,BF-SAC-MLP,23,0.380346,404
Changchun,BF-SAC-MLP,BF-SAC-MLP,24,0.380346,404
Changchun,BF-SAC-MLP,BF-SAC-MLP,25,0.380346,404
Changchun,BF-SAC-MLP,BF-SAC-MLP,26,0.356427,404
Changchun,BF-SAC-MLP,BF-SAC-MLP,27,0.356427,404
Changchun,BF-SAC-MLP,BF-SAC-MLP,28,0.356427,404
Changchun,BF-SAC-MLP,BF-SAC-MLP,29,0.356427,404
Changchun,BF-SAC-MLP,BF-SAC-MLP,30,0.356427,404
Changchun,BF-SAC-MLP,BF-SAC-MLP,31,0.356427,404
Changchun,BF-SAC-MLP,BF-SAC-MLP,32,0.356427,404
Changchun,BF-SAC-MLP,BF-SAC-MLP,33,0.356427,404
Changchun,BF-SAC-MLP,BF-SAC-MLP,34,0.356427,404
Changchun,BF-SAC-MLP,BF-SAC-MLP,35,0.356427,404
Changchun,BF-SAC-MLP,BF-SAC-MLP,36,0.356427,404
Changchun,BF-SAC-MLP,BF-SAC-MLP,37,0.356427,404
Changchun,BF-SAC-MLP,BF-SAC-MLP,38,0.240003,404
Changchun,BF-SAC-MLP,BF-SAC-MLP,39,0.240003,404
Changchun,BF-SAC-MLP,BF-SAC-MLP,40,0.240003,404
Changchun,BF-SAC-MLP,BF-SAC-MLP,41,0.240003,404
Changchun,BF-SAC-MLP,BF-SAC-MLP,42,0.240003,404
Changchun,BF-SAC-MLP,BF-SAC-MLP,43,0.240003,404
Changchun,BF-SAC-MLP,BF-SAC-MLP,44,0.240003,404
Changchun,BF-SAC-MLP,BF-SAC-MLP,45,0.240003,404
Changchun,BF-SAC-MLP,BF-SAC-MLP,46,0.240003,404
Changchun,BF-SAC-MLP,BF-SAC-MLP,47,0.240003,404
Changchun,BF-SAC-MLP,BF-SAC-MLP,48,0.240003,404
Changchun,BF-SAC-MLP,BF-SAC-MLP,49,0.240003,404
Changchun,BF-SAC-MLP,BF-SAC-MLP,50,0.240003,404
Changchun,BF-SAC-MLP,BF-SAC-MLP,51,0.240003,404
Changchun,BF-SAC-MLP,BF-SAC-MLP,52,0.240003,404
Changchun,BF-SAC-MLP,BF-SAC-MLP,53,0.211288,404
Changchun,BF-SAC-MLP,BF-SAC-MLP,54,0.211288,404
Changchun,BF-SAC-MLP,BF-SAC-MLP,55,0.211288,404
Changchun,BF-SAC-MLP,BF-SAC-MLP,56,0.204819,404
Changchun,BF-SAC-MLP,BF-SAC-MLP,57,0.204819,404
Changchun,BF-SAC-MLP,BF-SAC-MLP,58,0.204819,404
Changchun,BF-SAC-MLP,BF-SAC-MLP,59,0.204819,404
Changchun,BF-SAC-MLP,BF-SAC-MLP,60,0.204819,404
Changchun,BF-SAC-MLP,BF-SAC-MLP,61,0.204819,404
Changchun,BF-SAC-MLP,BF-SAC-MLP,62,0.204819,404
Changchun,BF-SAC-MLP,BF-SAC-MLP,63,0.204819,404
Changchun,BF-SAC-MLP,BF-SAC-MLP,64,0.204819,404
Changchun,BF-SAC-MLP,BF-SAC-MLP,65,0.204819,404
Changchun,BF-SAC-MLP,BF-SAC-MLP,66,0.204819,404
Changchun,BF-SAC-MLP,BF-SAC-MLP,67,0.204819,404
Changchun,BF-SAC-MLP,BF-SAC-MLP,68,0.204819,404
Changchun,BF-SAC-MLP,BF-SAC-MLP,69,0.204819,404
Changchun,BF-SAC-MLP,BF-SAC-MLP,70,0.204819,404
Changchun,BF-SAC-MLP,BF-SAC-MLP,71,0.204819,404
Changchun,BF-SAC-MLP,BF-SAC-MLP,72,0.204819,404
Changchun,BF-SAC-MLP,BF-SAC-MLP,73,0.204819,404
Changchun,BF-SAC-MLP,BF-SAC-MLP,74,0.204819,404
Changchun,BF-SAC-MLP,BF-SAC-MLP,75,0.204819,404
Changchun,BF-SAC-MLP,BF-SAC-MLP,76,0.167245,404
Changchun,BF-SAC-MLP,BF-SAC-MLP,77,0.167245,404
Changchun,BF-SAC-MLP,BF-SAC-MLP,78,0.167245,404
Changchun,BF-SAC-MLP,BF-SAC-MLP,79,0.167245,404
Changchun,BF-SAC-MLP,BF-SAC-MLP,80,0.167245,404
Changchun,BF-SAC-MLP,BF-SAC-MLP,81,0.167245,404
Changchun,BF-SAC-MLP,BF-SAC-MLP,82,0.167245,404
Changchun,BF-SAC-MLP,BF-SAC-MLP,83,0.167245,404
Changchun,BF-SAC-MLP,BF-SAC-MLP,84,0.167245,404
Changchun,BF-SAC-MLP,BF-SAC-MLP,85,0.167245,404
Changchun,BF-SAC-MLP,BF-SAC-MLP,86,0.167245,404
Changchun,BF-SAC-MLP,BF-SAC-MLP,87,0.167245,404
Changchun,BF-SAC-MLP,BF-SAC-MLP,88,0.167245,404
Changchun,BF-SAC-MLP,BF-SAC-MLP,89,0.167245,404
Changchun,BF-SAC-MLP,BF-SAC-MLP,90,0.167245,404
Changchun,BF-SAC-MLP,BF-SAC-MLP,91,0.167245,404
Changchun,BF-SAC-MLP,BF-SAC-MLP,92,0.167245,404
Changchun,BF-SAC-MLP,BF-SAC-MLP,93,0.167245,404
Changchun,BF-SAC-MLP,BF-SAC-MLP,94,0.167245,404
Changchun,BF-SAC-MLP,BF-SAC-MLP,95,0.167245,404
Changchun,BF-SAC-MLP,BF-SAC-MLP,96,0.167245,404
Changchun,BF-SAC-MLP,BF-SAC-MLP,97,0.167245,404
Changchun,BF-SAC-MLP,BF-SAC-MLP,98,0.167245,404
Changchun,BF-SAC-MLP,BF-SAC-MLP,99,0.167245,404
Changchun,BF-SAC-MLP,BF-SAC-MLP,100,0.167245,404
Changchun,BF-SAC-RF,BF-SAC-RF,1,0.680944,42
Changchun,BF-SAC-RF,BF-SAC-RF,2,0.456829,42
Changchun,BF-SAC-RF,BF-SAC-RF,3,0.456829,42
Changchun,BF-SAC-RF,BF-SAC-RF,4,0.456829,42
Changchun,BF-SAC-RF,BF-SAC-RF,5,0.456829,42
Changchun,BF-SAC-RF,BF-SAC-RF,6,0.301528,42
Changchun,BF-SAC-RF,BF-SAC-RF,7,0.301528,42
Changchun,BF-SAC-RF,BF-SAC-RF,8,0.301528,42
Changchun,BF-SAC-RF,BF-SAC-RF,9,0.301528,42
Changchun,BF-SAC-RF,BF-SAC-RF,10,0.301528,42
Changchun,BF-SAC-RF,BF-SAC-RF,11,0.301528,42
Changchun,BF-SAC-RF,BF-SAC-RF,12,0.301528,42
Changchun,BF-SAC-RF,BF-SAC-RF,13,0.301528,42
Changchun,BF-SAC-RF,BF-SAC-RF,14,0.301528,42
Changchun,BF-SAC-RF,BF-SAC-RF,15,0.301528,42
Changchun,BF-SAC-RF,BF-SAC-RF,16,0.301528,42
Changchun,BF-SAC-RF,BF-SAC-RF,17,0.301528,42
Changchun,BF-SAC-RF,BF-SAC-RF,18,0.301528,42
Changchun,BF-SAC-RF,BF-SAC-RF,19,0.301528,42
Changchun,BF-SAC-RF,BF-SAC-RF,20,0.301528,42
Changchun,BF-SAC-RF,BF-SAC-RF,21,0.301528,42
Changchun,BF-SAC-RF,BF-SAC-RF,22,0.301528,42
Changchun,BF-SAC-RF,BF-SAC-RF,23,0.301528,42
Changchun,BF-SAC-RF,BF-SAC-RF,24,0.301528,42
Changchun,BF-SAC-RF,BF-SAC-RF,25,0.301528,42
Changchun,BF-SAC-RF,BF-SAC-RF,26,0.301528,42
Changchun,BF-SAC-RF,BF-SAC-RF,27,0.301528,42
Changchun,BF-SAC-RF,BF-SAC-RF,28,0.301528,42
Changchun,BF-SAC-RF,BF-SAC-RF,29,0.301528,42
Changchun,BF-SAC-RF,BF-SAC-RF,30,0.301528,42
Changchun,BF-SAC-RF,BF-SAC-RF,31,0.301528,42
Changchun,BF-SAC-RF,BF-SAC-RF,32,0.301528,42
Changchun,BF-SAC-RF,BF-SAC-RF,33,0.301528,42
Changchun,BF-SAC-RF,BF-SAC-RF,34,0.301528,42
Changchun,BF-SAC-RF,BF-SAC-RF,35,0.301528,42
Changchun,BF-SAC-RF,BF-SAC-RF,36,0.239278,42
Changchun,BF-SAC-RF,BF-SAC-RF,37,0.239278,42
Changchun,BF-SAC-RF,BF-SAC-RF,38,0.239278,42
Changchun,BF-SAC-RF,BF-SAC-RF,39,0.239278,42
Changchun,BF-SAC-RF,BF-SAC-RF,40,0.239278,42
Changchun,BF-SAC-RF,BF-SAC-RF,41,0.239278,42
Changchun,BF-SAC-RF,BF-SAC-RF,42,0.233486,42
Changchun,BF-SAC-RF,BF-SAC-RF,43,0.233486,42
Changchun,BF-SAC-RF,BF-SAC-RF,44,0.233486,42
Changchun,BF-SAC-RF,BF-SAC-RF,45,0.233486,42
Changchun,BF-SAC-RF,BF-SAC-RF,46,0.233486,42
Changchun,BF-SAC-RF,BF-SAC-RF,47,0.194909,42
Changchun,BF-SAC-RF,BF-SAC-RF,48,0.194909,42
Changchun,BF-SAC-RF,BF-SAC-RF,49,0.194909,42
Changchun,BF-SAC-RF,BF-SAC-RF,50,0.194909,42
Changchun,BF-SAC-RF,BF-SAC-RF,51,0.194909,42
Changchun,BF-SAC-RF,BF-SAC-RF,52,0.194909,42
Changchun,BF-SAC-RF,BF-SAC-RF,53,0.194909,42
Changchun,BF-SAC-RF,BF-SAC-RF,54,0.194909,42
Changchun,BF-SAC-RF,BF-SAC-RF,55,0.194909,42
Changchun,BF-SAC-RF,BF-SAC-RF,56,0.194909,42
Changchun,BF-SAC-RF,BF-SAC-RF,57,0.194909,42
Changchun,BF-SAC-RF,BF-SAC-RF,58,0.194909,42
Changchun,BF-SAC-RF,BF-SAC-RF,59,0.194909,42
Changchun,BF-SAC-RF,BF-SAC-RF,60,0.194909,42
Changchun,BF-SAC-RF,BF-SAC-RF,61,0.194909,42
Changchun,BF-SAC-RF,BF-SAC-RF,62,0.194909,42
Changchun,BF-SAC-RF,BF-SAC-RF,63,0.194909,42
Changchun,BF-SAC-RF,BF-SAC-RF,64,0.194909,42
Changchun,BF-SAC-RF,BF-SAC-RF,65,0.194909,42
Changchun,BF-SAC-RF,BF-SAC-RF,66,0.194909,42
Changchun,BF-SAC-RF,BF-SAC-RF,67,0.194909,42
Changchun,BF-SAC-RF,BF-SAC-RF,68,0.194909,42
Changchun,BF-SAC-RF,BF-SAC-RF,69,0.188665,42
Changchun,BF-SAC-RF,BF-SAC-RF,70,0.188665,42
Changchun,BF-SAC-RF,BF-SAC-RF,71,0.188665,42
Changchun,BF-SAC-RF,BF-SAC-RF,72,0.188665,42
Changchun,BF-SAC-RF,BF-SAC-RF,73,0.188665,42
Changchun,BF-SAC-RF,BF-SAC-RF,74,0.188665,42
Changchun,BF-SAC-RF,BF-SAC-RF,75,0.188665,42
Changchun,BF-SAC-RF,BF-SAC-RF,76,0.188665,42
Changchun,BF-SAC-RF,BF-SAC-RF,77,0.188665,42
Changchun,BF-SAC-RF,BF-SAC-RF,78,0.188665,42
Changchun,BF-SAC-RF,BF-SAC-RF,79,0.188665,42
Changchun,BF-SAC-RF,BF-SAC-RF,80,0.188665,42
Changchun,BF-SAC-RF,BF-SAC-RF,81,0.188665,42
Changchun,BF-SAC-RF,BF-SAC-RF,82,0.188665,42
Changchun,BF-SAC-RF,BF-SAC-RF,83,0.188665,42
Changchun,BF-SAC-RF,BF-SAC-RF,84,0.188665,42
Changchun,BF-SAC-RF,BF-SAC-RF,85,0.184371,42
Changchun,BF-SAC-RF,BF-SAC-RF,86,0.184371,42
Changchun,BF-SAC-RF,BF-SAC-RF,87,0.184371,42
Changchun,BF-SAC-RF,BF-SAC-RF,88,0.184371,42
Changchun,BF-SAC-RF,BF-SAC-RF,89,0.184371,42
Changchun,BF-SAC-RF,BF-SAC-RF,90,0.184371,42
Changchun,BF-SAC-RF,BF-SAC-RF,91,0.184371,42
Changchun,BF-SAC-RF,BF-SAC-RF,92,0.184371,42
Changchun,BF-SAC-RF,BF-SAC-RF,93,0.184371,42
Changchun,BF-SAC-RF,BF-SAC-RF,94,0.184371,42
Changchun,BF-SAC-RF,BF-SAC-RF,95,0.184371,42
Changchun,BF-SAC-RF,BF-SAC-RF,96,0.184371,42
Changchun,BF-SAC-RF,BF-SAC-RF,97,0.184371,42
Changchun,BF-SAC-RF,BF-SAC-RF,98,0.184371,42
Changchun,BF-SAC-RF,BF-SAC-RF,99,0.184371,42
Changchun,BF-SAC-RF,BF-SAC-RF,100,0.184371,42
Changchun,BF-SAC-RF,BF-SAC-RF,1,0.684935,101
Changchun,BF-SAC-RF,BF-SAC-RF,2,0.684935,101
Changchun,BF-SAC-RF,BF-SAC-RF,3,0.624809,101
Changchun,BF-SAC-RF,BF-SAC-RF,4,0.624809,101
Changchun,BF-SAC-RF,BF-SAC-RF,5,0.624809,101
Changchun,BF-SAC-RF,BF-SAC-RF,6,0.624809,101
Changchun,BF-SAC-RF,BF-SAC-RF,7,0.624809,101
Changchun,BF-SAC-RF,BF-SAC-RF,8,0.624809,101
Changchun,BF-SAC-RF,BF-SAC-RF,9,0.624809,101
Changchun,BF-SAC-RF,BF-SAC-RF,10,0.611193,101
Changchun,BF-SAC-RF,BF-SAC-RF,11,0.604776,101
Changchun,BF-SAC-RF,BF-SAC-RF,12,0.512041,101
Changchun,BF-SAC-RF,BF-SAC-RF,13,0.512041,101
Changchun,BF-SAC-RF,BF-SAC-RF,14,0.209092,101
Changchun,BF-SAC-RF,BF-SAC-RF,15,0.209092,101
Changchun,BF-SAC-RF,BF-SAC-RF,16,0.209092,101
Changchun,BF-SAC-RF,BF-SAC-RF,17,0.209092,101
Changchun,BF-SAC-RF,BF-SAC-RF,18,0.209092,101
Changchun,BF-SAC-RF,BF-SAC-RF,19,0.209092,101
Changchun,BF-SAC-RF,BF-SAC-RF,20,0.209092,101
Changchun,BF-SAC-RF,BF-SAC-RF,21,0.209092,101
Changchun,BF-SAC-RF,BF-SAC-RF,22,0.209092,101
Changchun,BF-SAC-RF,BF-SAC-RF,23,0.209092,101
Changchun,BF-SAC-RF,BF-SAC-RF,24,0.209092,101
Changchun,BF-SAC-RF,BF-SAC-RF,25,0.209092,101
Changchun,BF-SAC-RF,BF-SAC-RF,26,0.209092,101
Changchun,BF-SAC-RF,BF-SAC-RF,27,0.209092,101
Changchun,BF-SAC-RF,BF-SAC-RF,28,0.209092,101
Changchun,BF-SAC-RF,BF-SAC-RF,29,0.209092,101
Changchun,BF-SAC-RF,BF-SAC-RF,30,0.209092,101
Changchun,BF-SAC-RF,BF-SAC-RF,31,0.209092,101
Changchun,BF-SAC-RF,BF-SAC-RF,32,0.209092,101
Changchun,BF-SAC-RF,BF-SAC-RF,33,0.209092,101
Changchun,BF-SAC-RF,BF-SAC-RF,34,0.209092,101
Changchun,BF-SAC-RF,BF-SAC-RF,35,0.209092,101
Changchun,BF-SAC-RF,BF-SAC-RF,36,0.209092,101
Changchun,BF-SAC-RF,BF-SAC-RF,37,0.209092,101
Changchun,BF-SAC-RF,BF-SAC-RF,38,0.209092,101
Changchun,BF-SAC-RF,BF-SAC-RF,39,0.209092,101
Changchun,BF-SAC-RF,BF-SAC-RF,40,0.209092,101
Changchun,BF-SAC-RF,BF-SAC-RF,41,0.209092,101
Changchun,BF-SAC-RF,BF-SAC-RF,42,0.209092,101
Changchun,BF-SAC-RF,BF-SAC-RF,43,0.209092,101
Changchun,BF-SAC-RF,BF-SAC-RF,44,0.209092,101
Changchun,BF-SAC-RF,BF-SAC-RF,45,0.209092,101
Changchun,BF-SAC-RF,BF-SAC-RF,46,0.209092,101
Changchun,BF-SAC-RF,BF-SAC-RF,47,0.209092,101
Changchun,BF-SAC-RF,BF-SAC-RF,48,0.209092,101
Changchun,BF-SAC-RF,BF-SAC-RF,49,0.209092,101
Changchun,BF-SAC-RF,BF-SAC-RF,50,0.209092,101
Changchun,BF-SAC-RF,BF-SAC-RF,51,0.195855,101
Changchun,BF-SAC-RF,BF-SAC-RF,52,0.195855,101
Changchun,BF-SAC-RF,BF-SAC-RF,53,0.195855,101
Changchun,BF-SAC-RF,BF-SAC-RF,54,0.195855,101
Changchun,BF-SAC-RF,BF-SAC-RF,55,0.195855,101
Changchun,BF-SAC-RF,BF-SAC-RF,56,0.195855,101
Changchun,BF-SAC-RF,BF-SAC-RF,57,0.195855,101
Changchun,BF-SAC-RF,BF-SAC-RF,58,0.195855,101
Changchun,BF-SAC-RF,BF-SAC-RF,59,0.195855,101
Changchun,BF-SAC-RF,BF-SAC-RF,60,0.195855,101
Changchun,BF-SAC-RF,BF-SAC-RF,61,0.195855,101
Changchun,BF-SAC-RF,BF-SAC-RF,62,0.195855,101
Changchun,BF-SAC-RF,BF-SAC-RF,63,0.195855,101
Changchun,BF-SAC-RF,BF-SAC-RF,64,0.195855,101
Changchun,BF-SAC-RF,BF-SAC-RF,65,0.195855,101
Changchun,BF-SAC-RF,BF-SAC-RF,66,0.195855,101
Changchun,BF-SAC-RF,BF-SAC-RF,67,0.195855,101
Changchun,BF-SAC-RF,BF-SAC-RF,68,0.195855,101
Changchun,BF-SAC-RF,BF-SAC-RF,69,0.195855,101
Changchun,BF-SAC-RF,BF-SAC-RF,70,0.195855,101
Changchun,BF-SAC-RF,BF-SAC-RF,71,0.195855,101
Changchun,BF-SAC-RF,BF-SAC-RF,72,0.195855,101
Changchun,BF-SAC-RF,BF-SAC-RF,73,0.195855,101
Changchun,BF-SAC-RF,BF-SAC-RF,74,0.195855,101
Changchun,BF-SAC-RF,BF-SAC-RF,75,0.195855,101
Changchun,BF-SAC-RF,BF-SAC-RF,76,0.195855,101
Changchun,BF-SAC-RF,BF-SAC-RF,77,0.195855,101
Changchun,BF-SAC-RF,BF-SAC-RF,78,0.195855,101
Changchun,BF-SAC-RF,BF-SAC-RF,79,0.195855,101
Changchun,BF-SAC-RF,BF-SAC-RF,80,0.192285,101
Changchun,BF-SAC-RF,BF-SAC-RF,81,0.192285,101
Changchun,BF-SAC-RF,BF-SAC-RF,82,0.192285,101
Changchun,BF-SAC-RF,BF-SAC-RF,83,0.180774,101
Changchun,BF-SAC-RF,BF-SAC-RF,84,0.174332,101
Changchun,BF-SAC-RF,BF-SAC-RF,85,0.174332,101
Changchun,BF-SAC-RF,BF-SAC-RF,86,0.174332,101
Changchun,BF-SAC-RF,BF-SAC-RF,87,0.174332,101
Changchun,BF-SAC-RF,BF-SAC-RF,88,0.174332,101
Changchun,BF-SAC-RF,BF-SAC-RF,89,0.174332,101
Changchun,BF-SAC-RF,BF-SAC-RF,90,0.174332,101
Changchun,BF-SAC-RF,BF-SAC-RF,91,0.174332,101
Changchun,BF-SAC-RF,BF-SAC-RF,92,0.174332,101
Changchun,BF-SAC-RF,BF-SAC-RF,93,0.174332,101
Changchun,BF-SAC-RF,BF-SAC-RF,94,0.174332,101
Changchun,BF-SAC-RF,BF-SAC-RF,95,0.174332,101
Changchun,BF-SAC-RF,BF-SAC-RF,96,0.174332,101
Changchun,BF-SAC-RF,BF-SAC-RF,97,0.174332,101
Changchun,BF-SAC-RF,BF-SAC-RF,98,0.174332,101
Changchun,BF-SAC-RF,BF-SAC-RF,99,0.174332,101
Changchun,BF-SAC-RF,BF-SAC-RF,100,0.174332,101
Changchun,BF-SAC-RF,BF-SAC-RF,1,0.648772,202
Changchun,BF-SAC-RF,BF-SAC-RF,2,0.648772,202
Changchun,BF-SAC-RF,BF-SAC-RF,3,0.464574,202
Changchun,BF-SAC-RF,BF-SAC-RF,4,0.464574,202
Changchun,BF-SAC-RF,BF-SAC-RF,5,0.464574,202
Changchun,BF-SAC-RF,BF-SAC-RF,6,0.464574,202
Changchun,BF-SAC-RF,BF-SAC-RF,7,0.464574,202
Changchun,BF-SAC-RF,BF-SAC-RF,8,0.464574,202
Changchun,BF-SAC-RF,BF-SAC-RF,9,0.464574,202
Changchun,BF-SAC-RF,BF-SAC-RF,10,0.464574,202
Changchun,BF-SAC-RF,BF-SAC-RF,11,0.464574,202
Changchun,BF-SAC-RF,BF-SAC-RF,12,0.464574,202
Changchun,BF-SAC-RF,BF-SAC-RF,13,0.464574,202
Changchun,BF-SAC-RF,BF-SAC-RF,14,0.464574,202
Changchun,BF-SAC-RF,BF-SAC-RF,15,0.464574,202
Changchun,BF-SAC-RF,BF-SAC-RF,16,0.464574,202
Changchun,BF-SAC-RF,BF-SAC-RF,17,0.464574,202
Changchun,BF-SAC-RF,BF-SAC-RF,18,0.464574,202
Changchun,BF-SAC-RF,BF-SAC-RF,19,0.248196,202
Changchun,BF-SAC-RF,BF-SAC-RF,20,0.248196,202
Changchun,BF-SAC-RF,BF-SAC-RF,21,0.248196,202
Changchun,BF-SAC-RF,BF-SAC-RF,22,0.248196,202
Changchun,BF-SAC-RF,BF-SAC-RF,23,0.248196,202
Changchun,BF-SAC-RF,BF-SAC-RF,24,0.248196,202
Changchun,BF-SAC-RF,BF-SAC-RF,25,0.248196,202
Changchun,BF-SAC-RF,BF-SAC-RF,26,0.248196,202
Changchun,BF-SAC-RF,BF-SAC-RF,27,0.248196,202
Changchun,BF-SAC-RF,BF-SAC-RF,28,0.248196,202
Changchun,BF-SAC-RF,BF-SAC-RF,29,0.248196,202
Changchun,BF-SAC-RF,BF-SAC-RF,30,0.248196,202
Changchun,BF-SAC-RF,BF-SAC-RF,31,0.248196,202
Changchun,BF-SAC-RF,BF-SAC-RF,32,0.248196,202
Changchun,BF-SAC-RF,BF-SAC-RF,33,0.248196,202
Changchun,BF-SAC-RF,BF-SAC-RF,34,0.248196,202
Changchun,BF-SAC-RF,BF-SAC-RF,35,0.248196,202
Changchun,BF-SAC-RF,BF-SAC-RF,36,0.248196,202
Changchun,BF-SAC-RF,BF-SAC-RF,37,0.248196,202
Changchun,BF-SAC-RF,BF-SAC-RF,38,0.248196,202
Changchun,BF-SAC-RF,BF-SAC-RF,39,0.248196,202
Changchun,BF-SAC-RF,BF-SAC-RF,40,0.248196,202
Changchun,BF-SAC-RF,BF-SAC-RF,41,0.248196,202
Changchun,BF-SAC-RF,BF-SAC-RF,42,0.224488,202
Changchun,BF-SAC-RF,BF-SAC-RF,43,0.224488,202
Changchun,BF-SAC-RF,BF-SAC-RF,44,0.224488,202
Changchun,BF-SAC-RF,BF-SAC-RF,45,0.224488,202
Changchun,BF-SAC-RF,BF-SAC-RF,46,0.224488,202
Changchun,BF-SAC-RF,BF-SAC-RF,47,0.224488,202
Changchun,BF-SAC-RF,BF-SAC-RF,48,0.224488,202
Changchun,BF-SAC-RF,BF-SAC-RF,49,0.224488,202
Changchun,BF-SAC-RF,BF-SAC-RF,50,0.224488,202
Changchun,BF-SAC-RF,BF-SAC-RF,51,0.224488,202
Changchun,BF-SAC-RF,BF-SAC-RF,52,0.224488,202
Changchun,BF-SAC-RF,BF-SAC-RF,53,0.224488,202
Changchun,BF-SAC-RF,BF-SAC-RF,54,0.224488,202
Changchun,BF-SAC-RF,BF-SAC-RF,55,0.224488,202
Changchun,BF-SAC-RF,BF-SAC-RF,56,0.224488,202
Changchun,BF-SAC-RF,BF-SAC-RF,57,0.224488,202
Changchun,BF-SAC-RF,BF-SAC-RF,58,0.183202,202
Changchun,BF-SAC-RF,BF-SAC-RF,59,0.183202,202
Changchun,BF-SAC-RF,BF-SAC-RF,60,0.183202,202
Changchun,BF-SAC-RF,BF-SAC-RF,61,0.183202,202
Changchun,BF-SAC-RF,BF-SAC-RF,62,0.183202,202
Changchun,BF-SAC-RF,BF-SAC-RF,63,0.160943,202
Changchun,BF-SAC-RF,BF-SAC-RF,64,0.160943,202
Changchun,BF-SAC-RF,BF-SAC-RF,65,0.160943,202
Changchun,BF-SAC-RF,BF-SAC-RF,66,0.160943,202
Changchun,BF-SAC-RF,BF-SAC-RF,67,0.160943,202
Changchun,BF-SAC-RF,BF-SAC-RF,68,0.160943,202
Changchun,BF-SAC-RF,BF-SAC-RF,69,0.160943,202
Changchun,BF-SAC-RF,BF-SAC-RF,70,0.160943,202
Changchun,BF-SAC-RF,BF-SAC-RF,71,0.160943,202
Changchun,BF-SAC-RF,BF-SAC-RF,72,0.160943,202
Changchun,BF-SAC-RF,BF-SAC-RF,73,0.160943,202
Changchun,BF-SAC-RF,BF-SAC-RF,74,0.160943,202
Changchun,BF-SAC-RF,BF-SAC-RF,75,0.160943,202
Changchun,BF-SAC-RF,BF-SAC-RF,76,0.160943,202
Changchun,BF-SAC-RF,BF-SAC-RF,77,0.160943,202
Changchun,BF-SAC-RF,BF-SAC-RF,78,0.160943,202
Changchun,BF-SAC-RF,BF-SAC-RF,79,0.160943,202
Changchun,BF-SAC-RF,BF-SAC-RF,80,0.160943,202
Changchun,BF-SAC-RF,BF-SAC-RF,81,0.160943,202
Changchun,BF-SAC-RF,BF-SAC-RF,82,0.160943,202
Changchun,BF-SAC-RF,BF-SAC-RF,83,0.160943,202
Changchun,BF-SAC-RF,BF-SAC-RF,84,0.160943,202
Changchun,BF-SAC-RF,BF-SAC-RF,85,0.160943,202
Changchun,BF-SAC-RF,BF-SAC-RF,86,0.160943,202
Changchun,BF-SAC-RF,BF-SAC-RF,87,0.160943,202
Changchun,BF-SAC-RF,BF-SAC-RF,88,0.160943,202
Changchun,BF-SAC-RF,BF-SAC-RF,89,0.160943,202
Changchun,BF-SAC-RF,BF-SAC-RF,90,0.160943,202
Changchun,BF-SAC-RF,BF-SAC-RF,91,0.160943,202
Changchun,BF-SAC-RF,BF-SAC-RF,92,0.160943,202
Changchun,BF-SAC-RF,BF-SAC-RF,93,0.160943,202
Changchun,BF-SAC-RF,BF-SAC-RF,94,0.160943,202
Changchun,BF-SAC-RF,BF-SAC-RF,95,0.160426,202
Changchun,BF-SAC-RF,BF-SAC-RF,96,0.160426,202
Changchun,BF-SAC-RF,BF-SAC-RF,97,0.15246,202
Changchun,BF-SAC-RF,BF-SAC-RF,98,0.15246,202
Changchun,BF-SAC-RF,BF-SAC-RF,99,0.15246,202
Changchun,BF-SAC-RF,BF-SAC-RF,100,0.15246,202
Changchun,BF-SAC-RF,BF-SAC-RF,1,0.704251,303
Changchun,BF-SAC-RF,BF-SAC-RF,2,0.409465,303
Changchun,BF-SAC-RF,BF-SAC-RF,3,0.361916,303
Changchun,BF-SAC-RF,BF-SAC-RF,4,0.361916,303
Changchun,BF-SAC-RF,BF-SAC-RF,5,0.361916,303
Changchun,BF-SAC-RF,BF-SAC-RF,6,0.361916,303
Changchun,BF-SAC-RF,BF-SAC-RF,7,0.361916,303
Changchun,BF-SAC-RF,BF-SAC-RF,8,0.361916,303
Changchun,BF-SAC-RF,BF-SAC-RF,9,0.317591,303
Changchun,BF-SAC-RF,BF-SAC-RF,10,0.317591,303
Changchun,BF-SAC-RF,BF-SAC-RF,11,0.317591,303
Changchun,BF-SAC-RF,BF-SAC-RF,12,0.317591,303
Changchun,BF-SAC-RF,BF-SAC-RF,13,0.317591,303
Changchun,BF-SAC-RF,BF-SAC-RF,14,0.317591,303
Changchun,BF-SAC-RF,BF-SAC-RF,15,0.317591,303
Changchun,BF-SAC-RF,BF-SAC-RF,16,0.317591,303
Changchun,BF-SAC-RF,BF-SAC-RF,17,0.317591,303
Changchun,BF-SAC-RF,BF-SAC-RF,18,0.317591,303
Changchun,BF-SAC-RF,BF-SAC-RF,19,0.317591,303
Changchun,BF-SAC-RF,BF-SAC-RF,20,0.317591,303
Changchun,BF-SAC-RF,BF-SAC-RF,21,0.317591,303
Changchun,BF-SAC-RF,BF-SAC-RF,22,0.317591,303
Changchun,BF-SAC-RF,BF-SAC-RF,23,0.317591,303
Changchun,BF-SAC-RF,BF-SAC-RF,24,0.317591,303
Changchun,BF-SAC-RF,BF-SAC-RF,25,0.317591,303
Changchun,BF-SAC-RF,BF-SAC-RF,26,0.317591,303
Changchun,BF-SAC-RF,BF-SAC-RF,27,0.317591,303
Changchun,BF-SAC-RF,BF-SAC-RF,28,0.317591,303
Changchun,BF-SAC-RF,BF-SAC-RF,29,0.317591,303
Changchun,BF-SAC-RF,BF-SAC-RF,30,0.317591,303
Changchun,BF-SAC-RF,BF-SAC-RF,31,0.317591,303
Changchun,BF-SAC-RF,BF-SAC-RF,32,0.317591,303
Changchun,BF-SAC-RF,BF-SAC-RF,33,0.317591,303
Changchun,BF-SAC-RF,BF-SAC-RF,34,0.317591,303
Changchun,BF-SAC-RF,BF-SAC-RF,35,0.317591,303
Changchun,BF-SAC-RF,BF-SAC-RF,36,0.317591,303
Changchun,BF-SAC-RF,BF-SAC-RF,37,0.317591,303
Changchun,BF-SAC-RF,BF-SAC-RF,38,0.317591,303
Changchun,BF-SAC-RF,BF-SAC-RF,39,0.317591,303
Changchun,BF-SAC-RF,BF-SAC-RF,40,0.317591,303
Changchun,BF-SAC-RF,BF-SAC-RF,41,0.291398,303
Changchun,BF-SAC-RF,BF-SAC-RF,42,0.291398,303
Changchun,BF-SAC-RF,BF-SAC-RF,43,0.291398,303
Changchun,BF-SAC-RF,BF-SAC-RF,44,0.291398,303
Changchun,BF-SAC-RF,BF-SAC-RF,45,0.291398,303
Changchun,BF-SAC-RF,BF-SAC-RF,46,0.291398,303
Changchun,BF-SAC-RF,BF-SAC-RF,47,0.291398,303
Changchun,BF-SAC-RF,BF-SAC-RF,48,0.291398,303
Changchun,BF-SAC-RF,BF-SAC-RF,49,0.291398,303
Changchun,BF-SAC-RF,BF-SAC-RF,50,0.291398,303
Changchun,BF-SAC-RF,BF-SAC-RF,51,0.291398,303
Changchun,BF-SAC-RF,BF-SAC-RF,52,0.291398,303
Changchun,BF-SAC-RF,BF-SAC-RF,53,0.28506,303
Changchun,BF-SAC-RF,BF-SAC-RF,54,0.28506,303
Changchun,BF-SAC-RF,BF-SAC-RF,55,0.28506,303
Changchun,BF-SAC-RF,BF-SAC-RF,56,0.28506,303
Changchun,BF-SAC-RF,BF-SAC-RF,57,0.28506,303
Changchun,BF-SAC-RF,BF-SAC-RF,58,0.28506,303
Changchun,BF-SAC-RF,BF-SAC-RF,59,0.28506,303
Changchun,BF-SAC-RF,BF-SAC-RF,60,0.28506,303
Changchun,BF-SAC-RF,BF-SAC-RF,61,0.28506,303
Changchun,BF-SAC-RF,BF-SAC-RF,62,0.280498,303
Changchun,BF-SAC-RF,BF-SAC-RF,63,0.280498,303
Changchun,BF-SAC-RF,BF-SAC-RF,64,0.280498,303
Changchun,BF-SAC-RF,BF-SAC-RF,65,0.280498,303
Changchun,BF-SAC-RF,BF-SAC-RF,66,0.280498,303
Changchun,BF-SAC-RF,BF-SAC-RF,67,0.280498,303
Changchun,BF-SAC-RF,BF-SAC-RF,68,0.280498,303
Changchun,BF-SAC-RF,BF-SAC-RF,69,0.280498,303
Changchun,BF-SAC-RF,BF-SAC-RF,70,0.280498,303
Changchun,BF-SAC-RF,BF-SAC-RF,71,0.280498,303
Changchun,BF-SAC-RF,BF-SAC-RF,72,0.280498,303
Changchun,BF-SAC-RF,BF-SAC-RF,73,0.280498,303
Changchun,BF-SAC-RF,BF-SAC-RF,74,0.280498,303
Changchun,BF-SAC-RF,BF-SAC-RF,75,0.280498,303
Changchun,BF-SAC-RF,BF-SAC-RF,76,0.280498,303
Changchun,BF-SAC-RF,BF-SAC-RF,77,0.280498,303
Changchun,BF-SAC-RF,BF-SAC-RF,78,0.280498,303
Changchun,BF-SAC-RF,BF-SAC-RF,79,0.271654,303
Changchun,BF-SAC-RF,BF-SAC-RF,80,0.271654,303
Changchun,BF-SAC-RF,BF-SAC-RF,81,0.269591,303
Changchun,BF-SAC-RF,BF-SAC-RF,82,0.269591,303
Changchun,BF-SAC-RF,BF-SAC-RF,83,0.230105,303
Changchun,BF-SAC-RF,BF-SAC-RF,84,0.179945,303
Changchun,BF-SAC-RF,BF-SAC-RF,85,0.179945,303
Changchun,BF-SAC-RF,BF-SAC-RF,86,0.179945,303
Changchun,BF-SAC-RF,BF-SAC-RF,87,0.179945,303
Changchun,BF-SAC-RF,BF-SAC-RF,88,0.179945,303
Changchun,BF-SAC-RF,BF-SAC-RF,89,0.179945,303
Changchun,BF-SAC-RF,BF-SAC-RF,90,0.179945,303
Changchun,BF-SAC-RF,BF-SAC-RF,91,0.179945,303
Changchun,BF-SAC-RF,BF-SAC-RF,92,0.179945,303
Changchun,BF-SAC-RF,BF-SAC-RF,93,0.179945,303
Changchun,BF-SAC-RF,BF-SAC-RF,94,0.179945,303
Changchun,BF-SAC-RF,BF-SAC-RF,95,0.179945,303
Changchun,BF-SAC-RF,BF-SAC-RF,96,0.179945,303
Changchun,BF-SAC-RF,BF-SAC-RF,97,0.179945,303
Changchun,BF-SAC-RF,BF-SAC-RF,98,0.179945,303
Changchun,BF-SAC-RF,BF-SAC-RF,99,0.179945,303
Changchun,BF-SAC-RF,BF-SAC-RF,100,0.179945,303
Changchun,BF-SAC-RF,BF-SAC-RF,1,0.65547,404
Changchun,BF-SAC-RF,BF-SAC-RF,2,0.642889,404
Changchun,BF-SAC-RF,BF-SAC-RF,3,0.490089,404
Changchun,BF-SAC-RF,BF-SAC-RF,4,0.490089,404
Changchun,BF-SAC-RF,BF-SAC-RF,5,0.490089,404
Changchun,BF-SAC-RF,BF-SAC-RF,6,0.490089,404
Changchun,BF-SAC-RF,BF-SAC-RF,7,0.490089,404
Changchun,BF-SAC-RF,BF-SAC-RF,8,0.490089,404
Changchun,BF-SAC-RF,BF-SAC-RF,9,0.490089,404
Changchun,BF-SAC-RF,BF-SAC-RF,10,0.490089,404
Changchun,BF-SAC-RF,BF-SAC-RF,11,0.490089,404
Changchun,BF-SAC-RF,BF-SAC-RF,12,0.490089,404
Changchun,BF-SAC-RF,BF-SAC-RF,13,0.490089,404
Changchun,BF-SAC-RF,BF-SAC-RF,14,0.490089,404
Changchun,BF-SAC-RF,BF-SAC-RF,15,0.490089,404
Changchun,BF-SAC-RF,BF-SAC-RF,16,0.490089,404
Changchun,BF-SAC-RF,BF-SAC-RF,17,0.490089,404
Changchun,BF-SAC-RF,BF-SAC-RF,18,0.490089,404
Changchun,BF-SAC-RF,BF-SAC-RF,19,0.490089,404
Changchun,BF-SAC-RF,BF-SAC-RF,20,0.403243,404
Changchun,BF-SAC-RF,BF-SAC-RF,21,0.403243,404
Changchun,BF-SAC-RF,BF-SAC-RF,22,0.403243,404
Changchun,BF-SAC-RF,BF-SAC-RF,23,0.403243,404
Changchun,BF-SAC-RF,BF-SAC-RF,24,0.403243,404
Changchun,BF-SAC-RF,BF-SAC-RF,25,0.403243,404
Changchun,BF-SAC-RF,BF-SAC-RF,26,0.352694,404
Changchun,BF-SAC-RF,BF-SAC-RF,27,0.352694,404
Changchun,BF-SAC-RF,BF-SAC-RF,28,0.352694,404
Changchun,BF-SAC-RF,BF-SAC-RF,29,0.352694,404
Changchun,BF-SAC-RF,BF-SAC-RF,30,0.352694,404
Changchun,BF-SAC-RF,BF-SAC-RF,31,0.352694,404
Changchun,BF-SAC-RF,BF-SAC-RF,32,0.352694,404
Changchun,BF-SAC-RF,BF-SAC-RF,33,0.352694,404
Changchun,BF-SAC-RF,BF-SAC-RF,34,0.352694,404
Changchun,BF-SAC-RF,BF-SAC-RF,35,0.352694,404
Changchun,BF-SAC-RF,BF-SAC-RF,36,0.352694,404
Changchun,BF-SAC-RF,BF-SAC-RF,37,0.352694,404
Changchun,BF-SAC-RF,BF-SAC-RF,38,0.24397,404
Changchun,BF-SAC-RF,BF-SAC-RF,39,0.24397,404
Changchun,BF-SAC-RF,BF-SAC-RF,40,0.24397,404
Changchun,BF-SAC-RF,BF-SAC-RF,41,0.24397,404
Changchun,BF-SAC-RF,BF-SAC-RF,42,0.24397,404
Changchun,BF-SAC-RF,BF-SAC-RF,43,0.24397,404
Changchun,BF-SAC-RF,BF-SAC-RF,44,0.24392,404
Changchun,BF-SAC-RF,BF-SAC-RF,45,0.226309,404
Changchun,BF-SAC-RF,BF-SAC-RF,46,0.226309,404
Changchun,BF-SAC-RF,BF-SAC-RF,47,0.226309,404
Changchun,BF-SAC-RF,BF-SAC-RF,48,0.198674,404
Changchun,BF-SAC-RF,BF-SAC-RF,49,0.198674,404
Changchun,BF-SAC-RF,BF-SAC-RF,50,0.164028,404
Changchun,BF-SAC-RF,BF-SAC-RF,51,0.164028,404
Changchun,BF-SAC-RF,BF-SAC-RF,52,0.164028,404
Changchun,BF-SAC-RF,BF-SAC-RF,53,0.164028,404
Changchun,BF-SAC-RF,BF-SAC-RF,54,0.164028,404
Changchun,BF-SAC-RF,BF-SAC-RF,55,0.164028,404
Changchun,BF-SAC-RF,BF-SAC-RF,56,0.164028,404
Changchun,BF-SAC-RF,BF-SAC-RF,57,0.164028,404
Changchun,BF-SAC-RF,BF-SAC-RF,58,0.164028,404
Changchun,BF-SAC-RF,BF-SAC-RF,59,0.164028,404
Changchun,BF-SAC-RF,BF-SAC-RF,60,0.164028,404
Changchun,BF-SAC-RF,BF-SAC-RF,61,0.164028,404
Changchun,BF-SAC-RF,BF-SAC-RF,62,0.164028,404
Changchun,BF-SAC-RF,BF-SAC-RF,63,0.164028,404
Changchun,BF-SAC-RF,BF-SAC-RF,64,0.163621,404
Changchun,BF-SAC-RF,BF-SAC-RF,65,0.163621,404
Changchun,BF-SAC-RF,BF-SAC-RF,66,0.163621,404
Changchun,BF-SAC-RF,BF-SAC-RF,67,0.163621,404
Changchun,BF-SAC-RF,BF-SAC-RF,68,0.163621,404
Changchun,BF-SAC-RF,BF-SAC-RF,69,0.163621,404
Changchun,BF-SAC-RF,BF-SAC-RF,70,0.163621,404
Changchun,BF-SAC-RF,BF-SAC-RF,71,0.163621,404
Changchun,BF-SAC-RF,BF-SAC-RF,72,0.163621,404
Changchun,BF-SAC-RF,BF-SAC-RF,73,0.163621,404
Changchun,BF-SAC-RF,BF-SAC-RF,74,0.163621,404
Changchun,BF-SAC-RF,BF-SAC-RF,75,0.163621,404
Changchun,BF-SAC-RF,BF-SAC-RF,76,0.163621,404
Changchun,BF-SAC-RF,BF-SAC-RF,77,0.163621,404
Changchun,BF-SAC-RF,BF-SAC-RF,78,0.163621,404
Changchun,BF-SAC-RF,BF-SAC-RF,79,0.163621,404
Changchun,BF-SAC-RF,BF-SAC-RF,80,0.163621,404
Changchun,BF-SAC-RF,BF-SAC-RF,81,0.163621,404
Changchun,BF-SAC-RF,BF-SAC-RF,82,0.163621,404
Changchun,BF-SAC-RF,BF-SAC-RF,83,0.163621,404
Changchun,BF-SAC-RF,BF-SAC-RF,84,0.163621,404
Changchun,BF-SAC-RF,BF-SAC-RF,85,0.163621,404
Changchun,BF-SAC-RF,BF-SAC-RF,86,0.163621,404
Changchun,BF-SAC-RF,BF-SAC-RF,87,0.163621,404
Changchun,BF-SAC-RF,BF-SAC-RF,88,0.163621,404
Changchun,BF-SAC-RF,BF-SAC-RF,89,0.163621,404
Changchun,BF-SAC-RF,BF-SAC-RF,90,0.163621,404
Changchun,BF-SAC-RF,BF-SAC-RF,91,0.163621,404
Changchun,BF-SAC-RF,BF-SAC-RF,92,0.151221,404
Changchun,BF-SAC-RF,BF-SAC-RF,93,0.151221,404
Changchun,BF-SAC-RF,BF-SAC-RF,94,0.151221,404
Changchun,BF-SAC-RF,BF-SAC-RF,95,0.151221,404
Changchun,BF-SAC-RF,BF-SAC-RF,96,0.151221,404
Changchun,BF-SAC-RF,BF-SAC-RF,97,0.151221,404
Changchun,BF-SAC-RF,BF-SAC-RF,98,0.151221,404
Changchun,BF-SAC-RF,BF-SAC-RF,99,0.151221,404
Changchun,BF-SAC-RF,BF-SAC-RF,100,0.151221,404
Changchun,CMA-ES,CMA-ES,1,0.670489193262239,42
Changchun,CMA-ES,CMA-ES,2,0.670489193262239,42
Changchun,CMA-ES,CMA-ES,3,0.670489193262239,42
Changchun,CMA-ES,CMA-ES,4,0.670489193262239,42
Changchun,CMA-ES,CMA-ES,5,0.656597972021029,42
Changchun,CMA-ES,CMA-ES,6,0.656597972021029,42
Changchun,CMA-ES,CMA-ES,7,0.656597972021029,42
Changchun,CMA-ES,CMA-ES,8,0.656597972021029,42
Changchun,CMA-ES,CMA-ES,9,0.6510083608453744,42
Changchun,CMA-ES,CMA-ES,10,0.6510083608453744,42
Changchun,CMA-ES,CMA-ES,11,0.6510083608453744,42
Changchun,CMA-ES,CMA-ES,12,0.6510083608453744,42
Changchun,CMA-ES,CMA-ES,13,0.55399869003961,42
Changchun,CMA-ES,CMA-ES,14,0.55399869003961,42
Changchun,CMA-ES,CMA-ES,15,0.55399869003961,42
Changchun,CMA-ES,CMA-ES,16,0.55399869003961,42
Changchun,CMA-ES,CMA-ES,17,0.55399869003961,42
Changchun,CMA-ES,CMA-ES,18,0.55399869003961,42
Changchun,CMA-ES,CMA-ES,19,0.55399869003961,42
Changchun,CMA-ES,CMA-ES,20,0.55399869003961,42
Changchun,CMA-ES,CMA-ES,21,0.55399869003961,42
Changchun,CMA-ES,CMA-ES,22,0.55399869003961,42
Changchun,CMA-ES,CMA-ES,23,0.55399869003961,42
Changchun,CMA-ES,CMA-ES,24,0.55399869003961,42
Changchun,CMA-ES,CMA-ES,25,0.55399869003961,42
Changchun,CMA-ES,CMA-ES,26,0.55399869003961,42
Changchun,CMA-ES,CMA-ES,27,0.55399869003961,42
Changchun,CMA-ES,CMA-ES,28,0.55399869003961,42
Changchun,CMA-ES,CMA-ES,29,0.55399869003961,42
Changchun,CMA-ES,CMA-ES,30,0.55399869003961,42
Changchun,CMA-ES,CMA-ES,31,0.55399869003961,42
Changchun,CMA-ES,CMA-ES,32,0.55399869003961,42
Changchun,CMA-ES,CMA-ES,33,0.55399869003961,42
Changchun,CMA-ES,CMA-ES,34,0.55399869003961,42
Changchun,CMA-ES,CMA-ES,35,0.55399869003961,42
Changchun,CMA-ES,CMA-ES,36,0.55399869003961,42
Changchun,CMA-ES,CMA-ES,37,0.55399869003961,42
Changchun,CMA-ES,CMA-ES,38,0.55399869003961,42
Changchun,CMA-ES,CMA-ES,39,0.5125316604088453,42
Changchun,CMA-ES,CMA-ES,40,0.5125316604088453,42
Changchun,CMA-ES,CMA-ES,41,0.5125316604088453,42
Changchun,CMA-ES,CMA-ES,42,0.5125316604088453,42
Changchun,CMA-ES,CMA-ES,43,0.5125316604088453,42
Changchun,CMA-ES,CMA-ES,44,0.5125316604088453,42
Changchun,CMA-ES,CMA-ES,45,0.5125316604088453,42
Changchun,CMA-ES,CMA-ES,46,0.5125316604088453,42
Changchun,CMA-ES,CMA-ES,47,0.5125316604088453,42
Changchun,CMA-ES,CMA-ES,48,0.5125316604088453,42
Changchun,CMA-ES,CMA-ES,49,0.5125316604088453,42
Changchun,CMA-ES,CMA-ES,50,0.5125316604088453,42
Changchun,CMA-ES,CMA-ES,51,0.5125316604088453,42
Changchun,CMA-ES,CMA-ES,52,0.5125316604088453,42
Changchun,CMA-ES,CMA-ES,53,0.5125316604088453,42
Changchun,CMA-ES,CMA-ES,54,0.5125316604088453,42
Changchun,CMA-ES,CMA-ES,55,0.5125316604088453,42
Changchun,CMA-ES,CMA-ES,56,0.5125316604088453,42
Changchun,CMA-ES,CMA-ES,57,0.49821549198289766,42
Changchun,CMA-ES,CMA-ES,58,0.49821549198289766,42
Changchun,CMA-ES,CMA-ES,59,0.49821549198289766,42
Changchun,CMA-ES,CMA-ES,60,0.49821549198289766,42
Changchun,CMA-ES,CMA-ES,61,0.49821549198289766,42
Changchun,CMA-ES,CMA-ES,62,0.49821549198289766,42
Changchun,CMA-ES,CMA-ES,63,0.49821549198289766,42
Changchun,CMA-ES,CMA-ES,64,0.49821549198289766,42
Changchun,CMA-ES,CMA-ES,65,0.4969229783250403,42
Changchun,CMA-ES,CMA-ES,66,0.4969229783250403,42
Changchun,CMA-ES,CMA-ES,67,0.4746870636261579,42
Changchun,CMA-ES,CMA-ES,68,0.4746870636261579,42
Changchun,CMA-ES,CMA-ES,69,0.4746870636261579,42
Changchun,CMA-ES,CMA-ES,70,0.4746870636261579,42
Changchun,CMA-ES,CMA-ES,71,0.4746870636261579,42
Changchun,CMA-ES,CMA-ES,72,0.4746870636261579,42
Changchun,CMA-ES,CMA-ES,73,0.4746870636261579,42
Changchun,CMA-ES,CMA-ES,74,0.4746870636261579,42
Changchun,CMA-ES,CMA-ES,75,0.4746870636261579,42
Changchun,CMA-ES,CMA-ES,76,0.42078188082110085,42
Changchun,CMA-ES,CMA-ES,77,0.42078188082110085,42
Changchun,CMA-ES,CMA-ES,78,0.42078188082110085,42
Changchun,CMA-ES,CMA-ES,79,0.42078188082110085,42
Changchun,CMA-ES,CMA-ES,80,0.42078188082110085,42
Changchun,CMA-ES,CMA-ES,81,0.42078188082110085,42
Changchun,CMA-ES,CMA-ES,82,0.42078188082110085,42
Changchun,CMA-ES,CMA-ES,83,0.42078188082110085,42
Changchun,CMA-ES,CMA-ES,84,0.42078188082110085,42
Changchun,CMA-ES,CMA-ES,85,0.42078188082110085,42
Changchun,CMA-ES,CMA-ES,86,0.42078188082110085,42
Changchun,CMA-ES,CMA-ES,87,0.42078188082110085,42
Changchun,CMA-ES,CMA-ES,88,0.42078188082110085,42
Changchun,CMA-ES,CMA-ES,89,0.42078188082110085,42
Changchun,CMA-ES,CMA-ES,90,0.42078188082110085,42
Changchun,CMA-ES,CMA-ES,91,0.42078188082110085,42
Changchun,CMA-ES,CMA-ES,92,0.42078188082110085,42
Changchun,CMA-ES,CMA-ES,93,0.42078188082110085,42
Changchun,CMA-ES,CMA-ES,94,0.42078188082110085,42
Changchun,CMA-ES,CMA-ES,95,0.42078188082110085,42
Changchun,CMA-ES,CMA-ES,96,0.42078188082110085,42
Changchun,CMA-ES,CMA-ES,97,0.42078188082110085,42
Changchun,CMA-ES,CMA-ES,98,0.42078188082110085,42
Changchun,CMA-ES,CMA-ES,99,0.42078188082110085,42
Changchun,CMA-ES,CMA-ES,100,0.42078188082110085,42
Changchun,CMA-ES,CMA-ES,1,0.6334739101644604,101
Changchun,CMA-ES,CMA-ES,2,0.6334739101644604,101
Changchun,CMA-ES,CMA-ES,3,0.6334739101644604,101
Changchun,CMA-ES,CMA-ES,4,0.4055292736639802,101
Changchun,CMA-ES,CMA-ES,5,0.4055292736639802,101
Changchun,CMA-ES,CMA-ES,6,0.4055292736639802,101
Changchun,CMA-ES,CMA-ES,7,0.4055292736639802,101
Changchun,CMA-ES,CMA-ES,8,0.4055292736639802,101
Changchun,CMA-ES,CMA-ES,9,0.4055292736639802,101
Changchun,CMA-ES,CMA-ES,10,0.4055292736639802,101
Changchun,CMA-ES,CMA-ES,11,0.4055292736639802,101
Changchun,CMA-ES,CMA-ES,12,0.4055292736639802,101
Changchun,CMA-ES,CMA-ES,13,0.4055292736639802,101
Changchun,CMA-ES,CMA-ES,14,0.4055292736639802,101
Changchun,CMA-ES,CMA-ES,15,0.4055292736639802,101
Changchun,CMA-ES,CMA-ES,16,0.4055292736639802,101
Changchun,CMA-ES,CMA-ES,17,0.4055292736639802,101
Changchun,CMA-ES,CMA-ES,18,0.4055292736639802,101
Changchun,CMA-ES,CMA-ES,19,0.4055292736639802,101
Changchun,CMA-ES,CMA-ES,20,0.4055292736639802,101
Changchun,CMA-ES,CMA-ES,21,0.4055292736639802,101
Changchun,CMA-ES,CMA-ES,22,0.4055292736639802,101
Changchun,CMA-ES,CMA-ES,23,0.4055292736639802,101
Changchun,CMA-ES,CMA-ES,24,0.4055292736639802,101
Changchun,CMA-ES,CMA-ES,25,0.4055292736639802,101
Changchun,CMA-ES,CMA-ES,26,0.4055292736639802,101
Changchun,CMA-ES,CMA-ES,27,0.4055292736639802,101
Changchun,CMA-ES,CMA-ES,28,0.4055292736639802,101
Changchun,CMA-ES,CMA-ES,29,0.4055292736639802,101
Changchun,CMA-ES,CMA-ES,30,0.4055292736639802,101
Changchun,CMA-ES,CMA-ES,31,0.4055292736639802,101
Changchun,CMA-ES,CMA-ES,32,0.4055292736639802,101
Changchun,CMA-ES,CMA-ES,33,0.25256713984214646,101
Changchun,CMA-ES,CMA-ES,34,0.25256713984214646,101
Changchun,CMA-ES,CMA-ES,35,0.25256713984214646,101
Changchun,CMA-ES,CMA-ES,36,0.25256713984214646,101
Changchun,CMA-ES,CMA-ES,37,0.25256713984214646,101
Changchun,CMA-ES,CMA-ES,38,0.25256713984214646,101
Changchun,CMA-ES,CMA-ES,39,0.25256713984214646,101
Changchun,CMA-ES,CMA-ES,40,0.25256713984214646,101
Changchun,CMA-ES,CMA-ES,41,0.25256713984214646,101
Changchun,CMA-ES,CMA-ES,42,0.25256713984214646,101
Changchun,CMA-ES,CMA-ES,43,0.25256713984214646,101
Changchun,CMA-ES,CMA-ES,44,0.25256713984214646,101
Changchun,CMA-ES,CMA-ES,45,0.25256713984214646,101
Changchun,CMA-ES,CMA-ES,46,0.25153514298079177,101
Changchun,CMA-ES,CMA-ES,47,0.25153514298079177,101
Changchun,CMA-ES,CMA-ES,48,0.25153514298079177,101
Changchun,CMA-ES,CMA-ES,49,0.25153514298079177,101
Changchun,CMA-ES,CMA-ES,50,0.25153514298079177,101
Changchun,CMA-ES,CMA-ES,51,0.25153514298079177,101
Changchun,CMA-ES,CMA-ES,52,0.25153514298079177,101
Changchun,CMA-ES,CMA-ES,53,0.25153514298079177,101
Changchun,CMA-ES,CMA-ES,54,0.25153514298079177,101
Changchun,CMA-ES,CMA-ES,55,0.25153514298079177,101
Changchun,CMA-ES,CMA-ES,56,0.25153514298079177,101
Changchun,CMA-ES,CMA-ES,57,0.25153514298079177,101
Changchun,CMA-ES,CMA-ES,58,0.25153514298079177,101
Changchun,CMA-ES,CMA-ES,59,0.25153514298079177,101
Changchun,CMA-ES,CMA-ES,60,0.25153514298079177,101
Changchun,CMA-ES,CMA-ES,61,0.25153514298079177,101
Changchun,CMA-ES,CMA-ES,62,0.21778523355639232,101
Changchun,CMA-ES,CMA-ES,63,0.21778523355639232,101
Changchun,CMA-ES,CMA-ES,64,0.21778523355639232,101
Changchun,CMA-ES,CMA-ES,65,0.21778523355639232,101
Changchun,CMA-ES,CMA-ES,66,0.21778523355639232,101
Changchun,CMA-ES,CMA-ES,67,0.21778523355639232,101
Changchun,CMA-ES,CMA-ES,68,0.21778523355639232,101
Changchun,CMA-ES,CMA-ES,69,0.21778523355639232,101
Changchun,CMA-ES,CMA-ES,70,0.21778523355639232,101
Changchun,CMA-ES,CMA-ES,71,0.21778523355639232,101
Changchun,CMA-ES,CMA-ES,72,0.21778523355639232,101
Changchun,CMA-ES,CMA-ES,73,0.20972571922953354,101
Changchun,CMA-ES,CMA-ES,74,0.20972571922953354,101
Changchun,CMA-ES,CMA-ES,75,0.20972571922953354,101
Changchun,CMA-ES,CMA-ES,76,0.20972571922953354,101
Changchun,CMA-ES,CMA-ES,77,0.20972571922953354,101
Changchun,CMA-ES,CMA-ES,78,0.20972571922953354,101
Changchun,CMA-ES,CMA-ES,79,0.20972571922953354,101
Changchun,CMA-ES,CMA-ES,80,0.20108288935046642,101
Changchun,CMA-ES,CMA-ES,81,0.20108288935046642,101
Changchun,CMA-ES,CMA-ES,82,0.20108288935046642,101
Changchun,CMA-ES,CMA-ES,83,0.20108288935046642,101
Changchun,CMA-ES,CMA-ES,84,0.20108288935046642,101
Changchun,CMA-ES,CMA-ES,85,0.20108288935046642,101
Changchun,CMA-ES,CMA-ES,86,0.20108288935046642,101
Changchun,CMA-ES,CMA-ES,87,0.20108288935046642,101
Changchun,CMA-ES,CMA-ES,88,0.20108288935046642,101
Changchun,CMA-ES,CMA-ES,89,0.20108288935046642,101
Changchun,CMA-ES,CMA-ES,90,0.20108288935046642,101
Changchun,CMA-ES,CMA-ES,91,0.20108288935046642,101
Changchun,CMA-ES,CMA-ES,92,0.20108288935046642,101
Changchun,CMA-ES,CMA-ES,93,0.20108288935046642,101
Changchun,CMA-ES,CMA-ES,94,0.20108288935046642,101
Changchun,CMA-ES,CMA-ES,95,0.20108288935046642,101
Changchun,CMA-ES,CMA-ES,96,0.20108288935046642,101
Changchun,CMA-ES,CMA-ES,97,0.20108288935046642,101
Changchun,CMA-ES,CMA-ES,98,0.20108288935046642,101
Changchun,CMA-ES,CMA-ES,99,0.20108288935046642,101
Changchun,CMA-ES,CMA-ES,100,0.20108288935046642,101
Changchun,CMA-ES,CMA-ES,1,0.41853661174657825,202
Changchun,CMA-ES,CMA-ES,2,0.41853661174657825,202
Changchun,CMA-ES,CMA-ES,3,0.41853661174657825,202
Changchun,CMA-ES,CMA-ES,4,0.41853661174657825,202
Changchun,CMA-ES,CMA-ES,5,0.41853661174657825,202
Changchun,CMA-ES,CMA-ES,6,0.41853661174657825,202
Changchun,CMA-ES,CMA-ES,7,0.41853661174657825,202
Changchun,CMA-ES,CMA-ES,8,0.41853661174657825,202
Changchun,CMA-ES,CMA-ES,9,0.41853661174657825,202
Changchun,CMA-ES,CMA-ES,10,0.41853661174657825,202
Changchun,CMA-ES,CMA-ES,11,0.41853661174657825,202
Changchun,CMA-ES,CMA-ES,12,0.2614405229549026,202
Changchun,CMA-ES,CMA-ES,13,0.2614405229549026,202
Changchun,CMA-ES,CMA-ES,14,0.2614405229549026,202
Changchun,CMA-ES,CMA-ES,15,0.2614405229549026,202
Changchun,CMA-ES,CMA-ES,16,0.2614405229549026,202
Changchun,CMA-ES,CMA-ES,17,0.2614405229549026,202
Changchun,CMA-ES,CMA-ES,18,0.2614405229549026,202
Changchun,CMA-ES,CMA-ES,19,0.2614405229549026,202
Changchun,CMA-ES,CMA-ES,20,0.2614405229549026,202
Changchun,CMA-ES,CMA-ES,21,0.2614405229549026,202
Changchun,CMA-ES,CMA-ES,22,0.2614405229549026,202
Changchun,CMA-ES,CMA-ES,23,0.2614405229549026,202
Changchun,CMA-ES,CMA-ES,24,0.2614405229549026,202
Changchun,CMA-ES,CMA-ES,25,0.2614405229549026,202
Changchun,CMA-ES,CMA-ES,26,0.2614405229549026,202
Changchun,CMA-ES,CMA-ES,27,0.2614405229549026,202
Changchun,CMA-ES,CMA-ES,28,0.2614405229549026,202
Changchun,CMA-ES,CMA-ES,29,0.2614405229549026,202
Changchun,CMA-ES,CMA-ES,30,0.2614405229549026,202
Changchun,CMA-ES,CMA-ES,31,0.2614405229549026,202
Changchun,CMA-ES,CMA-ES,32,0.2614405229549026,202
Changchun,CMA-ES,CMA-ES,33,0.2614405229549026,202
Changchun,CMA-ES,CMA-ES,34,0.2614405229549026,202
Changchun,CMA-ES,CMA-ES,35,0.2614405229549026,202
Changchun,CMA-ES,CMA-ES,36,0.2614405229549026,202
Changchun,CMA-ES,CMA-ES,37,0.2614405229549026,202
Changchun,CMA-ES,CMA-ES,38,0.2614405229549026,202
Changchun,CMA-ES,CMA-ES,39,0.2614405229549026,202
Changchun,CMA-ES,CMA-ES,40,0.2614405229549026,202
Changchun,CMA-ES,CMA-ES,41,0.2614405229549026,202
Changchun,CMA-ES,CMA-ES,42,0.2614405229549026,202
Changchun,CMA-ES,CMA-ES,43,0.2614405229549026,202
Changchun,CMA-ES,CMA-ES,44,0.2614405229549026,202
Changchun,CMA-ES,CMA-ES,45,0.2614405229549026,202
Changchun,CMA-ES,CMA-ES,46,0.2614405229549026,202
Changchun,CMA-ES,CMA-ES,47,0.2614405229549026,202
Changchun,CMA-ES,CMA-ES,48,0.2614405229549026,202
Changchun,CMA-ES,CMA-ES,49,0.2614405229549026,202
Changchun,CMA-ES,CMA-ES,50,0.2614405229549026,202
Changchun,CMA-ES,CMA-ES,51,0.2614405229549026,202
Changchun,CMA-ES,CMA-ES,52,0.23238366233202978,202
Changchun,CMA-ES,CMA-ES,53,0.23238366233202978,202
Changchun,CMA-ES,CMA-ES,54,0.23238366233202978,202
Changchun,CMA-ES,CMA-ES,55,0.23238366233202978,202
Changchun,CMA-ES,CMA-ES,56,0.23238366233202978,202
Changchun,CMA-ES,CMA-ES,57,0.23238366233202978,202
Changchun,CMA-ES,CMA-ES,58,0.23238366233202978,202
Changchun,CMA-ES,CMA-ES,59,0.23238366233202978,202
Changchun,CMA-ES,CMA-ES,60,0.23238366233202978,202
Changchun,CMA-ES,CMA-ES,61,0.23238366233202978,202
Changchun,CMA-ES,CMA-ES,62,0.23238366233202978,202
Changchun,CMA-ES,CMA-ES,63,0.23238366233202978,202
Changchun,CMA-ES,CMA-ES,64,0.23238366233202978,202
Changchun,CMA-ES,CMA-ES,65,0.23238366233202978,202
Changchun,CMA-ES,CMA-ES,66,0.23238366233202978,202
Changchun,CMA-ES,CMA-ES,67,0.23238366233202978,202
Changchun,CMA-ES,CMA-ES,68,0.23238366233202978,202
Changchun,CMA-ES,CMA-ES,69,0.23238366233202978,202
Changchun,CMA-ES,CMA-ES,70,0.23238366233202978,202
Changchun,CMA-ES,CMA-ES,71,0.23238366233202978,202
Changchun,CMA-ES,CMA-ES,72,0.23238366233202978,202
Changchun,CMA-ES,CMA-ES,73,0.23238366233202978,202
Changchun,CMA-ES,CMA-ES,74,0.23238366233202978,202
Changchun,CMA-ES,CMA-ES,75,0.23238366233202978,202
Changchun,CMA-ES,CMA-ES,76,0.23238366233202978,202
Changchun,CMA-ES,CMA-ES,77,0.23238366233202978,202
Changchun,CMA-ES,CMA-ES,78,0.23238366233202978,202
Changchun,CMA-ES,CMA-ES,79,0.23238366233202978,202
Changchun,CMA-ES,CMA-ES,80,0.23238366233202978,202
Changchun,CMA-ES,CMA-ES,81,0.23238366233202978,202
Changchun,CMA-ES,CMA-ES,82,0.23238366233202978,202
Changchun,CMA-ES,CMA-ES,83,0.23238366233202978,202
Changchun,CMA-ES,CMA-ES,84,0.23238366233202978,202
Changchun,CMA-ES,CMA-ES,85,0.23238366233202978,202
Changchun,CMA-ES,CMA-ES,86,0.23238366233202978,202
Changchun,CMA-ES,CMA-ES,87,0.23238366233202978,202
Changchun,CMA-ES,CMA-ES,88,0.23238366233202978,202
Changchun,CMA-ES,CMA-ES,89,0.23238366233202978,202
Changchun,CMA-ES,CMA-ES,90,0.23238366233202978,202
Changchun,CMA-ES,CMA-ES,91,0.23238366233202978,202
Changchun,CMA-ES,CMA-ES,92,0.23238366233202978,202
Changchun,CMA-ES,CMA-ES,93,0.23238366233202978,202
Changchun,CMA-ES,CMA-ES,94,0.23238366233202978,202
Changchun,CMA-ES,CMA-ES,95,0.23238366233202978,202
Changchun,CMA-ES,CMA-ES,96,0.23238366233202978,202
Changchun,CMA-ES,CMA-ES,97,0.23238366233202978,202
Changchun,CMA-ES,CMA-ES,98,0.23238366233202978,202
Changchun,CMA-ES,CMA-ES,99,0.23238366233202978,202
Changchun,CMA-ES,CMA-ES,100,0.23238366233202978,202
Changchun,CMA-ES,CMA-ES,1,0.6586552763893958,303
Changchun,CMA-ES,CMA-ES,2,0.6578012815079743,303
Changchun,CMA-ES,CMA-ES,3,0.6578012815079743,303
Changchun,CMA-ES,CMA-ES,4,0.6578012815079743,303
Changchun,CMA-ES,CMA-ES,5,0.4623756797257793,303
Changchun,CMA-ES,CMA-ES,6,0.4623756797257793,303
Changchun,CMA-ES,CMA-ES,7,0.4623756797257793,303
Changchun,CMA-ES,CMA-ES,8,0.4623756797257793,303
Changchun,CMA-ES,CMA-ES,9,0.4623756797257793,303
Changchun,CMA-ES,CMA-ES,10,0.4623756797257793,303
Changchun,CMA-ES,CMA-ES,11,0.4623756797257793,303
Changchun,CMA-ES,CMA-ES,12,0.4623756797257793,303
Changchun,CMA-ES,CMA-ES,13,0.4623756797257793,303
Changchun,CMA-ES,CMA-ES,14,0.4238499247582124,303
Changchun,CMA-ES,CMA-ES,15,0.4238499247582124,303
Changchun,CMA-ES,CMA-ES,16,0.4238499247582124,303
Changchun,CMA-ES,CMA-ES,17,0.4238499247582124,303
Changchun,CMA-ES,CMA-ES,18,0.4238499247582124,303
Changchun,CMA-ES,CMA-ES,19,0.4238499247582124,303
Changchun,CMA-ES,CMA-ES,20,0.4238499247582124,303
Changchun,CMA-ES,CMA-ES,21,0.4238499247582124,303
Changchun,CMA-ES,CMA-ES,22,0.4238499247582124,303
Changchun,CMA-ES,CMA-ES,23,0.4238499247582124,303
Changchun,CMA-ES,CMA-ES,24,0.4238499247582124,303
Changchun,CMA-ES,CMA-ES,25,0.4238499247582124,303
Changchun,CMA-ES,CMA-ES,26,0.4238499247582124,303
Changchun,CMA-ES,CMA-ES,27,0.4238499247582124,303
Changchun,CMA-ES,CMA-ES,28,0.4238499247582124,303
Changchun,CMA-ES,CMA-ES,29,0.4238499247582124,303
Changchun,CMA-ES,CMA-ES,30,0.4238499247582124,303
Changchun,CMA-ES,CMA-ES,31,0.4238499247582124,303
Changchun,CMA-ES,CMA-ES,32,0.4238499247582124,303
Changchun,CMA-ES,CMA-ES,33,0.34535506076944567,303
Changchun,CMA-ES,CMA-ES,34,0.3208075452641779,303
Changchun,CMA-ES,CMA-ES,35,0.3208075452641779,303
Changchun,CMA-ES,CMA-ES,36,0.3208075452641779,303
Changchun,CMA-ES,CMA-ES,37,0.3208075452641779,303
Changchun,CMA-ES,CMA-ES,38,0.3208075452641779,303
Changchun,CMA-ES,CMA-ES,39,0.3208075452641779,303
Changchun,CMA-ES,CMA-ES,40,0.3208075452641779,303
Changchun,CMA-ES,CMA-ES,41,0.23901083698366207,303
Changchun,CMA-ES,CMA-ES,42,0.23901083698366207,303
Changchun,CMA-ES,CMA-ES,43,0.23901083698366207,303
Changchun,CMA-ES,CMA-ES,44,0.23901083698366207,303
Changchun,CMA-ES,CMA-ES,45,0.23901083698366207,303
Changchun,CMA-ES,CMA-ES,46,0.23901083698366207,303
Changchun,CMA-ES,CMA-ES,47,0.23901083698366207,303
Changchun,CMA-ES,CMA-ES,48,0.23901083698366207,303
Changchun,CMA-ES,CMA-ES,49,0.23901083698366207,303
Changchun,CMA-ES,CMA-ES,50,0.23901083698366207,303
Changchun,CMA-ES,CMA-ES,51,0.23901083698366207,303
Changchun,CMA-ES,CMA-ES,52,0.23901083698366207,303
Changchun,CMA-ES,CMA-ES,53,0.23901083698366207,303
Changchun,CMA-ES,CMA-ES,54,0.23901083698366207,303
Changchun,CMA-ES,CMA-ES,55,0.23901083698366207,303
Changchun,CMA-ES,CMA-ES,56,0.23901083698366207,303
Changchun,CMA-ES,CMA-ES,57,0.23901083698366207,303
Changchun,CMA-ES,CMA-ES,58,0.23901083698366207,303
Changchun,CMA-ES,CMA-ES,59,0.23901083698366207,303
Changchun,CMA-ES,CMA-ES,60,0.23901083698366207,303
Changchun,CMA-ES,CMA-ES,61,0.23901083698366207,303
Changchun,CMA-ES,CMA-ES,62,0.23901083698366207,303
Changchun,CMA-ES,CMA-ES,63,0.23901083698366207,303
Changchun,CMA-ES,CMA-ES,64,0.23901083698366207,303
Changchun,CMA-ES,CMA-ES,65,0.23901083698366207,303
Changchun,CMA-ES,CMA-ES,66,0.23901083698366207,303
Changchun,CMA-ES,CMA-ES,67,0.23901083698366207,303
Changchun,CMA-ES,CMA-ES,68,0.23901083698366207,303
Changchun,CMA-ES,CMA-ES,69,0.23901083698366207,303
Changchun,CMA-ES,CMA-ES,70,0.23901083698366207,303
Changchun,CMA-ES,CMA-ES,71,0.23901083698366207,303
Changchun,CMA-ES,CMA-ES,72,0.23901083698366207,303
Changchun,CMA-ES,CMA-ES,73,0.23901083698366207,303
Changchun,CMA-ES,CMA-ES,74,0.210306882565127,303
Changchun,CMA-ES,CMA-ES,75,0.210306882565127,303
Changchun,CMA-ES,CMA-ES,76,0.210306882565127,303
Changchun,CMA-ES,CMA-ES,77,0.210306882565127,303
Changchun,CMA-ES,CMA-ES,78,0.210306882565127,303
Changchun,CMA-ES,CMA-ES,79,0.210306882565127,303
Changchun,CMA-ES,CMA-ES,80,0.210306882565127,303
Changchun,CMA-ES,CMA-ES,81,0.210306882565127,303
Changchun,CMA-ES,CMA-ES,82,0.210306882565127,303
Changchun,CMA-ES,CMA-ES,83,0.210306882565127,303
Changchun,CMA-ES,CMA-ES,84,0.210306882565127,303
Changchun,CMA-ES,CMA-ES,85,0.210306882565127,303
Changchun,CMA-ES,CMA-ES,86,0.210306882565127,303
Changchun,CMA-ES,CMA-ES,87,0.210306882565127,303
Changchun,CMA-ES,CMA-ES,88,0.210306882565127,303
Changchun,CMA-ES,CMA-ES,89,0.210306882565127,303
Changchun,CMA-ES,CMA-ES,90,0.210306882565127,303
Changchun,CMA-ES,CMA-ES,91,0.210306882565127,303
Changchun,CMA-ES,CMA-ES,92,0.210306882565127,303
Changchun,CMA-ES,CMA-ES,93,0.210306882565127,303
Changchun,CMA-ES,CMA-ES,94,0.210306882565127,303
Changchun,CMA-ES,CMA-ES,95,0.210306882565127,303
Changchun,CMA-ES,CMA-ES,96,0.210306882565127,303
Changchun,CMA-ES,CMA-ES,97,0.210306882565127,303
Changchun,CMA-ES,CMA-ES,98,0.210306882565127,303
Changchun,CMA-ES,CMA-ES,99,0.210306882565127,303
Changchun,CMA-ES,CMA-ES,100,0.210306882565127,303
Changchun,CMA-ES,CMA-ES,1,0.7268317667790893,404
Changchun,CMA-ES,CMA-ES,2,0.7136551919875305,404
Changchun,CMA-ES,CMA-ES,3,0.7136551919875305,404
Changchun,CMA-ES,CMA-ES,4,0.6216879774290779,404
Changchun,CMA-ES,CMA-ES,5,0.6216879774290779,404
Changchun,CMA-ES,CMA-ES,6,0.6216879774290779,404
Changchun,CMA-ES,CMA-ES,7,0.605334387444829,404
Changchun,CMA-ES,CMA-ES,8,0.5726627308565969,404
Changchun,CMA-ES,CMA-ES,9,0.5726627308565969,404
Changchun,CMA-ES,CMA-ES,10,0.5726627308565969,404
Changchun,CMA-ES,CMA-ES,11,0.5726627308565969,404
Changchun,CMA-ES,CMA-ES,12,0.5726627308565969,404
Changchun,CMA-ES,CMA-ES,13,0.5726627308565969,404
Changchun,CMA-ES,CMA-ES,14,0.5620578589793755,404
Changchun,CMA-ES,CMA-ES,15,0.46734971285146093,404
Changchun,CMA-ES,CMA-ES,16,0.46734971285146093,404
Changchun,CMA-ES,CMA-ES,17,0.46734971285146093,404
Changchun,CMA-ES,CMA-ES,18,0.46734971285146093,404
Changchun,CMA-ES,CMA-ES,19,0.46734971285146093,404
Changchun,CMA-ES,CMA-ES,20,0.46734971285146093,404
Changchun,CMA-ES,CMA-ES,21,0.46734971285146093,404
Changchun,CMA-ES,CMA-ES,22,0.46734971285146093,404
Changchun,CMA-ES,CMA-ES,23,0.46734971285146093,404
Changchun,CMA-ES,CMA-ES,24,0.46734971285146093,404
Changchun,CMA-ES,CMA-ES,25,0.46734971285146093,404
Changchun,CMA-ES,CMA-ES,26,0.46734971285146093,404
Changchun,CMA-ES,CMA-ES,27,0.46734971285146093,404
Changchun,CMA-ES,CMA-ES,28,0.46734971285146093,404
Changchun,CMA-ES,CMA-ES,29,0.46734971285146093,404
Changchun,CMA-ES,CMA-ES,30,0.46734971285146093,404
Changchun,CMA-ES,CMA-ES,31,0.46734971285146093,404
Changchun,CMA-ES,CMA-ES,32,0.46734971285146093,404
Changchun,CMA-ES,CMA-ES,33,0.46734971285146093,404
Changchun,CMA-ES,CMA-ES,34,0.4439474659384536,404
Changchun,CMA-ES,CMA-ES,35,0.4439474659384536,404
Changchun,CMA-ES,CMA-ES,36,0.4439474659384536,404
Changchun,CMA-ES,CMA-ES,37,0.4439474659384536,404
Changchun,CMA-ES,CMA-ES,38,0.4439474659384536,404
Changchun,CMA-ES,CMA-ES,39,0.4439474659384536,404
Changchun,CMA-ES,CMA-ES,40,0.4439474659384536,404
Changchun,CMA-ES,CMA-ES,41,0.4439474659384536,404
Changchun,CMA-ES,CMA-ES,42,0.4439474659384536,404
Changchun,CMA-ES,CMA-ES,43,0.4439474659384536,404
Changchun,CMA-ES,CMA-ES,44,0.4439474659384536,404
Changchun,CMA-ES,CMA-ES,45,0.4439474659384536,404
Changchun,CMA-ES,CMA-ES,46,0.4439474659384536,404
Changchun,CMA-ES,CMA-ES,47,0.4439474659384536,404
Changchun,CMA-ES,CMA-ES,48,0.4439474659384536,404
Changchun,CMA-ES,CMA-ES,49,0.4439474659384536,404
Changchun,CMA-ES,CMA-ES,50,0.4439474659384536,404
Changchun,CMA-ES,CMA-ES,51,0.4439474659384536,404
Changchun,CMA-ES,CMA-ES,52,0.4439474659384536,404
Changchun,CMA-ES,CMA-ES,53,0.4439474659384536,404
Changchun,CMA-ES,CMA-ES,54,0.4439474659384536,404
Changchun,CMA-ES,CMA-ES,55,0.4439474659384536,404
Changchun,CMA-ES,CMA-ES,56,0.4439474659384536,404
Changchun,CMA-ES,CMA-ES,57,0.4439474659384536,404
Changchun,CMA-ES,CMA-ES,58,0.4439474659384536,404
Changchun,CMA-ES,CMA-ES,59,0.4439474659384536,404
Changchun,CMA-ES,CMA-ES,60,0.4439474659384536,404
Changchun,CMA-ES,CMA-ES,61,0.4439474659384536,404
Changchun,CMA-ES,CMA-ES,62,0.4439474659384536,404
Changchun,CMA-ES,CMA-ES,63,0.4439474659384536,404
Changchun,CMA-ES,CMA-ES,64,0.4439474659384536,404
Changchun,CMA-ES,CMA-ES,65,0.4439474659384536,404
Changchun,CMA-ES,CMA-ES,66,0.4439474659384536,404
Changchun,CMA-ES,CMA-ES,67,0.4439474659384536,404
Changchun,CMA-ES,CMA-ES,68,0.4439474659384536,404
Changchun,CMA-ES,CMA-ES,69,0.4439474659384536,404
Changchun,CMA-ES,CMA-ES,70,0.4439474659384536,404
Changchun,CMA-ES,CMA-ES,71,0.4439474659384536,404
Changchun,CMA-ES,CMA-ES,72,0.4439474659384536,404
Changchun,CMA-ES,CMA-ES,73,0.4288541545599699,404
Changchun,CMA-ES,CMA-ES,74,0.4288541545599699,404
Changchun,CMA-ES,CMA-ES,75,0.4288541545599699,404
Changchun,CMA-ES,CMA-ES,76,0.4288541545599699,404
Changchun,CMA-ES,CMA-ES,77,0.4288541545599699,404
Changchun,CMA-ES,CMA-ES,78,0.4288541545599699,404
Changchun,CMA-ES,CMA-ES,79,0.4288541545599699,404
Changchun,CMA-ES,CMA-ES,80,0.4288541545599699,404
Changchun,CMA-ES,CMA-ES,81,0.4288541545599699,404
Changchun,CMA-ES,CMA-ES,82,0.4288541545599699,404
Changchun,CMA-ES,CMA-ES,83,0.40267063247897306,404
Changchun,CMA-ES,CMA-ES,84,0.40267063247897306,404
Changchun,CMA-ES,CMA-ES,85,0.40267063247897306,404
Changchun,CMA-ES,CMA-ES,86,0.40267063247897306,404
Changchun,CMA-ES,CMA-ES,87,0.40267063247897306,404
Changchun,CMA-ES,CMA-ES,88,0.40267063247897306,404
Changchun,CMA-ES,CMA-ES,89,0.40267063247897306,404
Changchun,CMA-ES,CMA-ES,90,0.40267063247897306,404
Changchun,CMA-ES,CMA-ES,91,0.40267063247897306,404
Changchun,CMA-ES,CMA-ES,92,0.40267063247897306,404
Changchun,CMA-ES,CMA-ES,93,0.40267063247897306,404
Changchun,CMA-ES,CMA-ES,94,0.40267063247897306,404
Changchun,CMA-ES,CMA-ES,95,0.40267063247897306,404
Changchun,CMA-ES,CMA-ES,96,0.40267063247897306,404
Changchun,CMA-ES,CMA-ES,97,0.40267063247897306,404
Changchun,CMA-ES,CMA-ES,98,0.40267063247897306,404
Changchun,CMA-ES,CMA-ES,99,0.40267063247897306,404
Changchun,CMA-ES,CMA-ES,100,0.40267063247897306,404
Changchun,遗传算法（GA）,GA,1,0.6879180660898644,42
Changchun,遗传算法（GA）,GA,2,0.6477206986168818,42
Changchun,遗传算法（GA）,GA,3,0.6080793147709028,42
Changchun,遗传算法（GA）,GA,4,0.6080793147709028,42
Changchun,遗传算法（GA）,GA,5,0.3861935106311683,42
Changchun,遗传算法（GA）,GA,6,0.3861935106311683,42
Changchun,遗传算法（GA）,GA,7,0.3861935106311683,42
Changchun,遗传算法（GA）,GA,8,0.3861935106311683,42
Changchun,遗传算法（GA）,GA,9,0.3861935106311683,42
Changchun,遗传算法（GA）,GA,10,0.3861935106311683,42
Changchun,遗传算法（GA）,GA,11,0.3861935106311683,42
Changchun,遗传算法（GA）,GA,12,0.3861935106311683,42
Changchun,遗传算法（GA）,GA,13,0.296673404149485,42
Changchun,遗传算法（GA）,GA,14,0.296673404149485,42
Changchun,遗传算法（GA）,GA,15,0.296673404149485,42
Changchun,遗传算法（GA）,GA,16,0.296673404149485,42
Changchun,遗传算法（GA）,GA,17,0.296673404149485,42
Changchun,遗传算法（GA）,GA,18,0.296673404149485,42
Changchun,遗传算法（GA）,GA,19,0.296673404149485,42
Changchun,遗传算法（GA）,GA,20,0.296673404149485,42
Changchun,遗传算法（GA）,GA,21,0.296673404149485,42
Changchun,遗传算法（GA）,GA,22,0.296673404149485,42
Changchun,遗传算法（GA）,GA,23,0.296673404149485,42
Changchun,遗传算法（GA）,GA,24,0.296673404149485,42
Changchun,遗传算法（GA）,GA,25,0.296673404149485,42
Changchun,遗传算法（GA）,GA,26,0.296673404149485,42
Changchun,遗传算法（GA）,GA,27,0.296673404149485,42
Changchun,遗传算法（GA）,GA,28,0.296673404149485,42
Changchun,遗传算法（GA）,GA,29,0.296673404149485,42
Changchun,遗传算法（GA）,GA,30,0.296673404149485,42
Changchun,遗传算法（GA）,GA,31,0.296673404149485,42
Changchun,遗传算法（GA）,GA,32,0.296673404149485,42
Changchun,遗传算法（GA）,GA,33,0.296673404149485,42
Changchun,遗传算法（GA）,GA,34,0.296673404149485,42
Changchun,遗传算法（GA）,GA,35,0.296673404149485,42
Changchun,遗传算法（GA）,GA,36,0.296673404149485,42
Changchun,遗传算法（GA）,GA,37,0.296673404149485,42
Changchun,遗传算法（GA）,GA,38,0.296673404149485,42
Changchun,遗传算法（GA）,GA,39,0.296673404149485,42
Changchun,遗传算法（GA）,GA,40,0.296673404149485,42
Changchun,遗传算法（GA）,GA,41,0.296673404149485,42
Changchun,遗传算法（GA）,GA,42,0.296673404149485,42
Changchun,遗传算法（GA）,GA,43,0.296673404149485,42
Changchun,遗传算法（GA）,GA,44,0.296673404149485,42
Changchun,遗传算法（GA）,GA,45,0.296673404149485,42
Changchun,遗传算法（GA）,GA,46,0.296673404149485,42
Changchun,遗传算法（GA）,GA,47,0.296673404149485,42
Changchun,遗传算法（GA）,GA,48,0.296673404149485,42
Changchun,遗传算法（GA）,GA,49,0.296673404149485,42
Changchun,遗传算法（GA）,GA,50,0.296673404149485,42
Changchun,遗传算法（GA）,GA,51,0.296673404149485,42
Changchun,遗传算法（GA）,GA,52,0.296673404149485,42
Changchun,遗传算法（GA）,GA,53,0.296673404149485,42
Changchun,遗传算法（GA）,GA,54,0.296673404149485,42
Changchun,遗传算法（GA）,GA,55,0.296673404149485,42
Changchun,遗传算法（GA）,GA,56,0.296673404149485,42
Changchun,遗传算法（GA）,GA,57,0.296673404149485,42
Changchun,遗传算法（GA）,GA,58,0.296673404149485,42
Changchun,遗传算法（GA）,GA,59,0.296673404149485,42
Changchun,遗传算法（GA）,GA,60,0.296673404149485,42
Changchun,遗传算法（GA）,GA,61,0.296673404149485,42
Changchun,遗传算法（GA）,GA,62,0.296673404149485,42
Changchun,遗传算法（GA）,GA,63,0.296673404149485,42
Changchun,遗传算法（GA）,GA,64,0.296673404149485,42
Changchun,遗传算法（GA）,GA,65,0.296673404149485,42
Changchun,遗传算法（GA）,GA,66,0.296673404149485,42
Changchun,遗传算法（GA）,GA,67,0.296673404149485,42
Changchun,遗传算法（GA）,GA,68,0.296673404149485,42
Changchun,遗传算法（GA）,GA,69,0.296673404149485,42
Changchun,遗传算法（GA）,GA,70,0.296673404149485,42
Changchun,遗传算法（GA）,GA,71,0.296673404149485,42
Changchun,遗传算法（GA）,GA,72,0.296673404149485,42
Changchun,遗传算法（GA）,GA,73,0.296673404149485,42
Changchun,遗传算法（GA）,GA,74,0.296673404149485,42
Changchun,遗传算法（GA）,GA,75,0.296673404149485,42
Changchun,遗传算法（GA）,GA,76,0.296673404149485,42
Changchun,遗传算法（GA）,GA,77,0.296673404149485,42
Changchun,遗传算法（GA）,GA,78,0.296673404149485,42
Changchun,遗传算法（GA）,GA,79,0.296673404149485,42
Changchun,遗传算法（GA）,GA,80,0.27868581392766467,42
Changchun,遗传算法（GA）,GA,81,0.27868581392766467,42
Changchun,遗传算法（GA）,GA,82,0.27868581392766467,42
Changchun,遗传算法（GA）,GA,83,0.27868581392766467,42
Changchun,遗传算法（GA）,GA,84,0.27868581392766467,42
Changchun,遗传算法（GA）,GA,85,0.27868581392766467,42
Changchun,遗传算法（GA）,GA,86,0.27868581392766467,42
Changchun,遗传算法（GA）,GA,87,0.27868581392766467,42
Changchun,遗传算法（GA）,GA,88,0.27868581392766467,42
Changchun,遗传算法（GA）,GA,89,0.27868581392766467,42
Changchun,遗传算法（GA）,GA,90,0.27868581392766467,42
Changchun,遗传算法（GA）,GA,91,0.27868581392766467,42
Changchun,遗传算法（GA）,GA,92,0.27868581392766467,42
Changchun,遗传算法（GA）,GA,93,0.27868581392766467,42
Changchun,遗传算法（GA）,GA,94,0.27868581392766467,42
Changchun,遗传算法（GA）,GA,95,0.27868581392766467,42
Changchun,遗传算法（GA）,GA,96,0.27868581392766467,42
Changchun,遗传算法（GA）,GA,97,0.27868581392766467,42
Changchun,遗传算法（GA）,GA,98,0.27868581392766467,42
Changchun,遗传算法（GA）,GA,99,0.27868581392766467,42
Changchun,遗传算法（GA）,GA,100,0.27868581392766467,42
Changchun,遗传算法（GA）,GA,1,0.7366617146161005,101
Changchun,遗传算法（GA）,GA,2,0.6076076024887139,101
Changchun,遗传算法（GA）,GA,3,0.4264221350416433,101
Changchun,遗传算法（GA）,GA,4,0.4264221350416433,101
Changchun,遗传算法（GA）,GA,5,0.4264221350416433,101
Changchun,遗传算法（GA）,GA,6,0.3185398920888593,101
Changchun,遗传算法（GA）,GA,7,0.3185398920888593,101
Changchun,遗传算法（GA）,GA,8,0.3185398920888593,101
Changchun,遗传算法（GA）,GA,9,0.3185398920888593,101
Changchun,遗传算法（GA）,GA,10,0.3185398920888593,101
Changchun,遗传算法（GA）,GA,11,0.3185398920888593,101
Changchun,遗传算法（GA）,GA,12,0.3185398920888593,101
Changchun,遗传算法（GA）,GA,13,0.3161085928526832,101
Changchun,遗传算法（GA）,GA,14,0.3161085928526832,101
Changchun,遗传算法（GA）,GA,15,0.3161085928526832,101
Changchun,遗传算法（GA）,GA,16,0.3161085928526832,101
Changchun,遗传算法（GA）,GA,17,0.3161085928526832,101
Changchun,遗传算法（GA）,GA,18,0.3161085928526832,101
Changchun,遗传算法（GA）,GA,19,0.3161085928526832,101
Changchun,遗传算法（GA）,GA,20,0.3161085928526832,101
Changchun,遗传算法（GA）,GA,21,0.3161085928526832,101
Changchun,遗传算法（GA）,GA,22,0.3161085928526832,101
Changchun,遗传算法（GA）,GA,23,0.3161085928526832,101
Changchun,遗传算法（GA）,GA,24,0.3161085928526832,101
Changchun,遗传算法（GA）,GA,25,0.3161085928526832,101
Changchun,遗传算法（GA）,GA,26,0.3161085928526832,101
Changchun,遗传算法（GA）,GA,27,0.3161085928526832,101
Changchun,遗传算法（GA）,GA,28,0.3161085928526832,101
Changchun,遗传算法（GA）,GA,29,0.3161085928526832,101
Changchun,遗传算法（GA）,GA,30,0.3161085928526832,101
Changchun,遗传算法（GA）,GA,31,0.3161085928526832,101
Changchun,遗传算法（GA）,GA,32,0.3161085928526832,101
Changchun,遗传算法（GA）,GA,33,0.3161085928526832,101
Changchun,遗传算法（GA）,GA,34,0.3161085928526832,101
Changchun,遗传算法（GA）,GA,35,0.3161085928526832,101
Changchun,遗传算法（GA）,GA,36,0.3161085928526832,101
Changchun,遗传算法（GA）,GA,37,0.3161085928526832,101
Changchun,遗传算法（GA）,GA,38,0.3161085928526832,101
Changchun,遗传算法（GA）,GA,39,0.3161085928526832,101
Changchun,遗传算法（GA）,GA,40,0.3161085928526832,101
Changchun,遗传算法（GA）,GA,41,0.3161085928526832,101
Changchun,遗传算法（GA）,GA,42,0.31389468745954996,101
Changchun,遗传算法（GA）,GA,43,0.31389468745954996,101
Changchun,遗传算法（GA）,GA,44,0.31389468745954996,101
Changchun,遗传算法（GA）,GA,45,0.29330174283154303,101
Changchun,遗传算法（GA）,GA,46,0.29330174283154303,101
Changchun,遗传算法（GA）,GA,47,0.21247449518596587,101
Changchun,遗传算法（GA）,GA,48,0.21247449518596587,101
Changchun,遗传算法（GA）,GA,49,0.21247449518596587,101
Changchun,遗传算法（GA）,GA,50,0.21247449518596587,101
Changchun,遗传算法（GA）,GA,51,0.21247449518596587,101
Changchun,遗传算法（GA）,GA,52,0.21247449518596587,101
Changchun,遗传算法（GA）,GA,53,0.21247449518596587,101
Changchun,遗传算法（GA）,GA,54,0.21247449518596587,101
Changchun,遗传算法（GA）,GA,55,0.21247449518596587,101
Changchun,遗传算法（GA）,GA,56,0.21247449518596587,101
Changchun,遗传算法（GA）,GA,57,0.21247449518596587,101
Changchun,遗传算法（GA）,GA,58,0.21247449518596587,101
Changchun,遗传算法（GA）,GA,59,0.21247449518596587,101
Changchun,遗传算法（GA）,GA,60,0.21247449518596587,101
Changchun,遗传算法（GA）,GA,61,0.21247449518596587,101
Changchun,遗传算法（GA）,GA,62,0.21247449518596587,101
Changchun,遗传算法（GA）,GA,63,0.21247449518596587,101
Changchun,遗传算法（GA）,GA,64,0.21247449518596587,101
Changchun,遗传算法（GA）,GA,65,0.21247449518596587,101
Changchun,遗传算法（GA）,GA,66,0.21247449518596587,101
Changchun,遗传算法（GA）,GA,67,0.21247449518596587,101
Changchun,遗传算法（GA）,GA,68,0.21247449518596587,101
Changchun,遗传算法（GA）,GA,69,0.21247449518596587,101
Changchun,遗传算法（GA）,GA,70,0.21247449518596587,101
Changchun,遗传算法（GA）,GA,71,0.21247449518596587,101
Changchun,遗传算法（GA）,GA,72,0.21247449518596587,101
Changchun,遗传算法（GA）,GA,73,0.21247449518596587,101
Changchun,遗传算法（GA）,GA,74,0.21247449518596587,101
Changchun,遗传算法（GA）,GA,75,0.21247449518596587,101
Changchun,遗传算法（GA）,GA,76,0.21247449518596587,101
Changchun,遗传算法（GA）,GA,77,0.21247449518596587,101
Changchun,遗传算法（GA）,GA,78,0.21247449518596587,101
Changchun,遗传算法（GA）,GA,79,0.2010934595860079,101
Changchun,遗传算法（GA）,GA,80,0.2010934595860079,101
Changchun,遗传算法（GA）,GA,81,0.2010934595860079,101
Changchun,遗传算法（GA）,GA,82,0.2010934595860079,101
Changchun,遗传算法（GA）,GA,83,0.2010934595860079,101
Changchun,遗传算法（GA）,GA,84,0.2010934595860079,101
Changchun,遗传算法（GA）,GA,85,0.2010934595860079,101
Changchun,遗传算法（GA）,GA,86,0.2010934595860079,101
Changchun,遗传算法（GA）,GA,87,0.2010934595860079,101
Changchun,遗传算法（GA）,GA,88,0.2010934595860079,101
Changchun,遗传算法（GA）,GA,89,0.2010934595860079,101
Changchun,遗传算法（GA）,GA,90,0.2010934595860079,101
Changchun,遗传算法（GA）,GA,91,0.2010934595860079,101
Changchun,遗传算法（GA）,GA,92,0.2010934595860079,101
Changchun,遗传算法（GA）,GA,93,0.2010934595860079,101
Changchun,遗传算法（GA）,GA,94,0.2010934595860079,101
Changchun,遗传算法（GA）,GA,95,0.2010934595860079,101
Changchun,遗传算法（GA）,GA,96,0.2010934595860079,101
Changchun,遗传算法（GA）,GA,97,0.2010934595860079,101
Changchun,遗传算法（GA）,GA,98,0.2010934595860079,101
Changchun,遗传算法（GA）,GA,99,0.2010934595860079,101
Changchun,遗传算法（GA）,GA,100,0.2010934595860079,101
Changchun,遗传算法（GA）,GA,1,0.2926200734167702,202
Changchun,遗传算法（GA）,GA,2,0.2926200734167702,202
Changchun,遗传算法（GA）,GA,3,0.2926200734167702,202
Changchun,遗传算法（GA）,GA,4,0.2926200734167702,202
Changchun,遗传算法（GA）,GA,5,0.2926200734167702,202
Changchun,遗传算法（GA）,GA,6,0.2926200734167702,202
Changchun,遗传算法（GA）,GA,7,0.2926200734167702,202
Changchun,遗传算法（GA）,GA,8,0.2926200734167702,202
Changchun,遗传算法（GA）,GA,9,0.2926200734167702,202
Changchun,遗传算法（GA）,GA,10,0.2926200734167702,202
Changchun,遗传算法（GA）,GA,11,0.2926200734167702,202
Changchun,遗传算法（GA）,GA,12,0.2926200734167702,202
Changchun,遗传算法（GA）,GA,13,0.2926200734167702,202
Changchun,遗传算法（GA）,GA,14,0.2926200734167702,202
Changchun,遗传算法（GA）,GA,15,0.22865098049246857,202
Changchun,遗传算法（GA）,GA,16,0.22865098049246857,202
Changchun,遗传算法（GA）,GA,17,0.22865098049246857,202
Changchun,遗传算法（GA）,GA,18,0.22865098049246857,202
Changchun,遗传算法（GA）,GA,19,0.22865098049246857,202
Changchun,遗传算法（GA）,GA,20,0.22865098049246857,202
Changchun,遗传算法（GA）,GA,21,0.22865098049246857,202
Changchun,遗传算法（GA）,GA,22,0.22865098049246857,202
Changchun,遗传算法（GA）,GA,23,0.22865098049246857,202
Changchun,遗传算法（GA）,GA,24,0.22865098049246857,202
Changchun,遗传算法（GA）,GA,25,0.22865098049246857,202
Changchun,遗传算法（GA）,GA,26,0.22865098049246857,202
Changchun,遗传算法（GA）,GA,27,0.22865098049246857,202
Changchun,遗传算法（GA）,GA,28,0.22865098049246857,202
Changchun,遗传算法（GA）,GA,29,0.22865098049246857,202
Changchun,遗传算法（GA）,GA,30,0.22865098049246857,202
Changchun,遗传算法（GA）,GA,31,0.22865098049246857,202
Changchun,遗传算法（GA）,GA,32,0.22865098049246857,202
Changchun,遗传算法（GA）,GA,33,0.22865098049246857,202
Changchun,遗传算法（GA）,GA,34,0.22865098049246857,202
Changchun,遗传算法（GA）,GA,35,0.22865098049246857,202
Changchun,遗传算法（GA）,GA,36,0.22865098049246857,202
Changchun,遗传算法（GA）,GA,37,0.22865098049246857,202
Changchun,遗传算法（GA）,GA,38,0.22865098049246857,202
Changchun,遗传算法（GA）,GA,39,0.22865098049246857,202
Changchun,遗传算法（GA）,GA,40,0.22865098049246857,202
Changchun,遗传算法（GA）,GA,41,0.22865098049246857,202
Changchun,遗传算法（GA）,GA,42,0.22865098049246857,202
Changchun,遗传算法（GA）,GA,43,0.19842933174472185,202
Changchun,遗传算法（GA）,GA,44,0.19842933174472185,202
Changchun,遗传算法（GA）,GA,45,0.19842933174472185,202
Changchun,遗传算法（GA）,GA,46,0.1833327001341732,202
Changchun,遗传算法（GA）,GA,47,0.1833327001341732,202
Changchun,遗传算法（GA）,GA,48,0.1833327001341732,202
Changchun,遗传算法（GA）,GA,49,0.1833327001341732,202
Changchun,遗传算法（GA）,GA,50,0.1833327001341732,202
Changchun,遗传算法（GA）,GA,51,0.1833327001341732,202
Changchun,遗传算法（GA）,GA,52,0.1833327001341732,202
Changchun,遗传算法（GA）,GA,53,0.1833327001341732,202
Changchun,遗传算法（GA）,GA,54,0.1833327001341732,202
Changchun,遗传算法（GA）,GA,55,0.1833327001341732,202
Changchun,遗传算法（GA）,GA,56,0.1833327001341732,202
Changchun,遗传算法（GA）,GA,57,0.1833327001341732,202
Changchun,遗传算法（GA）,GA,58,0.1833327001341732,202
Changchun,遗传算法（GA）,GA,59,0.1833327001341732,202
Changchun,遗传算法（GA）,GA,60,0.1833327001341732,202
Changchun,遗传算法（GA）,GA,61,0.1833327001341732,202
Changchun,遗传算法（GA）,GA,62,0.1833327001341732,202
Changchun,遗传算法（GA）,GA,63,0.1833327001341732,202
Changchun,遗传算法（GA）,GA,64,0.1833327001341732,202
Changchun,遗传算法（GA）,GA,65,0.1833327001341732,202
Changchun,遗传算法（GA）,GA,66,0.1833327001341732,202
Changchun,遗传算法（GA）,GA,67,0.1833327001341732,202
Changchun,遗传算法（GA）,GA,68,0.1833327001341732,202
Changchun,遗传算法（GA）,GA,69,0.1833327001341732,202
Changchun,遗传算法（GA）,GA,70,0.1833327001341732,202
Changchun,遗传算法（GA）,GA,71,0.1833327001341732,202
Changchun,遗传算法（GA）,GA,72,0.1833327001341732,202
Changchun,遗传算法（GA）,GA,73,0.1833327001341732,202
Changchun,遗传算法（GA）,GA,74,0.1833327001341732,202
Changchun,遗传算法（GA）,GA,75,0.1833327001341732,202
Changchun,遗传算法（GA）,GA,76,0.1833327001341732,202
Changchun,遗传算法（GA）,GA,77,0.1833327001341732,202
Changchun,遗传算法（GA）,GA,78,0.1833327001341732,202
Changchun,遗传算法（GA）,GA,79,0.1833327001341732,202
Changchun,遗传算法（GA）,GA,80,0.1833327001341732,202
Changchun,遗传算法（GA）,GA,81,0.1833327001341732,202
Changchun,遗传算法（GA）,GA,82,0.1833327001341732,202
Changchun,遗传算法（GA）,GA,83,0.1833327001341732,202
Changchun,遗传算法（GA）,GA,84,0.1833327001341732,202
Changchun,遗传算法（GA）,GA,85,0.1833327001341732,202
Changchun,遗传算法（GA）,GA,86,0.1833327001341732,202
Changchun,遗传算法（GA）,GA,87,0.1833327001341732,202
Changchun,遗传算法（GA）,GA,88,0.1833327001341732,202
Changchun,遗传算法（GA）,GA,89,0.1833327001341732,202
Changchun,遗传算法（GA）,GA,90,0.1833327001341732,202
Changchun,遗传算法（GA）,GA,91,0.1833327001341732,202
Changchun,遗传算法（GA）,GA,92,0.1833327001341732,202
Changchun,遗传算法（GA）,GA,93,0.1833327001341732,202
Changchun,遗传算法（GA）,GA,94,0.1833327001341732,202
Changchun,遗传算法（GA）,GA,95,0.1833327001341732,202
Changchun,遗传算法（GA）,GA,96,0.1833327001341732,202
Changchun,遗传算法（GA）,GA,97,0.1833327001341732,202
Changchun,遗传算法（GA）,GA,98,0.1833327001341732,202
Changchun,遗传算法（GA）,GA,99,0.1833327001341732,202
Changchun,遗传算法（GA）,GA,100,0.1833327001341732,202
Changchun,遗传算法（GA）,GA,1,0.810010997154194,303
Changchun,遗传算法（GA）,GA,2,0.26557538019501725,303
Changchun,遗传算法（GA）,GA,3,0.26557538019501725,303
Changchun,遗传算法（GA）,GA,4,0.26557538019501725,303
Changchun,遗传算法（GA）,GA,5,0.26557538019501725,303
Changchun,遗传算法（GA）,GA,6,0.26557538019501725,303
Changchun,遗传算法（GA）,GA,7,0.26557538019501725,303
Changchun,遗传算法（GA）,GA,8,0.26557538019501725,303
Changchun,遗传算法（GA）,GA,9,0.26557538019501725,303
Changchun,遗传算法（GA）,GA,10,0.26557538019501725,303
Changchun,遗传算法（GA）,GA,11,0.26557538019501725,303
Changchun,遗传算法（GA）,GA,12,0.26557538019501725,303
Changchun,遗传算法（GA）,GA,13,0.26557538019501725,303
Changchun,遗传算法（GA）,GA,14,0.26557538019501725,303
Changchun,遗传算法（GA）,GA,15,0.26557538019501725,303
Changchun,遗传算法（GA）,GA,16,0.2539882356179842,303
Changchun,遗传算法（GA）,GA,17,0.2539882356179842,303
Changchun,遗传算法（GA）,GA,18,0.2539882356179842,303
Changchun,遗传算法（GA）,GA,19,0.2539882356179842,303
Changchun,遗传算法（GA）,GA,20,0.2539882356179842,303
Changchun,遗传算法（GA）,GA,21,0.23057924079226452,303
Changchun,遗传算法（GA）,GA,22,0.23057924079226452,303
Changchun,遗传算法（GA）,GA,23,0.23057924079226452,303
Changchun,遗传算法（GA）,GA,24,0.23057924079226452,303
Changchun,遗传算法（GA）,GA,25,0.23057924079226452,303
Changchun,遗传算法（GA）,GA,26,0.23057924079226452,303
Changchun,遗传算法（GA）,GA,27,0.23057924079226452,303
Changchun,遗传算法（GA）,GA,28,0.23057924079226452,303
Changchun,遗传算法（GA）,GA,29,0.23057924079226452,303
Changchun,遗传算法（GA）,GA,30,0.23057924079226452,303
Changchun,遗传算法（GA）,GA,31,0.23057924079226452,303
Changchun,遗传算法（GA）,GA,32,0.23057924079226452,303
Changchun,遗传算法（GA）,GA,33,0.23057924079226452,303
Changchun,遗传算法（GA）,GA,34,0.23057924079226452,303
Changchun,遗传算法（GA）,GA,35,0.23057924079226452,303
Changchun,遗传算法（GA）,GA,36,0.23057924079226452,303
Changchun,遗传算法（GA）,GA,37,0.21627884113651125,303
Changchun,遗传算法（GA）,GA,38,0.21627884113651125,303
Changchun,遗传算法（GA）,GA,39,0.21627884113651125,303
Changchun,遗传算法（GA）,GA,40,0.21627884113651125,303
Changchun,遗传算法（GA）,GA,41,0.21627884113651125,303
Changchun,遗传算法（GA）,GA,42,0.21627884113651125,303
Changchun,遗传算法（GA）,GA,43,0.19068940547114618,303
Changchun,遗传算法（GA）,GA,44,0.19068940547114618,303
Changchun,遗传算法（GA）,GA,45,0.19068940547114618,303
Changchun,遗传算法（GA）,GA,46,0.19068940547114618,303
Changchun,遗传算法（GA）,GA,47,0.19068940547114618,303
Changchun,遗传算法（GA）,GA,48,0.18197754920817297,303
Changchun,遗传算法（GA）,GA,49,0.18197754920817297,303
Changchun,遗传算法（GA）,GA,50,0.18197754920817297,303
Changchun,遗传算法（GA）,GA,51,0.18197754920817297,303
Changchun,遗传算法（GA）,GA,52,0.18197754920817297,303
Changchun,遗传算法（GA）,GA,53,0.18197754920817297,303
Changchun,遗传算法（GA）,GA,54,0.18197754920817297,303
Changchun,遗传算法（GA）,GA,55,0.18197754920817297,303
Changchun,遗传算法（GA）,GA,56,0.18197754920817297,303
Changchun,遗传算法（GA）,GA,57,0.18197754920817297,303
Changchun,遗传算法（GA）,GA,58,0.18197754920817297,303
Changchun,遗传算法（GA）,GA,59,0.18197754920817297,303
Changchun,遗传算法（GA）,GA,60,0.18197754920817297,303
Changchun,遗传算法（GA）,GA,61,0.18197754920817297,303
Changchun,遗传算法（GA）,GA,62,0.18197754920817297,303
Changchun,遗传算法（GA）,GA,63,0.18197754920817297,303
Changchun,遗传算法（GA）,GA,64,0.18197754920817297,303
Changchun,遗传算法（GA）,GA,65,0.18197754920817297,303
Changchun,遗传算法（GA）,GA,66,0.18197754920817297,303
Changchun,遗传算法（GA）,GA,67,0.18197754920817297,303
Changchun,遗传算法（GA）,GA,68,0.18197754920817297,303
Changchun,遗传算法（GA）,GA,69,0.18197754920817297,303
Changchun,遗传算法（GA）,GA,70,0.18197754920817297,303
Changchun,遗传算法（GA）,GA,71,0.18197754920817297,303
Changchun,遗传算法（GA）,GA,72,0.18197754920817297,303
Changchun,遗传算法（GA）,GA,73,0.18197754920817297,303
Changchun,遗传算法（GA）,GA,74,0.18197754920817297,303
Changchun,遗传算法（GA）,GA,75,0.18197754920817297,303
Changchun,遗传算法（GA）,GA,76,0.18197754920817297,303
Changchun,遗传算法（GA）,GA,77,0.18197754920817297,303
Changchun,遗传算法（GA）,GA,78,0.18197754920817297,303
Changchun,遗传算法（GA）,GA,79,0.18197754920817297,303
Changchun,遗传算法（GA）,GA,80,0.18197754920817297,303
Changchun,遗传算法（GA）,GA,81,0.18197754920817297,303
Changchun,遗传算法（GA）,GA,82,0.18197754920817297,303
Changchun,遗传算法（GA）,GA,83,0.18197754920817297,303
Changchun,遗传算法（GA）,GA,84,0.18197754920817297,303
Changchun,遗传算法（GA）,GA,85,0.18197754920817297,303
Changchun,遗传算法（GA）,GA,86,0.18197754920817297,303
Changchun,遗传算法（GA）,GA,87,0.18197754920817297,303
Changchun,遗传算法（GA）,GA,88,0.18197754920817297,303
Changchun,遗传算法（GA）,GA,89,0.18197754920817297,303
Changchun,遗传算法（GA）,GA,90,0.18197754920817297,303
Changchun,遗传算法（GA）,GA,91,0.18197754920817297,303
Changchun,遗传算法（GA）,GA,92,0.18197754920817297,303
Changchun,遗传算法（GA）,GA,93,0.18197754920817297,303
Changchun,遗传算法（GA）,GA,94,0.18197754920817297,303
Changchun,遗传算法（GA）,GA,95,0.18197754920817297,303
Changchun,遗传算法（GA）,GA,96,0.18197754920817297,303
Changchun,遗传算法（GA）,GA,97,0.18197754920817297,303
Changchun,遗传算法（GA）,GA,98,0.18197754920817297,303
Changchun,遗传算法（GA）,GA,99,0.18197754920817297,303
Changchun,遗传算法（GA）,GA,100,0.18197754920817297,303
Changchun,遗传算法（GA）,GA,1,0.8293772555322937,404
Changchun,遗传算法（GA）,GA,2,0.48128449574174453,404
Changchun,遗传算法（GA）,GA,3,0.48128449574174453,404
Changchun,遗传算法（GA）,GA,4,0.48128449574174453,404
Changchun,遗传算法（GA）,GA,5,0.48128449574174453,404
Changchun,遗传算法（GA）,GA,6,0.48128449574174453,404
Changchun,遗传算法（GA）,GA,7,0.48128449574174453,404
Changchun,遗传算法（GA）,GA,8,0.46937440631897653,404
Changchun,遗传算法（GA）,GA,9,0.46937440631897653,404
Changchun,遗传算法（GA）,GA,10,0.46937440631897653,404
Changchun,遗传算法（GA）,GA,11,0.46937440631897653,404
Changchun,遗传算法（GA）,GA,12,0.46937440631897653,404
Changchun,遗传算法（GA）,GA,13,0.46937440631897653,404
Changchun,遗传算法（GA）,GA,14,0.46937440631897653,404
Changchun,遗传算法（GA）,GA,15,0.46937440631897653,404
Changchun,遗传算法（GA）,GA,16,0.34439200120580876,404
Changchun,遗传算法（GA）,GA,17,0.34439200120580876,404
Changchun,遗传算法（GA）,GA,18,0.34439200120580876,404
Changchun,遗传算法（GA）,GA,19,0.34439200120580876,404
Changchun,遗传算法（GA）,GA,20,0.34439200120580876,404
Changchun,遗传算法（GA）,GA,21,0.34439200120580876,404
Changchun,遗传算法（GA）,GA,22,0.3387139876344487,404
Changchun,遗传算法（GA）,GA,23,0.3387139876344487,404
Changchun,遗传算法（GA）,GA,24,0.3387139876344487,404
Changchun,遗传算法（GA）,GA,25,0.3387139876344487,404
Changchun,遗传算法（GA）,GA,26,0.3387139876344487,404
Changchun,遗传算法（GA）,GA,27,0.3387139876344487,404
Changchun,遗传算法（GA）,GA,28,0.3387139876344487,404
Changchun,遗传算法（GA）,GA,29,0.3387139876344487,404
Changchun,遗传算法（GA）,GA,30,0.3387139876344487,404
Changchun,遗传算法（GA）,GA,31,0.3387139876344487,404
Changchun,遗传算法（GA）,GA,32,0.3387139876344487,404
Changchun,遗传算法（GA）,GA,33,0.3387139876344487,404
Changchun,遗传算法（GA）,GA,34,0.3387139876344487,404
Changchun,遗传算法（GA）,GA,35,0.3387139876344487,404
Changchun,遗传算法（GA）,GA,36,0.3387139876344487,404
Changchun,遗传算法（GA）,GA,37,0.3387139876344487,404
Changchun,遗传算法（GA）,GA,38,0.3387139876344487,404
Changchun,遗传算法（GA）,GA,39,0.3387139876344487,404
Changchun,遗传算法（GA）,GA,40,0.3387139876344487,404
Changchun,遗传算法（GA）,GA,41,0.3387139876344487,404
Changchun,遗传算法（GA）,GA,42,0.3387139876344487,404
Changchun,遗传算法（GA）,GA,43,0.3387139876344487,404
Changchun,遗传算法（GA）,GA,44,0.3387139876344487,404
Changchun,遗传算法（GA）,GA,45,0.3387139876344487,404
Changchun,遗传算法（GA）,GA,46,0.3387139876344487,404
Changchun,遗传算法（GA）,GA,47,0.3387139876344487,404
Changchun,遗传算法（GA）,GA,48,0.3387139876344487,404
Changchun,遗传算法（GA）,GA,49,0.3387139876344487,404
Changchun,遗传算法（GA）,GA,50,0.3387139876344487,404
Changchun,遗传算法（GA）,GA,51,0.3387139876344487,404
Changchun,遗传算法（GA）,GA,52,0.3387139876344487,404
Changchun,遗传算法（GA）,GA,53,0.3387139876344487,404
Changchun,遗传算法（GA）,GA,54,0.3387139876344487,404
Changchun,遗传算法（GA）,GA,55,0.3387139876344487,404
Changchun,遗传算法（GA）,GA,56,0.3387139876344487,404
Changchun,遗传算法（GA）,GA,57,0.3387139876344487,404
Changchun,遗传算法（GA）,GA,58,0.3387139876344487,404
Changchun,遗传算法（GA）,GA,59,0.3387139876344487,404
Changchun,遗传算法（GA）,GA,60,0.3387139876344487,404
Changchun,遗传算法（GA）,GA,61,0.3387139876344487,404
Changchun,遗传算法（GA）,GA,62,0.3387139876344487,404
Changchun,遗传算法（GA）,GA,63,0.3387139876344487,404
Changchun,遗传算法（GA）,GA,64,0.3387139876344487,404
Changchun,遗传算法（GA）,GA,65,0.3387139876344487,404
Changchun,遗传算法（GA）,GA,66,0.3387139876344487,404
Changchun,遗传算法（GA）,GA,67,0.3387139876344487,404
Changchun,遗传算法（GA）,GA,68,0.3387139876344487,404
Changchun,遗传算法（GA）,GA,69,0.3387139876344487,404
Changchun,遗传算法（GA）,GA,70,0.3387139876344487,404
Changchun,遗传算法（GA）,GA,71,0.3387139876344487,404
Changchun,遗传算法（GA）,GA,72,0.3387139876344487,404
Changchun,遗传算法（GA）,GA,73,0.3387139876344487,404
Changchun,遗传算法（GA）,GA,74,0.3387139876344487,404
Changchun,遗传算法（GA）,GA,75,0.3387139876344487,404
Changchun,遗传算法（GA）,GA,76,0.3387139876344487,404
Changchun,遗传算法（GA）,GA,77,0.3387139876344487,404
Changchun,遗传算法（GA）,GA,78,0.3387139876344487,404
Changchun,遗传算法（GA）,GA,79,0.3387139876344487,404
Changchun,遗传算法（GA）,GA,80,0.3387139876344487,404
Changchun,遗传算法（GA）,GA,81,0.3387139876344487,404
Changchun,遗传算法（GA）,GA,82,0.3387139876344487,404
Changchun,遗传算法（GA）,GA,83,0.3387139876344487,404
Changchun,遗传算法（GA）,GA,84,0.3387139876344487,404
Changchun,遗传算法（GA）,GA,85,0.3387139876344487,404
Changchun,遗传算法（GA）,GA,86,0.3387139876344487,404
Changchun,遗传算法（GA）,GA,87,0.3387139876344487,404
Changchun,遗传算法（GA）,GA,88,0.3387139876344487,404
Changchun,遗传算法（GA）,GA,89,0.3387139876344487,404
Changchun,遗传算法（GA）,GA,90,0.3387139876344487,404
Changchun,遗传算法（GA）,GA,91,0.3387139876344487,404
Changchun,遗传算法（GA）,GA,92,0.3387139876344487,404
Changchun,遗传算法（GA）,GA,93,0.3387139876344487,404
Changchun,遗传算法（GA）,GA,94,0.30286758908726824,404
Changchun,遗传算法（GA）,GA,95,0.30286758908726824,404
Changchun,遗传算法（GA）,GA,96,0.30286758908726824,404
Changchun,遗传算法（GA）,GA,97,0.30286758908726824,404
Changchun,遗传算法（GA）,GA,98,0.30286758908726824,404
Changchun,遗传算法（GA）,GA,99,0.2776541825085792,404
Changchun,遗传算法（GA）,GA,100,0.2776541825085792,404
Changchun,SPSA,SPSA,1,0.6257861614927818,42
Changchun,SPSA,SPSA,2,0.5835118704756415,42
Changchun,SPSA,SPSA,3,0.5835118704756415,42
Changchun,SPSA,SPSA,4,0.5835118704756415,42
Changchun,SPSA,SPSA,5,0.5724358327426511,42
Changchun,SPSA,SPSA,6,0.5724358327426511,42
Changchun,SPSA,SPSA,7,0.5724358327426511,42
Changchun,SPSA,SPSA,8,0.5674449881670302,42
Changchun,SPSA,SPSA,9,0.5674449881670302,42
Changchun,SPSA,SPSA,10,0.5674449881670302,42
Changchun,SPSA,SPSA,11,0.5674449881670302,42
Changchun,SPSA,SPSA,12,0.5674449881670302,42
Changchun,SPSA,SPSA,13,0.5572830775782543,42
Changchun,SPSA,SPSA,14,0.5572830775782543,42
Changchun,SPSA,SPSA,15,0.5372586272508704,42
Changchun,SPSA,SPSA,16,0.5372586272508704,42
Changchun,SPSA,SPSA,17,0.5372586272508704,42
Changchun,SPSA,SPSA,18,0.5372586272508704,42
Changchun,SPSA,SPSA,19,0.5372586272508704,42
Changchun,SPSA,SPSA,20,0.5372586272508704,42
Changchun,SPSA,SPSA,21,0.5372586272508704,42
Changchun,SPSA,SPSA,22,0.5372586272508704,42
Changchun,SPSA,SPSA,23,0.5372586272508704,42
Changchun,SPSA,SPSA,24,0.5372586272508704,42
Changchun,SPSA,SPSA,25,0.5299297885458423,42
Changchun,SPSA,SPSA,26,0.5299297885458423,42
Changchun,SPSA,SPSA,27,0.5299297885458423,42
Changchun,SPSA,SPSA,28,0.5299297885458423,42
Changchun,SPSA,SPSA,29,0.5299297885458423,42
Changchun,SPSA,SPSA,30,0.5299297885458423,42
Changchun,SPSA,SPSA,31,0.5299297885458423,42
Changchun,SPSA,SPSA,32,0.5142111041498532,42
Changchun,SPSA,SPSA,33,0.5142111041498532,42
Changchun,SPSA,SPSA,34,0.5142111041498532,42
Changchun,SPSA,SPSA,35,0.5142111041498532,42
Changchun,SPSA,SPSA,36,0.5142111041498532,42
Changchun,SPSA,SPSA,37,0.5142111041498532,42
Changchun,SPSA,SPSA,38,0.5142111041498532,42
Changchun,SPSA,SPSA,39,0.5142111041498532,42
Changchun,SPSA,SPSA,40,0.5142111041498532,42
Changchun,SPSA,SPSA,41,0.5142111041498532,42
Changchun,SPSA,SPSA,42,0.5142111041498532,42
Changchun,SPSA,SPSA,43,0.5142111041498532,42
Changchun,SPSA,SPSA,44,0.5142111041498532,42
Changchun,SPSA,SPSA,45,0.5142111041498532,42
Changchun,SPSA,SPSA,46,0.5142111041498532,42
Changchun,SPSA,SPSA,47,0.5142111041498532,42
Changchun,SPSA,SPSA,48,0.5142111041498532,42
Changchun,SPSA,SPSA,49,0.5142111041498532,42
Changchun,SPSA,SPSA,50,0.5142111041498532,42
Changchun,SPSA,SPSA,51,0.5142111041498532,42
Changchun,SPSA,SPSA,52,0.5142111041498532,42
Changchun,SPSA,SPSA,53,0.5142111041498532,42
Changchun,SPSA,SPSA,54,0.5142111041498532,42
Changchun,SPSA,SPSA,55,0.5027666404310097,42
Changchun,SPSA,SPSA,56,0.5027666404310097,42
Changchun,SPSA,SPSA,57,0.49780765384860604,42
Changchun,SPSA,SPSA,58,0.49780765384860604,42
Changchun,SPSA,SPSA,59,0.49780765384860604,42
Changchun,SPSA,SPSA,60,0.49780765384860604,42
Changchun,SPSA,SPSA,61,0.49639352524465047,42
Changchun,SPSA,SPSA,62,0.49639352524465047,42
Changchun,SPSA,SPSA,63,0.49639352524465047,42
Changchun,SPSA,SPSA,64,0.49639352524465047,42
Changchun,SPSA,SPSA,65,0.49541931731917677,42
Changchun,SPSA,SPSA,66,0.49541931731917677,42
Changchun,SPSA,SPSA,67,0.49541931731917677,42
Changchun,SPSA,SPSA,68,0.49541931731917677,42
Changchun,SPSA,SPSA,69,0.49541931731917677,42
Changchun,SPSA,SPSA,70,0.49541931731917677,42
Changchun,SPSA,SPSA,71,0.49541931731917677,42
Changchun,SPSA,SPSA,72,0.49541931731917677,42
Changchun,SPSA,SPSA,73,0.49541931731917677,42
Changchun,SPSA,SPSA,74,0.49541931731917677,42
Changchun,SPSA,SPSA,75,0.4944604353078874,42
Changchun,SPSA,SPSA,76,0.4944604353078874,42
Changchun,SPSA,SPSA,77,0.4944604353078874,42
Changchun,SPSA,SPSA,78,0.4944604353078874,42
Changchun,SPSA,SPSA,79,0.4944604353078874,42
Changchun,SPSA,SPSA,80,0.4944604353078874,42
Changchun,SPSA,SPSA,81,0.4944604353078874,42
Changchun,SPSA,SPSA,82,0.4944604353078874,42
Changchun,SPSA,SPSA,83,0.4944604353078874,42
Changchun,SPSA,SPSA,84,0.4944604353078874,42
Changchun,SPSA,SPSA,85,0.4944604353078874,42
Changchun,SPSA,SPSA,86,0.4944604353078874,42
Changchun,SPSA,SPSA,87,0.4944604353078874,42
Changchun,SPSA,SPSA,88,0.4944604353078874,42
Changchun,SPSA,SPSA,89,0.48043320667078304,42
Changchun,SPSA,SPSA,90,0.48043320667078304,42
Changchun,SPSA,SPSA,91,0.48043320667078304,42
Changchun,SPSA,SPSA,92,0.48043320667078304,42
Changchun,SPSA,SPSA,93,0.48043320667078304,42
Changchun,SPSA,SPSA,94,0.48043320667078304,42
Changchun,SPSA,SPSA,95,0.48043320667078304,42
Changchun,SPSA,SPSA,96,0.48043320667078304,42
Changchun,SPSA,SPSA,97,0.48043320667078304,42
Changchun,SPSA,SPSA,98,0.48043320667078304,42
Changchun,SPSA,SPSA,99,0.48043320667078304,42
Changchun,SPSA,SPSA,100,0.48043320667078304,42
Changchun,SPSA,SPSA,1,0.7626122080372901,101
Changchun,SPSA,SPSA,2,0.7575257874252085,101
Changchun,SPSA,SPSA,3,0.7575257874252085,101
Changchun,SPSA,SPSA,4,0.7575257874252085,101
Changchun,SPSA,SPSA,5,0.7397583038163759,101
Changchun,SPSA,SPSA,6,0.7397583038163759,101
Changchun,SPSA,SPSA,7,0.7397583038163759,101
Changchun,SPSA,SPSA,8,0.7397583038163759,101
Changchun,SPSA,SPSA,9,0.7397583038163759,101
Changchun,SPSA,SPSA,10,0.7397583038163759,101
Changchun,SPSA,SPSA,11,0.7397583038163759,101
Changchun,SPSA,SPSA,12,0.7397583038163759,101
Changchun,SPSA,SPSA,13,0.7397583038163759,101
Changchun,SPSA,SPSA,14,0.7397583038163759,101
Changchun,SPSA,SPSA,15,0.7397583038163759,101
Changchun,SPSA,SPSA,16,0.73540064080702,101
Changchun,SPSA,SPSA,17,0.73540064080702,101
Changchun,SPSA,SPSA,18,0.73540064080702,101
Changchun,SPSA,SPSA,19,0.73540064080702,101
Changchun,SPSA,SPSA,20,0.73540064080702,101
Changchun,SPSA,SPSA,21,0.73540064080702,101
Changchun,SPSA,SPSA,22,0.73540064080702,101
Changchun,SPSA,SPSA,23,0.73540064080702,101
Changchun,SPSA,SPSA,24,0.73540064080702,101
Changchun,SPSA,SPSA,25,0.73540064080702,101
Changchun,SPSA,SPSA,26,0.73540064080702,101
Changchun,SPSA,SPSA,27,0.73540064080702,101
Changchun,SPSA,SPSA,28,0.73540064080702,101
Changchun,SPSA,SPSA,29,0.73540064080702,101
Changchun,SPSA,SPSA,30,0.73540064080702,101
Changchun,SPSA,SPSA,31,0.73540064080702,101
Changchun,SPSA,SPSA,32,0.73540064080702,101
Changchun,SPSA,SPSA,33,0.73540064080702,101
Changchun,SPSA,SPSA,34,0.73540064080702,101
Changchun,SPSA,SPSA,35,0.73540064080702,101
Changchun,SPSA,SPSA,36,0.73540064080702,101
Changchun,SPSA,SPSA,37,0.73540064080702,101
Changchun,SPSA,SPSA,38,0.73540064080702,101
Changchun,SPSA,SPSA,39,0.73540064080702,101
Changchun,SPSA,SPSA,40,0.73540064080702,101
Changchun,SPSA,SPSA,41,0.73540064080702,101
Changchun,SPSA,SPSA,42,0.73540064080702,101
Changchun,SPSA,SPSA,43,0.73540064080702,101
Changchun,SPSA,SPSA,44,0.73540064080702,101
Changchun,SPSA,SPSA,45,0.73540064080702,101
Changchun,SPSA,SPSA,46,0.73540064080702,101
Changchun,SPSA,SPSA,47,0.73540064080702,101
Changchun,SPSA,SPSA,48,0.73540064080702,101
Changchun,SPSA,SPSA,49,0.73540064080702,101
Changchun,SPSA,SPSA,50,0.73540064080702,101
Changchun,SPSA,SPSA,51,0.73540064080702,101
Changchun,SPSA,SPSA,52,0.73540064080702,101
Changchun,SPSA,SPSA,53,0.73540064080702,101
Changchun,SPSA,SPSA,54,0.73540064080702,101
Changchun,SPSA,SPSA,55,0.73540064080702,101
Changchun,SPSA,SPSA,56,0.73540064080702,101
Changchun,SPSA,SPSA,57,0.73540064080702,101
Changchun,SPSA,SPSA,58,0.73540064080702,101
Changchun,SPSA,SPSA,59,0.73540064080702,101
Changchun,SPSA,SPSA,60,0.73540064080702,101
Changchun,SPSA,SPSA,61,0.73540064080702,101
Changchun,SPSA,SPSA,62,0.73540064080702,101
Changchun,SPSA,SPSA,63,0.7254075543771822,101
Changchun,SPSA,SPSA,64,0.7254075543771822,101
Changchun,SPSA,SPSA,65,0.7254075543771822,101
Changchun,SPSA,SPSA,66,0.7254075543771822,101
Changchun,SPSA,SPSA,67,0.7254075543771822,101
Changchun,SPSA,SPSA,68,0.7254075543771822,101
Changchun,SPSA,SPSA,69,0.7254075543771822,101
Changchun,SPSA,SPSA,70,0.7254075543771822,101
Changchun,SPSA,SPSA,71,0.7254075543771822,101
Changchun,SPSA,SPSA,72,0.7254075543771822,101
Changchun,SPSA,SPSA,73,0.7254075543771822,101
Changchun,SPSA,SPSA,74,0.7254075543771822,101
Changchun,SPSA,SPSA,75,0.7254075543771822,101
Changchun,SPSA,SPSA,76,0.7254075543771822,101
Changchun,SPSA,SPSA,77,0.7254075543771822,101
Changchun,SPSA,SPSA,78,0.7254075543771822,101
Changchun,SPSA,SPSA,79,0.7254075543771822,101
Changchun,SPSA,SPSA,80,0.7254075543771822,101
Changchun,SPSA,SPSA,81,0.7254075543771822,101
Changchun,SPSA,SPSA,82,0.7254075543771822,101
Changchun,SPSA,SPSA,83,0.7254075543771822,101
Changchun,SPSA,SPSA,84,0.7254075543771822,101
Changchun,SPSA,SPSA,85,0.7254075543771822,101
Changchun,SPSA,SPSA,86,0.7254075543771822,101
Changchun,SPSA,SPSA,87,0.7254075543771822,101
Changchun,SPSA,SPSA,88,0.7254075543771822,101
Changchun,SPSA,SPSA,89,0.7254075543771822,101
Changchun,SPSA,SPSA,90,0.7254075543771822,101
Changchun,SPSA,SPSA,91,0.7254075543771822,101
Changchun,SPSA,SPSA,92,0.7254075543771822,101
Changchun,SPSA,SPSA,93,0.7254075543771822,101
Changchun,SPSA,SPSA,94,0.7254075543771822,101
Changchun,SPSA,SPSA,95,0.7254075543771822,101
Changchun,SPSA,SPSA,96,0.7254075543771822,101
Changchun,SPSA,SPSA,97,0.7254075543771822,101
Changchun,SPSA,SPSA,98,0.7254075543771822,101
Changchun,SPSA,SPSA,99,0.7254075543771822,101
Changchun,SPSA,SPSA,100,0.7254075543771822,101
Changchun,SPSA,SPSA,1,0.6576199788487116,202
Changchun,SPSA,SPSA,2,0.60512275650713,202
Changchun,SPSA,SPSA,3,0.60512275650713,202
Changchun,SPSA,SPSA,4,0.60512275650713,202
Changchun,SPSA,SPSA,5,0.60512275650713,202
Changchun,SPSA,SPSA,6,0.60512275650713,202
Changchun,SPSA,SPSA,7,0.60512275650713,202
Changchun,SPSA,SPSA,8,0.60512275650713,202
Changchun,SPSA,SPSA,9,0.60512275650713,202
Changchun,SPSA,SPSA,10,0.60512275650713,202
Changchun,SPSA,SPSA,11,0.60512275650713,202
Changchun,SPSA,SPSA,12,0.60512275650713,202
Changchun,SPSA,SPSA,13,0.60512275650713,202
Changchun,SPSA,SPSA,14,0.60512275650713,202
Changchun,SPSA,SPSA,15,0.60512275650713,202
Changchun,SPSA,SPSA,16,0.60512275650713,202
Changchun,SPSA,SPSA,17,0.60512275650713,202
Changchun,SPSA,SPSA,18,0.60512275650713,202
Changchun,SPSA,SPSA,19,0.60512275650713,202
Changchun,SPSA,SPSA,20,0.60512275650713,202
Changchun,SPSA,SPSA,21,0.60512275650713,202
Changchun,SPSA,SPSA,22,0.60512275650713,202
Changchun,SPSA,SPSA,23,0.60512275650713,202
Changchun,SPSA,SPSA,24,0.60512275650713,202
Changchun,SPSA,SPSA,25,0.60512275650713,202
Changchun,SPSA,SPSA,26,0.60512275650713,202
Changchun,SPSA,SPSA,27,0.60512275650713,202
Changchun,SPSA,SPSA,28,0.60512275650713,202
Changchun,SPSA,SPSA,29,0.60512275650713,202
Changchun,SPSA,SPSA,30,0.60512275650713,202
Changchun,SPSA,SPSA,31,0.60512275650713,202
Changchun,SPSA,SPSA,32,0.60512275650713,202
Changchun,SPSA,SPSA,33,0.60512275650713,202
Changchun,SPSA,SPSA,34,0.6008716425627129,202
Changchun,SPSA,SPSA,35,0.6008716425627129,202
Changchun,SPSA,SPSA,36,0.6008716425627129,202
Changchun,SPSA,SPSA,37,0.6008716425627129,202
Changchun,SPSA,SPSA,38,0.5990976712863313,202
Changchun,SPSA,SPSA,39,0.5990976712863313,202
Changchun,SPSA,SPSA,40,0.5990976712863313,202
Changchun,SPSA,SPSA,41,0.5990976712863313,202
Changchun,SPSA,SPSA,42,0.5990976712863313,202
Changchun,SPSA,SPSA,43,0.5990976712863313,202
Changchun,SPSA,SPSA,44,0.5990976712863313,202
Changchun,SPSA,SPSA,45,0.5990976712863313,202
Changchun,SPSA,SPSA,46,0.5990976712863313,202
Changchun,SPSA,SPSA,47,0.5990976712863313,202
Changchun,SPSA,SPSA,48,0.5990976712863313,202
Changchun,SPSA,SPSA,49,0.5990976712863313,202
Changchun,SPSA,SPSA,50,0.5975291694101887,202
Changchun,SPSA,SPSA,51,0.5975291694101887,202
Changchun,SPSA,SPSA,52,0.5930926088991549,202
Changchun,SPSA,SPSA,53,0.5930926088991549,202
Changchun,SPSA,SPSA,54,0.5930926088991549,202
Changchun,SPSA,SPSA,55,0.5930926088991549,202
Changchun,SPSA,SPSA,56,0.5930926088991549,202
Changchun,SPSA,SPSA,57,0.5930926088991549,202
Changchun,SPSA,SPSA,58,0.5930926088991549,202
Changchun,SPSA,SPSA,59,0.5930926088991549,202
Changchun,SPSA,SPSA,60,0.5756465936799212,202
Changchun,SPSA,SPSA,61,0.5756465936799212,202
Changchun,SPSA,SPSA,62,0.5756465936799212,202
Changchun,SPSA,SPSA,63,0.5756465936799212,202
Changchun,SPSA,SPSA,64,0.5714123023357145,202
Changchun,SPSA,SPSA,65,0.5714123023357145,202
Changchun,SPSA,SPSA,66,0.5714123023357145,202
Changchun,SPSA,SPSA,67,0.5714123023357145,202
Changchun,SPSA,SPSA,68,0.5714123023357145,202
Changchun,SPSA,SPSA,69,0.5714123023357145,202
Changchun,SPSA,SPSA,70,0.5714123023357145,202
Changchun,SPSA,SPSA,71,0.5714123023357145,202
Changchun,SPSA,SPSA,72,0.5714123023357145,202
Changchun,SPSA,SPSA,73,0.5714123023357145,202
Changchun,SPSA,SPSA,74,0.5714123023357145,202
Changchun,SPSA,SPSA,75,0.5714123023357145,202
Changchun,SPSA,SPSA,76,0.5706576020807619,202
Changchun,SPSA,SPSA,77,0.5706576020807619,202
Changchun,SPSA,SPSA,78,0.5706576020807619,202
Changchun,SPSA,SPSA,79,0.5706576020807619,202
Changchun,SPSA,SPSA,80,0.5706576020807619,202
Changchun,SPSA,SPSA,81,0.5706576020807619,202
Changchun,SPSA,SPSA,82,0.5706576020807619,202
Changchun,SPSA,SPSA,83,0.5706576020807619,202
Changchun,SPSA,SPSA,84,0.5706576020807619,202
Changchun,SPSA,SPSA,85,0.5706576020807619,202
Changchun,SPSA,SPSA,86,0.5706576020807619,202
Changchun,SPSA,SPSA,87,0.5706576020807619,202
Changchun,SPSA,SPSA,88,0.5706576020807619,202
Changchun,SPSA,SPSA,89,0.5706576020807619,202
Changchun,SPSA,SPSA,90,0.5706576020807619,202
Changchun,SPSA,SPSA,91,0.5706576020807619,202
Changchun,SPSA,SPSA,92,0.5706576020807619,202
Changchun,SPSA,SPSA,93,0.5706576020807619,202
Changchun,SPSA,SPSA,94,0.5706576020807619,202
Changchun,SPSA,SPSA,95,0.5706576020807619,202
Changchun,SPSA,SPSA,96,0.5706576020807619,202
Changchun,SPSA,SPSA,97,0.5636624892749816,202
Changchun,SPSA,SPSA,98,0.5636624892749816,202
Changchun,SPSA,SPSA,99,0.5636624892749816,202
Changchun,SPSA,SPSA,100,0.5636624892749816,202
Changchun,SPSA,SPSA,1,0.6364649709703626,303
Changchun,SPSA,SPSA,2,0.6364649709703626,303
Changchun,SPSA,SPSA,3,0.5938944894604163,303
Changchun,SPSA,SPSA,4,0.5938944894604163,303
Changchun,SPSA,SPSA,5,0.5938944894604163,303
Changchun,SPSA,SPSA,6,0.5938944894604163,303
Changchun,SPSA,SPSA,7,0.5938944894604163,303
Changchun,SPSA,SPSA,8,0.5938944894604163,303
Changchun,SPSA,SPSA,9,0.5938944894604163,303
Changchun,SPSA,SPSA,10,0.5938944894604163,303
Changchun,SPSA,SPSA,11,0.5938944894604163,303
Changchun,SPSA,SPSA,12,0.5938944894604163,303
Changchun,SPSA,SPSA,13,0.5938944894604163,303
Changchun,SPSA,SPSA,14,0.5938944894604163,303
Changchun,SPSA,SPSA,15,0.5938944894604163,303
Changchun,SPSA,SPSA,16,0.5938944894604163,303
Changchun,SPSA,SPSA,17,0.5938944894604163,303
Changchun,SPSA,SPSA,18,0.5938944894604163,303
Changchun,SPSA,SPSA,19,0.5938944894604163,303
Changchun,SPSA,SPSA,20,0.5938944894604163,303
Changchun,SPSA,SPSA,21,0.5938944894604163,303
Changchun,SPSA,SPSA,22,0.5938944894604163,303
Changchun,SPSA,SPSA,23,0.5938944894604163,303
Changchun,SPSA,SPSA,24,0.5938944894604163,303
Changchun,SPSA,SPSA,25,0.5938944894604163,303
Changchun,SPSA,SPSA,26,0.5932381634272137,303
Changchun,SPSA,SPSA,27,0.5932381634272137,303
Changchun,SPSA,SPSA,28,0.5932381634272137,303
Changchun,SPSA,SPSA,29,0.5932381634272137,303
Changchun,SPSA,SPSA,30,0.5932381634272137,303
Changchun,SPSA,SPSA,31,0.5932381634272137,303
Changchun,SPSA,SPSA,32,0.5932381634272137,303
Changchun,SPSA,SPSA,33,0.5932381634272137,303
Changchun,SPSA,SPSA,34,0.5932381634272137,303
Changchun,SPSA,SPSA,35,0.5932381634272137,303
Changchun,SPSA,SPSA,36,0.5932381634272137,303
Changchun,SPSA,SPSA,37,0.5932381634272137,303
Changchun,SPSA,SPSA,38,0.5932381634272137,303
Changchun,SPSA,SPSA,39,0.5932381634272137,303
Changchun,SPSA,SPSA,40,0.5932381634272137,303
Changchun,SPSA,SPSA,41,0.5932381634272137,303
Changchun,SPSA,SPSA,42,0.5932381634272137,303
Changchun,SPSA,SPSA,43,0.5932381634272137,303
Changchun,SPSA,SPSA,44,0.5932381634272137,303
Changchun,SPSA,SPSA,45,0.5932381634272137,303
Changchun,SPSA,SPSA,46,0.5932381634272137,303
Changchun,SPSA,SPSA,47,0.5932381634272137,303
Changchun,SPSA,SPSA,48,0.5932381634272137,303
Changchun,SPSA,SPSA,49,0.5932381634272137,303
Changchun,SPSA,SPSA,50,0.5932381634272137,303
Changchun,SPSA,SPSA,51,0.5932381634272137,303
Changchun,SPSA,SPSA,52,0.5932381634272137,303
Changchun,SPSA,SPSA,53,0.5932381634272137,303
Changchun,SPSA,SPSA,54,0.5932381634272137,303
Changchun,SPSA,SPSA,55,0.5932381634272137,303
Changchun,SPSA,SPSA,56,0.5932381634272137,303
Changchun,SPSA,SPSA,57,0.5932381634272137,303
Changchun,SPSA,SPSA,58,0.5932381634272137,303
Changchun,SPSA,SPSA,59,0.5932381634272137,303
Changchun,SPSA,SPSA,60,0.5932381634272137,303
Changchun,SPSA,SPSA,61,0.5932381634272137,303
Changchun,SPSA,SPSA,62,0.5932381634272137,303
Changchun,SPSA,SPSA,63,0.5932381634272137,303
Changchun,SPSA,SPSA,64,0.5932381634272137,303
Changchun,SPSA,SPSA,65,0.5932381634272137,303
Changchun,SPSA,SPSA,66,0.5932381634272137,303
Changchun,SPSA,SPSA,67,0.5932381634272137,303
Changchun,SPSA,SPSA,68,0.5932381634272137,303
Changchun,SPSA,SPSA,69,0.5932381634272137,303
Changchun,SPSA,SPSA,70,0.5932381634272137,303
Changchun,SPSA,SPSA,71,0.5932381634272137,303
Changchun,SPSA,SPSA,72,0.5932381634272137,303
Changchun,SPSA,SPSA,73,0.5932381634272137,303
Changchun,SPSA,SPSA,74,0.5932381634272137,303
Changchun,SPSA,SPSA,75,0.5932381634272137,303
Changchun,SPSA,SPSA,76,0.5855834291174562,303
Changchun,SPSA,SPSA,77,0.5855834291174562,303
Changchun,SPSA,SPSA,78,0.5855834291174562,303
Changchun,SPSA,SPSA,79,0.5855834291174562,303
Changchun,SPSA,SPSA,80,0.5855834291174562,303
Changchun,SPSA,SPSA,81,0.5855834291174562,303
Changchun,SPSA,SPSA,82,0.5855834291174562,303
Changchun,SPSA,SPSA,83,0.5855834291174562,303
Changchun,SPSA,SPSA,84,0.5855834291174562,303
Changchun,SPSA,SPSA,85,0.5855834291174562,303
Changchun,SPSA,SPSA,86,0.5855834291174562,303
Changchun,SPSA,SPSA,87,0.5855834291174562,303
Changchun,SPSA,SPSA,88,0.5707317138245251,303
Changchun,SPSA,SPSA,89,0.5707317138245251,303
Changchun,SPSA,SPSA,90,0.5707317138245251,303
Changchun,SPSA,SPSA,91,0.5707317138245251,303
Changchun,SPSA,SPSA,92,0.5707317138245251,303
Changchun,SPSA,SPSA,93,0.5707317138245251,303
Changchun,SPSA,SPSA,94,0.5707317138245251,303
Changchun,SPSA,SPSA,95,0.5707317138245251,303
Changchun,SPSA,SPSA,96,0.5707317138245251,303
Changchun,SPSA,SPSA,97,0.5707317138245251,303
Changchun,SPSA,SPSA,98,0.5707317138245251,303
Changchun,SPSA,SPSA,99,0.5707317138245251,303
Changchun,SPSA,SPSA,100,0.5707317138245251,303
Changchun,SPSA,SPSA,1,0.7365694885428574,404
Changchun,SPSA,SPSA,2,0.7084664778993706,404
Changchun,SPSA,SPSA,3,0.7084664778993706,404
Changchun,SPSA,SPSA,4,0.6994117845048925,404
Changchun,SPSA,SPSA,5,0.6994117845048925,404
Changchun,SPSA,SPSA,6,0.6994117845048925,404
Changchun,SPSA,SPSA,7,0.6994117845048925,404
Changchun,SPSA,SPSA,8,0.6994117845048925,404
Changchun,SPSA,SPSA,9,0.6994117845048925,404
Changchun,SPSA,SPSA,10,0.6994117845048925,404
Changchun,SPSA,SPSA,11,0.6994117845048925,404
Changchun,SPSA,SPSA,12,0.6994117845048925,404
Changchun,SPSA,SPSA,13,0.6994117845048925,404
Changchun,SPSA,SPSA,14,0.6994117845048925,404
Changchun,SPSA,SPSA,15,0.6994117845048925,404
Changchun,SPSA,SPSA,16,0.6994117845048925,404
Changchun,SPSA,SPSA,17,0.6994117845048925,404
Changchun,SPSA,SPSA,18,0.6994117845048925,404
Changchun,SPSA,SPSA,19,0.6964276074304661,404
Changchun,SPSA,SPSA,20,0.6964276074304661,404
Changchun,SPSA,SPSA,21,0.6964276074304661,404
Changchun,SPSA,SPSA,22,0.6964276074304661,404
Changchun,SPSA,SPSA,23,0.6964276074304661,404
Changchun,SPSA,SPSA,24,0.6964276074304661,404
Changchun,SPSA,SPSA,25,0.6964276074304661,404
Changchun,SPSA,SPSA,26,0.6964276074304661,404
Changchun,SPSA,SPSA,27,0.6964276074304661,404
Changchun,SPSA,SPSA,28,0.6964276074304661,404
Changchun,SPSA,SPSA,29,0.6964276074304661,404
Changchun,SPSA,SPSA,30,0.6964276074304661,404
Changchun,SPSA,SPSA,31,0.686338896213674,404
Changchun,SPSA,SPSA,32,0.686338896213674,404
Changchun,SPSA,SPSA,33,0.6853066574648317,404
Changchun,SPSA,SPSA,34,0.6853066574648317,404
Changchun,SPSA,SPSA,35,0.6853066574648317,404
Changchun,SPSA,SPSA,36,0.6853066574648317,404
Changchun,SPSA,SPSA,37,0.6853066574648317,404
Changchun,SPSA,SPSA,38,0.6853066574648317,404
Changchun,SPSA,SPSA,39,0.6853066574648317,404
Changchun,SPSA,SPSA,40,0.6853066574648317,404
Changchun,SPSA,SPSA,41,0.6853066574648317,404
Changchun,SPSA,SPSA,42,0.6853066574648317,404
Changchun,SPSA,SPSA,43,0.6853066574648317,404
Changchun,SPSA,SPSA,44,0.6853066574648317,404
Changchun,SPSA,SPSA,45,0.6853066574648317,404
Changchun,SPSA,SPSA,46,0.6853066574648317,404
Changchun,SPSA,SPSA,47,0.6853066574648317,404
Changchun,SPSA,SPSA,48,0.6853066574648317,404
Changchun,SPSA,SPSA,49,0.6853066574648317,404
Changchun,SPSA,SPSA,50,0.6853066574648317,404
Changchun,SPSA,SPSA,51,0.6853066574648317,404
Changchun,SPSA,SPSA,52,0.672766383963048,404
Changchun,SPSA,SPSA,53,0.672766383963048,404
Changchun,SPSA,SPSA,54,0.672766383963048,404
Changchun,SPSA,SPSA,55,0.672766383963048,404
Changchun,SPSA,SPSA,56,0.672766383963048,404
Changchun,SPSA,SPSA,57,0.672766383963048,404
Changchun,SPSA,SPSA,58,0.672766383963048,404
Changchun,SPSA,SPSA,59,0.672766383963048,404
Changchun,SPSA,SPSA,60,0.672766383963048,404
Changchun,SPSA,SPSA,61,0.672766383963048,404
Changchun,SPSA,SPSA,62,0.672766383963048,404
Changchun,SPSA,SPSA,63,0.672766383963048,404
Changchun,SPSA,SPSA,64,0.672766383963048,404
Changchun,SPSA,SPSA,65,0.672766383963048,404
Changchun,SPSA,SPSA,66,0.672766383963048,404
Changchun,SPSA,SPSA,67,0.672766383963048,404
Changchun,SPSA,SPSA,68,0.672766383963048,404
Changchun,SPSA,SPSA,69,0.672766383963048,404
Changchun,SPSA,SPSA,70,0.672766383963048,404
Changchun,SPSA,SPSA,71,0.672766383963048,404
Changchun,SPSA,SPSA,72,0.672766383963048,404
Changchun,SPSA,SPSA,73,0.672766383963048,404
Changchun,SPSA,SPSA,74,0.672766383963048,404
Changchun,SPSA,SPSA,75,0.672766383963048,404
Changchun,SPSA,SPSA,76,0.672766383963048,404
Changchun,SPSA,SPSA,77,0.672766383963048,404
Changchun,SPSA,SPSA,78,0.672766383963048,404
Changchun,SPSA,SPSA,79,0.672766383963048,404
Changchun,SPSA,SPSA,80,0.672766383963048,404
Changchun,SPSA,SPSA,81,0.672766383963048,404
Changchun,SPSA,SPSA,82,0.672766383963048,404
Changchun,SPSA,SPSA,83,0.672766383963048,404
Changchun,SPSA,SPSA,84,0.672766383963048,404
Changchun,SPSA,SPSA,85,0.672766383963048,404
Changchun,SPSA,SPSA,86,0.672766383963048,404
Changchun,SPSA,SPSA,87,0.672766383963048,404
Changchun,SPSA,SPSA,88,0.672766383963048,404
Changchun,SPSA,SPSA,89,0.672766383963048,404
Changchun,SPSA,SPSA,90,0.672766383963048,404
Changchun,SPSA,SPSA,91,0.672766383963048,404
Changchun,SPSA,SPSA,92,0.672766383963048,404
Changchun,SPSA,SPSA,93,0.672766383963048,404
Changchun,SPSA,SPSA,94,0.672766383963048,404
Changchun,SPSA,SPSA,95,0.672766383963048,404
Changchun,SPSA,SPSA,96,0.672766383963048,404
Changchun,SPSA,SPSA,97,0.672766383963048,404
Changchun,SPSA,SPSA,98,0.672766383963048,404
Changchun,SPSA,SPSA,99,0.672766383963048,404
Changchun,SPSA,SPSA,100,0.672766383963048,404
Changchun,TPE,TPE,1,0.6133993650218954,42
Changchun,TPE,TPE,2,0.6133993650218954,42
Changchun,TPE,TPE,3,0.6133993650218954,42
Changchun,TPE,TPE,4,0.603977069122399,42
Changchun,TPE,TPE,5,0.3818877256543282,42
Changchun,TPE,TPE,6,0.3818877256543282,42
Changchun,TPE,TPE,7,0.3818877256543282,42
Changchun,TPE,TPE,8,0.3818877256543282,42
Changchun,TPE,TPE,9,0.3818877256543282,42
Changchun,TPE,TPE,10,0.3818877256543282,42
Changchun,TPE,TPE,11,0.3487319239842344,42
Changchun,TPE,TPE,12,0.3487319239842344,42
Changchun,TPE,TPE,13,0.3487319239842344,42
Changchun,TPE,TPE,14,0.3487319239842344,42
Changchun,TPE,TPE,15,0.3185308633305997,42
Changchun,TPE,TPE,16,0.3185308633305997,42
Changchun,TPE,TPE,17,0.3185308633305997,42
Changchun,TPE,TPE,18,0.3185308633305997,42
Changchun,TPE,TPE,19,0.3185308633305997,42
Changchun,TPE,TPE,20,0.3185308633305997,42
Changchun,TPE,TPE,21,0.3185308633305997,42
Changchun,TPE,TPE,22,0.3138661929218744,42
Changchun,TPE,TPE,23,0.30745429175011996,42
Changchun,TPE,TPE,24,0.29284921089780075,42
Changchun,TPE,TPE,25,0.29284921089780075,42
Changchun,TPE,TPE,26,0.29284921089780075,42
Changchun,TPE,TPE,27,0.29284921089780075,42
Changchun,TPE,TPE,28,0.28842600994867573,42
Changchun,TPE,TPE,29,0.28842600994867573,42
Changchun,TPE,TPE,30,0.28842600994867573,42
Changchun,TPE,TPE,31,0.28842600994867573,42
Changchun,TPE,TPE,32,0.28842600994867573,42
Changchun,TPE,TPE,33,0.2590150837182271,42
Changchun,TPE,TPE,34,0.21496783336532543,42
Changchun,TPE,TPE,35,0.21496783336532543,42
Changchun,TPE,TPE,36,0.21496783336532543,42
Changchun,TPE,TPE,37,0.21496783336532543,42
Changchun,TPE,TPE,38,0.21496783336532543,42
Changchun,TPE,TPE,39,0.21496783336532543,42
Changchun,TPE,TPE,40,0.21496783336532543,42
Changchun,TPE,TPE,41,0.21496783336532543,42
Changchun,TPE,TPE,42,0.21496783336532543,42
Changchun,TPE,TPE,43,0.21496783336532543,42
Changchun,TPE,TPE,44,0.21496783336532543,42
Changchun,TPE,TPE,45,0.21496783336532543,42
Changchun,TPE,TPE,46,0.21496783336532543,42
Changchun,TPE,TPE,47,0.21496783336532543,42
Changchun,TPE,TPE,48,0.21496783336532543,42
Changchun,TPE,TPE,49,0.21496783336532543,42
Changchun,TPE,TPE,50,0.21496783336532543,42
Changchun,TPE,TPE,51,0.21496783336532543,42
Changchun,TPE,TPE,52,0.21496783336532543,42
Changchun,TPE,TPE,53,0.21496783336532543,42
Changchun,TPE,TPE,54,0.21496783336532543,42
Changchun,TPE,TPE,55,0.21496783336532543,42
Changchun,TPE,TPE,56,0.21496783336532543,42
Changchun,TPE,TPE,57,0.21496783336532543,42
Changchun,TPE,TPE,58,0.21496783336532543,42
Changchun,TPE,TPE,59,0.21496783336532543,42
Changchun,TPE,TPE,60,0.21496783336532543,42
Changchun,TPE,TPE,61,0.21496783336532543,42
Changchun,TPE,TPE,62,0.21496783336532543,42
Changchun,TPE,TPE,63,0.21496783336532543,42
Changchun,TPE,TPE,64,0.21496783336532543,42
Changchun,TPE,TPE,65,0.21496783336532543,42
Changchun,TPE,TPE,66,0.21496783336532543,42
Changchun,TPE,TPE,67,0.21496783336532543,42
Changchun,TPE,TPE,68,0.21496783336532543,42
Changchun,TPE,TPE,69,0.21496783336532543,42
Changchun,TPE,TPE,70,0.21496783336532543,42
Changchun,TPE,TPE,71,0.21444567824809221,42
Changchun,TPE,TPE,72,0.21444567824809221,42
Changchun,TPE,TPE,73,0.21444567824809221,42
Changchun,TPE,TPE,74,0.21444567824809221,42
Changchun,TPE,TPE,75,0.21444567824809221,42
Changchun,TPE,TPE,76,0.21444567824809221,42
Changchun,TPE,TPE,77,0.21444567824809221,42
Changchun,TPE,TPE,78,0.21444567824809221,42
Changchun,TPE,TPE,79,0.21444567824809221,42
Changchun,TPE,TPE,80,0.21444567824809221,42
Changchun,TPE,TPE,81,0.21444567824809221,42
Changchun,TPE,TPE,82,0.21444567824809221,42
Changchun,TPE,TPE,83,0.21330906813367956,42
Changchun,TPE,TPE,84,0.21330906813367956,42
Changchun,TPE,TPE,85,0.21330906813367956,42
Changchun,TPE,TPE,86,0.21330906813367956,42
Changchun,TPE,TPE,87,0.21330906813367956,42
Changchun,TPE,TPE,88,0.21330906813367956,42
Changchun,TPE,TPE,89,0.16433613239600495,42
Changchun,TPE,TPE,90,0.16433613239600495,42
Changchun,TPE,TPE,91,0.16433613239600495,42
Changchun,TPE,TPE,92,0.16433613239600495,42
Changchun,TPE,TPE,93,0.16433613239600495,42
Changchun,TPE,TPE,94,0.16433613239600495,42
Changchun,TPE,TPE,95,0.16433613239600495,42
Changchun,TPE,TPE,96,0.16433613239600495,42
Changchun,TPE,TPE,97,0.16433613239600495,42
Changchun,TPE,TPE,98,0.16433613239600495,42
Changchun,TPE,TPE,99,0.16433613239600495,42
Changchun,TPE,TPE,100,0.16433613239600495,42
Changchun,TPE,TPE,1,0.6970688068802787,101
Changchun,TPE,TPE,2,0.5230905566081323,101
Changchun,TPE,TPE,3,0.5230905566081323,101
Changchun,TPE,TPE,4,0.5230905566081323,101
Changchun,TPE,TPE,5,0.5230905566081323,101
Changchun,TPE,TPE,6,0.4747805791135101,101
Changchun,TPE,TPE,7,0.4747805791135101,101
Changchun,TPE,TPE,8,0.4747805791135101,101
Changchun,TPE,TPE,9,0.4747805791135101,101
Changchun,TPE,TPE,10,0.31088581575099694,101
Changchun,TPE,TPE,11,0.31088581575099694,101
Changchun,TPE,TPE,12,0.31088581575099694,101
Changchun,TPE,TPE,13,0.31088581575099694,101
Changchun,TPE,TPE,14,0.31088581575099694,101
Changchun,TPE,TPE,15,0.26460005050256075,101
Changchun,TPE,TPE,16,0.26460005050256075,101
Changchun,TPE,TPE,17,0.26460005050256075,101
Changchun,TPE,TPE,18,0.26460005050256075,101
Changchun,TPE,TPE,19,0.26460005050256075,101
Changchun,TPE,TPE,20,0.26460005050256075,101
Changchun,TPE,TPE,21,0.26460005050256075,101
Changchun,TPE,TPE,22,0.26460005050256075,101
Changchun,TPE,TPE,23,0.26460005050256075,101
Changchun,TPE,TPE,24,0.26460005050256075,101
Changchun,TPE,TPE,25,0.26460005050256075,101
Changchun,TPE,TPE,26,0.26460005050256075,101
Changchun,TPE,TPE,27,0.26460005050256075,101
Changchun,TPE,TPE,28,0.26460005050256075,101
Changchun,TPE,TPE,29,0.22797655083233315,101
Changchun,TPE,TPE,30,0.22797655083233315,101
Changchun,TPE,TPE,31,0.22797655083233315,101
Changchun,TPE,TPE,32,0.22797655083233315,101
Changchun,TPE,TPE,33,0.22797655083233315,101
Changchun,TPE,TPE,34,0.22797655083233315,101
Changchun,TPE,TPE,35,0.22797655083233315,101
Changchun,TPE,TPE,36,0.22797655083233315,101
Changchun,TPE,TPE,37,0.22797655083233315,101
Changchun,TPE,TPE,38,0.22797655083233315,101
Changchun,TPE,TPE,39,0.22797655083233315,101
Changchun,TPE,TPE,40,0.22797655083233315,101
Changchun,TPE,TPE,41,0.22797655083233315,101
Changchun,TPE,TPE,42,0.22797655083233315,101
Changchun,TPE,TPE,43,0.22797655083233315,101
Changchun,TPE,TPE,44,0.22797655083233315,101
Changchun,TPE,TPE,45,0.22797655083233315,101
Changchun,TPE,TPE,46,0.22797655083233315,101
Changchun,TPE,TPE,47,0.22797655083233315,101
Changchun,TPE,TPE,48,0.22797655083233315,101
Changchun,TPE,TPE,49,0.22797655083233315,101
Changchun,TPE,TPE,50,0.22797655083233315,101
Changchun,TPE,TPE,51,0.22797655083233315,101
Changchun,TPE,TPE,52,0.22797655083233315,101
Changchun,TPE,TPE,53,0.22797655083233315,101
Changchun,TPE,TPE,54,0.22797655083233315,101
Changchun,TPE,TPE,55,0.22797655083233315,101
Changchun,TPE,TPE,56,0.22797655083233315,101
Changchun,TPE,TPE,57,0.22797655083233315,101
Changchun,TPE,TPE,58,0.22797655083233315,101
Changchun,TPE,TPE,59,0.22797655083233315,101
Changchun,TPE,TPE,60,0.22797655083233315,101
Changchun,TPE,TPE,61,0.22797655083233315,101
Changchun,TPE,TPE,62,0.22797655083233315,101
Changchun,TPE,TPE,63,0.22797655083233315,101
Changchun,TPE,TPE,64,0.22354391232200194,101
Changchun,TPE,TPE,65,0.22354391232200194,101
Changchun,TPE,TPE,66,0.22354391232200194,101
Changchun,TPE,TPE,67,0.22354391232200194,101
Changchun,TPE,TPE,68,0.22354391232200194,101
Changchun,TPE,TPE,69,0.22354391232200194,101
Changchun,TPE,TPE,70,0.22354391232200194,101
Changchun,TPE,TPE,71,0.22354391232200194,101
Changchun,TPE,TPE,72,0.22354391232200194,101
Changchun,TPE,TPE,73,0.22354391232200194,101
Changchun,TPE,TPE,74,0.22354391232200194,101
Changchun,TPE,TPE,75,0.22354391232200194,101
Changchun,TPE,TPE,76,0.22354391232200194,101
Changchun,TPE,TPE,77,0.22354391232200194,101
Changchun,TPE,TPE,78,0.22354391232200194,101
Changchun,TPE,TPE,79,0.22354391232200194,101
Changchun,TPE,TPE,80,0.22354391232200194,101
Changchun,TPE,TPE,81,0.22354391232200194,101
Changchun,TPE,TPE,82,0.22112161844445793,101
Changchun,TPE,TPE,83,0.17821070211427117,101
Changchun,TPE,TPE,84,0.17821070211427117,101
Changchun,TPE,TPE,85,0.17821070211427117,101
Changchun,TPE,TPE,86,0.17821070211427117,101
Changchun,TPE,TPE,87,0.17821070211427117,101
Changchun,TPE,TPE,88,0.17821070211427117,101
Changchun,TPE,TPE,89,0.17821070211427117,101
Changchun,TPE,TPE,90,0.17821070211427117,101
Changchun,TPE,TPE,91,0.17821070211427117,101
Changchun,TPE,TPE,92,0.17821070211427117,101
Changchun,TPE,TPE,93,0.17821070211427117,101
Changchun,TPE,TPE,94,0.17821070211427117,101
Changchun,TPE,TPE,95,0.17821070211427117,101
Changchun,TPE,TPE,96,0.17821070211427117,101
Changchun,TPE,TPE,97,0.17821070211427117,101
Changchun,TPE,TPE,98,0.17821070211427117,101
Changchun,TPE,TPE,99,0.17821070211427117,101
Changchun,TPE,TPE,100,0.17821070211427117,101
Changchun,TPE,TPE,1,0.6202130472856229,202
Changchun,TPE,TPE,2,0.6202130472856229,202
Changchun,TPE,TPE,3,0.6202130472856229,202
Changchun,TPE,TPE,4,0.6202130472856229,202
Changchun,TPE,TPE,5,0.6202130472856229,202
Changchun,TPE,TPE,6,0.6202130472856229,202
Changchun,TPE,TPE,7,0.5418046279465387,202
Changchun,TPE,TPE,8,0.5022011331437853,202
Changchun,TPE,TPE,9,0.5022011331437853,202
Changchun,TPE,TPE,10,0.2988494944718605,202
Changchun,TPE,TPE,11,0.2988494944718605,202
Changchun,TPE,TPE,12,0.2988494944718605,202
Changchun,TPE,TPE,13,0.2988494944718605,202
Changchun,TPE,TPE,14,0.2988494944718605,202
Changchun,TPE,TPE,15,0.2988494944718605,202
Changchun,TPE,TPE,16,0.2796476864401516,202
Changchun,TPE,TPE,17,0.2796476864401516,202
Changchun,TPE,TPE,18,0.19971970840188094,202
Changchun,TPE,TPE,19,0.19971970840188094,202
Changchun,TPE,TPE,20,0.19971970840188094,202
Changchun,TPE,TPE,21,0.19971970840188094,202
Changchun,TPE,TPE,22,0.19971970840188094,202
Changchun,TPE,TPE,23,0.19971970840188094,202
Changchun,TPE,TPE,24,0.19971970840188094,202
Changchun,TPE,TPE,25,0.19971970840188094,202
Changchun,TPE,TPE,26,0.19971970840188094,202
Changchun,TPE,TPE,27,0.19971970840188094,202
Changchun,TPE,TPE,28,0.19971970840188094,202
Changchun,TPE,TPE,29,0.19971970840188094,202
Changchun,TPE,TPE,30,0.19971970840188094,202
Changchun,TPE,TPE,31,0.19971970840188094,202
Changchun,TPE,TPE,32,0.19971970840188094,202
Changchun,TPE,TPE,33,0.19971970840188094,202
Changchun,TPE,TPE,34,0.19971970840188094,202
Changchun,TPE,TPE,35,0.19971970840188094,202
Changchun,TPE,TPE,36,0.19971970840188094,202
Changchun,TPE,TPE,37,0.19971970840188094,202
Changchun,TPE,TPE,38,0.19971970840188094,202
Changchun,TPE,TPE,39,0.19971970840188094,202
Changchun,TPE,TPE,40,0.19971970840188094,202
Changchun,TPE,TPE,41,0.19971970840188094,202
Changchun,TPE,TPE,42,0.19971970840188094,202
Changchun,TPE,TPE,43,0.19971970840188094,202
Changchun,TPE,TPE,44,0.18209614716202221,202
Changchun,TPE,TPE,45,0.18209614716202221,202
Changchun,TPE,TPE,46,0.18209614716202221,202
Changchun,TPE,TPE,47,0.18209614716202221,202
Changchun,TPE,TPE,48,0.18209614716202221,202
Changchun,TPE,TPE,49,0.18209614716202221,202
Changchun,TPE,TPE,50,0.18209614716202221,202
Changchun,TPE,TPE,51,0.18209614716202221,202
Changchun,TPE,TPE,52,0.18209614716202221,202
Changchun,TPE,TPE,53,0.18209614716202221,202
Changchun,TPE,TPE,54,0.18209614716202221,202
Changchun,TPE,TPE,55,0.18209614716202221,202
Changchun,TPE,TPE,56,0.18209614716202221,202
Changchun,TPE,TPE,57,0.18209614716202221,202
Changchun,TPE,TPE,58,0.18209614716202221,202
Changchun,TPE,TPE,59,0.18209614716202221,202
Changchun,TPE,TPE,60,0.18209614716202221,202
Changchun,TPE,TPE,61,0.18209614716202221,202
Changchun,TPE,TPE,62,0.18209614716202221,202
Changchun,TPE,TPE,63,0.18209614716202221,202
Changchun,TPE,TPE,64,0.18209614716202221,202
Changchun,TPE,TPE,65,0.18209614716202221,202
Changchun,TPE,TPE,66,0.18209614716202221,202
Changchun,TPE,TPE,67,0.18209614716202221,202
Changchun,TPE,TPE,68,0.18209614716202221,202
Changchun,TPE,TPE,69,0.18209614716202221,202
Changchun,TPE,TPE,70,0.18209614716202221,202
Changchun,TPE,TPE,71,0.18209614716202221,202
Changchun,TPE,TPE,72,0.18209614716202221,202
Changchun,TPE,TPE,73,0.18209614716202221,202
Changchun,TPE,TPE,74,0.18209614716202221,202
Changchun,TPE,TPE,75,0.18209614716202221,202
Changchun,TPE,TPE,76,0.18209614716202221,202
Changchun,TPE,TPE,77,0.18209614716202221,202
Changchun,TPE,TPE,78,0.18209614716202221,202
Changchun,TPE,TPE,79,0.18209614716202221,202
Changchun,TPE,TPE,80,0.18209614716202221,202
Changchun,TPE,TPE,81,0.18209614716202221,202
Changchun,TPE,TPE,82,0.1808996809521477,202
Changchun,TPE,TPE,83,0.1808996809521477,202
Changchun,TPE,TPE,84,0.1808996809521477,202
Changchun,TPE,TPE,85,0.1808996809521477,202
Changchun,TPE,TPE,86,0.1808996809521477,202
Changchun,TPE,TPE,87,0.1808996809521477,202
Changchun,TPE,TPE,88,0.1808996809521477,202
Changchun,TPE,TPE,89,0.1808996809521477,202
Changchun,TPE,TPE,90,0.1808996809521477,202
Changchun,TPE,TPE,91,0.1808996809521477,202
Changchun,TPE,TPE,92,0.1808996809521477,202
Changchun,TPE,TPE,93,0.1808996809521477,202
Changchun,TPE,TPE,94,0.1808996809521477,202
Changchun,TPE,TPE,95,0.1808996809521477,202
Changchun,TPE,TPE,96,0.1808996809521477,202
Changchun,TPE,TPE,97,0.1808996809521477,202
Changchun,TPE,TPE,98,0.1808996809521477,202
Changchun,TPE,TPE,99,0.1808996809521477,202
Changchun,TPE,TPE,100,0.1808996809521477,202
Changchun,TPE,TPE,1,0.6378568448400539,303
Changchun,TPE,TPE,2,0.2855394160938492,303
Changchun,TPE,TPE,3,0.2855394160938492,303
Changchun,TPE,TPE,4,0.2855394160938492,303
Changchun,TPE,TPE,5,0.2855394160938492,303
Changchun,TPE,TPE,6,0.2855394160938492,303
Changchun,TPE,TPE,7,0.2855394160938492,303
Changchun,TPE,TPE,8,0.2855394160938492,303
Changchun,TPE,TPE,9,0.2855394160938492,303
Changchun,TPE,TPE,10,0.2855394160938492,303
Changchun,TPE,TPE,11,0.2855394160938492,303
Changchun,TPE,TPE,12,0.2855394160938492,303
Changchun,TPE,TPE,13,0.2855394160938492,303
Changchun,TPE,TPE,14,0.2855394160938492,303
Changchun,TPE,TPE,15,0.26394248783541496,303
Changchun,TPE,TPE,16,0.26394248783541496,303
Changchun,TPE,TPE,17,0.26394248783541496,303
Changchun,TPE,TPE,18,0.26394248783541496,303
Changchun,TPE,TPE,19,0.26394248783541496,303
Changchun,TPE,TPE,20,0.26394248783541496,303
Changchun,TPE,TPE,21,0.26394248783541496,303
Changchun,TPE,TPE,22,0.26058075887344784,303
Changchun,TPE,TPE,23,0.2565137629939804,303
Changchun,TPE,TPE,24,0.2565137629939804,303
Changchun,TPE,TPE,25,0.2565137629939804,303
Changchun,TPE,TPE,26,0.2565137629939804,303
Changchun,TPE,TPE,27,0.2565137629939804,303
Changchun,TPE,TPE,28,0.2565137629939804,303
Changchun,TPE,TPE,29,0.2565137629939804,303
Changchun,TPE,TPE,30,0.2565137629939804,303
Changchun,TPE,TPE,31,0.2565137629939804,303
Changchun,TPE,TPE,32,0.2565137629939804,303
Changchun,TPE,TPE,33,0.2565137629939804,303
Changchun,TPE,TPE,34,0.25136068260635874,303
Changchun,TPE,TPE,35,0.2486042922466835,303
Changchun,TPE,TPE,36,0.2486042922466835,303
Changchun,TPE,TPE,37,0.2486042922466835,303
Changchun,TPE,TPE,38,0.2486042922466835,303
Changchun,TPE,TPE,39,0.2486042922466835,303
Changchun,TPE,TPE,40,0.2486042922466835,303
Changchun,TPE,TPE,41,0.2486042922466835,303
Changchun,TPE,TPE,42,0.21578930650698097,303
Changchun,TPE,TPE,43,0.19112823320758077,303
Changchun,TPE,TPE,44,0.19112823320758077,303
Changchun,TPE,TPE,45,0.19112823320758077,303
Changchun,TPE,TPE,46,0.19112823320758077,303
Changchun,TPE,TPE,47,0.18791231536896394,303
Changchun,TPE,TPE,48,0.18791231536896394,303
Changchun,TPE,TPE,49,0.18791231536896394,303
Changchun,TPE,TPE,50,0.18791231536896394,303
Changchun,TPE,TPE,51,0.18791231536896394,303
Changchun,TPE,TPE,52,0.186028338061602,303
Changchun,TPE,TPE,53,0.186028338061602,303
Changchun,TPE,TPE,54,0.186028338061602,303
Changchun,TPE,TPE,55,0.186028338061602,303
Changchun,TPE,TPE,56,0.186028338061602,303
Changchun,TPE,TPE,57,0.186028338061602,303
Changchun,TPE,TPE,58,0.186028338061602,303
Changchun,TPE,TPE,59,0.186028338061602,303
Changchun,TPE,TPE,60,0.186028338061602,303
Changchun,TPE,TPE,61,0.186028338061602,303
Changchun,TPE,TPE,62,0.186028338061602,303
Changchun,TPE,TPE,63,0.186028338061602,303
Changchun,TPE,TPE,64,0.186028338061602,303
Changchun,TPE,TPE,65,0.186028338061602,303
Changchun,TPE,TPE,66,0.186028338061602,303
Changchun,TPE,TPE,67,0.186028338061602,303
Changchun,TPE,TPE,68,0.186028338061602,303
Changchun,TPE,TPE,69,0.186028338061602,303
Changchun,TPE,TPE,70,0.186028338061602,303
Changchun,TPE,TPE,71,0.186028338061602,303
Changchun,TPE,TPE,72,0.186028338061602,303
Changchun,TPE,TPE,73,0.17174568375724733,303
Changchun,TPE,TPE,74,0.17174568375724733,303
Changchun,TPE,TPE,75,0.17174568375724733,303
Changchun,TPE,TPE,76,0.17174568375724733,303
Changchun,TPE,TPE,77,0.17083709528671345,303
Changchun,TPE,TPE,78,0.17083709528671345,303
Changchun,TPE,TPE,79,0.17083709528671345,303
Changchun,TPE,TPE,80,0.17083709528671345,303
Changchun,TPE,TPE,81,0.17083709528671345,303
Changchun,TPE,TPE,82,0.14811591631480972,303
Changchun,TPE,TPE,83,0.14811591631480972,303
Changchun,TPE,TPE,84,0.14811591631480972,303
Changchun,TPE,TPE,85,0.14811591631480972,303
Changchun,TPE,TPE,86,0.14811591631480972,303
Changchun,TPE,TPE,87,0.14811591631480972,303
Changchun,TPE,TPE,88,0.14811591631480972,303
Changchun,TPE,TPE,89,0.14811591631480972,303
Changchun,TPE,TPE,90,0.14811591631480972,303
Changchun,TPE,TPE,91,0.14811591631480972,303
Changchun,TPE,TPE,92,0.14811591631480972,303
Changchun,TPE,TPE,93,0.14811591631480972,303
Changchun,TPE,TPE,94,0.14811591631480972,303
Changchun,TPE,TPE,95,0.14811591631480972,303
Changchun,TPE,TPE,96,0.14811591631480972,303
Changchun,TPE,TPE,97,0.14811591631480972,303
Changchun,TPE,TPE,98,0.14811591631480972,303
Changchun,TPE,TPE,99,0.14811591631480972,303
Changchun,TPE,TPE,100,0.14811591631480972,303
Changchun,TPE,TPE,1,0.5635457725186075,404
Changchun,TPE,TPE,2,0.46567579671167614,404
Changchun,TPE,TPE,3,0.46567579671167614,404
Changchun,TPE,TPE,4,0.46567579671167614,404
Changchun,TPE,TPE,5,0.17446028825755322,404
Changchun,TPE,TPE,6,0.17446028825755322,404
Changchun,TPE,TPE,7,0.17446028825755322,404
Changchun,TPE,TPE,8,0.17446028825755322,404
Changchun,TPE,TPE,9,0.17446028825755322,404
Changchun,TPE,TPE,10,0.17446028825755322,404
Changchun,TPE,TPE,11,0.17446028825755322,404
Changchun,TPE,TPE,12,0.17446028825755322,404
Changchun,TPE,TPE,13,0.17446028825755322,404
Changchun,TPE,TPE,14,0.17446028825755322,404
Changchun,TPE,TPE,15,0.17446028825755322,404
Changchun,TPE,TPE,16,0.17446028825755322,404
Changchun,TPE,TPE,17,0.17446028825755322,404
Changchun,TPE,TPE,18,0.17446028825755322,404
Changchun,TPE,TPE,19,0.17446028825755322,404
Changchun,TPE,TPE,20,0.17446028825755322,404
Changchun,TPE,TPE,21,0.17446028825755322,404
Changchun,TPE,TPE,22,0.17446028825755322,404
Changchun,TPE,TPE,23,0.17446028825755322,404
Changchun,TPE,TPE,24,0.17446028825755322,404
Changchun,TPE,TPE,25,0.17446028825755322,404
Changchun,TPE,TPE,26,0.17446028825755322,404
Changchun,TPE,TPE,27,0.17446028825755322,404
Changchun,TPE,TPE,28,0.17446028825755322,404
Changchun,TPE,TPE,29,0.17446028825755322,404
Changchun,TPE,TPE,30,0.17446028825755322,404
Changchun,TPE,TPE,31,0.17446028825755322,404
Changchun,TPE,TPE,32,0.17446028825755322,404
Changchun,TPE,TPE,33,0.17446028825755322,404
Changchun,TPE,TPE,34,0.17446028825755322,404
Changchun,TPE,TPE,35,0.17446028825755322,404
Changchun,TPE,TPE,36,0.17446028825755322,404
Changchun,TPE,TPE,37,0.1662722285710847,404
Changchun,TPE,TPE,38,0.1662722285710847,404
Changchun,TPE,TPE,39,0.1662722285710847,404
Changchun,TPE,TPE,40,0.1662722285710847,404
Changchun,TPE,TPE,41,0.1662722285710847,404
Changchun,TPE,TPE,42,0.1662722285710847,404
Changchun,TPE,TPE,43,0.1662722285710847,404
Changchun,TPE,TPE,44,0.1662722285710847,404
Changchun,TPE,TPE,45,0.1662722285710847,404
Changchun,TPE,TPE,46,0.1662722285710847,404
Changchun,TPE,TPE,47,0.1662722285710847,404
Changchun,TPE,TPE,48,0.1662722285710847,404
Changchun,TPE,TPE,49,0.16352148492233928,404
Changchun,TPE,TPE,50,0.16352148492233928,404
Changchun,TPE,TPE,51,0.16352148492233928,404
Changchun,TPE,TPE,52,0.16352148492233928,404
Changchun,TPE,TPE,53,0.16352148492233928,404
Changchun,TPE,TPE,54,0.16352148492233928,404
Changchun,TPE,TPE,55,0.16352148492233928,404
Changchun,TPE,TPE,56,0.16352148492233928,404
Changchun,TPE,TPE,57,0.16352148492233928,404
Changchun,TPE,TPE,58,0.16352148492233928,404
Changchun,TPE,TPE,59,0.16352148492233928,404
Changchun,TPE,TPE,60,0.16352148492233928,404
Changchun,TPE,TPE,61,0.16352148492233928,404
Changchun,TPE,TPE,62,0.16352148492233928,404
Changchun,TPE,TPE,63,0.16352148492233928,404
Changchun,TPE,TPE,64,0.16352148492233928,404
Changchun,TPE,TPE,65,0.16352148492233928,404
Changchun,TPE,TPE,66,0.16352148492233928,404
Changchun,TPE,TPE,67,0.16352148492233928,404
Changchun,TPE,TPE,68,0.16352148492233928,404
Changchun,TPE,TPE,69,0.16352148492233928,404
Changchun,TPE,TPE,70,0.16352148492233928,404
Changchun,TPE,TPE,71,0.16352148492233928,404
Changchun,TPE,TPE,72,0.16352148492233928,404
Changchun,TPE,TPE,73,0.16352148492233928,404
Changchun,TPE,TPE,74,0.16352148492233928,404
Changchun,TPE,TPE,75,0.16352148492233928,404
Changchun,TPE,TPE,76,0.16352148492233928,404
Changchun,TPE,TPE,77,0.16352148492233928,404
Changchun,TPE,TPE,78,0.16352148492233928,404
Changchun,TPE,TPE,79,0.16352148492233928,404
Changchun,TPE,TPE,80,0.16352148492233928,404
Changchun,TPE,TPE,81,0.16352148492233928,404
Changchun,TPE,TPE,82,0.16352148492233928,404
Changchun,TPE,TPE,83,0.16352148492233928,404
Changchun,TPE,TPE,84,0.16352148492233928,404
Changchun,TPE,TPE,85,0.16352148492233928,404
Changchun,TPE,TPE,86,0.16352148492233928,404
Changchun,TPE,TPE,87,0.16352148492233928,404
Changchun,TPE,TPE,88,0.16352148492233928,404
Changchun,TPE,TPE,89,0.16352148492233928,404
Changchun,TPE,TPE,90,0.16352148492233928,404
Changchun,TPE,TPE,91,0.16352148492233928,404
Changchun,TPE,TPE,92,0.16352148492233928,404
Changchun,TPE,TPE,93,0.16352148492233928,404
Changchun,TPE,TPE,94,0.16352148492233928,404
Changchun,TPE,TPE,95,0.16352148492233928,404
Changchun,TPE,TPE,96,0.16352148492233928,404
Changchun,TPE,TPE,97,0.16352148492233928,404
Changchun,TPE,TPE,98,0.16352148492233928,404
Changchun,TPE,TPE,99,0.16352148492233928,404
Changchun,TPE,TPE,100,0.16352148492233928,404
RML,BF-SAC-GP,BF-SAC-GP,1,1.035814,42
RML,BF-SAC-GP,BF-SAC-GP,2,0.986152,42
RML,BF-SAC-GP,BF-SAC-GP,3,0.757378,42
RML,BF-SAC-GP,BF-SAC-GP,4,0.696865,42
RML,BF-SAC-GP,BF-SAC-GP,5,0.696865,42
RML,BF-SAC-GP,BF-SAC-GP,6,0.696865,42
RML,BF-SAC-GP,BF-SAC-GP,7,0.696865,42
RML,BF-SAC-GP,BF-SAC-GP,8,0.696865,42
RML,BF-SAC-GP,BF-SAC-GP,9,0.696865,42
RML,BF-SAC-GP,BF-SAC-GP,10,0.696865,42
RML,BF-SAC-GP,BF-SAC-GP,11,0.696865,42
RML,BF-SAC-GP,BF-SAC-GP,12,0.696865,42
RML,BF-SAC-GP,BF-SAC-GP,13,0.696865,42
RML,BF-SAC-GP,BF-SAC-GP,14,0.696865,42
RML,BF-SAC-GP,BF-SAC-GP,15,0.696865,42
RML,BF-SAC-GP,BF-SAC-GP,16,0.696865,42
RML,BF-SAC-GP,BF-SAC-GP,17,0.696865,42
RML,BF-SAC-GP,BF-SAC-GP,18,0.467181,42
RML,BF-SAC-GP,BF-SAC-GP,19,0.467181,42
RML,BF-SAC-GP,BF-SAC-GP,20,0.467181,42
RML,BF-SAC-GP,BF-SAC-GP,21,0.467181,42
RML,BF-SAC-GP,BF-SAC-GP,22,0.467181,42
RML,BF-SAC-GP,BF-SAC-GP,23,0.467181,42
RML,BF-SAC-GP,BF-SAC-GP,24,0.467181,42
RML,BF-SAC-GP,BF-SAC-GP,25,0.467181,42
RML,BF-SAC-GP,BF-SAC-GP,26,0.467181,42
RML,BF-SAC-GP,BF-SAC-GP,27,0.467181,42
RML,BF-SAC-GP,BF-SAC-GP,28,0.467181,42
RML,BF-SAC-GP,BF-SAC-GP,29,0.467181,42
RML,BF-SAC-GP,BF-SAC-GP,30,0.467181,42
RML,BF-SAC-GP,BF-SAC-GP,31,0.467181,42
RML,BF-SAC-GP,BF-SAC-GP,32,0.467181,42
RML,BF-SAC-GP,BF-SAC-GP,33,0.467181,42
RML,BF-SAC-GP,BF-SAC-GP,34,0.467181,42
RML,BF-SAC-GP,BF-SAC-GP,35,0.467181,42
RML,BF-SAC-GP,BF-SAC-GP,36,0.467181,42
RML,BF-SAC-GP,BF-SAC-GP,37,0.467181,42
RML,BF-SAC-GP,BF-SAC-GP,38,0.467181,42
RML,BF-SAC-GP,BF-SAC-GP,39,0.467181,42
RML,BF-SAC-GP,BF-SAC-GP,40,0.467181,42
RML,BF-SAC-GP,BF-SAC-GP,41,0.467181,42
RML,BF-SAC-GP,BF-SAC-GP,42,0.467181,42
RML,BF-SAC-GP,BF-SAC-GP,43,0.443652,42
RML,BF-SAC-GP,BF-SAC-GP,44,0.443652,42
RML,BF-SAC-GP,BF-SAC-GP,45,0.443652,42
RML,BF-SAC-GP,BF-SAC-GP,46,0.440245,42
RML,BF-SAC-GP,BF-SAC-GP,47,0.440245,42
RML,BF-SAC-GP,BF-SAC-GP,48,0.433296,42
RML,BF-SAC-GP,BF-SAC-GP,49,0.433296,42
RML,BF-SAC-GP,BF-SAC-GP,50,0.433296,42
RML,BF-SAC-GP,BF-SAC-GP,51,0.433296,42
RML,BF-SAC-GP,BF-SAC-GP,52,0.433296,42
RML,BF-SAC-GP,BF-SAC-GP,53,0.433296,42
RML,BF-SAC-GP,BF-SAC-GP,54,0.433296,42
RML,BF-SAC-GP,BF-SAC-GP,55,0.433296,42
RML,BF-SAC-GP,BF-SAC-GP,56,0.433296,42
RML,BF-SAC-GP,BF-SAC-GP,57,0.433296,42
RML,BF-SAC-GP,BF-SAC-GP,58,0.433296,42
RML,BF-SAC-GP,BF-SAC-GP,59,0.433296,42
RML,BF-SAC-GP,BF-SAC-GP,60,0.433296,42
RML,BF-SAC-GP,BF-SAC-GP,61,0.433296,42
RML,BF-SAC-GP,BF-SAC-GP,62,0.433296,42
RML,BF-SAC-GP,BF-SAC-GP,63,0.433296,42
RML,BF-SAC-GP,BF-SAC-GP,64,0.433296,42
RML,BF-SAC-GP,BF-SAC-GP,65,0.433296,42
RML,BF-SAC-GP,BF-SAC-GP,66,0.433296,42
RML,BF-SAC-GP,BF-SAC-GP,67,0.430917,42
RML,BF-SAC-GP,BF-SAC-GP,68,0.430917,42
RML,BF-SAC-GP,BF-SAC-GP,69,0.430917,42
RML,BF-SAC-GP,BF-SAC-GP,70,0.430917,42
RML,BF-SAC-GP,BF-SAC-GP,71,0.430917,42
RML,BF-SAC-GP,BF-SAC-GP,72,0.430917,42
RML,BF-SAC-GP,BF-SAC-GP,73,0.430917,42
RML,BF-SAC-GP,BF-SAC-GP,74,0.430917,42
RML,BF-SAC-GP,BF-SAC-GP,75,0.430917,42
RML,BF-SAC-GP,BF-SAC-GP,76,0.430917,42
RML,BF-SAC-GP,BF-SAC-GP,77,0.430917,42
RML,BF-SAC-GP,BF-SAC-GP,78,0.430917,42
RML,BF-SAC-GP,BF-SAC-GP,79,0.430917,42
RML,BF-SAC-GP,BF-SAC-GP,80,0.415571,42
RML,BF-SAC-GP,BF-SAC-GP,81,0.415571,42
RML,BF-SAC-GP,BF-SAC-GP,82,0.415571,42
RML,BF-SAC-GP,BF-SAC-GP,83,0.409661,42
RML,BF-SAC-GP,BF-SAC-GP,84,0.408209,42
RML,BF-SAC-GP,BF-SAC-GP,85,0.408209,42
RML,BF-SAC-GP,BF-SAC-GP,86,0.408209,42
RML,BF-SAC-GP,BF-SAC-GP,87,0.408209,42
RML,BF-SAC-GP,BF-SAC-GP,88,0.408209,42
RML,BF-SAC-GP,BF-SAC-GP,89,0.408209,42
RML,BF-SAC-GP,BF-SAC-GP,90,0.408209,42
RML,BF-SAC-GP,BF-SAC-GP,91,0.40707,42
RML,BF-SAC-GP,BF-SAC-GP,92,0.39751,42
RML,BF-SAC-GP,BF-SAC-GP,93,0.39751,42
RML,BF-SAC-GP,BF-SAC-GP,94,0.39751,42
RML,BF-SAC-GP,BF-SAC-GP,95,0.39751,42
RML,BF-SAC-GP,BF-SAC-GP,96,0.39751,42
RML,BF-SAC-GP,BF-SAC-GP,97,0.39751,42
RML,BF-SAC-GP,BF-SAC-GP,98,0.39751,42
RML,BF-SAC-GP,BF-SAC-GP,99,0.39751,42
RML,BF-SAC-GP,BF-SAC-GP,100,0.39751,42
RML,BF-SAC-GP,BF-SAC-GP,1,0.823451,101
RML,BF-SAC-GP,BF-SAC-GP,2,0.823451,101
RML,BF-SAC-GP,BF-SAC-GP,3,0.755656,101
RML,BF-SAC-GP,BF-SAC-GP,4,0.755656,101
RML,BF-SAC-GP,BF-SAC-GP,5,0.755656,101
RML,BF-SAC-GP,BF-SAC-GP,6,0.755656,101
RML,BF-SAC-GP,BF-SAC-GP,7,0.755656,101
RML,BF-SAC-GP,BF-SAC-GP,8,0.56266,101
RML,BF-SAC-GP,BF-SAC-GP,9,0.56266,101
RML,BF-SAC-GP,BF-SAC-GP,10,0.56266,101
RML,BF-SAC-GP,BF-SAC-GP,11,0.56266,101
RML,BF-SAC-GP,BF-SAC-GP,12,0.56266,101
RML,BF-SAC-GP,BF-SAC-GP,13,0.56266,101
RML,BF-SAC-GP,BF-SAC-GP,14,0.56266,101
RML,BF-SAC-GP,BF-SAC-GP,15,0.56266,101
RML,BF-SAC-GP,BF-SAC-GP,16,0.56266,101
RML,BF-SAC-GP,BF-SAC-GP,17,0.56266,101
RML,BF-SAC-GP,BF-SAC-GP,18,0.56266,101
RML,BF-SAC-GP,BF-SAC-GP,19,0.56266,101
RML,BF-SAC-GP,BF-SAC-GP,20,0.56266,101
RML,BF-SAC-GP,BF-SAC-GP,21,0.56266,101
RML,BF-SAC-GP,BF-SAC-GP,22,0.56266,101
RML,BF-SAC-GP,BF-SAC-GP,23,0.56266,101
RML,BF-SAC-GP,BF-SAC-GP,24,0.56266,101
RML,BF-SAC-GP,BF-SAC-GP,25,0.54305,101
RML,BF-SAC-GP,BF-SAC-GP,26,0.54305,101
RML,BF-SAC-GP,BF-SAC-GP,27,0.54305,101
RML,BF-SAC-GP,BF-SAC-GP,28,0.54305,101
RML,BF-SAC-GP,BF-SAC-GP,29,0.54305,101
RML,BF-SAC-GP,BF-SAC-GP,30,0.54305,101
RML,BF-SAC-GP,BF-SAC-GP,31,0.54305,101
RML,BF-SAC-GP,BF-SAC-GP,32,0.54305,101
RML,BF-SAC-GP,BF-SAC-GP,33,0.54305,101
RML,BF-SAC-GP,BF-SAC-GP,34,0.54305,101
RML,BF-SAC-GP,BF-SAC-GP,35,0.54305,101
RML,BF-SAC-GP,BF-SAC-GP,36,0.54305,101
RML,BF-SAC-GP,BF-SAC-GP,37,0.54305,101
RML,BF-SAC-GP,BF-SAC-GP,38,0.54305,101
RML,BF-SAC-GP,BF-SAC-GP,39,0.54305,101
RML,BF-SAC-GP,BF-SAC-GP,40,0.54305,101
RML,BF-SAC-GP,BF-SAC-GP,41,0.474234,101
RML,BF-SAC-GP,BF-SAC-GP,42,0.474234,101
RML,BF-SAC-GP,BF-SAC-GP,43,0.474234,101
RML,BF-SAC-GP,BF-SAC-GP,44,0.474234,101
RML,BF-SAC-GP,BF-SAC-GP,45,0.474234,101
RML,BF-SAC-GP,BF-SAC-GP,46,0.474234,101
RML,BF-SAC-GP,BF-SAC-GP,47,0.474234,101
RML,BF-SAC-GP,BF-SAC-GP,48,0.474234,101
RML,BF-SAC-GP,BF-SAC-GP,49,0.451427,101
RML,BF-SAC-GP,BF-SAC-GP,50,0.451427,101
RML,BF-SAC-GP,BF-SAC-GP,51,0.446591,101
RML,BF-SAC-GP,BF-SAC-GP,52,0.446591,101
RML,BF-SAC-GP,BF-SAC-GP,53,0.444697,101
RML,BF-SAC-GP,BF-SAC-GP,54,0.428129,101
RML,BF-SAC-GP,BF-SAC-GP,55,0.428129,101
RML,BF-SAC-GP,BF-SAC-GP,56,0.428129,101
RML,BF-SAC-GP,BF-SAC-GP,57,0.428129,101
RML,BF-SAC-GP,BF-SAC-GP,58,0.428129,101
RML,BF-SAC-GP,BF-SAC-GP,59,0.426448,101
RML,BF-SAC-GP,BF-SAC-GP,60,0.426448,101
RML,BF-SAC-GP,BF-SAC-GP,61,0.426448,101
RML,BF-SAC-GP,BF-SAC-GP,62,0.426448,101
RML,BF-SAC-GP,BF-SAC-GP,63,0.426448,101
RML,BF-SAC-GP,BF-SAC-GP,64,0.426366,101
RML,BF-SAC-GP,BF-SAC-GP,65,0.426366,101
RML,BF-SAC-GP,BF-SAC-GP,66,0.426366,101
RML,BF-SAC-GP,BF-SAC-GP,67,0.426366,101
RML,BF-SAC-GP,BF-SAC-GP,68,0.426366,101
RML,BF-SAC-GP,BF-SAC-GP,69,0.426366,101
RML,BF-SAC-GP,BF-SAC-GP,70,0.426366,101
RML,BF-SAC-GP,BF-SAC-GP,71,0.426366,101
RML,BF-SAC-GP,BF-SAC-GP,72,0.426366,101
RML,BF-SAC-GP,BF-SAC-GP,73,0.426366,101
RML,BF-SAC-GP,BF-SAC-GP,74,0.423556,101
RML,BF-SAC-GP,BF-SAC-GP,75,0.423556,101
RML,BF-SAC-GP,BF-SAC-GP,76,0.418858,101
RML,BF-SAC-GP,BF-SAC-GP,77,0.418858,101
RML,BF-SAC-GP,BF-SAC-GP,78,0.418858,101
RML,BF-SAC-GP,BF-SAC-GP,79,0.414072,101
RML,BF-SAC-GP,BF-SAC-GP,80,0.414072,101
RML,BF-SAC-GP,BF-SAC-GP,81,0.414072,101
RML,BF-SAC-GP,BF-SAC-GP,82,0.398663,101
RML,BF-SAC-GP,BF-SAC-GP,83,0.398663,101
RML,BF-SAC-GP,BF-SAC-GP,84,0.398663,101
RML,BF-SAC-GP,BF-SAC-GP,85,0.398663,101
RML,BF-SAC-GP,BF-SAC-GP,86,0.398663,101
RML,BF-SAC-GP,BF-SAC-GP,87,0.398663,101
RML,BF-SAC-GP,BF-SAC-GP,88,0.398663,101
RML,BF-SAC-GP,BF-SAC-GP,89,0.398663,101
RML,BF-SAC-GP,BF-SAC-GP,90,0.398663,101
RML,BF-SAC-GP,BF-SAC-GP,91,0.398663,101
RML,BF-SAC-GP,BF-SAC-GP,92,0.398663,101
RML,BF-SAC-GP,BF-SAC-GP,93,0.398663,101
RML,BF-SAC-GP,BF-SAC-GP,94,0.398663,101
RML,BF-SAC-GP,BF-SAC-GP,95,0.398663,101
RML,BF-SAC-GP,BF-SAC-GP,96,0.398663,101
RML,BF-SAC-GP,BF-SAC-GP,97,0.398663,101
RML,BF-SAC-GP,BF-SAC-GP,98,0.398663,101
RML,BF-SAC-GP,BF-SAC-GP,99,0.398663,101
RML,BF-SAC-GP,BF-SAC-GP,100,0.398663,101
RML,BF-SAC-GP,BF-SAC-GP,1,0.745222,202
RML,BF-SAC-GP,BF-SAC-GP,2,0.745222,202
RML,BF-SAC-GP,BF-SAC-GP,3,0.745222,202
RML,BF-SAC-GP,BF-SAC-GP,4,0.745222,202
RML,BF-SAC-GP,BF-SAC-GP,5,0.745222,202
RML,BF-SAC-GP,BF-SAC-GP,6,0.745222,202
RML,BF-SAC-GP,BF-SAC-GP,7,0.745222,202
RML,BF-SAC-GP,BF-SAC-GP,8,0.658762,202
RML,BF-SAC-GP,BF-SAC-GP,9,0.658762,202
RML,BF-SAC-GP,BF-SAC-GP,10,0.658762,202
RML,BF-SAC-GP,BF-SAC-GP,11,0.658762,202
RML,BF-SAC-GP,BF-SAC-GP,12,0.658762,202
RML,BF-SAC-GP,BF-SAC-GP,13,0.658762,202
RML,BF-SAC-GP,BF-SAC-GP,14,0.515626,202
RML,BF-SAC-GP,BF-SAC-GP,15,0.515626,202
RML,BF-SAC-GP,BF-SAC-GP,16,0.515626,202
RML,BF-SAC-GP,BF-SAC-GP,17,0.515626,202
RML,BF-SAC-GP,BF-SAC-GP,18,0.515626,202
RML,BF-SAC-GP,BF-SAC-GP,19,0.515626,202
RML,BF-SAC-GP,BF-SAC-GP,20,0.515626,202
RML,BF-SAC-GP,BF-SAC-GP,21,0.515626,202
RML,BF-SAC-GP,BF-SAC-GP,22,0.515626,202
RML,BF-SAC-GP,BF-SAC-GP,23,0.515626,202
RML,BF-SAC-GP,BF-SAC-GP,24,0.515626,202
RML,BF-SAC-GP,BF-SAC-GP,25,0.515626,202
RML,BF-SAC-GP,BF-SAC-GP,26,0.515626,202
RML,BF-SAC-GP,BF-SAC-GP,27,0.515626,202
RML,BF-SAC-GP,BF-SAC-GP,28,0.515626,202
RML,BF-SAC-GP,BF-SAC-GP,29,0.515626,202
RML,BF-SAC-GP,BF-SAC-GP,30,0.515626,202
RML,BF-SAC-GP,BF-SAC-GP,31,0.515626,202
RML,BF-SAC-GP,BF-SAC-GP,32,0.515626,202
RML,BF-SAC-GP,BF-SAC-GP,33,0.515626,202
RML,BF-SAC-GP,BF-SAC-GP,34,0.515626,202
RML,BF-SAC-GP,BF-SAC-GP,35,0.515626,202
RML,BF-SAC-GP,BF-SAC-GP,36,0.515626,202
RML,BF-SAC-GP,BF-SAC-GP,37,0.515626,202
RML,BF-SAC-GP,BF-SAC-GP,38,0.515626,202
RML,BF-SAC-GP,BF-SAC-GP,39,0.515626,202
RML,BF-SAC-GP,BF-SAC-GP,40,0.515626,202
RML,BF-SAC-GP,BF-SAC-GP,41,0.47922,202
RML,BF-SAC-GP,BF-SAC-GP,42,0.47922,202
RML,BF-SAC-GP,BF-SAC-GP,43,0.459695,202
RML,BF-SAC-GP,BF-SAC-GP,44,0.459695,202
RML,BF-SAC-GP,BF-SAC-GP,45,0.459695,202
RML,BF-SAC-GP,BF-SAC-GP,46,0.459695,202
RML,BF-SAC-GP,BF-SAC-GP,47,0.459695,202
RML,BF-SAC-GP,BF-SAC-GP,48,0.459695,202
RML,BF-SAC-GP,BF-SAC-GP,49,0.459695,202
RML,BF-SAC-GP,BF-SAC-GP,50,0.459695,202
RML,BF-SAC-GP,BF-SAC-GP,51,0.459695,202
RML,BF-SAC-GP,BF-SAC-GP,52,0.459695,202
RML,BF-SAC-GP,BF-SAC-GP,53,0.459695,202
RML,BF-SAC-GP,BF-SAC-GP,54,0.459695,202
RML,BF-SAC-GP,BF-SAC-GP,55,0.448079,202
RML,BF-SAC-GP,BF-SAC-GP,56,0.448079,202
RML,BF-SAC-GP,BF-SAC-GP,57,0.448079,202
RML,BF-SAC-GP,BF-SAC-GP,58,0.439031,202
RML,BF-SAC-GP,BF-SAC-GP,59,0.439031,202
RML,BF-SAC-GP,BF-SAC-GP,60,0.439031,202
RML,BF-SAC-GP,BF-SAC-GP,61,0.439031,202
RML,BF-SAC-GP,BF-SAC-GP,62,0.439031,202
RML,BF-SAC-GP,BF-SAC-GP,63,0.439031,202
RML,BF-SAC-GP,BF-SAC-GP,64,0.439031,202
RML,BF-SAC-GP,BF-SAC-GP,65,0.439031,202
RML,BF-SAC-GP,BF-SAC-GP,66,0.439031,202
RML,BF-SAC-GP,BF-SAC-GP,67,0.439031,202
RML,BF-SAC-GP,BF-SAC-GP,68,0.439031,202
RML,BF-SAC-GP,BF-SAC-GP,69,0.439031,202
RML,BF-SAC-GP,BF-SAC-GP,70,0.439031,202
RML,BF-SAC-GP,BF-SAC-GP,71,0.439031,202
RML,BF-SAC-GP,BF-SAC-GP,72,0.439031,202
RML,BF-SAC-GP,BF-SAC-GP,73,0.439031,202
RML,BF-SAC-GP,BF-SAC-GP,74,0.439031,202
RML,BF-SAC-GP,BF-SAC-GP,75,0.439031,202
RML,BF-SAC-GP,BF-SAC-GP,76,0.439031,202
RML,BF-SAC-GP,BF-SAC-GP,77,0.439031,202
RML,BF-SAC-GP,BF-SAC-GP,78,0.439031,202
RML,BF-SAC-GP,BF-SAC-GP,79,0.439031,202
RML,BF-SAC-GP,BF-SAC-GP,80,0.439031,202
RML,BF-SAC-GP,BF-SAC-GP,81,0.439031,202
RML,BF-SAC-GP,BF-SAC-GP,82,0.439031,202
RML,BF-SAC-GP,BF-SAC-GP,83,0.439031,202
RML,BF-SAC-GP,BF-SAC-GP,84,0.433221,202
RML,BF-SAC-GP,BF-SAC-GP,85,0.433221,202
RML,BF-SAC-GP,BF-SAC-GP,86,0.433221,202
RML,BF-SAC-GP,BF-SAC-GP,87,0.433221,202
RML,BF-SAC-GP,BF-SAC-GP,88,0.433221,202
RML,BF-SAC-GP,BF-SAC-GP,89,0.433221,202
RML,BF-SAC-GP,BF-SAC-GP,90,0.433221,202
RML,BF-SAC-GP,BF-SAC-GP,91,0.433221,202
RML,BF-SAC-GP,BF-SAC-GP,92,0.433221,202
RML,BF-SAC-GP,BF-SAC-GP,93,0.433221,202
RML,BF-SAC-GP,BF-SAC-GP,94,0.433221,202
RML,BF-SAC-GP,BF-SAC-GP,95,0.433221,202
RML,BF-SAC-GP,BF-SAC-GP,96,0.433221,202
RML,BF-SAC-GP,BF-SAC-GP,97,0.433221,202
RML,BF-SAC-GP,BF-SAC-GP,98,0.433221,202
RML,BF-SAC-GP,BF-SAC-GP,99,0.433221,202
RML,BF-SAC-GP,BF-SAC-GP,100,0.433221,202
RML,BF-SAC-GP,BF-SAC-GP,1,0.671441,303
RML,BF-SAC-GP,BF-SAC-GP,2,0.671441,303
RML,BF-SAC-GP,BF-SAC-GP,3,0.671441,303
RML,BF-SAC-GP,BF-SAC-GP,4,0.671441,303
RML,BF-SAC-GP,BF-SAC-GP,5,0.671441,303
RML,BF-SAC-GP,BF-SAC-GP,6,0.671441,303
RML,BF-SAC-GP,BF-SAC-GP,7,0.671441,303
RML,BF-SAC-GP,BF-SAC-GP,8,0.671441,303
RML,BF-SAC-GP,BF-SAC-GP,9,0.671441,303
RML,BF-SAC-GP,BF-SAC-GP,10,0.536923,303
RML,BF-SAC-GP,BF-SAC-GP,11,0.536923,303
RML,BF-SAC-GP,BF-SAC-GP,12,0.536923,303
RML,BF-SAC-GP,BF-SAC-GP,13,0.536923,303
RML,BF-SAC-GP,BF-SAC-GP,14,0.536923,303
RML,BF-SAC-GP,BF-SAC-GP,15,0.499018,303
RML,BF-SAC-GP,BF-SAC-GP,16,0.499018,303
RML,BF-SAC-GP,BF-SAC-GP,17,0.499018,303
RML,BF-SAC-GP,BF-SAC-GP,18,0.499018,303
RML,BF-SAC-GP,BF-SAC-GP,19,0.499018,303
RML,BF-SAC-GP,BF-SAC-GP,20,0.499018,303
RML,BF-SAC-GP,BF-SAC-GP,21,0.499018,303
RML,BF-SAC-GP,BF-SAC-GP,22,0.499018,303
RML,BF-SAC-GP,BF-SAC-GP,23,0.499018,303
RML,BF-SAC-GP,BF-SAC-GP,24,0.499018,303
RML,BF-SAC-GP,BF-SAC-GP,25,0.499018,303
RML,BF-SAC-GP,BF-SAC-GP,26,0.499018,303
RML,BF-SAC-GP,BF-SAC-GP,27,0.499018,303
RML,BF-SAC-GP,BF-SAC-GP,28,0.499018,303
RML,BF-SAC-GP,BF-SAC-GP,29,0.499018,303
RML,BF-SAC-GP,BF-SAC-GP,30,0.499018,303
RML,BF-SAC-GP,BF-SAC-GP,31,0.499018,303
RML,BF-SAC-GP,BF-SAC-GP,32,0.499018,303
RML,BF-SAC-GP,BF-SAC-GP,33,0.499018,303
RML,BF-SAC-GP,BF-SAC-GP,34,0.499018,303
RML,BF-SAC-GP,BF-SAC-GP,35,0.499018,303
RML,BF-SAC-GP,BF-SAC-GP,36,0.499018,303
RML,BF-SAC-GP,BF-SAC-GP,37,0.499018,303
RML,BF-SAC-GP,BF-SAC-GP,38,0.499018,303
RML,BF-SAC-GP,BF-SAC-GP,39,0.499018,303
RML,BF-SAC-GP,BF-SAC-GP,40,0.499018,303
RML,BF-SAC-GP,BF-SAC-GP,41,0.499018,303
RML,BF-SAC-GP,BF-SAC-GP,42,0.431427,303
RML,BF-SAC-GP,BF-SAC-GP,43,0.431427,303
RML,BF-SAC-GP,BF-SAC-GP,44,0.427965,303
RML,BF-SAC-GP,BF-SAC-GP,45,0.427965,303
RML,BF-SAC-GP,BF-SAC-GP,46,0.427965,303
RML,BF-SAC-GP,BF-SAC-GP,47,0.427965,303
RML,BF-SAC-GP,BF-SAC-GP,48,0.427965,303
RML,BF-SAC-GP,BF-SAC-GP,49,0.427965,303
RML,BF-SAC-GP,BF-SAC-GP,50,0.426222,303
RML,BF-SAC-GP,BF-SAC-GP,51,0.426222,303
RML,BF-SAC-GP,BF-SAC-GP,52,0.420897,303
RML,BF-SAC-GP,BF-SAC-GP,53,0.420897,303
RML,BF-SAC-GP,BF-SAC-GP,54,0.420897,303
RML,BF-SAC-GP,BF-SAC-GP,55,0.420897,303
RML,BF-SAC-GP,BF-SAC-GP,56,0.420897,303
RML,BF-SAC-GP,BF-SAC-GP,57,0.420897,303
RML,BF-SAC-GP,BF-SAC-GP,58,0.420897,303
RML,BF-SAC-GP,BF-SAC-GP,59,0.420897,303
RML,BF-SAC-GP,BF-SAC-GP,60,0.420897,303
RML,BF-SAC-GP,BF-SAC-GP,61,0.414395,303
RML,BF-SAC-GP,BF-SAC-GP,62,0.414395,303
RML,BF-SAC-GP,BF-SAC-GP,63,0.408773,303
RML,BF-SAC-GP,BF-SAC-GP,64,0.40616,303
RML,BF-SAC-GP,BF-SAC-GP,65,0.40616,303
RML,BF-SAC-GP,BF-SAC-GP,66,0.405042,303
RML,BF-SAC-GP,BF-SAC-GP,67,0.399962,303
RML,BF-SAC-GP,BF-SAC-GP,68,0.399962,303
RML,BF-SAC-GP,BF-SAC-GP,69,0.399962,303
RML,BF-SAC-GP,BF-SAC-GP,70,0.391413,303
RML,BF-SAC-GP,BF-SAC-GP,71,0.391413,303
RML,BF-SAC-GP,BF-SAC-GP,72,0.391163,303
RML,BF-SAC-GP,BF-SAC-GP,73,0.391163,303
RML,BF-SAC-GP,BF-SAC-GP,74,0.390367,303
RML,BF-SAC-GP,BF-SAC-GP,75,0.390367,303
RML,BF-SAC-GP,BF-SAC-GP,76,0.390367,303
RML,BF-SAC-GP,BF-SAC-GP,77,0.390367,303
RML,BF-SAC-GP,BF-SAC-GP,78,0.390367,303
RML,BF-SAC-GP,BF-SAC-GP,79,0.390367,303
RML,BF-SAC-GP,BF-SAC-GP,80,0.390367,303
RML,BF-SAC-GP,BF-SAC-GP,81,0.390367,303
RML,BF-SAC-GP,BF-SAC-GP,82,0.390367,303
RML,BF-SAC-GP,BF-SAC-GP,83,0.38989,303
RML,BF-SAC-GP,BF-SAC-GP,84,0.38989,303
RML,BF-SAC-GP,BF-SAC-GP,85,0.38989,303
RML,BF-SAC-GP,BF-SAC-GP,86,0.38989,303
RML,BF-SAC-GP,BF-SAC-GP,87,0.38989,303
RML,BF-SAC-GP,BF-SAC-GP,88,0.38989,303
RML,BF-SAC-GP,BF-SAC-GP,89,0.38989,303
RML,BF-SAC-GP,BF-SAC-GP,90,0.38989,303
RML,BF-SAC-GP,BF-SAC-GP,91,0.38989,303
RML,BF-SAC-GP,BF-SAC-GP,92,0.38989,303
RML,BF-SAC-GP,BF-SAC-GP,93,0.38989,303
RML,BF-SAC-GP,BF-SAC-GP,94,0.38989,303
RML,BF-SAC-GP,BF-SAC-GP,95,0.38989,303
RML,BF-SAC-GP,BF-SAC-GP,96,0.38989,303
RML,BF-SAC-GP,BF-SAC-GP,97,0.388622,303
RML,BF-SAC-GP,BF-SAC-GP,98,0.388622,303
RML,BF-SAC-GP,BF-SAC-GP,99,0.388622,303
RML,BF-SAC-GP,BF-SAC-GP,100,0.388622,303
RML,BF-SAC-GP,BF-SAC-GP,1,1.078937,404
RML,BF-SAC-GP,BF-SAC-GP,2,1.078937,404
RML,BF-SAC-GP,BF-SAC-GP,3,0.778893,404
RML,BF-SAC-GP,BF-SAC-GP,4,0.778893,404
RML,BF-SAC-GP,BF-SAC-GP,5,0.778893,404
RML,BF-SAC-GP,BF-SAC-GP,6,0.778893,404
RML,BF-SAC-GP,BF-SAC-GP,7,0.728501,404
RML,BF-SAC-GP,BF-SAC-GP,8,0.728501,404
RML,BF-SAC-GP,BF-SAC-GP,9,0.728501,404
RML,BF-SAC-GP,BF-SAC-GP,10,0.728501,404
RML,BF-SAC-GP,BF-SAC-GP,11,0.728501,404
RML,BF-SAC-GP,BF-SAC-GP,12,0.728501,404
RML,BF-SAC-GP,BF-SAC-GP,13,0.728501,404
RML,BF-SAC-GP,BF-SAC-GP,14,0.728501,404
RML,BF-SAC-GP,BF-SAC-GP,15,0.728501,404
RML,BF-SAC-GP,BF-SAC-GP,16,0.689137,404
RML,BF-SAC-GP,BF-SAC-GP,17,0.689137,404
RML,BF-SAC-GP,BF-SAC-GP,18,0.689137,404
RML,BF-SAC-GP,BF-SAC-GP,19,0.689137,404
RML,BF-SAC-GP,BF-SAC-GP,20,0.689137,404
RML,BF-SAC-GP,BF-SAC-GP,21,0.689137,404
RML,BF-SAC-GP,BF-SAC-GP,22,0.645771,404
RML,BF-SAC-GP,BF-SAC-GP,23,0.645771,404
RML,BF-SAC-GP,BF-SAC-GP,24,0.645771,404
RML,BF-SAC-GP,BF-SAC-GP,25,0.645771,404
RML,BF-SAC-GP,BF-SAC-GP,26,0.645771,404
RML,BF-SAC-GP,BF-SAC-GP,27,0.645771,404
RML,BF-SAC-GP,BF-SAC-GP,28,0.552224,404
RML,BF-SAC-GP,BF-SAC-GP,29,0.552224,404
RML,BF-SAC-GP,BF-SAC-GP,30,0.552224,404
RML,BF-SAC-GP,BF-SAC-GP,31,0.552224,404
RML,BF-SAC-GP,BF-SAC-GP,32,0.552224,404
RML,BF-SAC-GP,BF-SAC-GP,33,0.552224,404
RML,BF-SAC-GP,BF-SAC-GP,34,0.552224,404
RML,BF-SAC-GP,BF-SAC-GP,35,0.552224,404
RML,BF-SAC-GP,BF-SAC-GP,36,0.552224,404
RML,BF-SAC-GP,BF-SAC-GP,37,0.552224,404
RML,BF-SAC-GP,BF-SAC-GP,38,0.552224,404
RML,BF-SAC-GP,BF-SAC-GP,39,0.552224,404
RML,BF-SAC-GP,BF-SAC-GP,40,0.552224,404
RML,BF-SAC-GP,BF-SAC-GP,41,0.466599,404
RML,BF-SAC-GP,BF-SAC-GP,42,0.466599,404
RML,BF-SAC-GP,BF-SAC-GP,43,0.466599,404
RML,BF-SAC-GP,BF-SAC-GP,44,0.466599,404
RML,BF-SAC-GP,BF-SAC-GP,45,0.466599,404
RML,BF-SAC-GP,BF-SAC-GP,46,0.466599,404
RML,BF-SAC-GP,BF-SAC-GP,47,0.460072,404
RML,BF-SAC-GP,BF-SAC-GP,48,0.443888,404
RML,BF-SAC-GP,BF-SAC-GP,49,0.443888,404
RML,BF-SAC-GP,BF-SAC-GP,50,0.443888,404
RML,BF-SAC-GP,BF-SAC-GP,51,0.428185,404
RML,BF-SAC-GP,BF-SAC-GP,52,0.428185,404
RML,BF-SAC-GP,BF-SAC-GP,53,0.428185,404
RML,BF-SAC-GP,BF-SAC-GP,54,0.428185,404
RML,BF-SAC-GP,BF-SAC-GP,55,0.414109,404
RML,BF-SAC-GP,BF-SAC-GP,56,0.406641,404
RML,BF-SAC-GP,BF-SAC-GP,57,0.406641,404
RML,BF-SAC-GP,BF-SAC-GP,58,0.406641,404
RML,BF-SAC-GP,BF-SAC-GP,59,0.406641,404
RML,BF-SAC-GP,BF-SAC-GP,60,0.406641,404
RML,BF-SAC-GP,BF-SAC-GP,61,0.406641,404
RML,BF-SAC-GP,BF-SAC-GP,62,0.406641,404
RML,BF-SAC-GP,BF-SAC-GP,63,0.406641,404
RML,BF-SAC-GP,BF-SAC-GP,64,0.406641,404
RML,BF-SAC-GP,BF-SAC-GP,65,0.406641,404
RML,BF-SAC-GP,BF-SAC-GP,66,0.404058,404
RML,BF-SAC-GP,BF-SAC-GP,67,0.404058,404
RML,BF-SAC-GP,BF-SAC-GP,68,0.404058,404
RML,BF-SAC-GP,BF-SAC-GP,69,0.404058,404
RML,BF-SAC-GP,BF-SAC-GP,70,0.404058,404
RML,BF-SAC-GP,BF-SAC-GP,71,0.404058,404
RML,BF-SAC-GP,BF-SAC-GP,72,0.404058,404
RML,BF-SAC-GP,BF-SAC-GP,73,0.404058,404
RML,BF-SAC-GP,BF-SAC-GP,74,0.404058,404
RML,BF-SAC-GP,BF-SAC-GP,75,0.404058,404
RML,BF-SAC-GP,BF-SAC-GP,76,0.397287,404
RML,BF-SAC-GP,BF-SAC-GP,77,0.397287,404
RML,BF-SAC-GP,BF-SAC-GP,78,0.397287,404
RML,BF-SAC-GP,BF-SAC-GP,79,0.397287,404
RML,BF-SAC-GP,BF-SAC-GP,80,0.397287,404
RML,BF-SAC-GP,BF-SAC-GP,81,0.397287,404
RML,BF-SAC-GP,BF-SAC-GP,82,0.397287,404
RML,BF-SAC-GP,BF-SAC-GP,83,0.397287,404
RML,BF-SAC-GP,BF-SAC-GP,84,0.397287,404
RML,BF-SAC-GP,BF-SAC-GP,85,0.397287,404
RML,BF-SAC-GP,BF-SAC-GP,86,0.397287,404
RML,BF-SAC-GP,BF-SAC-GP,87,0.397287,404
RML,BF-SAC-GP,BF-SAC-GP,88,0.397287,404
RML,BF-SAC-GP,BF-SAC-GP,89,0.397287,404
RML,BF-SAC-GP,BF-SAC-GP,90,0.397287,404
RML,BF-SAC-GP,BF-SAC-GP,91,0.397287,404
RML,BF-SAC-GP,BF-SAC-GP,92,0.397287,404
RML,BF-SAC-GP,BF-SAC-GP,93,0.397287,404
RML,BF-SAC-GP,BF-SAC-GP,94,0.397287,404
RML,BF-SAC-GP,BF-SAC-GP,95,0.397287,404
RML,BF-SAC-GP,BF-SAC-GP,96,0.397287,404
RML,BF-SAC-GP,BF-SAC-GP,97,0.397287,404
RML,BF-SAC-GP,BF-SAC-GP,98,0.397287,404
RML,BF-SAC-GP,BF-SAC-GP,99,0.397287,404
RML,BF-SAC-GP,BF-SAC-GP,100,0.397287,404
RML,BF-SAC-MLP,BF-SAC-MLP,1,0.815168,42
RML,BF-SAC-MLP,BF-SAC-MLP,2,0.815168,42
RML,BF-SAC-MLP,BF-SAC-MLP,3,0.815168,42
RML,BF-SAC-MLP,BF-SAC-MLP,4,0.815168,42
RML,BF-SAC-MLP,BF-SAC-MLP,5,0.658135,42
RML,BF-SAC-MLP,BF-SAC-MLP,6,0.658135,42
RML,BF-SAC-MLP,BF-SAC-MLP,7,0.658135,42
RML,BF-SAC-MLP,BF-SAC-MLP,8,0.658135,42
RML,BF-SAC-MLP,BF-SAC-MLP,9,0.658135,42
RML,BF-SAC-MLP,BF-SAC-MLP,10,0.658135,42
RML,BF-SAC-MLP,BF-SAC-MLP,11,0.658135,42
RML,BF-SAC-MLP,BF-SAC-MLP,12,0.534276,42
RML,BF-SAC-MLP,BF-SAC-MLP,13,0.534276,42
RML,BF-SAC-MLP,BF-SAC-MLP,14,0.534276,42
RML,BF-SAC-MLP,BF-SAC-MLP,15,0.534276,42
RML,BF-SAC-MLP,BF-SAC-MLP,16,0.534276,42
RML,BF-SAC-MLP,BF-SAC-MLP,17,0.534276,42
RML,BF-SAC-MLP,BF-SAC-MLP,18,0.534276,42
RML,BF-SAC-MLP,BF-SAC-MLP,19,0.534276,42
RML,BF-SAC-MLP,BF-SAC-MLP,20,0.534276,42
RML,BF-SAC-MLP,BF-SAC-MLP,21,0.534276,42
RML,BF-SAC-MLP,BF-SAC-MLP,22,0.534276,42
RML,BF-SAC-MLP,BF-SAC-MLP,23,0.534276,42
RML,BF-SAC-MLP,BF-SAC-MLP,24,0.534276,42
RML,BF-SAC-MLP,BF-SAC-MLP,25,0.534276,42
RML,BF-SAC-MLP,BF-SAC-MLP,26,0.534276,42
RML,BF-SAC-MLP,BF-SAC-MLP,27,0.534276,42
RML,BF-SAC-MLP,BF-SAC-MLP,28,0.514143,42
RML,BF-SAC-MLP,BF-SAC-MLP,29,0.514143,42
RML,BF-SAC-MLP,BF-SAC-MLP,30,0.514143,42
RML,BF-SAC-MLP,BF-SAC-MLP,31,0.514143,42
RML,BF-SAC-MLP,BF-SAC-MLP,32,0.514143,42
RML,BF-SAC-MLP,BF-SAC-MLP,33,0.514143,42
RML,BF-SAC-MLP,BF-SAC-MLP,34,0.514143,42
RML,BF-SAC-MLP,BF-SAC-MLP,35,0.514143,42
RML,BF-SAC-MLP,BF-SAC-MLP,36,0.514143,42
RML,BF-SAC-MLP,BF-SAC-MLP,37,0.514143,42
RML,BF-SAC-MLP,BF-SAC-MLP,38,0.514143,42
RML,BF-SAC-MLP,BF-SAC-MLP,39,0.514143,42
RML,BF-SAC-MLP,BF-SAC-MLP,40,0.514143,42
RML,BF-SAC-MLP,BF-SAC-MLP,41,0.457123,42
RML,BF-SAC-MLP,BF-SAC-MLP,42,0.457123,42
RML,BF-SAC-MLP,BF-SAC-MLP,43,0.457123,42
RML,BF-SAC-MLP,BF-SAC-MLP,44,0.457123,42
RML,BF-SAC-MLP,BF-SAC-MLP,45,0.432325,42
RML,BF-SAC-MLP,BF-SAC-MLP,46,0.432325,42
RML,BF-SAC-MLP,BF-SAC-MLP,47,0.432325,42
RML,BF-SAC-MLP,BF-SAC-MLP,48,0.432325,42
RML,BF-SAC-MLP,BF-SAC-MLP,49,0.432325,42
RML,BF-SAC-MLP,BF-SAC-MLP,50,0.432325,42
RML,BF-SAC-MLP,BF-SAC-MLP,51,0.432325,42
RML,BF-SAC-MLP,BF-SAC-MLP,52,0.432325,42
RML,BF-SAC-MLP,BF-SAC-MLP,53,0.432325,42
RML,BF-SAC-MLP,BF-SAC-MLP,54,0.432325,42
RML,BF-SAC-MLP,BF-SAC-MLP,55,0.432325,42
RML,BF-SAC-MLP,BF-SAC-MLP,56,0.432325,42
RML,BF-SAC-MLP,BF-SAC-MLP,57,0.432325,42
RML,BF-SAC-MLP,BF-SAC-MLP,58,0.432325,42
RML,BF-SAC-MLP,BF-SAC-MLP,59,0.432325,42
RML,BF-SAC-MLP,BF-SAC-MLP,60,0.432325,42
RML,BF-SAC-MLP,BF-SAC-MLP,61,0.432325,42
RML,BF-SAC-MLP,BF-SAC-MLP,62,0.432325,42
RML,BF-SAC-MLP,BF-SAC-MLP,63,0.432325,42
RML,BF-SAC-MLP,BF-SAC-MLP,64,0.432325,42
RML,BF-SAC-MLP,BF-SAC-MLP,65,0.432325,42
RML,BF-SAC-MLP,BF-SAC-MLP,66,0.432325,42
RML,BF-SAC-MLP,BF-SAC-MLP,67,0.432325,42
RML,BF-SAC-MLP,BF-SAC-MLP,68,0.432325,42
RML,BF-SAC-MLP,BF-SAC-MLP,69,0.432325,42
RML,BF-SAC-MLP,BF-SAC-MLP,70,0.432325,42
RML,BF-SAC-MLP,BF-SAC-MLP,71,0.432325,42
RML,BF-SAC-MLP,BF-SAC-MLP,72,0.432325,42
RML,BF-SAC-MLP,BF-SAC-MLP,73,0.432325,42
RML,BF-SAC-MLP,BF-SAC-MLP,74,0.432325,42
RML,BF-SAC-MLP,BF-SAC-MLP,75,0.432325,42
RML,BF-SAC-MLP,BF-SAC-MLP,76,0.432325,42
RML,BF-SAC-MLP,BF-SAC-MLP,77,0.432325,42
RML,BF-SAC-MLP,BF-SAC-MLP,78,0.432325,42
RML,BF-SAC-MLP,BF-SAC-MLP,79,0.432325,42
RML,BF-SAC-MLP,BF-SAC-MLP,80,0.432325,42
RML,BF-SAC-MLP,BF-SAC-MLP,81,0.432325,42
RML,BF-SAC-MLP,BF-SAC-MLP,82,0.432325,42
RML,BF-SAC-MLP,BF-SAC-MLP,83,0.432325,42
RML,BF-SAC-MLP,BF-SAC-MLP,84,0.432325,42
RML,BF-SAC-MLP,BF-SAC-MLP,85,0.432325,42
RML,BF-SAC-MLP,BF-SAC-MLP,86,0.430624,42
RML,BF-SAC-MLP,BF-SAC-MLP,87,0.426097,42
RML,BF-SAC-MLP,BF-SAC-MLP,88,0.415416,42
RML,BF-SAC-MLP,BF-SAC-MLP,89,0.415416,42
RML,BF-SAC-MLP,BF-SAC-MLP,90,0.415416,42
RML,BF-SAC-MLP,BF-SAC-MLP,91,0.415416,42
RML,BF-SAC-MLP,BF-SAC-MLP,92,0.415416,42
RML,BF-SAC-MLP,BF-SAC-MLP,93,0.415416,42
RML,BF-SAC-MLP,BF-SAC-MLP,94,0.415416,42
RML,BF-SAC-MLP,BF-SAC-MLP,95,0.415416,42
RML,BF-SAC-MLP,BF-SAC-MLP,96,0.415416,42
RML,BF-SAC-MLP,BF-SAC-MLP,97,0.415416,42
RML,BF-SAC-MLP,BF-SAC-MLP,98,0.415416,42
RML,BF-SAC-MLP,BF-SAC-MLP,99,0.415416,42
RML,BF-SAC-MLP,BF-SAC-MLP,100,0.413322,42
RML,BF-SAC-MLP,BF-SAC-MLP,1,0.80054,101
RML,BF-SAC-MLP,BF-SAC-MLP,2,0.80054,101
RML,BF-SAC-MLP,BF-SAC-MLP,3,0.776588,101
RML,BF-SAC-MLP,BF-SAC-MLP,4,0.776588,101
RML,BF-SAC-MLP,BF-SAC-MLP,5,0.776588,101
RML,BF-SAC-MLP,BF-SAC-MLP,6,0.776588,101
RML,BF-SAC-MLP,BF-SAC-MLP,7,0.776588,101
RML,BF-SAC-MLP,BF-SAC-MLP,8,0.576695,101
RML,BF-SAC-MLP,BF-SAC-MLP,9,0.576695,101
RML,BF-SAC-MLP,BF-SAC-MLP,10,0.576695,101
RML,BF-SAC-MLP,BF-SAC-MLP,11,0.576695,101
RML,BF-SAC-MLP,BF-SAC-MLP,12,0.576695,101
RML,BF-SAC-MLP,BF-SAC-MLP,13,0.576695,101
RML,BF-SAC-MLP,BF-SAC-MLP,14,0.576695,101
RML,BF-SAC-MLP,BF-SAC-MLP,15,0.576695,101
RML,BF-SAC-MLP,BF-SAC-MLP,16,0.576695,101
RML,BF-SAC-MLP,BF-SAC-MLP,17,0.576695,101
RML,BF-SAC-MLP,BF-SAC-MLP,18,0.576695,101
RML,BF-SAC-MLP,BF-SAC-MLP,19,0.576695,101
RML,BF-SAC-MLP,BF-SAC-MLP,20,0.576695,101
RML,BF-SAC-MLP,BF-SAC-MLP,21,0.576695,101
RML,BF-SAC-MLP,BF-SAC-MLP,22,0.576695,101
RML,BF-SAC-MLP,BF-SAC-MLP,23,0.576695,101
RML,BF-SAC-MLP,BF-SAC-MLP,24,0.576695,101
RML,BF-SAC-MLP,BF-SAC-MLP,25,0.541789,101
RML,BF-SAC-MLP,BF-SAC-MLP,26,0.541789,101
RML,BF-SAC-MLP,BF-SAC-MLP,27,0.541789,101
RML,BF-SAC-MLP,BF-SAC-MLP,28,0.541789,101
RML,BF-SAC-MLP,BF-SAC-MLP,29,0.541789,101
RML,BF-SAC-MLP,BF-SAC-MLP,30,0.541789,101
RML,BF-SAC-MLP,BF-SAC-MLP,31,0.541789,101
RML,BF-SAC-MLP,BF-SAC-MLP,32,0.541789,101
RML,BF-SAC-MLP,BF-SAC-MLP,33,0.541789,101
RML,BF-SAC-MLP,BF-SAC-MLP,34,0.541789,101
RML,BF-SAC-MLP,BF-SAC-MLP,35,0.541789,101
RML,BF-SAC-MLP,BF-SAC-MLP,36,0.541789,101
RML,BF-SAC-MLP,BF-SAC-MLP,37,0.541789,101
RML,BF-SAC-MLP,BF-SAC-MLP,38,0.541789,101
RML,BF-SAC-MLP,BF-SAC-MLP,39,0.541789,101
RML,BF-SAC-MLP,BF-SAC-MLP,40,0.541789,101
RML,BF-SAC-MLP,BF-SAC-MLP,41,0.522019,101
RML,BF-SAC-MLP,BF-SAC-MLP,42,0.522019,101
RML,BF-SAC-MLP,BF-SAC-MLP,43,0.443606,101
RML,BF-SAC-MLP,BF-SAC-MLP,44,0.443606,101
RML,BF-SAC-MLP,BF-SAC-MLP,45,0.443606,101
RML,BF-SAC-MLP,BF-SAC-MLP,46,0.443606,101
RML,BF-SAC-MLP,BF-SAC-MLP,47,0.443606,101
RML,BF-SAC-MLP,BF-SAC-MLP,48,0.443606,101
RML,BF-SAC-MLP,BF-SAC-MLP,49,0.443606,101
RML,BF-SAC-MLP,BF-SAC-MLP,50,0.443606,101
RML,BF-SAC-MLP,BF-SAC-MLP,51,0.436039,101
RML,BF-SAC-MLP,BF-SAC-MLP,52,0.436039,101
RML,BF-SAC-MLP,BF-SAC-MLP,53,0.436039,101
RML,BF-SAC-MLP,BF-SAC-MLP,54,0.436039,101
RML,BF-SAC-MLP,BF-SAC-MLP,55,0.436039,101
RML,BF-SAC-MLP,BF-SAC-MLP,56,0.436039,101
RML,BF-SAC-MLP,BF-SAC-MLP,57,0.436039,101
RML,BF-SAC-MLP,BF-SAC-MLP,58,0.436039,101
RML,BF-SAC-MLP,BF-SAC-MLP,59,0.436039,101
RML,BF-SAC-MLP,BF-SAC-MLP,60,0.436039,101
RML,BF-SAC-MLP,BF-SAC-MLP,61,0.436039,101
RML,BF-SAC-MLP,BF-SAC-MLP,62,0.436039,101
RML,BF-SAC-MLP,BF-SAC-MLP,63,0.436039,101
RML,BF-SAC-MLP,BF-SAC-MLP,64,0.429848,101
RML,BF-SAC-MLP,BF-SAC-MLP,65,0.429848,101
RML,BF-SAC-MLP,BF-SAC-MLP,66,0.429848,101
RML,BF-SAC-MLP,BF-SAC-MLP,67,0.429848,101
RML,BF-SAC-MLP,BF-SAC-MLP,68,0.420978,101
RML,BF-SAC-MLP,BF-SAC-MLP,69,0.420978,101
RML,BF-SAC-MLP,BF-SAC-MLP,70,0.420978,101
RML,BF-SAC-MLP,BF-SAC-MLP,71,0.420978,101
RML,BF-SAC-MLP,BF-SAC-MLP,72,0.420978,101
RML,BF-SAC-MLP,BF-SAC-MLP,73,0.420978,101
RML,BF-SAC-MLP,BF-SAC-MLP,74,0.420978,101
RML,BF-SAC-MLP,BF-SAC-MLP,75,0.420978,101
RML,BF-SAC-MLP,BF-SAC-MLP,76,0.420978,101
RML,BF-SAC-MLP,BF-SAC-MLP,77,0.420978,101
RML,BF-SAC-MLP,BF-SAC-MLP,78,0.420978,101
RML,BF-SAC-MLP,BF-SAC-MLP,79,0.420978,101
RML,BF-SAC-MLP,BF-SAC-MLP,80,0.420978,101
RML,BF-SAC-MLP,BF-SAC-MLP,81,0.420978,101
RML,BF-SAC-MLP,BF-SAC-MLP,82,0.420978,101
RML,BF-SAC-MLP,BF-SAC-MLP,83,0.420978,101
RML,BF-SAC-MLP,BF-SAC-MLP,84,0.420978,101
RML,BF-SAC-MLP,BF-SAC-MLP,85,0.420978,101
RML,BF-SAC-MLP,BF-SAC-MLP,86,0.420978,101
RML,BF-SAC-MLP,BF-SAC-MLP,87,0.420978,101
RML,BF-SAC-MLP,BF-SAC-MLP,88,0.420978,101
RML,BF-SAC-MLP,BF-SAC-MLP,89,0.420978,101
RML,BF-SAC-MLP,BF-SAC-MLP,90,0.420978,101
RML,BF-SAC-MLP,BF-SAC-MLP,91,0.420978,101
RML,BF-SAC-MLP,BF-SAC-MLP,92,0.420978,101
RML,BF-SAC-MLP,BF-SAC-MLP,93,0.420978,101
RML,BF-SAC-MLP,BF-SAC-MLP,94,0.420978,101
RML,BF-SAC-MLP,BF-SAC-MLP,95,0.410635,101
RML,BF-SAC-MLP,BF-SAC-MLP,96,0.410635,101
RML,BF-SAC-MLP,BF-SAC-MLP,97,0.410635,101
RML,BF-SAC-MLP,BF-SAC-MLP,98,0.410635,101
RML,BF-SAC-MLP,BF-SAC-MLP,99,0.410635,101
RML,BF-SAC-MLP,BF-SAC-MLP,100,0.410635,101
RML,BF-SAC-MLP,BF-SAC-MLP,1,0.707807,202
RML,BF-SAC-MLP,BF-SAC-MLP,2,0.707807,202
RML,BF-SAC-MLP,BF-SAC-MLP,3,0.707807,202
RML,BF-SAC-MLP,BF-SAC-MLP,4,0.707807,202
RML,BF-SAC-MLP,BF-SAC-MLP,5,0.707807,202
RML,BF-SAC-MLP,BF-SAC-MLP,6,0.707807,202
RML,BF-SAC-MLP,BF-SAC-MLP,7,0.707807,202
RML,BF-SAC-MLP,BF-SAC-MLP,8,0.666294,202
RML,BF-SAC-MLP,BF-SAC-MLP,9,0.666294,202
RML,BF-SAC-MLP,BF-SAC-MLP,10,0.666294,202
RML,BF-SAC-MLP,BF-SAC-MLP,11,0.666294,202
RML,BF-SAC-MLP,BF-SAC-MLP,12,0.666294,202
RML,BF-SAC-MLP,BF-SAC-MLP,13,0.666294,202
RML,BF-SAC-MLP,BF-SAC-MLP,14,0.54247,202
RML,BF-SAC-MLP,BF-SAC-MLP,15,0.54247,202
RML,BF-SAC-MLP,BF-SAC-MLP,16,0.54247,202
RML,BF-SAC-MLP,BF-SAC-MLP,17,0.54247,202
RML,BF-SAC-MLP,BF-SAC-MLP,18,0.54247,202
RML,BF-SAC-MLP,BF-SAC-MLP,19,0.54247,202
RML,BF-SAC-MLP,BF-SAC-MLP,20,0.54247,202
RML,BF-SAC-MLP,BF-SAC-MLP,21,0.54247,202
RML,BF-SAC-MLP,BF-SAC-MLP,22,0.54247,202
RML,BF-SAC-MLP,BF-SAC-MLP,23,0.54247,202
RML,BF-SAC-MLP,BF-SAC-MLP,24,0.54247,202
RML,BF-SAC-MLP,BF-SAC-MLP,25,0.54247,202
RML,BF-SAC-MLP,BF-SAC-MLP,26,0.54247,202
RML,BF-SAC-MLP,BF-SAC-MLP,27,0.54247,202
RML,BF-SAC-MLP,BF-SAC-MLP,28,0.512044,202
RML,BF-SAC-MLP,BF-SAC-MLP,29,0.512044,202
RML,BF-SAC-MLP,BF-SAC-MLP,30,0.512044,202
RML,BF-SAC-MLP,BF-SAC-MLP,31,0.512044,202
RML,BF-SAC-MLP,BF-SAC-MLP,32,0.512044,202
RML,BF-SAC-MLP,BF-SAC-MLP,33,0.512044,202
RML,BF-SAC-MLP,BF-SAC-MLP,34,0.512044,202
RML,BF-SAC-MLP,BF-SAC-MLP,35,0.512044,202
RML,BF-SAC-MLP,BF-SAC-MLP,36,0.512044,202
RML,BF-SAC-MLP,BF-SAC-MLP,37,0.512044,202
RML,BF-SAC-MLP,BF-SAC-MLP,38,0.512044,202
RML,BF-SAC-MLP,BF-SAC-MLP,39,0.512044,202
RML,BF-SAC-MLP,BF-SAC-MLP,40,0.512044,202
RML,BF-SAC-MLP,BF-SAC-MLP,41,0.450544,202
RML,BF-SAC-MLP,BF-SAC-MLP,42,0.450544,202
RML,BF-SAC-MLP,BF-SAC-MLP,43,0.450544,202
RML,BF-SAC-MLP,BF-SAC-MLP,44,0.450544,202
RML,BF-SAC-MLP,BF-SAC-MLP,45,0.450544,202
RML,BF-SAC-MLP,BF-SAC-MLP,46,0.450544,202
RML,BF-SAC-MLP,BF-SAC-MLP,47,0.450544,202
RML,BF-SAC-MLP,BF-SAC-MLP,48,0.450544,202
RML,BF-SAC-MLP,BF-SAC-MLP,49,0.450544,202
RML,BF-SAC-MLP,BF-SAC-MLP,50,0.450544,202
RML,BF-SAC-MLP,BF-SAC-MLP,51,0.450544,202
RML,BF-SAC-MLP,BF-SAC-MLP,52,0.450544,202
RML,BF-SAC-MLP,BF-SAC-MLP,53,0.450544,202
RML,BF-SAC-MLP,BF-SAC-MLP,54,0.450544,202
RML,BF-SAC-MLP,BF-SAC-MLP,55,0.450544,202
RML,BF-SAC-MLP,BF-SAC-MLP,56,0.407821,202
RML,BF-SAC-MLP,BF-SAC-MLP,57,0.407821,202
RML,BF-SAC-MLP,BF-SAC-MLP,58,0.407821,202
RML,BF-SAC-MLP,BF-SAC-MLP,59,0.407821,202
RML,BF-SAC-MLP,BF-SAC-MLP,60,0.407821,202
RML,BF-SAC-MLP,BF-SAC-MLP,61,0.404571,202
RML,BF-SAC-MLP,BF-SAC-MLP,62,0.404571,202
RML,BF-SAC-MLP,BF-SAC-MLP,63,0.404571,202
RML,BF-SAC-MLP,BF-SAC-MLP,64,0.404571,202
RML,BF-SAC-MLP,BF-SAC-MLP,65,0.404571,202
RML,BF-SAC-MLP,BF-SAC-MLP,66,0.404571,202
RML,BF-SAC-MLP,BF-SAC-MLP,67,0.404571,202
RML,BF-SAC-MLP,BF-SAC-MLP,68,0.404571,202
RML,BF-SAC-MLP,BF-SAC-MLP,69,0.404571,202
RML,BF-SAC-MLP,BF-SAC-MLP,70,0.398482,202
RML,BF-SAC-MLP,BF-SAC-MLP,71,0.398482,202
RML,BF-SAC-MLP,BF-SAC-MLP,72,0.398482,202
RML,BF-SAC-MLP,BF-SAC-MLP,73,0.398482,202
RML,BF-SAC-MLP,BF-SAC-MLP,74,0.398482,202
RML,BF-SAC-MLP,BF-SAC-MLP,75,0.398482,202
RML,BF-SAC-MLP,BF-SAC-MLP,76,0.398482,202
RML,BF-SAC-MLP,BF-SAC-MLP,77,0.398482,202
RML,BF-SAC-MLP,BF-SAC-MLP,78,0.398482,202
RML,BF-SAC-MLP,BF-SAC-MLP,79,0.398482,202
RML,BF-SAC-MLP,BF-SAC-MLP,80,0.398482,202
RML,BF-SAC-MLP,BF-SAC-MLP,81,0.398482,202
RML,BF-SAC-MLP,BF-SAC-MLP,82,0.398482,202
RML,BF-SAC-MLP,BF-SAC-MLP,83,0.398482,202
RML,BF-SAC-MLP,BF-SAC-MLP,84,0.398482,202
RML,BF-SAC-MLP,BF-SAC-MLP,85,0.398482,202
RML,BF-SAC-MLP,BF-SAC-MLP,86,0.398482,202
RML,BF-SAC-MLP,BF-SAC-MLP,87,0.398482,202
RML,BF-SAC-MLP,BF-SAC-MLP,88,0.398482,202
RML,BF-SAC-MLP,BF-SAC-MLP,89,0.398482,202
RML,BF-SAC-MLP,BF-SAC-MLP,90,0.398482,202
RML,BF-SAC-MLP,BF-SAC-MLP,91,0.398482,202
RML,BF-SAC-MLP,BF-SAC-MLP,92,0.398482,202
RML,BF-SAC-MLP,BF-SAC-MLP,93,0.398482,202
RML,BF-SAC-MLP,BF-SAC-MLP,94,0.398482,202
RML,BF-SAC-MLP,BF-SAC-MLP,95,0.398482,202
RML,BF-SAC-MLP,BF-SAC-MLP,96,0.398482,202
RML,BF-SAC-MLP,BF-SAC-MLP,97,0.398482,202
RML,BF-SAC-MLP,BF-SAC-MLP,98,0.398482,202
RML,BF-SAC-MLP,BF-SAC-MLP,99,0.398482,202
RML,BF-SAC-MLP,BF-SAC-MLP,100,0.398482,202
RML,BF-SAC-MLP,BF-SAC-MLP,1,0.68758,303
RML,BF-SAC-MLP,BF-SAC-MLP,2,0.68758,303
RML,BF-SAC-MLP,BF-SAC-MLP,3,0.68758,303
RML,BF-SAC-MLP,BF-SAC-MLP,4,0.68758,303
RML,BF-SAC-MLP,BF-SAC-MLP,5,0.68758,303
RML,BF-SAC-MLP,BF-SAC-MLP,6,0.68758,303
RML,BF-SAC-MLP,BF-SAC-MLP,7,0.68758,303
RML,BF-SAC-MLP,BF-SAC-MLP,8,0.68758,303
RML,BF-SAC-MLP,BF-SAC-MLP,9,0.68758,303
RML,BF-SAC-MLP,BF-SAC-MLP,10,0.560507,303
RML,BF-SAC-MLP,BF-SAC-MLP,11,0.560507,303
RML,BF-SAC-MLP,BF-SAC-MLP,12,0.560507,303
RML,BF-SAC-MLP,BF-SAC-MLP,13,0.560507,303
RML,BF-SAC-MLP,BF-SAC-MLP,14,0.560507,303
RML,BF-SAC-MLP,BF-SAC-MLP,15,0.485212,303
RML,BF-SAC-MLP,BF-SAC-MLP,16,0.485212,303
RML,BF-SAC-MLP,BF-SAC-MLP,17,0.485212,303
RML,BF-SAC-MLP,BF-SAC-MLP,18,0.485212,303
RML,BF-SAC-MLP,BF-SAC-MLP,19,0.485212,303
RML,BF-SAC-MLP,BF-SAC-MLP,20,0.485212,303
RML,BF-SAC-MLP,BF-SAC-MLP,21,0.485212,303
RML,BF-SAC-MLP,BF-SAC-MLP,22,0.485212,303
RML,BF-SAC-MLP,BF-SAC-MLP,23,0.485212,303
RML,BF-SAC-MLP,BF-SAC-MLP,24,0.485212,303
RML,BF-SAC-MLP,BF-SAC-MLP,25,0.485212,303
RML,BF-SAC-MLP,BF-SAC-MLP,26,0.485212,303
RML,BF-SAC-MLP,BF-SAC-MLP,27,0.485212,303
RML,BF-SAC-MLP,BF-SAC-MLP,28,0.485212,303
RML,BF-SAC-MLP,BF-SAC-MLP,29,0.485212,303
RML,BF-SAC-MLP,BF-SAC-MLP,30,0.485212,303
RML,BF-SAC-MLP,BF-SAC-MLP,31,0.485212,303
RML,BF-SAC-MLP,BF-SAC-MLP,32,0.485212,303
RML,BF-SAC-MLP,BF-SAC-MLP,33,0.485212,303
RML,BF-SAC-MLP,BF-SAC-MLP,34,0.485212,303
RML,BF-SAC-MLP,BF-SAC-MLP,35,0.485212,303
RML,BF-SAC-MLP,BF-SAC-MLP,36,0.485212,303
RML,BF-SAC-MLP,BF-SAC-MLP,37,0.485212,303
RML,BF-SAC-MLP,BF-SAC-MLP,38,0.485212,303
RML,BF-SAC-MLP,BF-SAC-MLP,39,0.485212,303
RML,BF-SAC-MLP,BF-SAC-MLP,40,0.485212,303
RML,BF-SAC-MLP,BF-SAC-MLP,41,0.485212,303
RML,BF-SAC-MLP,BF-SAC-MLP,42,0.414682,303
RML,BF-SAC-MLP,BF-SAC-MLP,43,0.414682,303
RML,BF-SAC-MLP,BF-SAC-MLP,44,0.414682,303
RML,BF-SAC-MLP,BF-SAC-MLP,45,0.414682,303
RML,BF-SAC-MLP,BF-SAC-MLP,46,0.414682,303
RML,BF-SAC-MLP,BF-SAC-MLP,47,0.414682,303
RML,BF-SAC-MLP,BF-SAC-MLP,48,0.414682,303
RML,BF-SAC-MLP,BF-SAC-MLP,49,0.414682,303
RML,BF-SAC-MLP,BF-SAC-MLP,50,0.414682,303
RML,BF-SAC-MLP,BF-SAC-MLP,51,0.414682,303
RML,BF-SAC-MLP,BF-SAC-MLP,52,0.414682,303
RML,BF-SAC-MLP,BF-SAC-MLP,53,0.414682,303
RML,BF-SAC-MLP,BF-SAC-MLP,54,0.414682,303
RML,BF-SAC-MLP,BF-SAC-MLP,55,0.414682,303
RML,BF-SAC-MLP,BF-SAC-MLP,56,0.414682,303
RML,BF-SAC-MLP,BF-SAC-MLP,57,0.414682,303
RML,BF-SAC-MLP,BF-SAC-MLP,58,0.414682,303
RML,BF-SAC-MLP,BF-SAC-MLP,59,0.414682,303
RML,BF-SAC-MLP,BF-SAC-MLP,60,0.414682,303
RML,BF-SAC-MLP,BF-SAC-MLP,61,0.414682,303
RML,BF-SAC-MLP,BF-SAC-MLP,62,0.414682,303
RML,BF-SAC-MLP,BF-SAC-MLP,63,0.414682,303
RML,BF-SAC-MLP,BF-SAC-MLP,64,0.414682,303
RML,BF-SAC-MLP,BF-SAC-MLP,65,0.414682,303
RML,BF-SAC-MLP,BF-SAC-MLP,66,0.414682,303
RML,BF-SAC-MLP,BF-SAC-MLP,67,0.414682,303
RML,BF-SAC-MLP,BF-SAC-MLP,68,0.414682,303
RML,BF-SAC-MLP,BF-SAC-MLP,69,0.414682,303
RML,BF-SAC-MLP,BF-SAC-MLP,70,0.414682,303
RML,BF-SAC-MLP,BF-SAC-MLP,71,0.414682,303
RML,BF-SAC-MLP,BF-SAC-MLP,72,0.414682,303
RML,BF-SAC-MLP,BF-SAC-MLP,73,0.414682,303
RML,BF-SAC-MLP,BF-SAC-MLP,74,0.414682,303
RML,BF-SAC-MLP,BF-SAC-MLP,75,0.414682,303
RML,BF-SAC-MLP,BF-SAC-MLP,76,0.401363,303
RML,BF-SAC-MLP,BF-SAC-MLP,77,0.401363,303
RML,BF-SAC-MLP,BF-SAC-MLP,78,0.401363,303
RML,BF-SAC-MLP,BF-SAC-MLP,79,0.401363,303
RML,BF-SAC-MLP,BF-SAC-MLP,80,0.401363,303
RML,BF-SAC-MLP,BF-SAC-MLP,81,0.401363,303
RML,BF-SAC-MLP,BF-SAC-MLP,82,0.401363,303
RML,BF-SAC-MLP,BF-SAC-MLP,83,0.401363,303
RML,BF-SAC-MLP,BF-SAC-MLP,84,0.401363,303
RML,BF-SAC-MLP,BF-SAC-MLP,85,0.401363,303
RML,BF-SAC-MLP,BF-SAC-MLP,86,0.401363,303
RML,BF-SAC-MLP,BF-SAC-MLP,87,0.401363,303
RML,BF-SAC-MLP,BF-SAC-MLP,88,0.401363,303
RML,BF-SAC-MLP,BF-SAC-MLP,89,0.401363,303
RML,BF-SAC-MLP,BF-SAC-MLP,90,0.401363,303
RML,BF-SAC-MLP,BF-SAC-MLP,91,0.401363,303
RML,BF-SAC-MLP,BF-SAC-MLP,92,0.401363,303
RML,BF-SAC-MLP,BF-SAC-MLP,93,0.401363,303
RML,BF-SAC-MLP,BF-SAC-MLP,94,0.401363,303
RML,BF-SAC-MLP,BF-SAC-MLP,95,0.401363,303
RML,BF-SAC-MLP,BF-SAC-MLP,96,0.401363,303
RML,BF-SAC-MLP,BF-SAC-MLP,97,0.401363,303
RML,BF-SAC-MLP,BF-SAC-MLP,98,0.401363,303
RML,BF-SAC-MLP,BF-SAC-MLP,99,0.401363,303
RML,BF-SAC-MLP,BF-SAC-MLP,100,0.401363,303
RML,BF-SAC-MLP,BF-SAC-MLP,1,1.083235,404
RML,BF-SAC-MLP,BF-SAC-MLP,2,1.083235,404
RML,BF-SAC-MLP,BF-SAC-MLP,3,0.767893,404
RML,BF-SAC-MLP,BF-SAC-MLP,4,0.767893,404
RML,BF-SAC-MLP,BF-SAC-MLP,5,0.767893,404
RML,BF-SAC-MLP,BF-SAC-MLP,6,0.767893,404
RML,BF-SAC-MLP,BF-SAC-MLP,7,0.676209,404
RML,BF-SAC-MLP,BF-SAC-MLP,8,0.676209,404
RML,BF-SAC-MLP,BF-SAC-MLP,9,0.676209,404
RML,BF-SAC-MLP,BF-SAC-MLP,10,0.676209,404
RML,BF-SAC-MLP,BF-SAC-MLP,11,0.676209,404
RML,BF-SAC-MLP,BF-SAC-MLP,12,0.676209,404
RML,BF-SAC-MLP,BF-SAC-MLP,13,0.676209,404
RML,BF-SAC-MLP,BF-SAC-MLP,14,0.676209,404
RML,BF-SAC-MLP,BF-SAC-MLP,15,0.676209,404
RML,BF-SAC-MLP,BF-SAC-MLP,16,0.676209,404
RML,BF-SAC-MLP,BF-SAC-MLP,17,0.676209,404
RML,BF-SAC-MLP,BF-SAC-MLP,18,0.676209,404
RML,BF-SAC-MLP,BF-SAC-MLP,19,0.676209,404
RML,BF-SAC-MLP,BF-SAC-MLP,20,0.676209,404
RML,BF-SAC-MLP,BF-SAC-MLP,21,0.676209,404
RML,BF-SAC-MLP,BF-SAC-MLP,22,0.649425,404
RML,BF-SAC-MLP,BF-SAC-MLP,23,0.649425,404
RML,BF-SAC-MLP,BF-SAC-MLP,24,0.649425,404
RML,BF-SAC-MLP,BF-SAC-MLP,25,0.649425,404
RML,BF-SAC-MLP,BF-SAC-MLP,26,0.649425,404
RML,BF-SAC-MLP,BF-SAC-MLP,27,0.649425,404
RML,BF-SAC-MLP,BF-SAC-MLP,28,0.588426,404
RML,BF-SAC-MLP,BF-SAC-MLP,29,0.588426,404
RML,BF-SAC-MLP,BF-SAC-MLP,30,0.588426,404
RML,BF-SAC-MLP,BF-SAC-MLP,31,0.588426,404
RML,BF-SAC-MLP,BF-SAC-MLP,32,0.588426,404
RML,BF-SAC-MLP,BF-SAC-MLP,33,0.588426,404
RML,BF-SAC-MLP,BF-SAC-MLP,34,0.588426,404
RML,BF-SAC-MLP,BF-SAC-MLP,35,0.588426,404
RML,BF-SAC-MLP,BF-SAC-MLP,36,0.588426,404
RML,BF-SAC-MLP,BF-SAC-MLP,37,0.588426,404
RML,BF-SAC-MLP,BF-SAC-MLP,38,0.588426,404
RML,BF-SAC-MLP,BF-SAC-MLP,39,0.588426,404
RML,BF-SAC-MLP,BF-SAC-MLP,40,0.588426,404
RML,BF-SAC-MLP,BF-SAC-MLP,41,0.530317,404
RML,BF-SAC-MLP,BF-SAC-MLP,42,0.462204,404
RML,BF-SAC-MLP,BF-SAC-MLP,43,0.452813,404
RML,BF-SAC-MLP,BF-SAC-MLP,44,0.452813,404
RML,BF-SAC-MLP,BF-SAC-MLP,45,0.452813,404
RML,BF-SAC-MLP,BF-SAC-MLP,46,0.452813,404
RML,BF-SAC-MLP,BF-SAC-MLP,47,0.441833,404
RML,BF-SAC-MLP,BF-SAC-MLP,48,0.441833,404
RML,BF-SAC-MLP,BF-SAC-MLP,49,0.439904,404
RML,BF-SAC-MLP,BF-SAC-MLP,50,0.439904,404
RML,BF-SAC-MLP,BF-SAC-MLP,51,0.439904,404
RML,BF-SAC-MLP,BF-SAC-MLP,52,0.439904,404
RML,BF-SAC-MLP,BF-SAC-MLP,53,0.439904,404
RML,BF-SAC-MLP,BF-SAC-MLP,54,0.439904,404
RML,BF-SAC-MLP,BF-SAC-MLP,55,0.439904,404
RML,BF-SAC-MLP,BF-SAC-MLP,56,0.439904,404
RML,BF-SAC-MLP,BF-SAC-MLP,57,0.439904,404
RML,BF-SAC-MLP,BF-SAC-MLP,58,0.439904,404
RML,BF-SAC-MLP,BF-SAC-MLP,59,0.439904,404
RML,BF-SAC-MLP,BF-SAC-MLP,60,0.439904,404
RML,BF-SAC-MLP,BF-SAC-MLP,61,0.439904,404
RML,BF-SAC-MLP,BF-SAC-MLP,62,0.439904,404
RML,BF-SAC-MLP,BF-SAC-MLP,63,0.439904,404
RML,BF-SAC-MLP,BF-SAC-MLP,64,0.439904,404
RML,BF-SAC-MLP,BF-SAC-MLP,65,0.439904,404
RML,BF-SAC-MLP,BF-SAC-MLP,66,0.439904,404
RML,BF-SAC-MLP,BF-SAC-MLP,67,0.439904,404
RML,BF-SAC-MLP,BF-SAC-MLP,68,0.439904,404
RML,BF-SAC-MLP,BF-SAC-MLP,69,0.439904,404
RML,BF-SAC-MLP,BF-SAC-MLP,70,0.439904,404
RML,BF-SAC-MLP,BF-SAC-MLP,71,0.439904,404
RML,BF-SAC-MLP,BF-SAC-MLP,72,0.439904,404
RML,BF-SAC-MLP,BF-SAC-MLP,73,0.439904,404
RML,BF-SAC-MLP,BF-SAC-MLP,74,0.439904,404
RML,BF-SAC-MLP,BF-SAC-MLP,75,0.439904,404
RML,BF-SAC-MLP,BF-SAC-MLP,76,0.439904,404
RML,BF-SAC-MLP,BF-SAC-MLP,77,0.439904,404
RML,BF-SAC-MLP,BF-SAC-MLP,78,0.439904,404
RML,BF-SAC-MLP,BF-SAC-MLP,79,0.439904,404
RML,BF-SAC-MLP,BF-SAC-MLP,80,0.439904,404
RML,BF-SAC-MLP,BF-SAC-MLP,81,0.439904,404
RML,BF-SAC-MLP,BF-SAC-MLP,82,0.439904,404
RML,BF-SAC-MLP,BF-SAC-MLP,83,0.439904,404
RML,BF-SAC-MLP,BF-SAC-MLP,84,0.435274,404
RML,BF-SAC-MLP,BF-SAC-MLP,85,0.435274,404
RML,BF-SAC-MLP,BF-SAC-MLP,86,0.435274,404
RML,BF-SAC-MLP,BF-SAC-MLP,87,0.435274,404
RML,BF-SAC-MLP,BF-SAC-MLP,88,0.435274,404
RML,BF-SAC-MLP,BF-SAC-MLP,89,0.435274,404
RML,BF-SAC-MLP,BF-SAC-MLP,90,0.435274,404
RML,BF-SAC-MLP,BF-SAC-MLP,91,0.435274,404
RML,BF-SAC-MLP,BF-SAC-MLP,92,0.435274,404
RML,BF-SAC-MLP,BF-SAC-MLP,93,0.435274,404
RML,BF-SAC-MLP,BF-SAC-MLP,94,0.419328,404
RML,BF-SAC-MLP,BF-SAC-MLP,95,0.4171,404
RML,BF-SAC-MLP,BF-SAC-MLP,96,0.4171,404
RML,BF-SAC-MLP,BF-SAC-MLP,97,0.4171,404
RML,BF-SAC-MLP,BF-SAC-MLP,98,0.4171,404
RML,BF-SAC-MLP,BF-SAC-MLP,99,0.4171,404
RML,BF-SAC-MLP,BF-SAC-MLP,100,0.413828,404
RML,BF-SAC-RF,BF-SAC-RF,1,0.806194,42
RML,BF-SAC-RF,BF-SAC-RF,2,0.806194,42
RML,BF-SAC-RF,BF-SAC-RF,3,0.806194,42
RML,BF-SAC-RF,BF-SAC-RF,4,0.806194,42
RML,BF-SAC-RF,BF-SAC-RF,5,0.655332,42
RML,BF-SAC-RF,BF-SAC-RF,6,0.655332,42
RML,BF-SAC-RF,BF-SAC-RF,7,0.655332,42
RML,BF-SAC-RF,BF-SAC-RF,8,0.655332,42
RML,BF-SAC-RF,BF-SAC-RF,9,0.655332,42
RML,BF-SAC-RF,BF-SAC-RF,10,0.655332,42
RML,BF-SAC-RF,BF-SAC-RF,11,0.655332,42
RML,BF-SAC-RF,BF-SAC-RF,12,0.584702,42
RML,BF-SAC-RF,BF-SAC-RF,13,0.584702,42
RML,BF-SAC-RF,BF-SAC-RF,14,0.584702,42
RML,BF-SAC-RF,BF-SAC-RF,15,0.584702,42
RML,BF-SAC-RF,BF-SAC-RF,16,0.584702,42
RML,BF-SAC-RF,BF-SAC-RF,17,0.584702,42
RML,BF-SAC-RF,BF-SAC-RF,18,0.584702,42
RML,BF-SAC-RF,BF-SAC-RF,19,0.584702,42
RML,BF-SAC-RF,BF-SAC-RF,20,0.584702,42
RML,BF-SAC-RF,BF-SAC-RF,21,0.584702,42
RML,BF-SAC-RF,BF-SAC-RF,22,0.584702,42
RML,BF-SAC-RF,BF-SAC-RF,23,0.58179,42
RML,BF-SAC-RF,BF-SAC-RF,24,0.58179,42
RML,BF-SAC-RF,BF-SAC-RF,25,0.58179,42
RML,BF-SAC-RF,BF-SAC-RF,26,0.540234,42
RML,BF-SAC-RF,BF-SAC-RF,27,0.540234,42
RML,BF-SAC-RF,BF-SAC-RF,28,0.498976,42
RML,BF-SAC-RF,BF-SAC-RF,29,0.498976,42
RML,BF-SAC-RF,BF-SAC-RF,30,0.498976,42
RML,BF-SAC-RF,BF-SAC-RF,31,0.498976,42
RML,BF-SAC-RF,BF-SAC-RF,32,0.498976,42
RML,BF-SAC-RF,BF-SAC-RF,33,0.498976,42
RML,BF-SAC-RF,BF-SAC-RF,34,0.498976,42
RML,BF-SAC-RF,BF-SAC-RF,35,0.498976,42
RML,BF-SAC-RF,BF-SAC-RF,36,0.498976,42
RML,BF-SAC-RF,BF-SAC-RF,37,0.498976,42
RML,BF-SAC-RF,BF-SAC-RF,38,0.498976,42
RML,BF-SAC-RF,BF-SAC-RF,39,0.498976,42
RML,BF-SAC-RF,BF-SAC-RF,40,0.498976,42
RML,BF-SAC-RF,BF-SAC-RF,41,0.498976,42
RML,BF-SAC-RF,BF-SAC-RF,42,0.498976,42
RML,BF-SAC-RF,BF-SAC-RF,43,0.498976,42
RML,BF-SAC-RF,BF-SAC-RF,44,0.498976,42
RML,BF-SAC-RF,BF-SAC-RF,45,0.498976,42
RML,BF-SAC-RF,BF-SAC-RF,46,0.498976,42
RML,BF-SAC-RF,BF-SAC-RF,47,0.498976,42
RML,BF-SAC-RF,BF-SAC-RF,48,0.49864,42
RML,BF-SAC-RF,BF-SAC-RF,49,0.488428,42
RML,BF-SAC-RF,BF-SAC-RF,50,0.472784,42
RML,BF-SAC-RF,BF-SAC-RF,51,0.456224,42
RML,BF-SAC-RF,BF-SAC-RF,52,0.456224,42
RML,BF-SAC-RF,BF-SAC-RF,53,0.456224,42
RML,BF-SAC-RF,BF-SAC-RF,54,0.456224,42
RML,BF-SAC-RF,BF-SAC-RF,55,0.456224,42
RML,BF-SAC-RF,BF-SAC-RF,56,0.456224,42
RML,BF-SAC-RF,BF-SAC-RF,57,0.456224,42
RML,BF-SAC-RF,BF-SAC-RF,58,0.456224,42
RML,BF-SAC-RF,BF-SAC-RF,59,0.456224,42
RML,BF-SAC-RF,BF-SAC-RF,60,0.456224,42
RML,BF-SAC-RF,BF-SAC-RF,61,0.456224,42
RML,BF-SAC-RF,BF-SAC-RF,62,0.456224,42
RML,BF-SAC-RF,BF-SAC-RF,63,0.456224,42
RML,BF-SAC-RF,BF-SAC-RF,64,0.456224,42
RML,BF-SAC-RF,BF-SAC-RF,65,0.455469,42
RML,BF-SAC-RF,BF-SAC-RF,66,0.455469,42
RML,BF-SAC-RF,BF-SAC-RF,67,0.455469,42
RML,BF-SAC-RF,BF-SAC-RF,68,0.455469,42
RML,BF-SAC-RF,BF-SAC-RF,69,0.455469,42
RML,BF-SAC-RF,BF-SAC-RF,70,0.448365,42
RML,BF-SAC-RF,BF-SAC-RF,71,0.448365,42
RML,BF-SAC-RF,BF-SAC-RF,72,0.448365,42
RML,BF-SAC-RF,BF-SAC-RF,73,0.448365,42
RML,BF-SAC-RF,BF-SAC-RF,74,0.448365,42
RML,BF-SAC-RF,BF-SAC-RF,75,0.448365,42
RML,BF-SAC-RF,BF-SAC-RF,76,0.448365,42
RML,BF-SAC-RF,BF-SAC-RF,77,0.448365,42
RML,BF-SAC-RF,BF-SAC-RF,78,0.447507,42
RML,BF-SAC-RF,BF-SAC-RF,79,0.447507,42
RML,BF-SAC-RF,BF-SAC-RF,80,0.444791,42
RML,BF-SAC-RF,BF-SAC-RF,81,0.444791,42
RML,BF-SAC-RF,BF-SAC-RF,82,0.444791,42
RML,BF-SAC-RF,BF-SAC-RF,83,0.444791,42
RML,BF-SAC-RF,BF-SAC-RF,84,0.444791,42
RML,BF-SAC-RF,BF-SAC-RF,85,0.444791,42
RML,BF-SAC-RF,BF-SAC-RF,86,0.444791,42
RML,BF-SAC-RF,BF-SAC-RF,87,0.444791,42
RML,BF-SAC-RF,BF-SAC-RF,88,0.444791,42
RML,BF-SAC-RF,BF-SAC-RF,89,0.444791,42
RML,BF-SAC-RF,BF-SAC-RF,90,0.444791,42
RML,BF-SAC-RF,BF-SAC-RF,91,0.444791,42
RML,BF-SAC-RF,BF-SAC-RF,92,0.444791,42
RML,BF-SAC-RF,BF-SAC-RF,93,0.444791,42
RML,BF-SAC-RF,BF-SAC-RF,94,0.4404,42
RML,BF-SAC-RF,BF-SAC-RF,95,0.4404,42
RML,BF-SAC-RF,BF-SAC-RF,96,0.4404,42
RML,BF-SAC-RF,BF-SAC-RF,97,0.4404,42
RML,BF-SAC-RF,BF-SAC-RF,98,0.4404,42
RML,BF-SAC-RF,BF-SAC-RF,99,0.4404,42
RML,BF-SAC-RF,BF-SAC-RF,100,0.4404,42
RML,BF-SAC-RF,BF-SAC-RF,1,0.813378,101
RML,BF-SAC-RF,BF-SAC-RF,2,0.813378,101
RML,BF-SAC-RF,BF-SAC-RF,3,0.763919,101
RML,BF-SAC-RF,BF-SAC-RF,4,0.763919,101
RML,BF-SAC-RF,BF-SAC-RF,5,0.763919,101
RML,BF-SAC-RF,BF-SAC-RF,6,0.763919,101
RML,BF-SAC-RF,BF-SAC-RF,7,0.763919,101
RML,BF-SAC-RF,BF-SAC-RF,8,0.586293,101
RML,BF-SAC-RF,BF-SAC-RF,9,0.586293,101
RML,BF-SAC-RF,BF-SAC-RF,10,0.586293,101
RML,BF-SAC-RF,BF-SAC-RF,11,0.586293,101
RML,BF-SAC-RF,BF-SAC-RF,12,0.586293,101
RML,BF-SAC-RF,BF-SAC-RF,13,0.586293,101
RML,BF-SAC-RF,BF-SAC-RF,14,0.586293,101
RML,BF-SAC-RF,BF-SAC-RF,15,0.586293,101
RML,BF-SAC-RF,BF-SAC-RF,16,0.586293,101
RML,BF-SAC-RF,BF-SAC-RF,17,0.586293,101
RML,BF-SAC-RF,BF-SAC-RF,18,0.586293,101
RML,BF-SAC-RF,BF-SAC-RF,19,0.586293,101
RML,BF-SAC-RF,BF-SAC-RF,20,0.586293,101
RML,BF-SAC-RF,BF-SAC-RF,21,0.586293,101
RML,BF-SAC-RF,BF-SAC-RF,22,0.586293,101
RML,BF-SAC-RF,BF-SAC-RF,23,0.586293,101
RML,BF-SAC-RF,BF-SAC-RF,24,0.586293,101
RML,BF-SAC-RF,BF-SAC-RF,25,0.553161,101
RML,BF-SAC-RF,BF-SAC-RF,26,0.553161,101
RML,BF-SAC-RF,BF-SAC-RF,27,0.553161,101
RML,BF-SAC-RF,BF-SAC-RF,28,0.553161,101
RML,BF-SAC-RF,BF-SAC-RF,29,0.553161,101
RML,BF-SAC-RF,BF-SAC-RF,30,0.553161,101
RML,BF-SAC-RF,BF-SAC-RF,31,0.553161,101
RML,BF-SAC-RF,BF-SAC-RF,32,0.553161,101
RML,BF-SAC-RF,BF-SAC-RF,33,0.553161,101
RML,BF-SAC-RF,BF-SAC-RF,34,0.553161,101
RML,BF-SAC-RF,BF-SAC-RF,35,0.553161,101
RML,BF-SAC-RF,BF-SAC-RF,36,0.553161,101
RML,BF-SAC-RF,BF-SAC-RF,37,0.553161,101
RML,BF-SAC-RF,BF-SAC-RF,38,0.553161,101
RML,BF-SAC-RF,BF-SAC-RF,39,0.553161,101
RML,BF-SAC-RF,BF-SAC-RF,40,0.553161,101
RML,BF-SAC-RF,BF-SAC-RF,41,0.553161,101
RML,BF-SAC-RF,BF-SAC-RF,42,0.553161,101
RML,BF-SAC-RF,BF-SAC-RF,43,0.553161,101
RML,BF-SAC-RF,BF-SAC-RF,44,0.553161,101
RML,BF-SAC-RF,BF-SAC-RF,45,0.532487,101
RML,BF-SAC-RF,BF-SAC-RF,46,0.476846,101
RML,BF-SAC-RF,BF-SAC-RF,47,0.461917,101
RML,BF-SAC-RF,BF-SAC-RF,48,0.461917,101
RML,BF-SAC-RF,BF-SAC-RF,49,0.461917,101
RML,BF-SAC-RF,BF-SAC-RF,50,0.461917,101
RML,BF-SAC-RF,BF-SAC-RF,51,0.461917,101
RML,BF-SAC-RF,BF-SAC-RF,52,0.461917,101
RML,BF-SAC-RF,BF-SAC-RF,53,0.461917,101
RML,BF-SAC-RF,BF-SAC-RF,54,0.461917,101
RML,BF-SAC-RF,BF-SAC-RF,55,0.461917,101
RML,BF-SAC-RF,BF-SAC-RF,56,0.448088,101
RML,BF-SAC-RF,BF-SAC-RF,57,0.448088,101
RML,BF-SAC-RF,BF-SAC-RF,58,0.448088,101
RML,BF-SAC-RF,BF-SAC-RF,59,0.448088,101
RML,BF-SAC-RF,BF-SAC-RF,60,0.448088,101
RML,BF-SAC-RF,BF-SAC-RF,61,0.448088,101
RML,BF-SAC-RF,BF-SAC-RF,62,0.448088,101
RML,BF-SAC-RF,BF-SAC-RF,63,0.448088,101
RML,BF-SAC-RF,BF-SAC-RF,64,0.448088,101
RML,BF-SAC-RF,BF-SAC-RF,65,0.448088,101
RML,BF-SAC-RF,BF-SAC-RF,66,0.448088,101
RML,BF-SAC-RF,BF-SAC-RF,67,0.448088,101
RML,BF-SAC-RF,BF-SAC-RF,68,0.448088,101
RML,BF-SAC-RF,BF-SAC-RF,69,0.448088,101
RML,BF-SAC-RF,BF-SAC-RF,70,0.448088,101
RML,BF-SAC-RF,BF-SAC-RF,71,0.448088,101
RML,BF-SAC-RF,BF-SAC-RF,72,0.448088,101
RML,BF-SAC-RF,BF-SAC-RF,73,0.448088,101
RML,BF-SAC-RF,BF-SAC-RF,74,0.448088,101
RML,BF-SAC-RF,BF-SAC-RF,75,0.448088,101
RML,BF-SAC-RF,BF-SAC-RF,76,0.448088,101
RML,BF-SAC-RF,BF-SAC-RF,77,0.448088,101
RML,BF-SAC-RF,BF-SAC-RF,78,0.448088,101
RML,BF-SAC-RF,BF-SAC-RF,79,0.448088,101
RML,BF-SAC-RF,BF-SAC-RF,80,0.448088,101
RML,BF-SAC-RF,BF-SAC-RF,81,0.448088,101
RML,BF-SAC-RF,BF-SAC-RF,82,0.448088,101
RML,BF-SAC-RF,BF-SAC-RF,83,0.448088,101
RML,BF-SAC-RF,BF-SAC-RF,84,0.448088,101
RML,BF-SAC-RF,BF-SAC-RF,85,0.448088,101
RML,BF-SAC-RF,BF-SAC-RF,86,0.448088,101
RML,BF-SAC-RF,BF-SAC-RF,87,0.448088,101
RML,BF-SAC-RF,BF-SAC-RF,88,0.448088,101
RML,BF-SAC-RF,BF-SAC-RF,89,0.448088,101
RML,BF-SAC-RF,BF-SAC-RF,90,0.448088,101
RML,BF-SAC-RF,BF-SAC-RF,91,0.448088,101
RML,BF-SAC-RF,BF-SAC-RF,92,0.448088,101
RML,BF-SAC-RF,BF-SAC-RF,93,0.448088,101
RML,BF-SAC-RF,BF-SAC-RF,94,0.446227,101
RML,BF-SAC-RF,BF-SAC-RF,95,0.446227,101
RML,BF-SAC-RF,BF-SAC-RF,96,0.446227,101
RML,BF-SAC-RF,BF-SAC-RF,97,0.446227,101
RML,BF-SAC-RF,BF-SAC-RF,98,0.446227,101
RML,BF-SAC-RF,BF-SAC-RF,99,0.446227,101
RML,BF-SAC-RF,BF-SAC-RF,100,0.446227,101
RML,BF-SAC-RF,BF-SAC-RF,1,0.709771,202
RML,BF-SAC-RF,BF-SAC-RF,2,0.709771,202
RML,BF-SAC-RF,BF-SAC-RF,3,0.709771,202
RML,BF-SAC-RF,BF-SAC-RF,4,0.709771,202
RML,BF-SAC-RF,BF-SAC-RF,5,0.709771,202
RML,BF-SAC-RF,BF-SAC-RF,6,0.709771,202
RML,BF-SAC-RF,BF-SAC-RF,7,0.709771,202
RML,BF-SAC-RF,BF-SAC-RF,8,0.653909,202
RML,BF-SAC-RF,BF-SAC-RF,9,0.653909,202
RML,BF-SAC-RF,BF-SAC-RF,10,0.653909,202
RML,BF-SAC-RF,BF-SAC-RF,11,0.653909,202
RML,BF-SAC-RF,BF-SAC-RF,12,0.653909,202
RML,BF-SAC-RF,BF-SAC-RF,13,0.653909,202
RML,BF-SAC-RF,BF-SAC-RF,14,0.532058,202
RML,BF-SAC-RF,BF-SAC-RF,15,0.532058,202
RML,BF-SAC-RF,BF-SAC-RF,16,0.532058,202
RML,BF-SAC-RF,BF-SAC-RF,17,0.532058,202
RML,BF-SAC-RF,BF-SAC-RF,18,0.532058,202
RML,BF-SAC-RF,BF-SAC-RF,19,0.532058,202
RML,BF-SAC-RF,BF-SAC-RF,20,0.532058,202
RML,BF-SAC-RF,BF-SAC-RF,21,0.532058,202
RML,BF-SAC-RF,BF-SAC-RF,22,0.532058,202
RML,BF-SAC-RF,BF-SAC-RF,23,0.532058,202
RML,BF-SAC-RF,BF-SAC-RF,24,0.532058,202
RML,BF-SAC-RF,BF-SAC-RF,25,0.532058,202
RML,BF-SAC-RF,BF-SAC-RF,26,0.532058,202
RML,BF-SAC-RF,BF-SAC-RF,27,0.532058,202
RML,BF-SAC-RF,BF-SAC-RF,28,0.532058,202
RML,BF-SAC-RF,BF-SAC-RF,29,0.532058,202
RML,BF-SAC-RF,BF-SAC-RF,30,0.532058,202
RML,BF-SAC-RF,BF-SAC-RF,31,0.532058,202
RML,BF-SAC-RF,BF-SAC-RF,32,0.532058,202
RML,BF-SAC-RF,BF-SAC-RF,33,0.532058,202
RML,BF-SAC-RF,BF-SAC-RF,34,0.532058,202
RML,BF-SAC-RF,BF-SAC-RF,35,0.532058,202
RML,BF-SAC-RF,BF-SAC-RF,36,0.532058,202
RML,BF-SAC-RF,BF-SAC-RF,37,0.532058,202
RML,BF-SAC-RF,BF-SAC-RF,38,0.532058,202
RML,BF-SAC-RF,BF-SAC-RF,39,0.532058,202
RML,BF-SAC-RF,BF-SAC-RF,40,0.532058,202
RML,BF-SAC-RF,BF-SAC-RF,41,0.532058,202
RML,BF-SAC-RF,BF-SAC-RF,42,0.532058,202
RML,BF-SAC-RF,BF-SAC-RF,43,0.532058,202
RML,BF-SAC-RF,BF-SAC-RF,44,0.532058,202
RML,BF-SAC-RF,BF-SAC-RF,45,0.532058,202
RML,BF-SAC-RF,BF-SAC-RF,46,0.532058,202
RML,BF-SAC-RF,BF-SAC-RF,47,0.474452,202
RML,BF-SAC-RF,BF-SAC-RF,48,0.474452,202
RML,BF-SAC-RF,BF-SAC-RF,49,0.466128,202
RML,BF-SAC-RF,BF-SAC-RF,50,0.456709,202
RML,BF-SAC-RF,BF-SAC-RF,51,0.456709,202
RML,BF-SAC-RF,BF-SAC-RF,52,0.456709,202
RML,BF-SAC-RF,BF-SAC-RF,53,0.456709,202
RML,BF-SAC-RF,BF-SAC-RF,54,0.456709,202
RML,BF-SAC-RF,BF-SAC-RF,55,0.456709,202
RML,BF-SAC-RF,BF-SAC-RF,56,0.456709,202
RML,BF-SAC-RF,BF-SAC-RF,57,0.456709,202
RML,BF-SAC-RF,BF-SAC-RF,58,0.456709,202
RML,BF-SAC-RF,BF-SAC-RF,59,0.456709,202
RML,BF-SAC-RF,BF-SAC-RF,60,0.456709,202
RML,BF-SAC-RF,BF-SAC-RF,61,0.456709,202
RML,BF-SAC-RF,BF-SAC-RF,62,0.456709,202
RML,BF-SAC-RF,BF-SAC-RF,63,0.456709,202
RML,BF-SAC-RF,BF-SAC-RF,64,0.456709,202
RML,BF-SAC-RF,BF-SAC-RF,65,0.456709,202
RML,BF-SAC-RF,BF-SAC-RF,66,0.456709,202
RML,BF-SAC-RF,BF-SAC-RF,67,0.456709,202
RML,BF-SAC-RF,BF-SAC-RF,68,0.453402,202
RML,BF-SAC-RF,BF-SAC-RF,69,0.450829,202
RML,BF-SAC-RF,BF-SAC-RF,70,0.450829,202
RML,BF-SAC-RF,BF-SAC-RF,71,0.450829,202
RML,BF-SAC-RF,BF-SAC-RF,72,0.450829,202
RML,BF-SAC-RF,BF-SAC-RF,73,0.450829,202
RML,BF-SAC-RF,BF-SAC-RF,74,0.450829,202
RML,BF-SAC-RF,BF-SAC-RF,75,0.450829,202
RML,BF-SAC-RF,BF-SAC-RF,76,0.450829,202
RML,BF-SAC-RF,BF-SAC-RF,77,0.450829,202
RML,BF-SAC-RF,BF-SAC-RF,78,0.450829,202
RML,BF-SAC-RF,BF-SAC-RF,79,0.450829,202
RML,BF-SAC-RF,BF-SAC-RF,80,0.450829,202
RML,BF-SAC-RF,BF-SAC-RF,81,0.450829,202
RML,BF-SAC-RF,BF-SAC-RF,82,0.450829,202
RML,BF-SAC-RF,BF-SAC-RF,83,0.450829,202
RML,BF-SAC-RF,BF-SAC-RF,84,0.450829,202
RML,BF-SAC-RF,BF-SAC-RF,85,0.450829,202
RML,BF-SAC-RF,BF-SAC-RF,86,0.450829,202
RML,BF-SAC-RF,BF-SAC-RF,87,0.450829,202
RML,BF-SAC-RF,BF-SAC-RF,88,0.450829,202
RML,BF-SAC-RF,BF-SAC-RF,89,0.450829,202
RML,BF-SAC-RF,BF-SAC-RF,90,0.450829,202
RML,BF-SAC-RF,BF-SAC-RF,91,0.450829,202
RML,BF-SAC-RF,BF-SAC-RF,92,0.450829,202
RML,BF-SAC-RF,BF-SAC-RF,93,0.450829,202
RML,BF-SAC-RF,BF-SAC-RF,94,0.450829,202
RML,BF-SAC-RF,BF-SAC-RF,95,0.450829,202
RML,BF-SAC-RF,BF-SAC-RF,96,0.450829,202
RML,BF-SAC-RF,BF-SAC-RF,97,0.44867,202
RML,BF-SAC-RF,BF-SAC-RF,98,0.44867,202
RML,BF-SAC-RF,BF-SAC-RF,99,0.44867,202
RML,BF-SAC-RF,BF-SAC-RF,100,0.44867,202
RML,BF-SAC-RF,BF-SAC-RF,1,0.691065,303
RML,BF-SAC-RF,BF-SAC-RF,2,0.691065,303
RML,BF-SAC-RF,BF-SAC-RF,3,0.691065,303
RML,BF-SAC-RF,BF-SAC-RF,4,0.691065,303
RML,BF-SAC-RF,BF-SAC-RF,5,0.691065,303
RML,BF-SAC-RF,BF-SAC-RF,6,0.691065,303
RML,BF-SAC-RF,BF-SAC-RF,7,0.691065,303
RML,BF-SAC-RF,BF-SAC-RF,8,0.691065,303
RML,BF-SAC-RF,BF-SAC-RF,9,0.691065,303
RML,BF-SAC-RF,BF-SAC-RF,10,0.577576,303
RML,BF-SAC-RF,BF-SAC-RF,11,0.577576,303
RML,BF-SAC-RF,BF-SAC-RF,12,0.577576,303
RML,BF-SAC-RF,BF-SAC-RF,13,0.577576,303
RML,BF-SAC-RF,BF-SAC-RF,14,0.577576,303
RML,BF-SAC-RF,BF-SAC-RF,15,0.504806,303
RML,BF-SAC-RF,BF-SAC-RF,16,0.504806,303
RML,BF-SAC-RF,BF-SAC-RF,17,0.504806,303
RML,BF-SAC-RF,BF-SAC-RF,18,0.504806,303
RML,BF-SAC-RF,BF-SAC-RF,19,0.504806,303
RML,BF-SAC-RF,BF-SAC-RF,20,0.504806,303
RML,BF-SAC-RF,BF-SAC-RF,21,0.504806,303
RML,BF-SAC-RF,BF-SAC-RF,22,0.504806,303
RML,BF-SAC-RF,BF-SAC-RF,23,0.504806,303
RML,BF-SAC-RF,BF-SAC-RF,24,0.504806,303
RML,BF-SAC-RF,BF-SAC-RF,25,0.504806,303
RML,BF-SAC-RF,BF-SAC-RF,26,0.504806,303
RML,BF-SAC-RF,BF-SAC-RF,27,0.504806,303
RML,BF-SAC-RF,BF-SAC-RF,28,0.504806,303
RML,BF-SAC-RF,BF-SAC-RF,29,0.504806,303
RML,BF-SAC-RF,BF-SAC-RF,30,0.504806,303
RML,BF-SAC-RF,BF-SAC-RF,31,0.504806,303
RML,BF-SAC-RF,BF-SAC-RF,32,0.504806,303
RML,BF-SAC-RF,BF-SAC-RF,33,0.504806,303
RML,BF-SAC-RF,BF-SAC-RF,34,0.504806,303
RML,BF-SAC-RF,BF-SAC-RF,35,0.504806,303
RML,BF-SAC-RF,BF-SAC-RF,36,0.504806,303
RML,BF-SAC-RF,BF-SAC-RF,37,0.504806,303
RML,BF-SAC-RF,BF-SAC-RF,38,0.504806,303
RML,BF-SAC-RF,BF-SAC-RF,39,0.504806,303
RML,BF-SAC-RF,BF-SAC-RF,40,0.504806,303
RML,BF-SAC-RF,BF-SAC-RF,41,0.504806,303
RML,BF-SAC-RF,BF-SAC-RF,42,0.504806,303
RML,BF-SAC-RF,BF-SAC-RF,43,0.504806,303
RML,BF-SAC-RF,BF-SAC-RF,44,0.504806,303
RML,BF-SAC-RF,BF-SAC-RF,45,0.504806,303
RML,BF-SAC-RF,BF-SAC-RF,46,0.504806,303
RML,BF-SAC-RF,BF-SAC-RF,47,0.497496,303
RML,BF-SAC-RF,BF-SAC-RF,48,0.497496,303
RML,BF-SAC-RF,BF-SAC-RF,49,0.497496,303
RML,BF-SAC-RF,BF-SAC-RF,50,0.497496,303
RML,BF-SAC-RF,BF-SAC-RF,51,0.497496,303
RML,BF-SAC-RF,BF-SAC-RF,52,0.497496,303
RML,BF-SAC-RF,BF-SAC-RF,53,0.497496,303
RML,BF-SAC-RF,BF-SAC-RF,54,0.497496,303
RML,BF-SAC-RF,BF-SAC-RF,55,0.484176,303
RML,BF-SAC-RF,BF-SAC-RF,56,0.484176,303
RML,BF-SAC-RF,BF-SAC-RF,57,0.484176,303
RML,BF-SAC-RF,BF-SAC-RF,58,0.472847,303
RML,BF-SAC-RF,BF-SAC-RF,59,0.472847,303
RML,BF-SAC-RF,BF-SAC-RF,60,0.472847,303
RML,BF-SAC-RF,BF-SAC-RF,61,0.472847,303
RML,BF-SAC-RF,BF-SAC-RF,62,0.472847,303
RML,BF-SAC-RF,BF-SAC-RF,63,0.472847,303
RML,BF-SAC-RF,BF-SAC-RF,64,0.472847,303
RML,BF-SAC-RF,BF-SAC-RF,65,0.472847,303
RML,BF-SAC-RF,BF-SAC-RF,66,0.472847,303
RML,BF-SAC-RF,BF-SAC-RF,67,0.472847,303
RML,BF-SAC-RF,BF-SAC-RF,68,0.458097,303
RML,BF-SAC-RF,BF-SAC-RF,69,0.458097,303
RML,BF-SAC-RF,BF-SAC-RF,70,0.458097,303
RML,BF-SAC-RF,BF-SAC-RF,71,0.458097,303
RML,BF-SAC-RF,BF-SAC-RF,72,0.458097,303
RML,BF-SAC-RF,BF-SAC-RF,73,0.458097,303
RML,BF-SAC-RF,BF-SAC-RF,74,0.458097,303
RML,BF-SAC-RF,BF-SAC-RF,75,0.458097,303
RML,BF-SAC-RF,BF-SAC-RF,76,0.458097,303
RML,BF-SAC-RF,BF-SAC-RF,77,0.452011,303
RML,BF-SAC-RF,BF-SAC-RF,78,0.452011,303
RML,BF-SAC-RF,BF-SAC-RF,79,0.452011,303
RML,BF-SAC-RF,BF-SAC-RF,80,0.452011,303
RML,BF-SAC-RF,BF-SAC-RF,81,0.452011,303
RML,BF-SAC-RF,BF-SAC-RF,82,0.448351,303
RML,BF-SAC-RF,BF-SAC-RF,83,0.448351,303
RML,BF-SAC-RF,BF-SAC-RF,84,0.448351,303
RML,BF-SAC-RF,BF-SAC-RF,85,0.448351,303
RML,BF-SAC-RF,BF-SAC-RF,86,0.448351,303
RML,BF-SAC-RF,BF-SAC-RF,87,0.448351,303
RML,BF-SAC-RF,BF-SAC-RF,88,0.448351,303
RML,BF-SAC-RF,BF-SAC-RF,89,0.448351,303
RML,BF-SAC-RF,BF-SAC-RF,90,0.448351,303
RML,BF-SAC-RF,BF-SAC-RF,91,0.448351,303
RML,BF-SAC-RF,BF-SAC-RF,92,0.442347,303
RML,BF-SAC-RF,BF-SAC-RF,93,0.442347,303
RML,BF-SAC-RF,BF-SAC-RF,94,0.43739,303
RML,BF-SAC-RF,BF-SAC-RF,95,0.43739,303
RML,BF-SAC-RF,BF-SAC-RF,96,0.43739,303
RML,BF-SAC-RF,BF-SAC-RF,97,0.43739,303
RML,BF-SAC-RF,BF-SAC-RF,98,0.43739,303
RML,BF-SAC-RF,BF-SAC-RF,99,0.43739,303
RML,BF-SAC-RF,BF-SAC-RF,100,0.43739,303
RML,BF-SAC-RF,BF-SAC-RF,1,1.071462,404
RML,BF-SAC-RF,BF-SAC-RF,2,1.071462,404
RML,BF-SAC-RF,BF-SAC-RF,3,0.762042,404
RML,BF-SAC-RF,BF-SAC-RF,4,0.762042,404
RML,BF-SAC-RF,BF-SAC-RF,5,0.762042,404
RML,BF-SAC-RF,BF-SAC-RF,6,0.762042,404
RML,BF-SAC-RF,BF-SAC-RF,7,0.7168,404
RML,BF-SAC-RF,BF-SAC-RF,8,0.7168,404
RML,BF-SAC-RF,BF-SAC-RF,9,0.7168,404
RML,BF-SAC-RF,BF-SAC-RF,10,0.7168,404
RML,BF-SAC-RF,BF-SAC-RF,11,0.7168,404
RML,BF-SAC-RF,BF-SAC-RF,12,0.7168,404
RML,BF-SAC-RF,BF-SAC-RF,13,0.7168,404
RML,BF-SAC-RF,BF-SAC-RF,14,0.7168,404
RML,BF-SAC-RF,BF-SAC-RF,15,0.712052,404
RML,BF-SAC-RF,BF-SAC-RF,16,0.691019,404
RML,BF-SAC-RF,BF-SAC-RF,17,0.691019,404
RML,BF-SAC-RF,BF-SAC-RF,18,0.691019,404
RML,BF-SAC-RF,BF-SAC-RF,19,0.691019,404
RML,BF-SAC-RF,BF-SAC-RF,20,0.691019,404
RML,BF-SAC-RF,BF-SAC-RF,21,0.691019,404
RML,BF-SAC-RF,BF-SAC-RF,22,0.654417,404
RML,BF-SAC-RF,BF-SAC-RF,23,0.654417,404
RML,BF-SAC-RF,BF-SAC-RF,24,0.654417,404
RML,BF-SAC-RF,BF-SAC-RF,25,0.654417,404
RML,BF-SAC-RF,BF-SAC-RF,26,0.654417,404
RML,BF-SAC-RF,BF-SAC-RF,27,0.654417,404
RML,BF-SAC-RF,BF-SAC-RF,28,0.567116,404
RML,BF-SAC-RF,BF-SAC-RF,29,0.567116,404
RML,BF-SAC-RF,BF-SAC-RF,30,0.567116,404
RML,BF-SAC-RF,BF-SAC-RF,31,0.567116,404
RML,BF-SAC-RF,BF-SAC-RF,32,0.567116,404
RML,BF-SAC-RF,BF-SAC-RF,33,0.567116,404
RML,BF-SAC-RF,BF-SAC-RF,34,0.567116,404
RML,BF-SAC-RF,BF-SAC-RF,35,0.567116,404
RML,BF-SAC-RF,BF-SAC-RF,36,0.567116,404
RML,BF-SAC-RF,BF-SAC-RF,37,0.567116,404
RML,BF-SAC-RF,BF-SAC-RF,38,0.567116,404
RML,BF-SAC-RF,BF-SAC-RF,39,0.567116,404
RML,BF-SAC-RF,BF-SAC-RF,40,0.567116,404
RML,BF-SAC-RF,BF-SAC-RF,41,0.567116,404
RML,BF-SAC-RF,BF-SAC-RF,42,0.567116,404
RML,BF-SAC-RF,BF-SAC-RF,43,0.502581,404
RML,BF-SAC-RF,BF-SAC-RF,44,0.482244,404
RML,BF-SAC-RF,BF-SAC-RF,45,0.482244,404
RML,BF-SAC-RF,BF-SAC-RF,46,0.482244,404
RML,BF-SAC-RF,BF-SAC-RF,47,0.47736,404
RML,BF-SAC-RF,BF-SAC-RF,48,0.464013,404
RML,BF-SAC-RF,BF-SAC-RF,49,0.464013,404
RML,BF-SAC-RF,BF-SAC-RF,50,0.464013,404
RML,BF-SAC-RF,BF-SAC-RF,51,0.464013,404
RML,BF-SAC-RF,BF-SAC-RF,52,0.441733,404
RML,BF-SAC-RF,BF-SAC-RF,53,0.441733,404
RML,BF-SAC-RF,BF-SAC-RF,54,0.441733,404
RML,BF-SAC-RF,BF-SAC-RF,55,0.441733,404
RML,BF-SAC-RF,BF-SAC-RF,56,0.441733,404
RML,BF-SAC-RF,BF-SAC-RF,57,0.441733,404
RML,BF-SAC-RF,BF-SAC-RF,58,0.441733,404
RML,BF-SAC-RF,BF-SAC-RF,59,0.441733,404
RML,BF-SAC-RF,BF-SAC-RF,60,0.441733,404
RML,BF-SAC-RF,BF-SAC-RF,61,0.441733,404
RML,BF-SAC-RF,BF-SAC-RF,62,0.441733,404
RML,BF-SAC-RF,BF-SAC-RF,63,0.441733,404
RML,BF-SAC-RF,BF-SAC-RF,64,0.441733,404
RML,BF-SAC-RF,BF-SAC-RF,65,0.441733,404
RML,BF-SAC-RF,BF-SAC-RF,66,0.441733,404
RML,BF-SAC-RF,BF-SAC-RF,67,0.441733,404
RML,BF-SAC-RF,BF-SAC-RF,68,0.441733,404
RML,BF-SAC-RF,BF-SAC-RF,69,0.441733,404
RML,BF-SAC-RF,BF-SAC-RF,70,0.441733,404
RML,BF-SAC-RF,BF-SAC-RF,71,0.441733,404
RML,BF-SAC-RF,BF-SAC-RF,72,0.441733,404
RML,BF-SAC-RF,BF-SAC-RF,73,0.441733,404
RML,BF-SAC-RF,BF-SAC-RF,74,0.441733,404
RML,BF-SAC-RF,BF-SAC-RF,75,0.441733,404
RML,BF-SAC-RF,BF-SAC-RF,76,0.441733,404
RML,BF-SAC-RF,BF-SAC-RF,77,0.441733,404
RML,BF-SAC-RF,BF-SAC-RF,78,0.434221,404
RML,BF-SAC-RF,BF-SAC-RF,79,0.434221,404
RML,BF-SAC-RF,BF-SAC-RF,80,0.434221,404
RML,BF-SAC-RF,BF-SAC-RF,81,0.434221,404
RML,BF-SAC-RF,BF-SAC-RF,82,0.434221,404
RML,BF-SAC-RF,BF-SAC-RF,83,0.434221,404
RML,BF-SAC-RF,BF-SAC-RF,84,0.434221,404
RML,BF-SAC-RF,BF-SAC-RF,85,0.430023,404
RML,BF-SAC-RF,BF-SAC-RF,86,0.430023,404
RML,BF-SAC-RF,BF-SAC-RF,87,0.426741,404
RML,BF-SAC-RF,BF-SAC-RF,88,0.426741,404
RML,BF-SAC-RF,BF-SAC-RF,89,0.426741,404
RML,BF-SAC-RF,BF-SAC-RF,90,0.426741,404
RML,BF-SAC-RF,BF-SAC-RF,91,0.426741,404
RML,BF-SAC-RF,BF-SAC-RF,92,0.394982,404
RML,BF-SAC-RF,BF-SAC-RF,93,0.394982,404
RML,BF-SAC-RF,BF-SAC-RF,94,0.394982,404
RML,BF-SAC-RF,BF-SAC-RF,95,0.394982,404
RML,BF-SAC-RF,BF-SAC-RF,96,0.394982,404
RML,BF-SAC-RF,BF-SAC-RF,97,0.394982,404
RML,BF-SAC-RF,BF-SAC-RF,98,0.394982,404
RML,BF-SAC-RF,BF-SAC-RF,99,0.394982,404
RML,BF-SAC-RF,BF-SAC-RF,100,0.394982,404
RML,CMA-ES,CMA-ES,1,0.8369287678734427,42
RML,CMA-ES,CMA-ES,2,0.8369287678734427,42
RML,CMA-ES,CMA-ES,3,0.8369287678734427,42
RML,CMA-ES,CMA-ES,4,0.8369287678734427,42
RML,CMA-ES,CMA-ES,5,0.69211640613991,42
RML,CMA-ES,CMA-ES,6,0.69211640613991,42
RML,CMA-ES,CMA-ES,7,0.69211640613991,42
RML,CMA-ES,CMA-ES,8,0.69211640613991,42
RML,CMA-ES,CMA-ES,9,0.69211640613991,42
RML,CMA-ES,CMA-ES,10,0.69211640613991,42
RML,CMA-ES,CMA-ES,11,0.69211640613991,42
RML,CMA-ES,CMA-ES,12,0.69211640613991,42
RML,CMA-ES,CMA-ES,13,0.69211640613991,42
RML,CMA-ES,CMA-ES,14,0.69211640613991,42
RML,CMA-ES,CMA-ES,15,0.5909037762229757,42
RML,CMA-ES,CMA-ES,16,0.5909037762229757,42
RML,CMA-ES,CMA-ES,17,0.5909037762229757,42
RML,CMA-ES,CMA-ES,18,0.5909037762229757,42
RML,CMA-ES,CMA-ES,19,0.5909037762229757,42
RML,CMA-ES,CMA-ES,20,0.5909037762229757,42
RML,CMA-ES,CMA-ES,21,0.5909037762229757,42
RML,CMA-ES,CMA-ES,22,0.5909037762229757,42
RML,CMA-ES,CMA-ES,23,0.5909037762229757,42
RML,CMA-ES,CMA-ES,24,0.5909037762229757,42
RML,CMA-ES,CMA-ES,25,0.5909037762229757,42
RML,CMA-ES,CMA-ES,26,0.5909037762229757,42
RML,CMA-ES,CMA-ES,27,0.5909037762229757,42
RML,CMA-ES,CMA-ES,28,0.5909037762229757,42
RML,CMA-ES,CMA-ES,29,0.5445531954178306,42
RML,CMA-ES,CMA-ES,30,0.5445531954178306,42
RML,CMA-ES,CMA-ES,31,0.5445531954178306,42
RML,CMA-ES,CMA-ES,32,0.5445531954178306,42
RML,CMA-ES,CMA-ES,33,0.491516252817202,42
RML,CMA-ES,CMA-ES,34,0.491516252817202,42
RML,CMA-ES,CMA-ES,35,0.491516252817202,42
RML,CMA-ES,CMA-ES,36,0.491516252817202,42
RML,CMA-ES,CMA-ES,37,0.491516252817202,42
RML,CMA-ES,CMA-ES,38,0.491516252817202,42
RML,CMA-ES,CMA-ES,39,0.46239143987417086,42
RML,CMA-ES,CMA-ES,40,0.46239143987417086,42
RML,CMA-ES,CMA-ES,41,0.46239143987417086,42
RML,CMA-ES,CMA-ES,42,0.46239143987417086,42
RML,CMA-ES,CMA-ES,43,0.46239143987417086,42
RML,CMA-ES,CMA-ES,44,0.46239143987417086,42
RML,CMA-ES,CMA-ES,45,0.46239143987417086,42
RML,CMA-ES,CMA-ES,46,0.46239143987417086,42
RML,CMA-ES,CMA-ES,47,0.46239143987417086,42
RML,CMA-ES,CMA-ES,48,0.46239143987417086,42
RML,CMA-ES,CMA-ES,49,0.46239143987417086,42
RML,CMA-ES,CMA-ES,50,0.46239143987417086,42
RML,CMA-ES,CMA-ES,51,0.46239143987417086,42
RML,CMA-ES,CMA-ES,52,0.46239143987417086,42
RML,CMA-ES,CMA-ES,53,0.46239143987417086,42
RML,CMA-ES,CMA-ES,54,0.46239143987417086,42
RML,CMA-ES,CMA-ES,55,0.46239143987417086,42
RML,CMA-ES,CMA-ES,56,0.46239143987417086,42
RML,CMA-ES,CMA-ES,57,0.46239143987417086,42
RML,CMA-ES,CMA-ES,58,0.46239143987417086,42
RML,CMA-ES,CMA-ES,59,0.46239143987417086,42
RML,CMA-ES,CMA-ES,60,0.46239143987417086,42
RML,CMA-ES,CMA-ES,61,0.46239143987417086,42
RML,CMA-ES,CMA-ES,62,0.46239143987417086,42
RML,CMA-ES,CMA-ES,63,0.4608526275525887,42
RML,CMA-ES,CMA-ES,64,0.4608526275525887,42
RML,CMA-ES,CMA-ES,65,0.4608526275525887,42
RML,CMA-ES,CMA-ES,66,0.4608526275525887,42
RML,CMA-ES,CMA-ES,67,0.4608526275525887,42
RML,CMA-ES,CMA-ES,68,0.4608526275525887,42
RML,CMA-ES,CMA-ES,69,0.4608526275525887,42
RML,CMA-ES,CMA-ES,70,0.4608526275525887,42
RML,CMA-ES,CMA-ES,71,0.4608526275525887,42
RML,CMA-ES,CMA-ES,72,0.4608526275525887,42
RML,CMA-ES,CMA-ES,73,0.4608526275525887,42
RML,CMA-ES,CMA-ES,74,0.4608526275525887,42
RML,CMA-ES,CMA-ES,75,0.4608526275525887,42
RML,CMA-ES,CMA-ES,76,0.4608526275525887,42
RML,CMA-ES,CMA-ES,77,0.455138816171754,42
RML,CMA-ES,CMA-ES,78,0.455138816171754,42
RML,CMA-ES,CMA-ES,79,0.455138816171754,42
RML,CMA-ES,CMA-ES,80,0.455138816171754,42
RML,CMA-ES,CMA-ES,81,0.455138816171754,42
RML,CMA-ES,CMA-ES,82,0.455138816171754,42
RML,CMA-ES,CMA-ES,83,0.455138816171754,42
RML,CMA-ES,CMA-ES,84,0.455138816171754,42
RML,CMA-ES,CMA-ES,85,0.455138816171754,42
RML,CMA-ES,CMA-ES,86,0.455138816171754,42
RML,CMA-ES,CMA-ES,87,0.455138816171754,42
RML,CMA-ES,CMA-ES,88,0.455138816171754,42
RML,CMA-ES,CMA-ES,89,0.455138816171754,42
RML,CMA-ES,CMA-ES,90,0.455138816171754,42
RML,CMA-ES,CMA-ES,91,0.455138816171754,42
RML,CMA-ES,CMA-ES,92,0.455138816171754,42
RML,CMA-ES,CMA-ES,93,0.455138816171754,42
RML,CMA-ES,CMA-ES,94,0.455138816171754,42
RML,CMA-ES,CMA-ES,95,0.455138816171754,42
RML,CMA-ES,CMA-ES,96,0.455138816171754,42
RML,CMA-ES,CMA-ES,97,0.455138816171754,42
RML,CMA-ES,CMA-ES,98,0.455138816171754,42
RML,CMA-ES,CMA-ES,99,0.455138816171754,42
RML,CMA-ES,CMA-ES,100,0.455138816171754,42
RML,CMA-ES,CMA-ES,1,0.7998457221820778,101
RML,CMA-ES,CMA-ES,2,0.7998457221820778,101
RML,CMA-ES,CMA-ES,3,0.6944980848982454,101
RML,CMA-ES,CMA-ES,4,0.4868142244699926,101
RML,CMA-ES,CMA-ES,5,0.4868142244699926,101
RML,CMA-ES,CMA-ES,6,0.4868142244699926,101
RML,CMA-ES,CMA-ES,7,0.4868142244699926,101
RML,CMA-ES,CMA-ES,8,0.4868142244699926,101
RML,CMA-ES,CMA-ES,9,0.4868142244699926,101
RML,CMA-ES,CMA-ES,10,0.4868142244699926,101
RML,CMA-ES,CMA-ES,11,0.4868142244699926,101
RML,CMA-ES,CMA-ES,12,0.4868142244699926,101
RML,CMA-ES,CMA-ES,13,0.4868142244699926,101
RML,CMA-ES,CMA-ES,14,0.4868142244699926,101
RML,CMA-ES,CMA-ES,15,0.4868142244699926,101
RML,CMA-ES,CMA-ES,16,0.4868142244699926,101
RML,CMA-ES,CMA-ES,17,0.4868142244699926,101
RML,CMA-ES,CMA-ES,18,0.4868142244699926,101
RML,CMA-ES,CMA-ES,19,0.4868142244699926,101
RML,CMA-ES,CMA-ES,20,0.4868142244699926,101
RML,CMA-ES,CMA-ES,21,0.4868142244699926,101
RML,CMA-ES,CMA-ES,22,0.4868142244699926,101
RML,CMA-ES,CMA-ES,23,0.4868142244699926,101
RML,CMA-ES,CMA-ES,24,0.4868142244699926,101
RML,CMA-ES,CMA-ES,25,0.4868142244699926,101
RML,CMA-ES,CMA-ES,26,0.4868142244699926,101
RML,CMA-ES,CMA-ES,27,0.4868142244699926,101
RML,CMA-ES,CMA-ES,28,0.4868142244699926,101
RML,CMA-ES,CMA-ES,29,0.4868142244699926,101
RML,CMA-ES,CMA-ES,30,0.4868142244699926,101
RML,CMA-ES,CMA-ES,31,0.4868142244699926,101
RML,CMA-ES,CMA-ES,32,0.4868142244699926,101
RML,CMA-ES,CMA-ES,33,0.4868142244699926,101
RML,CMA-ES,CMA-ES,34,0.4868142244699926,101
RML,CMA-ES,CMA-ES,35,0.4868142244699926,101
RML,CMA-ES,CMA-ES,36,0.4868142244699926,101
RML,CMA-ES,CMA-ES,37,0.4868142244699926,101
RML,CMA-ES,CMA-ES,38,0.4868142244699926,101
RML,CMA-ES,CMA-ES,39,0.4868142244699926,101
RML,CMA-ES,CMA-ES,40,0.4868142244699926,101
RML,CMA-ES,CMA-ES,41,0.4868142244699926,101
RML,CMA-ES,CMA-ES,42,0.4868142244699926,101
RML,CMA-ES,CMA-ES,43,0.47768745749148456,101
RML,CMA-ES,CMA-ES,44,0.45707474054373476,101
RML,CMA-ES,CMA-ES,45,0.45707474054373476,101
RML,CMA-ES,CMA-ES,46,0.45707474054373476,101
RML,CMA-ES,CMA-ES,47,0.45707474054373476,101
RML,CMA-ES,CMA-ES,48,0.45707474054373476,101
RML,CMA-ES,CMA-ES,49,0.45707474054373476,101
RML,CMA-ES,CMA-ES,50,0.45707474054373476,101
RML,CMA-ES,CMA-ES,51,0.45707474054373476,101
RML,CMA-ES,CMA-ES,52,0.45707474054373476,101
RML,CMA-ES,CMA-ES,53,0.45707474054373476,101
RML,CMA-ES,CMA-ES,54,0.45707474054373476,101
RML,CMA-ES,CMA-ES,55,0.45707474054373476,101
RML,CMA-ES,CMA-ES,56,0.45707474054373476,101
RML,CMA-ES,CMA-ES,57,0.45707474054373476,101
RML,CMA-ES,CMA-ES,58,0.45707474054373476,101
RML,CMA-ES,CMA-ES,59,0.45707474054373476,101
RML,CMA-ES,CMA-ES,60,0.45707474054373476,101
RML,CMA-ES,CMA-ES,61,0.45707474054373476,101
RML,CMA-ES,CMA-ES,62,0.45707474054373476,101
RML,CMA-ES,CMA-ES,63,0.45707474054373476,101
RML,CMA-ES,CMA-ES,64,0.45707474054373476,101
RML,CMA-ES,CMA-ES,65,0.45707474054373476,101
RML,CMA-ES,CMA-ES,66,0.45707474054373476,101
RML,CMA-ES,CMA-ES,67,0.45707474054373476,101
RML,CMA-ES,CMA-ES,68,0.45707474054373476,101
RML,CMA-ES,CMA-ES,69,0.45707474054373476,101
RML,CMA-ES,CMA-ES,70,0.45707474054373476,101
RML,CMA-ES,CMA-ES,71,0.45707474054373476,101
RML,CMA-ES,CMA-ES,72,0.45707474054373476,101
RML,CMA-ES,CMA-ES,73,0.45707474054373476,101
RML,CMA-ES,CMA-ES,74,0.45707474054373476,101
RML,CMA-ES,CMA-ES,75,0.45707474054373476,101
RML,CMA-ES,CMA-ES,76,0.45707474054373476,101
RML,CMA-ES,CMA-ES,77,0.45707474054373476,101
RML,CMA-ES,CMA-ES,78,0.45707474054373476,101
RML,CMA-ES,CMA-ES,79,0.45707474054373476,101
RML,CMA-ES,CMA-ES,80,0.45707474054373476,101
RML,CMA-ES,CMA-ES,81,0.45707474054373476,101
RML,CMA-ES,CMA-ES,82,0.45707474054373476,101
RML,CMA-ES,CMA-ES,83,0.4217042562031202,101
RML,CMA-ES,CMA-ES,84,0.4217042562031202,101
RML,CMA-ES,CMA-ES,85,0.4217042562031202,101
RML,CMA-ES,CMA-ES,86,0.4217042562031202,101
RML,CMA-ES,CMA-ES,87,0.4217042562031202,101
RML,CMA-ES,CMA-ES,88,0.4217042562031202,101
RML,CMA-ES,CMA-ES,89,0.4217042562031202,101
RML,CMA-ES,CMA-ES,90,0.4217042562031202,101
RML,CMA-ES,CMA-ES,91,0.4217042562031202,101
RML,CMA-ES,CMA-ES,92,0.4217042562031202,101
RML,CMA-ES,CMA-ES,93,0.4217042562031202,101
RML,CMA-ES,CMA-ES,94,0.4217042562031202,101
RML,CMA-ES,CMA-ES,95,0.4217042562031202,101
RML,CMA-ES,CMA-ES,96,0.4217042562031202,101
RML,CMA-ES,CMA-ES,97,0.4217042562031202,101
RML,CMA-ES,CMA-ES,98,0.4217042562031202,101
RML,CMA-ES,CMA-ES,99,0.4217042562031202,101
RML,CMA-ES,CMA-ES,100,0.4217042562031202,101
RML,CMA-ES,CMA-ES,1,1.248573960289139,202
RML,CMA-ES,CMA-ES,2,1.0559242566854206,202
RML,CMA-ES,CMA-ES,3,0.8513022938936303,202
RML,CMA-ES,CMA-ES,4,0.8513022938936303,202
RML,CMA-ES,CMA-ES,5,0.8513022938936303,202
RML,CMA-ES,CMA-ES,6,0.8513022938936303,202
RML,CMA-ES,CMA-ES,7,0.8513022938936303,202
RML,CMA-ES,CMA-ES,8,0.8513022938936303,202
RML,CMA-ES,CMA-ES,9,0.8513022938936303,202
RML,CMA-ES,CMA-ES,10,0.8513022938936303,202
RML,CMA-ES,CMA-ES,11,0.8513022938936303,202
RML,CMA-ES,CMA-ES,12,0.8513022938936303,202
RML,CMA-ES,CMA-ES,13,0.8513022938936303,202
RML,CMA-ES,CMA-ES,14,0.8513022938936303,202
RML,CMA-ES,CMA-ES,15,0.7437130529386111,202
RML,CMA-ES,CMA-ES,16,0.7437130529386111,202
RML,CMA-ES,CMA-ES,17,0.7437130529386111,202
RML,CMA-ES,CMA-ES,18,0.7437130529386111,202
RML,CMA-ES,CMA-ES,19,0.7437130529386111,202
RML,CMA-ES,CMA-ES,20,0.7437130529386111,202
RML,CMA-ES,CMA-ES,21,0.5636541831307254,202
RML,CMA-ES,CMA-ES,22,0.5636541831307254,202
RML,CMA-ES,CMA-ES,23,0.5636541831307254,202
RML,CMA-ES,CMA-ES,24,0.5636541831307254,202
RML,CMA-ES,CMA-ES,25,0.5636541831307254,202
RML,CMA-ES,CMA-ES,26,0.5636541831307254,202
RML,CMA-ES,CMA-ES,27,0.5636541831307254,202
RML,CMA-ES,CMA-ES,28,0.5636541831307254,202
RML,CMA-ES,CMA-ES,29,0.5636541831307254,202
RML,CMA-ES,CMA-ES,30,0.5636541831307254,202
RML,CMA-ES,CMA-ES,31,0.5636541831307254,202
RML,CMA-ES,CMA-ES,32,0.5636541831307254,202
RML,CMA-ES,CMA-ES,33,0.5636541831307254,202
RML,CMA-ES,CMA-ES,34,0.5636541831307254,202
RML,CMA-ES,CMA-ES,35,0.5636541831307254,202
RML,CMA-ES,CMA-ES,36,0.5252751646108513,202
RML,CMA-ES,CMA-ES,37,0.5252751646108513,202
RML,CMA-ES,CMA-ES,38,0.5252751646108513,202
RML,CMA-ES,CMA-ES,39,0.44442408397989464,202
RML,CMA-ES,CMA-ES,40,0.44442408397989464,202
RML,CMA-ES,CMA-ES,41,0.44442408397989464,202
RML,CMA-ES,CMA-ES,42,0.44442408397989464,202
RML,CMA-ES,CMA-ES,43,0.44442408397989464,202
RML,CMA-ES,CMA-ES,44,0.44442408397989464,202
RML,CMA-ES,CMA-ES,45,0.44442408397989464,202
RML,CMA-ES,CMA-ES,46,0.44442408397989464,202
RML,CMA-ES,CMA-ES,47,0.44442408397989464,202
RML,CMA-ES,CMA-ES,48,0.44442408397989464,202
RML,CMA-ES,CMA-ES,49,0.44442408397989464,202
RML,CMA-ES,CMA-ES,50,0.44442408397989464,202
RML,CMA-ES,CMA-ES,51,0.44442408397989464,202
RML,CMA-ES,CMA-ES,52,0.44442408397989464,202
RML,CMA-ES,CMA-ES,53,0.44442408397989464,202
RML,CMA-ES,CMA-ES,54,0.44442408397989464,202
RML,CMA-ES,CMA-ES,55,0.44442408397989464,202
RML,CMA-ES,CMA-ES,56,0.44442408397989464,202
RML,CMA-ES,CMA-ES,57,0.44442408397989464,202
RML,CMA-ES,CMA-ES,58,0.44442408397989464,202
RML,CMA-ES,CMA-ES,59,0.44442408397989464,202
RML,CMA-ES,CMA-ES,60,0.44442408397989464,202
RML,CMA-ES,CMA-ES,61,0.44442408397989464,202
RML,CMA-ES,CMA-ES,62,0.44442408397989464,202
RML,CMA-ES,CMA-ES,63,0.44442408397989464,202
RML,CMA-ES,CMA-ES,64,0.44442408397989464,202
RML,CMA-ES,CMA-ES,65,0.44442408397989464,202
RML,CMA-ES,CMA-ES,66,0.44442408397989464,202
RML,CMA-ES,CMA-ES,67,0.44442408397989464,202
RML,CMA-ES,CMA-ES,68,0.44442408397989464,202
RML,CMA-ES,CMA-ES,69,0.44442408397989464,202
RML,CMA-ES,CMA-ES,70,0.44442408397989464,202
RML,CMA-ES,CMA-ES,71,0.44442408397989464,202
RML,CMA-ES,CMA-ES,72,0.44442408397989464,202
RML,CMA-ES,CMA-ES,73,0.44442408397989464,202
RML,CMA-ES,CMA-ES,74,0.44442408397989464,202
RML,CMA-ES,CMA-ES,75,0.44442408397989464,202
RML,CMA-ES,CMA-ES,76,0.44442408397989464,202
RML,CMA-ES,CMA-ES,77,0.44442408397989464,202
RML,CMA-ES,CMA-ES,78,0.44442408397989464,202
RML,CMA-ES,CMA-ES,79,0.44442408397989464,202
RML,CMA-ES,CMA-ES,80,0.44442408397989464,202
RML,CMA-ES,CMA-ES,81,0.44442408397989464,202
RML,CMA-ES,CMA-ES,82,0.44442408397989464,202
RML,CMA-ES,CMA-ES,83,0.44442408397989464,202
RML,CMA-ES,CMA-ES,84,0.44442408397989464,202
RML,CMA-ES,CMA-ES,85,0.44442408397989464,202
RML,CMA-ES,CMA-ES,86,0.44442408397989464,202
RML,CMA-ES,CMA-ES,87,0.44442408397989464,202
RML,CMA-ES,CMA-ES,88,0.44442408397989464,202
RML,CMA-ES,CMA-ES,89,0.44442408397989464,202
RML,CMA-ES,CMA-ES,90,0.44442408397989464,202
RML,CMA-ES,CMA-ES,91,0.44166337441740966,202
RML,CMA-ES,CMA-ES,92,0.44166337441740966,202
RML,CMA-ES,CMA-ES,93,0.44166337441740966,202
RML,CMA-ES,CMA-ES,94,0.44166337441740966,202
RML,CMA-ES,CMA-ES,95,0.44166337441740966,202
RML,CMA-ES,CMA-ES,96,0.44166337441740966,202
RML,CMA-ES,CMA-ES,97,0.44166337441740966,202
RML,CMA-ES,CMA-ES,98,0.44166337441740966,202
RML,CMA-ES,CMA-ES,99,0.44166337441740966,202
RML,CMA-ES,CMA-ES,100,0.44166337441740966,202
RML,CMA-ES,CMA-ES,1,0.6751061594746006,303
RML,CMA-ES,CMA-ES,2,0.5316724467959655,303
RML,CMA-ES,CMA-ES,3,0.5316724467959655,303
RML,CMA-ES,CMA-ES,4,0.5316724467959655,303
RML,CMA-ES,CMA-ES,5,0.5316724467959655,303
RML,CMA-ES,CMA-ES,6,0.5316724467959655,303
RML,CMA-ES,CMA-ES,7,0.5316724467959655,303
RML,CMA-ES,CMA-ES,8,0.5316724467959655,303
RML,CMA-ES,CMA-ES,9,0.5316724467959655,303
RML,CMA-ES,CMA-ES,10,0.5316724467959655,303
RML,CMA-ES,CMA-ES,11,0.5316724467959655,303
RML,CMA-ES,CMA-ES,12,0.5316724467959655,303
RML,CMA-ES,CMA-ES,13,0.5316724467959655,303
RML,CMA-ES,CMA-ES,14,0.5316724467959655,303
RML,CMA-ES,CMA-ES,15,0.5316724467959655,303
RML,CMA-ES,CMA-ES,16,0.4528922019958751,303
RML,CMA-ES,CMA-ES,17,0.4528922019958751,303
RML,CMA-ES,CMA-ES,18,0.4528922019958751,303
RML,CMA-ES,CMA-ES,19,0.4528922019958751,303
RML,CMA-ES,CMA-ES,20,0.4528922019958751,303
RML,CMA-ES,CMA-ES,21,0.4528922019958751,303
RML,CMA-ES,CMA-ES,22,0.4528922019958751,303
RML,CMA-ES,CMA-ES,23,0.4528922019958751,303
RML,CMA-ES,CMA-ES,24,0.4528922019958751,303
RML,CMA-ES,CMA-ES,25,0.4528922019958751,303
RML,CMA-ES,CMA-ES,26,0.4528922019958751,303
RML,CMA-ES,CMA-ES,27,0.4528922019958751,303
RML,CMA-ES,CMA-ES,28,0.4528922019958751,303
RML,CMA-ES,CMA-ES,29,0.4528922019958751,303
RML,CMA-ES,CMA-ES,30,0.4528922019958751,303
RML,CMA-ES,CMA-ES,31,0.4528922019958751,303
RML,CMA-ES,CMA-ES,32,0.4528922019958751,303
RML,CMA-ES,CMA-ES,33,0.44185691813745476,303
RML,CMA-ES,CMA-ES,34,0.44185691813745476,303
RML,CMA-ES,CMA-ES,35,0.44185691813745476,303
RML,CMA-ES,CMA-ES,36,0.44185691813745476,303
RML,CMA-ES,CMA-ES,37,0.44185691813745476,303
RML,CMA-ES,CMA-ES,38,0.44185691813745476,303
RML,CMA-ES,CMA-ES,39,0.44185691813745476,303
RML,CMA-ES,CMA-ES,40,0.44185691813745476,303
RML,CMA-ES,CMA-ES,41,0.44185691813745476,303
RML,CMA-ES,CMA-ES,42,0.44185691813745476,303
RML,CMA-ES,CMA-ES,43,0.44185691813745476,303
RML,CMA-ES,CMA-ES,44,0.44185691813745476,303
RML,CMA-ES,CMA-ES,45,0.44185691813745476,303
RML,CMA-ES,CMA-ES,46,0.42348736068694504,303
RML,CMA-ES,CMA-ES,47,0.42348736068694504,303
RML,CMA-ES,CMA-ES,48,0.42348736068694504,303
RML,CMA-ES,CMA-ES,49,0.42348736068694504,303
RML,CMA-ES,CMA-ES,50,0.42348736068694504,303
RML,CMA-ES,CMA-ES,51,0.42348736068694504,303
RML,CMA-ES,CMA-ES,52,0.42348736068694504,303
RML,CMA-ES,CMA-ES,53,0.42348736068694504,303
RML,CMA-ES,CMA-ES,54,0.42348736068694504,303
RML,CMA-ES,CMA-ES,55,0.42348736068694504,303
RML,CMA-ES,CMA-ES,56,0.42348736068694504,303
RML,CMA-ES,CMA-ES,57,0.42348736068694504,303
RML,CMA-ES,CMA-ES,58,0.42348736068694504,303
RML,CMA-ES,CMA-ES,59,0.42348736068694504,303
RML,CMA-ES,CMA-ES,60,0.42348736068694504,303
RML,CMA-ES,CMA-ES,61,0.42348736068694504,303
RML,CMA-ES,CMA-ES,62,0.42348736068694504,303
RML,CMA-ES,CMA-ES,63,0.42348736068694504,303
RML,CMA-ES,CMA-ES,64,0.42348736068694504,303
RML,CMA-ES,CMA-ES,65,0.42348736068694504,303
RML,CMA-ES,CMA-ES,66,0.42348736068694504,303
RML,CMA-ES,CMA-ES,67,0.42348736068694504,303
RML,CMA-ES,CMA-ES,68,0.42348736068694504,303
RML,CMA-ES,CMA-ES,69,0.42348736068694504,303
RML,CMA-ES,CMA-ES,70,0.42348736068694504,303
RML,CMA-ES,CMA-ES,71,0.42348736068694504,303
RML,CMA-ES,CMA-ES,72,0.42348736068694504,303
RML,CMA-ES,CMA-ES,73,0.42348736068694504,303
RML,CMA-ES,CMA-ES,74,0.42348736068694504,303
RML,CMA-ES,CMA-ES,75,0.42348736068694504,303
RML,CMA-ES,CMA-ES,76,0.42348736068694504,303
RML,CMA-ES,CMA-ES,77,0.42348736068694504,303
RML,CMA-ES,CMA-ES,78,0.42348736068694504,303
RML,CMA-ES,CMA-ES,79,0.42348736068694504,303
RML,CMA-ES,CMA-ES,80,0.42348736068694504,303
RML,CMA-ES,CMA-ES,81,0.42348736068694504,303
RML,CMA-ES,CMA-ES,82,0.42348736068694504,303
RML,CMA-ES,CMA-ES,83,0.42348736068694504,303
RML,CMA-ES,CMA-ES,84,0.42348736068694504,303
RML,CMA-ES,CMA-ES,85,0.42348736068694504,303
RML,CMA-ES,CMA-ES,86,0.42348736068694504,303
RML,CMA-ES,CMA-ES,87,0.42348736068694504,303
RML,CMA-ES,CMA-ES,88,0.42348736068694504,303
RML,CMA-ES,CMA-ES,89,0.42348736068694504,303
RML,CMA-ES,CMA-ES,90,0.42348736068694504,303
RML,CMA-ES,CMA-ES,91,0.42348736068694504,303
RML,CMA-ES,CMA-ES,92,0.42348736068694504,303
RML,CMA-ES,CMA-ES,93,0.42348736068694504,303
RML,CMA-ES,CMA-ES,94,0.42348736068694504,303
RML,CMA-ES,CMA-ES,95,0.42348736068694504,303
RML,CMA-ES,CMA-ES,96,0.42348736068694504,303
RML,CMA-ES,CMA-ES,97,0.42348736068694504,303
RML,CMA-ES,CMA-ES,98,0.42348736068694504,303
RML,CMA-ES,CMA-ES,99,0.42348736068694504,303
RML,CMA-ES,CMA-ES,100,0.42348736068694504,303
RML,CMA-ES,CMA-ES,1,1.044684385817848,404
RML,CMA-ES,CMA-ES,2,0.9511649683490171,404
RML,CMA-ES,CMA-ES,3,0.9511649683490171,404
RML,CMA-ES,CMA-ES,4,0.9511649683490171,404
RML,CMA-ES,CMA-ES,5,0.8825518503428577,404
RML,CMA-ES,CMA-ES,6,0.8825518503428577,404
RML,CMA-ES,CMA-ES,7,0.8825518503428577,404
RML,CMA-ES,CMA-ES,8,0.8825518503428577,404
RML,CMA-ES,CMA-ES,9,0.8014795059349131,404
RML,CMA-ES,CMA-ES,10,0.8014795059349131,404
RML,CMA-ES,CMA-ES,11,0.8014795059349131,404
RML,CMA-ES,CMA-ES,12,0.8014795059349131,404
RML,CMA-ES,CMA-ES,13,0.8014795059349131,404
RML,CMA-ES,CMA-ES,14,0.8014795059349131,404
RML,CMA-ES,CMA-ES,15,0.8014795059349131,404
RML,CMA-ES,CMA-ES,16,0.8014795059349131,404
RML,CMA-ES,CMA-ES,17,0.8014795059349131,404
RML,CMA-ES,CMA-ES,18,0.8014795059349131,404
RML,CMA-ES,CMA-ES,19,0.8014795059349131,404
RML,CMA-ES,CMA-ES,20,0.8014795059349131,404
RML,CMA-ES,CMA-ES,21,0.8014795059349131,404
RML,CMA-ES,CMA-ES,22,0.8014795059349131,404
RML,CMA-ES,CMA-ES,23,0.8014795059349131,404
RML,CMA-ES,CMA-ES,24,0.7327327248617912,404
RML,CMA-ES,CMA-ES,25,0.7327327248617912,404
RML,CMA-ES,CMA-ES,26,0.7327327248617912,404
RML,CMA-ES,CMA-ES,27,0.7327327248617912,404
RML,CMA-ES,CMA-ES,28,0.7327327248617912,404
RML,CMA-ES,CMA-ES,29,0.7092489666938382,404
RML,CMA-ES,CMA-ES,30,0.7092489666938382,404
RML,CMA-ES,CMA-ES,31,0.7092489666938382,404
RML,CMA-ES,CMA-ES,32,0.7092489666938382,404
RML,CMA-ES,CMA-ES,33,0.7092489666938382,404
RML,CMA-ES,CMA-ES,34,0.7092489666938382,404
RML,CMA-ES,CMA-ES,35,0.7092489666938382,404
RML,CMA-ES,CMA-ES,36,0.7092489666938382,404
RML,CMA-ES,CMA-ES,37,0.7092489666938382,404
RML,CMA-ES,CMA-ES,38,0.7092489666938382,404
RML,CMA-ES,CMA-ES,39,0.7092489666938382,404
RML,CMA-ES,CMA-ES,40,0.7092489666938382,404
RML,CMA-ES,CMA-ES,41,0.7092489666938382,404
RML,CMA-ES,CMA-ES,42,0.7092489666938382,404
RML,CMA-ES,CMA-ES,43,0.7092489666938382,404
RML,CMA-ES,CMA-ES,44,0.7092489666938382,404
RML,CMA-ES,CMA-ES,45,0.7092489666938382,404
RML,CMA-ES,CMA-ES,46,0.7092489666938382,404
RML,CMA-ES,CMA-ES,47,0.7092489666938382,404
RML,CMA-ES,CMA-ES,48,0.7092489666938382,404
RML,CMA-ES,CMA-ES,49,0.7092489666938382,404
RML,CMA-ES,CMA-ES,50,0.7092489666938382,404
RML,CMA-ES,CMA-ES,51,0.6093359338856064,404
RML,CMA-ES,CMA-ES,52,0.6093359338856064,404
RML,CMA-ES,CMA-ES,53,0.6093359338856064,404
RML,CMA-ES,CMA-ES,54,0.6093359338856064,404
RML,CMA-ES,CMA-ES,55,0.6093359338856064,404
RML,CMA-ES,CMA-ES,56,0.6093359338856064,404
RML,CMA-ES,CMA-ES,57,0.6093359338856064,404
RML,CMA-ES,CMA-ES,58,0.6093359338856064,404
RML,CMA-ES,CMA-ES,59,0.6093359338856064,404
RML,CMA-ES,CMA-ES,60,0.6093359338856064,404
RML,CMA-ES,CMA-ES,61,0.6093359338856064,404
RML,CMA-ES,CMA-ES,62,0.6093359338856064,404
RML,CMA-ES,CMA-ES,63,0.5344544379501712,404
RML,CMA-ES,CMA-ES,64,0.5344544379501712,404
RML,CMA-ES,CMA-ES,65,0.5344544379501712,404
RML,CMA-ES,CMA-ES,66,0.5344544379501712,404
RML,CMA-ES,CMA-ES,67,0.5344544379501712,404
RML,CMA-ES,CMA-ES,68,0.5344544379501712,404
RML,CMA-ES,CMA-ES,69,0.5344544379501712,404
RML,CMA-ES,CMA-ES,70,0.5344544379501712,404
RML,CMA-ES,CMA-ES,71,0.45869291622796426,404
RML,CMA-ES,CMA-ES,72,0.45869291622796426,404
RML,CMA-ES,CMA-ES,73,0.45869291622796426,404
RML,CMA-ES,CMA-ES,74,0.45869291622796426,404
RML,CMA-ES,CMA-ES,75,0.45869291622796426,404
RML,CMA-ES,CMA-ES,76,0.45869291622796426,404
RML,CMA-ES,CMA-ES,77,0.45869291622796426,404
RML,CMA-ES,CMA-ES,78,0.45869291622796426,404
RML,CMA-ES,CMA-ES,79,0.45869291622796426,404
RML,CMA-ES,CMA-ES,80,0.45869291622796426,404
RML,CMA-ES,CMA-ES,81,0.45869291622796426,404
RML,CMA-ES,CMA-ES,82,0.45869291622796426,404
RML,CMA-ES,CMA-ES,83,0.45869291622796426,404
RML,CMA-ES,CMA-ES,84,0.45869291622796426,404
RML,CMA-ES,CMA-ES,85,0.45869291622796426,404
RML,CMA-ES,CMA-ES,86,0.45869291622796426,404
RML,CMA-ES,CMA-ES,87,0.45869291622796426,404
RML,CMA-ES,CMA-ES,88,0.45869291622796426,404
RML,CMA-ES,CMA-ES,89,0.45869291622796426,404
RML,CMA-ES,CMA-ES,90,0.45869291622796426,404
RML,CMA-ES,CMA-ES,91,0.45869291622796426,404
RML,CMA-ES,CMA-ES,92,0.45869291622796426,404
RML,CMA-ES,CMA-ES,93,0.45869291622796426,404
RML,CMA-ES,CMA-ES,94,0.45869291622796426,404
RML,CMA-ES,CMA-ES,95,0.45869291622796426,404
RML,CMA-ES,CMA-ES,96,0.45869291622796426,404
RML,CMA-ES,CMA-ES,97,0.45869291622796426,404
RML,CMA-ES,CMA-ES,98,0.45869291622796426,404
RML,CMA-ES,CMA-ES,99,0.45869291622796426,404
RML,CMA-ES,CMA-ES,100,0.45869291622796426,404
RML,遗传算法（GA）,GA,1,0.7570506485792035,42
RML,遗传算法（GA）,GA,2,0.7570506485792035,42
RML,遗传算法（GA）,GA,3,0.7570506485792035,42
RML,遗传算法（GA）,GA,4,0.7570506485792035,42
RML,遗传算法（GA）,GA,5,0.7570506485792035,42
RML,遗传算法（GA）,GA,6,0.7570506485792035,42
RML,遗传算法（GA）,GA,7,0.7570506485792035,42
RML,遗传算法（GA）,GA,8,0.7570506485792035,42
RML,遗传算法（GA）,GA,9,0.7570506485792035,42
RML,遗传算法（GA）,GA,10,0.7570506485792035,42
RML,遗传算法（GA）,GA,11,0.7570506485792035,42
RML,遗传算法（GA）,GA,12,0.7570506485792035,42
RML,遗传算法（GA）,GA,13,0.750821152095669,42
RML,遗传算法（GA）,GA,14,0.750821152095669,42
RML,遗传算法（GA）,GA,15,0.750821152095669,42
RML,遗传算法（GA）,GA,16,0.750821152095669,42
RML,遗传算法（GA）,GA,17,0.750821152095669,42
RML,遗传算法（GA）,GA,18,0.750821152095669,42
RML,遗传算法（GA）,GA,19,0.750821152095669,42
RML,遗传算法（GA）,GA,20,0.750821152095669,42
RML,遗传算法（GA）,GA,21,0.6283787828095014,42
RML,遗传算法（GA）,GA,22,0.6283787828095014,42
RML,遗传算法（GA）,GA,23,0.6283787828095014,42
RML,遗传算法（GA）,GA,24,0.6283787828095014,42
RML,遗传算法（GA）,GA,25,0.6283787828095014,42
RML,遗传算法（GA）,GA,26,0.6283787828095014,42
RML,遗传算法（GA）,GA,27,0.6283787828095014,42
RML,遗传算法（GA）,GA,28,0.6283787828095014,42
RML,遗传算法（GA）,GA,29,0.6283787828095014,42
RML,遗传算法（GA）,GA,30,0.6283787828095014,42
RML,遗传算法（GA）,GA,31,0.6283787828095014,42
RML,遗传算法（GA）,GA,32,0.6283787828095014,42
RML,遗传算法（GA）,GA,33,0.5970161297798546,42
RML,遗传算法（GA）,GA,34,0.5970161297798546,42
RML,遗传算法（GA）,GA,35,0.5970161297798546,42
RML,遗传算法（GA）,GA,36,0.5970161297798546,42
RML,遗传算法（GA）,GA,37,0.5970161297798546,42
RML,遗传算法（GA）,GA,38,0.5970161297798546,42
RML,遗传算法（GA）,GA,39,0.5970161297798546,42
RML,遗传算法（GA）,GA,40,0.5970161297798546,42
RML,遗传算法（GA）,GA,41,0.5937132074895177,42
RML,遗传算法（GA）,GA,42,0.5937132074895177,42
RML,遗传算法（GA）,GA,43,0.5937132074895177,42
RML,遗传算法（GA）,GA,44,0.5937132074895177,42
RML,遗传算法（GA）,GA,45,0.5937132074895177,42
RML,遗传算法（GA）,GA,46,0.5937132074895177,42
RML,遗传算法（GA）,GA,47,0.5937132074895177,42
RML,遗传算法（GA）,GA,48,0.5937132074895177,42
RML,遗传算法（GA）,GA,49,0.5937132074895177,42
RML,遗传算法（GA）,GA,50,0.5937132074895177,42
RML,遗传算法（GA）,GA,51,0.5937132074895177,42
RML,遗传算法（GA）,GA,52,0.5937132074895177,42
RML,遗传算法（GA）,GA,53,0.5460415051238343,42
RML,遗传算法（GA）,GA,54,0.5460415051238343,42
RML,遗传算法（GA）,GA,55,0.5460415051238343,42
RML,遗传算法（GA）,GA,56,0.5460415051238343,42
RML,遗传算法（GA）,GA,57,0.5460415051238343,42
RML,遗传算法（GA）,GA,58,0.5460415051238343,42
RML,遗传算法（GA）,GA,59,0.5460415051238343,42
RML,遗传算法（GA）,GA,60,0.5460415051238343,42
RML,遗传算法（GA）,GA,61,0.5460415051238343,42
RML,遗传算法（GA）,GA,62,0.5460415051238343,42
RML,遗传算法（GA）,GA,63,0.5460415051238343,42
RML,遗传算法（GA）,GA,64,0.5460415051238343,42
RML,遗传算法（GA）,GA,65,0.5460415051238343,42
RML,遗传算法（GA）,GA,66,0.5460415051238343,42
RML,遗传算法（GA）,GA,67,0.5460415051238343,42
RML,遗传算法（GA）,GA,68,0.5460415051238343,42
RML,遗传算法（GA）,GA,69,0.5460415051238343,42
RML,遗传算法（GA）,GA,70,0.5460415051238343,42
RML,遗传算法（GA）,GA,71,0.5460415051238343,42
RML,遗传算法（GA）,GA,72,0.5460415051238343,42
RML,遗传算法（GA）,GA,73,0.5460415051238343,42
RML,遗传算法（GA）,GA,74,0.5460415051238343,42
RML,遗传算法（GA）,GA,75,0.5460415051238343,42
RML,遗传算法（GA）,GA,76,0.5460415051238343,42
RML,遗传算法（GA）,GA,77,0.5460415051238343,42
RML,遗传算法（GA）,GA,78,0.5460415051238343,42
RML,遗传算法（GA）,GA,79,0.5460415051238343,42
RML,遗传算法（GA）,GA,80,0.5460415051238343,42
RML,遗传算法（GA）,GA,81,0.5460415051238343,42
RML,遗传算法（GA）,GA,82,0.5460415051238343,42
RML,遗传算法（GA）,GA,83,0.5460415051238343,42
RML,遗传算法（GA）,GA,84,0.5460415051238343,42
RML,遗传算法（GA）,GA,85,0.5460415051238343,42
RML,遗传算法（GA）,GA,86,0.5460415051238343,42
RML,遗传算法（GA）,GA,87,0.5460415051238343,42
RML,遗传算法（GA）,GA,88,0.5460415051238343,42
RML,遗传算法（GA）,GA,89,0.5460415051238343,42
RML,遗传算法（GA）,GA,90,0.5460415051238343,42
RML,遗传算法（GA）,GA,91,0.5460415051238343,42
RML,遗传算法（GA）,GA,92,0.5460415051238343,42
RML,遗传算法（GA）,GA,93,0.5460415051238343,42
RML,遗传算法（GA）,GA,94,0.5460415051238343,42
RML,遗传算法（GA）,GA,95,0.5460415051238343,42
RML,遗传算法（GA）,GA,96,0.5460415051238343,42
RML,遗传算法（GA）,GA,97,0.5460415051238343,42
RML,遗传算法（GA）,GA,98,0.5460415051238343,42
RML,遗传算法（GA）,GA,99,0.5460415051238343,42
RML,遗传算法（GA）,GA,100,0.5460415051238343,42
RML,遗传算法（GA）,GA,1,1.0459896907139896,101
RML,遗传算法（GA）,GA,2,1.0459896907139896,101
RML,遗传算法（GA）,GA,3,0.946876170953164,101
RML,遗传算法（GA）,GA,4,0.946876170953164,101
RML,遗传算法（GA）,GA,5,0.8663939337537387,101
RML,遗传算法（GA）,GA,6,0.8663939337537387,101
RML,遗传算法（GA）,GA,7,0.8663939337537387,101
RML,遗传算法（GA）,GA,8,0.5511049723208248,101
RML,遗传算法（GA）,GA,9,0.5511049723208248,101
RML,遗传算法（GA）,GA,10,0.5511049723208248,101
RML,遗传算法（GA）,GA,11,0.5511049723208248,101
RML,遗传算法（GA）,GA,12,0.5511049723208248,101
RML,遗传算法（GA）,GA,13,0.5511049723208248,101
RML,遗传算法（GA）,GA,14,0.5511049723208248,101
RML,遗传算法（GA）,GA,15,0.5308956615488429,101
RML,遗传算法（GA）,GA,16,0.5023564289510024,101
RML,遗传算法（GA）,GA,17,0.5023564289510024,101
RML,遗传算法（GA）,GA,18,0.5023564289510024,101
RML,遗传算法（GA）,GA,19,0.5023564289510024,101
RML,遗传算法（GA）,GA,20,0.5023564289510024,101
RML,遗传算法（GA）,GA,21,0.5023564289510024,101
RML,遗传算法（GA）,GA,22,0.5023564289510024,101
RML,遗传算法（GA）,GA,23,0.5023564289510024,101
RML,遗传算法（GA）,GA,24,0.5023564289510024,101
RML,遗传算法（GA）,GA,25,0.5023564289510024,101
RML,遗传算法（GA）,GA,26,0.5023564289510024,101
RML,遗传算法（GA）,GA,27,0.5023564289510024,101
RML,遗传算法（GA）,GA,28,0.5023564289510024,101
RML,遗传算法（GA）,GA,29,0.5023564289510024,101
RML,遗传算法（GA）,GA,30,0.5023564289510024,101
RML,遗传算法（GA）,GA,31,0.5023564289510024,101
RML,遗传算法（GA）,GA,32,0.4802259289823587,101
RML,遗传算法（GA）,GA,33,0.4802259289823587,101
RML,遗传算法（GA）,GA,34,0.4802259289823587,101
RML,遗传算法（GA）,GA,35,0.4802259289823587,101
RML,遗传算法（GA）,GA,36,0.4802259289823587,101
RML,遗传算法（GA）,GA,37,0.4802259289823587,101
RML,遗传算法（GA）,GA,38,0.4802259289823587,101
RML,遗传算法（GA）,GA,39,0.4802259289823587,101
RML,遗传算法（GA）,GA,40,0.4802259289823587,101
RML,遗传算法（GA）,GA,41,0.4802259289823587,101
RML,遗传算法（GA）,GA,42,0.45317720397515887,101
RML,遗传算法（GA）,GA,43,0.45317720397515887,101
RML,遗传算法（GA）,GA,44,0.45317720397515887,101
RML,遗传算法（GA）,GA,45,0.45317720397515887,101
RML,遗传算法（GA）,GA,46,0.45317720397515887,101
RML,遗传算法（GA）,GA,47,0.45317720397515887,101
RML,遗传算法（GA）,GA,48,0.45317720397515887,101
RML,遗传算法（GA）,GA,49,0.45317720397515887,101
RML,遗传算法（GA）,GA,50,0.45317720397515887,101
RML,遗传算法（GA）,GA,51,0.45317720397515887,101
RML,遗传算法（GA）,GA,52,0.4498966078178536,101
RML,遗传算法（GA）,GA,53,0.44810190160710317,101
RML,遗传算法（GA）,GA,54,0.44810190160710317,101
RML,遗传算法（GA）,GA,55,0.44810190160710317,101
RML,遗传算法（GA）,GA,56,0.44810190160710317,101
RML,遗传算法（GA）,GA,57,0.44810190160710317,101
RML,遗传算法（GA）,GA,58,0.44810190160710317,101
RML,遗传算法（GA）,GA,59,0.44810190160710317,101
RML,遗传算法（GA）,GA,60,0.44810190160710317,101
RML,遗传算法（GA）,GA,61,0.44810190160710317,101
RML,遗传算法（GA）,GA,62,0.44810190160710317,101
RML,遗传算法（GA）,GA,63,0.44810190160710317,101
RML,遗传算法（GA）,GA,64,0.44810190160710317,101
RML,遗传算法（GA）,GA,65,0.44810190160710317,101
RML,遗传算法（GA）,GA,66,0.44810190160710317,101
RML,遗传算法（GA）,GA,67,0.44810190160710317,101
RML,遗传算法（GA）,GA,68,0.44810190160710317,101
RML,遗传算法（GA）,GA,69,0.44810190160710317,101
RML,遗传算法（GA）,GA,70,0.44810190160710317,101
RML,遗传算法（GA）,GA,71,0.44810190160710317,101
RML,遗传算法（GA）,GA,72,0.44672743935604897,101
RML,遗传算法（GA）,GA,73,0.44672743935604897,101
RML,遗传算法（GA）,GA,74,0.44672743935604897,101
RML,遗传算法（GA）,GA,75,0.44672743935604897,101
RML,遗传算法（GA）,GA,76,0.44672743935604897,101
RML,遗传算法（GA）,GA,77,0.43689703472096886,101
RML,遗传算法（GA）,GA,78,0.43689703472096886,101
RML,遗传算法（GA）,GA,79,0.43689703472096886,101
RML,遗传算法（GA）,GA,80,0.43689703472096886,101
RML,遗传算法（GA）,GA,81,0.43689703472096886,101
RML,遗传算法（GA）,GA,82,0.43689703472096886,101
RML,遗传算法（GA）,GA,83,0.43689703472096886,101
RML,遗传算法（GA）,GA,84,0.43689703472096886,101
RML,遗传算法（GA）,GA,85,0.43689703472096886,101
RML,遗传算法（GA）,GA,86,0.43689703472096886,101
RML,遗传算法（GA）,GA,87,0.43689703472096886,101
RML,遗传算法（GA）,GA,88,0.43689703472096886,101
RML,遗传算法（GA）,GA,89,0.43689703472096886,101
RML,遗传算法（GA）,GA,90,0.43689703472096886,101
RML,遗传算法（GA）,GA,91,0.43689703472096886,101
RML,遗传算法（GA）,GA,92,0.43689703472096886,101
RML,遗传算法（GA）,GA,93,0.43689703472096886,101
RML,遗传算法（GA）,GA,94,0.43689703472096886,101
RML,遗传算法（GA）,GA,95,0.43689703472096886,101
RML,遗传算法（GA）,GA,96,0.43689703472096886,101
RML,遗传算法（GA）,GA,97,0.43689703472096886,101
RML,遗传算法（GA）,GA,98,0.43689703472096886,101
RML,遗传算法（GA）,GA,99,0.43689703472096886,101
RML,遗传算法（GA）,GA,100,0.43689703472096886,101
RML,遗传算法（GA）,GA,1,0.9428696108683993,202
RML,遗传算法（GA）,GA,2,0.9138669012282017,202
RML,遗传算法（GA）,GA,3,0.9138669012282017,202
RML,遗传算法（GA）,GA,4,0.9138669012282017,202
RML,遗传算法（GA）,GA,5,0.8170805078819838,202
RML,遗传算法（GA）,GA,6,0.8170805078819838,202
RML,遗传算法（GA）,GA,7,0.8170805078819838,202
RML,遗传算法（GA）,GA,8,0.7194027752644923,202
RML,遗传算法（GA）,GA,9,0.6107618992883691,202
RML,遗传算法（GA）,GA,10,0.6107618992883691,202
RML,遗传算法（GA）,GA,11,0.6107618992883691,202
RML,遗传算法（GA）,GA,12,0.6107618992883691,202
RML,遗传算法（GA）,GA,13,0.6107618992883691,202
RML,遗传算法（GA）,GA,14,0.6107618992883691,202
RML,遗传算法（GA）,GA,15,0.6107618992883691,202
RML,遗传算法（GA）,GA,16,0.6107618992883691,202
RML,遗传算法（GA）,GA,17,0.6107618992883691,202
RML,遗传算法（GA）,GA,18,0.6107618992883691,202
RML,遗传算法（GA）,GA,19,0.5512683728858141,202
RML,遗传算法（GA）,GA,20,0.5512683728858141,202
RML,遗传算法（GA）,GA,21,0.5512683728858141,202
RML,遗传算法（GA）,GA,22,0.504437147076206,202
RML,遗传算法（GA）,GA,23,0.504437147076206,202
RML,遗传算法（GA）,GA,24,0.504437147076206,202
RML,遗传算法（GA）,GA,25,0.504437147076206,202
RML,遗传算法（GA）,GA,26,0.504437147076206,202
RML,遗传算法（GA）,GA,27,0.504437147076206,202
RML,遗传算法（GA）,GA,28,0.504437147076206,202
RML,遗传算法（GA）,GA,29,0.504437147076206,202
RML,遗传算法（GA）,GA,30,0.504437147076206,202
RML,遗传算法（GA）,GA,31,0.4935176352461351,202
RML,遗传算法（GA）,GA,32,0.4935176352461351,202
RML,遗传算法（GA）,GA,33,0.4935176352461351,202
RML,遗传算法（GA）,GA,34,0.4935176352461351,202
RML,遗传算法（GA）,GA,35,0.4935176352461351,202
RML,遗传算法（GA）,GA,36,0.4935176352461351,202
RML,遗传算法（GA）,GA,37,0.4935176352461351,202
RML,遗传算法（GA）,GA,38,0.4935176352461351,202
RML,遗传算法（GA）,GA,39,0.47234640504810604,202
RML,遗传算法（GA）,GA,40,0.47234640504810604,202
RML,遗传算法（GA）,GA,41,0.47234640504810604,202
RML,遗传算法（GA）,GA,42,0.47234640504810604,202
RML,遗传算法（GA）,GA,43,0.47234640504810604,202
RML,遗传算法（GA）,GA,44,0.47234640504810604,202
RML,遗传算法（GA）,GA,45,0.47234640504810604,202
RML,遗传算法（GA）,GA,46,0.47234640504810604,202
RML,遗传算法（GA）,GA,47,0.47234640504810604,202
RML,遗传算法（GA）,GA,48,0.47234640504810604,202
RML,遗传算法（GA）,GA,49,0.47234640504810604,202
RML,遗传算法（GA）,GA,50,0.47234640504810604,202
RML,遗传算法（GA）,GA,51,0.47234640504810604,202
RML,遗传算法（GA）,GA,52,0.47234640504810604,202
RML,遗传算法（GA）,GA,53,0.47234640504810604,202
RML,遗传算法（GA）,GA,54,0.47234640504810604,202
RML,遗传算法（GA）,GA,55,0.47234640504810604,202
RML,遗传算法（GA）,GA,56,0.47234640504810604,202
RML,遗传算法（GA）,GA,57,0.47234640504810604,202
RML,遗传算法（GA）,GA,58,0.47234640504810604,202
RML,遗传算法（GA）,GA,59,0.47234640504810604,202
RML,遗传算法（GA）,GA,60,0.47234640504810604,202
RML,遗传算法（GA）,GA,61,0.47234640504810604,202
RML,遗传算法（GA）,GA,62,0.47234640504810604,202
RML,遗传算法（GA）,GA,63,0.47234640504810604,202
RML,遗传算法（GA）,GA,64,0.47234640504810604,202
RML,遗传算法（GA）,GA,65,0.47234640504810604,202
RML,遗传算法（GA）,GA,66,0.47234640504810604,202
RML,遗传算法（GA）,GA,67,0.47234640504810604,202
RML,遗传算法（GA）,GA,68,0.47234640504810604,202
RML,遗传算法（GA）,GA,69,0.47234640504810604,202
RML,遗传算法（GA）,GA,70,0.47234640504810604,202
RML,遗传算法（GA）,GA,71,0.47234640504810604,202
RML,遗传算法（GA）,GA,72,0.47234640504810604,202
RML,遗传算法（GA）,GA,73,0.47234640504810604,202
RML,遗传算法（GA）,GA,74,0.47234640504810604,202
RML,遗传算法（GA）,GA,75,0.47234640504810604,202
RML,遗传算法（GA）,GA,76,0.47234640504810604,202
RML,遗传算法（GA）,GA,77,0.4631558357211629,202
RML,遗传算法（GA）,GA,78,0.4631558357211629,202
RML,遗传算法（GA）,GA,79,0.4631558357211629,202
RML,遗传算法（GA）,GA,80,0.4631558357211629,202
RML,遗传算法（GA）,GA,81,0.4470496237332917,202
RML,遗传算法（GA）,GA,82,0.4470496237332917,202
RML,遗传算法（GA）,GA,83,0.4470496237332917,202
RML,遗传算法（GA）,GA,84,0.4470496237332917,202
RML,遗传算法（GA）,GA,85,0.4470496237332917,202
RML,遗传算法（GA）,GA,86,0.4470496237332917,202
RML,遗传算法（GA）,GA,87,0.4470496237332917,202
RML,遗传算法（GA）,GA,88,0.4470496237332917,202
RML,遗传算法（GA）,GA,89,0.4470496237332917,202
RML,遗传算法（GA）,GA,90,0.4470496237332917,202
RML,遗传算法（GA）,GA,91,0.4470496237332917,202
RML,遗传算法（GA）,GA,92,0.4470496237332917,202
RML,遗传算法（GA）,GA,93,0.4470496237332917,202
RML,遗传算法（GA）,GA,94,0.4470496237332917,202
RML,遗传算法（GA）,GA,95,0.4470496237332917,202
RML,遗传算法（GA）,GA,96,0.4470496237332917,202
RML,遗传算法（GA）,GA,97,0.4470496237332917,202
RML,遗传算法（GA）,GA,98,0.4470496237332917,202
RML,遗传算法（GA）,GA,99,0.4470496237332917,202
RML,遗传算法（GA）,GA,100,0.4470496237332917,202
RML,遗传算法（GA）,GA,1,0.5575052707221182,303
RML,遗传算法（GA）,GA,2,0.5575052707221182,303
RML,遗传算法（GA）,GA,3,0.5575052707221182,303
RML,遗传算法（GA）,GA,4,0.5575052707221182,303
RML,遗传算法（GA）,GA,5,0.5575052707221182,303
RML,遗传算法（GA）,GA,6,0.5575052707221182,303
RML,遗传算法（GA）,GA,7,0.5575052707221182,303
RML,遗传算法（GA）,GA,8,0.5575052707221182,303
RML,遗传算法（GA）,GA,9,0.5575052707221182,303
RML,遗传算法（GA）,GA,10,0.5575052707221182,303
RML,遗传算法（GA）,GA,11,0.5575052707221182,303
RML,遗传算法（GA）,GA,12,0.5575052707221182,303
RML,遗传算法（GA）,GA,13,0.5575052707221182,303
RML,遗传算法（GA）,GA,14,0.5575052707221182,303
RML,遗传算法（GA）,GA,15,0.5575052707221182,303
RML,遗传算法（GA）,GA,16,0.5575052707221182,303
RML,遗传算法（GA）,GA,17,0.5575052707221182,303
RML,遗传算法（GA）,GA,18,0.5575052707221182,303
RML,遗传算法（GA）,GA,19,0.5575052707221182,303
RML,遗传算法（GA）,GA,20,0.5575052707221182,303
RML,遗传算法（GA）,GA,21,0.5575052707221182,303
RML,遗传算法（GA）,GA,22,0.5575052707221182,303
RML,遗传算法（GA）,GA,23,0.5575052707221182,303
RML,遗传算法（GA）,GA,24,0.5575052707221182,303
RML,遗传算法（GA）,GA,25,0.5575052707221182,303
RML,遗传算法（GA）,GA,26,0.5575052707221182,303
RML,遗传算法（GA）,GA,27,0.5575052707221182,303
RML,遗传算法（GA）,GA,28,0.5008049665581594,303
RML,遗传算法（GA）,GA,29,0.5008049665581594,303
RML,遗传算法（GA）,GA,30,0.5008049665581594,303
RML,遗传算法（GA）,GA,31,0.5008049665581594,303
RML,遗传算法（GA）,GA,32,0.46712887089276095,303
RML,遗传算法（GA）,GA,33,0.46712887089276095,303
RML,遗传算法（GA）,GA,34,0.46712887089276095,303
RML,遗传算法（GA）,GA,35,0.46712887089276095,303
RML,遗传算法（GA）,GA,36,0.46712887089276095,303
RML,遗传算法（GA）,GA,37,0.46712887089276095,303
RML,遗传算法（GA）,GA,38,0.46712887089276095,303
RML,遗传算法（GA）,GA,39,0.46712887089276095,303
RML,遗传算法（GA）,GA,40,0.46712887089276095,303
RML,遗传算法（GA）,GA,41,0.46712887089276095,303
RML,遗传算法（GA）,GA,42,0.46712887089276095,303
RML,遗传算法（GA）,GA,43,0.46677894149123633,303
RML,遗传算法（GA）,GA,44,0.46677894149123633,303
RML,遗传算法（GA）,GA,45,0.46677894149123633,303
RML,遗传算法（GA）,GA,46,0.4502795582331546,303
RML,遗传算法（GA）,GA,47,0.4502795582331546,303
RML,遗传算法（GA）,GA,48,0.4502795582331546,303
RML,遗传算法（GA）,GA,49,0.4502795582331546,303
RML,遗传算法（GA）,GA,50,0.4502795582331546,303
RML,遗传算法（GA）,GA,51,0.4431051732037702,303
RML,遗传算法（GA）,GA,52,0.4371429890966779,303
RML,遗传算法（GA）,GA,53,0.4371429890966779,303
RML,遗传算法（GA）,GA,54,0.4371429890966779,303
RML,遗传算法（GA）,GA,55,0.4371429890966779,303
RML,遗传算法（GA）,GA,56,0.4371429890966779,303
RML,遗传算法（GA）,GA,57,0.4371429890966779,303
RML,遗传算法（GA）,GA,58,0.4266353672961411,303
RML,遗传算法（GA）,GA,59,0.4266353672961411,303
RML,遗传算法（GA）,GA,60,0.4266353672961411,303
RML,遗传算法（GA）,GA,61,0.4266353672961411,303
RML,遗传算法（GA）,GA,62,0.4266353672961411,303
RML,遗传算法（GA）,GA,63,0.4266353672961411,303
RML,遗传算法（GA）,GA,64,0.4266353672961411,303
RML,遗传算法（GA）,GA,65,0.4266353672961411,303
RML,遗传算法（GA）,GA,66,0.4266353672961411,303
RML,遗传算法（GA）,GA,67,0.4266353672961411,303
RML,遗传算法（GA）,GA,68,0.4266353672961411,303
RML,遗传算法（GA）,GA,69,0.4266353672961411,303
RML,遗传算法（GA）,GA,70,0.4266353672961411,303
RML,遗传算法（GA）,GA,71,0.4266353672961411,303
RML,遗传算法（GA）,GA,72,0.4266353672961411,303
RML,遗传算法（GA）,GA,73,0.4266353672961411,303
RML,遗传算法（GA）,GA,74,0.4266353672961411,303
RML,遗传算法（GA）,GA,75,0.4266353672961411,303
RML,遗传算法（GA）,GA,76,0.4266353672961411,303
RML,遗传算法（GA）,GA,77,0.4266353672961411,303
RML,遗传算法（GA）,GA,78,0.4266353672961411,303
RML,遗传算法（GA）,GA,79,0.4266353672961411,303
RML,遗传算法（GA）,GA,80,0.4266353672961411,303
RML,遗传算法（GA）,GA,81,0.4266353672961411,303
RML,遗传算法（GA）,GA,82,0.4266353672961411,303
RML,遗传算法（GA）,GA,83,0.4266353672961411,303
RML,遗传算法（GA）,GA,84,0.4266353672961411,303
RML,遗传算法（GA）,GA,85,0.4266353672961411,303
RML,遗传算法（GA）,GA,86,0.4266353672961411,303
RML,遗传算法（GA）,GA,87,0.4266353672961411,303
RML,遗传算法（GA）,GA,88,0.4266353672961411,303
RML,遗传算法（GA）,GA,89,0.4266353672961411,303
RML,遗传算法（GA）,GA,90,0.4266353672961411,303
RML,遗传算法（GA）,GA,91,0.4266353672961411,303
RML,遗传算法（GA）,GA,92,0.4266353672961411,303
RML,遗传算法（GA）,GA,93,0.4266353672961411,303
RML,遗传算法（GA）,GA,94,0.4266353672961411,303
RML,遗传算法（GA）,GA,95,0.4266353672961411,303
RML,遗传算法（GA）,GA,96,0.4266353672961411,303
RML,遗传算法（GA）,GA,97,0.4266353672961411,303
RML,遗传算法（GA）,GA,98,0.4266353672961411,303
RML,遗传算法（GA）,GA,99,0.4266353672961411,303
RML,遗传算法（GA）,GA,100,0.4266353672961411,303
RML,遗传算法（GA）,GA,1,0.8962207938069545,404
RML,遗传算法（GA）,GA,2,0.7077843917047401,404
RML,遗传算法（GA）,GA,3,0.7077843917047401,404
RML,遗传算法（GA）,GA,4,0.7077843917047401,404
RML,遗传算法（GA）,GA,5,0.7077843917047401,404
RML,遗传算法（GA）,GA,6,0.7077843917047401,404
RML,遗传算法（GA）,GA,7,0.7077843917047401,404
RML,遗传算法（GA）,GA,8,0.7077843917047401,404
RML,遗传算法（GA）,GA,9,0.5699748561067548,404
RML,遗传算法（GA）,GA,10,0.5699748561067548,404
RML,遗传算法（GA）,GA,11,0.5699748561067548,404
RML,遗传算法（GA）,GA,12,0.5699748561067548,404
RML,遗传算法（GA）,GA,13,0.5699748561067548,404
RML,遗传算法（GA）,GA,14,0.5699748561067548,404
RML,遗传算法（GA）,GA,15,0.5699748561067548,404
RML,遗传算法（GA）,GA,16,0.5699748561067548,404
RML,遗传算法（GA）,GA,17,0.5699748561067548,404
RML,遗传算法（GA）,GA,18,0.5699748561067548,404
RML,遗传算法（GA）,GA,19,0.5699748561067548,404
RML,遗传算法（GA）,GA,20,0.5699748561067548,404
RML,遗传算法（GA）,GA,21,0.5699748561067548,404
RML,遗传算法（GA）,GA,22,0.5699748561067548,404
RML,遗传算法（GA）,GA,23,0.5699748561067548,404
RML,遗传算法（GA）,GA,24,0.5699748561067548,404
RML,遗传算法（GA）,GA,25,0.5699748561067548,404
RML,遗传算法（GA）,GA,26,0.5699748561067548,404
RML,遗传算法（GA）,GA,27,0.5100764733573477,404
RML,遗传算法（GA）,GA,28,0.5100764733573477,404
RML,遗传算法（GA）,GA,29,0.5100764733573477,404
RML,遗传算法（GA）,GA,30,0.5100764733573477,404
RML,遗传算法（GA）,GA,31,0.5100764733573477,404
RML,遗传算法（GA）,GA,32,0.5100764733573477,404
RML,遗传算法（GA）,GA,33,0.5100764733573477,404
RML,遗传算法（GA）,GA,34,0.5100764733573477,404
RML,遗传算法（GA）,GA,35,0.5100764733573477,404
RML,遗传算法（GA）,GA,36,0.5100764733573477,404
RML,遗传算法（GA）,GA,37,0.5100764733573477,404
RML,遗传算法（GA）,GA,38,0.5100764733573477,404
RML,遗传算法（GA）,GA,39,0.5100764733573477,404
RML,遗传算法（GA）,GA,40,0.5100764733573477,404
RML,遗传算法（GA）,GA,41,0.5100764733573477,404
RML,遗传算法（GA）,GA,42,0.5100764733573477,404
RML,遗传算法（GA）,GA,43,0.5100764733573477,404
RML,遗传算法（GA）,GA,44,0.5100764733573477,404
RML,遗传算法（GA）,GA,45,0.5100764733573477,404
RML,遗传算法（GA）,GA,46,0.5100764733573477,404
RML,遗传算法（GA）,GA,47,0.5100764733573477,404
RML,遗传算法（GA）,GA,48,0.5100764733573477,404
RML,遗传算法（GA）,GA,49,0.5100764733573477,404
RML,遗传算法（GA）,GA,50,0.5100764733573477,404
RML,遗传算法（GA）,GA,51,0.5100764733573477,404
RML,遗传算法（GA）,GA,52,0.5100764733573477,404
RML,遗传算法（GA）,GA,53,0.5100764733573477,404
RML,遗传算法（GA）,GA,54,0.5100764733573477,404
RML,遗传算法（GA）,GA,55,0.5100764733573477,404
RML,遗传算法（GA）,GA,56,0.5100764733573477,404
RML,遗传算法（GA）,GA,57,0.5100764733573477,404
RML,遗传算法（GA）,GA,58,0.5100764733573477,404
RML,遗传算法（GA）,GA,59,0.46533232472272285,404
RML,遗传算法（GA）,GA,60,0.46533232472272285,404
RML,遗传算法（GA）,GA,61,0.46533232472272285,404
RML,遗传算法（GA）,GA,62,0.46533232472272285,404
RML,遗传算法（GA）,GA,63,0.46533232472272285,404
RML,遗传算法（GA）,GA,64,0.46533232472272285,404
RML,遗传算法（GA）,GA,65,0.46533232472272285,404
RML,遗传算法（GA）,GA,66,0.46533232472272285,404
RML,遗传算法（GA）,GA,67,0.46533232472272285,404
RML,遗传算法（GA）,GA,68,0.46533232472272285,404
RML,遗传算法（GA）,GA,69,0.46533232472272285,404
RML,遗传算法（GA）,GA,70,0.46533232472272285,404
RML,遗传算法（GA）,GA,71,0.46533232472272285,404
RML,遗传算法（GA）,GA,72,0.46533232472272285,404
RML,遗传算法（GA）,GA,73,0.46533232472272285,404
RML,遗传算法（GA）,GA,74,0.46533232472272285,404
RML,遗传算法（GA）,GA,75,0.46533232472272285,404
RML,遗传算法（GA）,GA,76,0.46533232472272285,404
RML,遗传算法（GA）,GA,77,0.46533232472272285,404
RML,遗传算法（GA）,GA,78,0.46533232472272285,404
RML,遗传算法（GA）,GA,79,0.46533232472272285,404
RML,遗传算法（GA）,GA,80,0.46533232472272285,404
RML,遗传算法（GA）,GA,81,0.46533232472272285,404
RML,遗传算法（GA）,GA,82,0.46533232472272285,404
RML,遗传算法（GA）,GA,83,0.46533232472272285,404
RML,遗传算法（GA）,GA,84,0.46533232472272285,404
RML,遗传算法（GA）,GA,85,0.46533232472272285,404
RML,遗传算法（GA）,GA,86,0.46533232472272285,404
RML,遗传算法（GA）,GA,87,0.46533232472272285,404
RML,遗传算法（GA）,GA,88,0.46533232472272285,404
RML,遗传算法（GA）,GA,89,0.46533232472272285,404
RML,遗传算法（GA）,GA,90,0.46533232472272285,404
RML,遗传算法（GA）,GA,91,0.46533232472272285,404
RML,遗传算法（GA）,GA,92,0.46533232472272285,404
RML,遗传算法（GA）,GA,93,0.46533232472272285,404
RML,遗传算法（GA）,GA,94,0.46533232472272285,404
RML,遗传算法（GA）,GA,95,0.46533232472272285,404
RML,遗传算法（GA）,GA,96,0.46533232472272285,404
RML,遗传算法（GA）,GA,97,0.46533232472272285,404
RML,遗传算法（GA）,GA,98,0.46533232472272285,404
RML,遗传算法（GA）,GA,99,0.46533232472272285,404
RML,遗传算法（GA）,GA,100,0.46533232472272285,404
RML,SPSA,SPSA,1,1.3524075608442259,42
RML,SPSA,SPSA,2,1.3524075608442259,42
RML,SPSA,SPSA,3,1.3524075608442259,42
RML,SPSA,SPSA,4,1.3524075608442259,42
RML,SPSA,SPSA,5,1.3524075608442259,42
RML,SPSA,SPSA,6,1.3524075608442259,42
RML,SPSA,SPSA,7,1.2900405869033764,42
RML,SPSA,SPSA,8,1.2900405869033764,42
RML,SPSA,SPSA,9,1.2900405869033764,42
RML,SPSA,SPSA,10,1.2900405869033764,42
RML,SPSA,SPSA,11,1.2900405869033764,42
RML,SPSA,SPSA,12,1.2900405869033764,42
RML,SPSA,SPSA,13,1.2900405869033764,42
RML,SPSA,SPSA,14,1.2900405869033764,42
RML,SPSA,SPSA,15,1.2900405869033764,42
RML,SPSA,SPSA,16,1.2900405869033764,42
RML,SPSA,SPSA,17,1.2900405869033764,42
RML,SPSA,SPSA,18,1.2900405869033764,42
RML,SPSA,SPSA,19,1.2900405869033764,42
RML,SPSA,SPSA,20,1.2900405869033764,42
RML,SPSA,SPSA,21,1.2383021431470567,42
RML,SPSA,SPSA,22,1.2383021431470567,42
RML,SPSA,SPSA,23,1.2383021431470567,42
RML,SPSA,SPSA,24,1.2383021431470567,42
RML,SPSA,SPSA,25,1.2383021431470567,42
RML,SPSA,SPSA,26,1.2383021431470567,42
RML,SPSA,SPSA,27,1.2383021431470567,42
RML,SPSA,SPSA,28,1.2383021431470567,42
RML,SPSA,SPSA,29,1.2383021431470567,42
RML,SPSA,SPSA,30,1.2383021431470567,42
RML,SPSA,SPSA,31,1.2383021431470567,42
RML,SPSA,SPSA,32,1.2383021431470567,42
RML,SPSA,SPSA,33,1.2383021431470567,42
RML,SPSA,SPSA,34,1.2383021431470567,42
RML,SPSA,SPSA,35,1.2383021431470567,42
RML,SPSA,SPSA,36,1.2383021431470567,42
RML,SPSA,SPSA,37,1.2383021431470567,42
RML,SPSA,SPSA,38,1.1573873119992875,42
RML,SPSA,SPSA,39,1.1573873119992875,42
RML,SPSA,SPSA,40,1.1573873119992875,42
RML,SPSA,SPSA,41,1.1573873119992875,42
RML,SPSA,SPSA,42,1.147529930731067,42
RML,SPSA,SPSA,43,1.147529930731067,42
RML,SPSA,SPSA,44,1.147529930731067,42
RML,SPSA,SPSA,45,1.1060202148963376,42
RML,SPSA,SPSA,46,1.1060202148963376,42
RML,SPSA,SPSA,47,1.0320513062667511,42
RML,SPSA,SPSA,48,0.9615606395901072,42
RML,SPSA,SPSA,49,0.9615606395901072,42
RML,SPSA,SPSA,50,0.9615606395901072,42
RML,SPSA,SPSA,51,0.9615606395901072,42
RML,SPSA,SPSA,52,0.9615606395901072,42
RML,SPSA,SPSA,53,0.8917860454586312,42
RML,SPSA,SPSA,54,0.8917860454586312,42
RML,SPSA,SPSA,55,0.8221705300010347,42
RML,SPSA,SPSA,56,0.665546018279144,42
RML,SPSA,SPSA,57,0.665546018279144,42
RML,SPSA,SPSA,58,0.6448742713851535,42
RML,SPSA,SPSA,59,0.6448742713851535,42
RML,SPSA,SPSA,60,0.6448742713851535,42
RML,SPSA,SPSA,61,0.5490084514860036,42
RML,SPSA,SPSA,62,0.5490084514860036,42
RML,SPSA,SPSA,63,0.5490084514860036,42
RML,SPSA,SPSA,64,0.5490084514860036,42
RML,SPSA,SPSA,65,0.5490084514860036,42
RML,SPSA,SPSA,66,0.5490084514860036,42
RML,SPSA,SPSA,67,0.5373190298148544,42
RML,SPSA,SPSA,68,0.5373190298148544,42
RML,SPSA,SPSA,69,0.5373190298148544,42
RML,SPSA,SPSA,70,0.5373190298148544,42
RML,SPSA,SPSA,71,0.5373190298148544,42
RML,SPSA,SPSA,72,0.5373190298148544,42
RML,SPSA,SPSA,73,0.5373190298148544,42
RML,SPSA,SPSA,74,0.5373190298148544,42
RML,SPSA,SPSA,75,0.5373190298148544,42
RML,SPSA,SPSA,76,0.5373190298148544,42
RML,SPSA,SPSA,77,0.5373190298148544,42
RML,SPSA,SPSA,78,0.5373190298148544,42
RML,SPSA,SPSA,79,0.5373190298148544,42
RML,SPSA,SPSA,80,0.5373190298148544,42
RML,SPSA,SPSA,81,0.5373190298148544,42
RML,SPSA,SPSA,82,0.5373190298148544,42
RML,SPSA,SPSA,83,0.5373190298148544,42
RML,SPSA,SPSA,84,0.5373190298148544,42
RML,SPSA,SPSA,85,0.5373190298148544,42
RML,SPSA,SPSA,86,0.522079565936727,42
RML,SPSA,SPSA,87,0.522079565936727,42
RML,SPSA,SPSA,88,0.522079565936727,42
RML,SPSA,SPSA,89,0.522079565936727,42
RML,SPSA,SPSA,90,0.522079565936727,42
RML,SPSA,SPSA,91,0.522079565936727,42
RML,SPSA,SPSA,92,0.522079565936727,42
RML,SPSA,SPSA,93,0.522079565936727,42
RML,SPSA,SPSA,94,0.522079565936727,42
RML,SPSA,SPSA,95,0.522079565936727,42
RML,SPSA,SPSA,96,0.522079565936727,42
RML,SPSA,SPSA,97,0.522079565936727,42
RML,SPSA,SPSA,98,0.522079565936727,42
RML,SPSA,SPSA,99,0.522079565936727,42
RML,SPSA,SPSA,100,0.522079565936727,42
RML,SPSA,SPSA,1,0.9203417069203174,101
RML,SPSA,SPSA,2,0.7978904878154413,101
RML,SPSA,SPSA,3,0.7978904878154413,101
RML,SPSA,SPSA,4,0.6728241055735475,101
RML,SPSA,SPSA,5,0.6728241055735475,101
RML,SPSA,SPSA,6,0.6728241055735475,101
RML,SPSA,SPSA,7,0.6728241055735475,101
RML,SPSA,SPSA,8,0.6728241055735475,101
RML,SPSA,SPSA,9,0.6728241055735475,101
RML,SPSA,SPSA,10,0.6728241055735475,101
RML,SPSA,SPSA,11,0.6728241055735475,101
RML,SPSA,SPSA,12,0.6728241055735475,101
RML,SPSA,SPSA,13,0.6728241055735475,101
RML,SPSA,SPSA,14,0.5725857846278585,101
RML,SPSA,SPSA,15,0.5725857846278585,101
RML,SPSA,SPSA,16,0.5143332926224076,101
RML,SPSA,SPSA,17,0.5143332926224076,101
RML,SPSA,SPSA,18,0.47376243323035744,101
RML,SPSA,SPSA,19,0.47376243323035744,101
RML,SPSA,SPSA,20,0.47376243323035744,101
RML,SPSA,SPSA,21,0.47376243323035744,101
RML,SPSA,SPSA,22,0.47376243323035744,101
RML,SPSA,SPSA,23,0.47376243323035744,101
RML,SPSA,SPSA,24,0.47376243323035744,101
RML,SPSA,SPSA,25,0.47376243323035744,101
RML,SPSA,SPSA,26,0.47376243323035744,101
RML,SPSA,SPSA,27,0.4677460447250842,101
RML,SPSA,SPSA,28,0.4677460447250842,101
RML,SPSA,SPSA,29,0.4677460447250842,101
RML,SPSA,SPSA,30,0.4677460447250842,101
RML,SPSA,SPSA,31,0.4677460447250842,101
RML,SPSA,SPSA,32,0.4677460447250842,101
RML,SPSA,SPSA,33,0.4677460447250842,101
RML,SPSA,SPSA,34,0.4677460447250842,101
RML,SPSA,SPSA,35,0.4677460447250842,101
RML,SPSA,SPSA,36,0.4677460447250842,101
RML,SPSA,SPSA,37,0.4677460447250842,101
RML,SPSA,SPSA,38,0.4677460447250842,101
RML,SPSA,SPSA,39,0.4677460447250842,101
RML,SPSA,SPSA,40,0.4677460447250842,101
RML,SPSA,SPSA,41,0.4677460447250842,101
RML,SPSA,SPSA,42,0.4677460447250842,101
RML,SPSA,SPSA,43,0.4677460447250842,101
RML,SPSA,SPSA,44,0.4677460447250842,101
RML,SPSA,SPSA,45,0.4677460447250842,101
RML,SPSA,SPSA,46,0.4677460447250842,101
RML,SPSA,SPSA,47,0.4677460447250842,101
RML,SPSA,SPSA,48,0.4677460447250842,101
RML,SPSA,SPSA,49,0.4677460447250842,101
RML,SPSA,SPSA,50,0.4677460447250842,101
RML,SPSA,SPSA,51,0.4677460447250842,101
RML,SPSA,SPSA,52,0.4677460447250842,101
RML,SPSA,SPSA,53,0.4677460447250842,101
RML,SPSA,SPSA,54,0.4677460447250842,101
RML,SPSA,SPSA,55,0.4677460447250842,101
RML,SPSA,SPSA,56,0.4677460447250842,101
RML,SPSA,SPSA,57,0.4677460447250842,101
RML,SPSA,SPSA,58,0.4677460447250842,101
RML,SPSA,SPSA,59,0.4677460447250842,101
RML,SPSA,SPSA,60,0.4677460447250842,101
RML,SPSA,SPSA,61,0.4677460447250842,101
RML,SPSA,SPSA,62,0.4677460447250842,101
RML,SPSA,SPSA,63,0.4677460447250842,101
RML,SPSA,SPSA,64,0.4677460447250842,101
RML,SPSA,SPSA,65,0.4677460447250842,101
RML,SPSA,SPSA,66,0.4677460447250842,101
RML,SPSA,SPSA,67,0.4677460447250842,101
RML,SPSA,SPSA,68,0.4677460447250842,101
RML,SPSA,SPSA,69,0.4677460447250842,101
RML,SPSA,SPSA,70,0.4677460447250842,101
RML,SPSA,SPSA,71,0.4677460447250842,101
RML,SPSA,SPSA,72,0.4677460447250842,101
RML,SPSA,SPSA,73,0.4677460447250842,101
RML,SPSA,SPSA,74,0.4677460447250842,101
RML,SPSA,SPSA,75,0.4677460447250842,101
RML,SPSA,SPSA,76,0.4677460447250842,101
RML,SPSA,SPSA,77,0.4677460447250842,101
RML,SPSA,SPSA,78,0.4677460447250842,101
RML,SPSA,SPSA,79,0.4677460447250842,101
RML,SPSA,SPSA,80,0.4677460447250842,101
RML,SPSA,SPSA,81,0.4677460447250842,101
RML,SPSA,SPSA,82,0.4677460447250842,101
RML,SPSA,SPSA,83,0.4677460447250842,101
RML,SPSA,SPSA,84,0.4677460447250842,101
RML,SPSA,SPSA,85,0.4677460447250842,101
RML,SPSA,SPSA,86,0.4546122564839107,101
RML,SPSA,SPSA,87,0.4546122564839107,101
RML,SPSA,SPSA,88,0.4546122564839107,101
RML,SPSA,SPSA,89,0.4546122564839107,101
RML,SPSA,SPSA,90,0.4546122564839107,101
RML,SPSA,SPSA,91,0.4546122564839107,101
RML,SPSA,SPSA,92,0.4546122564839107,101
RML,SPSA,SPSA,93,0.4546122564839107,101
RML,SPSA,SPSA,94,0.4546122564839107,101
RML,SPSA,SPSA,95,0.4546122564839107,101
RML,SPSA,SPSA,96,0.4546122564839107,101
RML,SPSA,SPSA,97,0.4546122564839107,101
RML,SPSA,SPSA,98,0.4546122564839107,101
RML,SPSA,SPSA,99,0.4546122564839107,101
RML,SPSA,SPSA,100,0.4546122564839107,101
RML,SPSA,SPSA,1,1.1149090111328053,202
RML,SPSA,SPSA,2,1.1149090111328053,202
RML,SPSA,SPSA,3,0.9684558581560125,202
RML,SPSA,SPSA,4,0.9684558581560125,202
RML,SPSA,SPSA,5,0.9684558581560125,202
RML,SPSA,SPSA,6,0.9684558581560125,202
RML,SPSA,SPSA,7,0.9684558581560125,202
RML,SPSA,SPSA,8,0.9684558581560125,202
RML,SPSA,SPSA,9,0.9350583822311339,202
RML,SPSA,SPSA,10,0.9350583822311339,202
RML,SPSA,SPSA,11,0.9350583822311339,202
RML,SPSA,SPSA,12,0.9350583822311339,202
RML,SPSA,SPSA,13,0.9350583822311339,202
RML,SPSA,SPSA,14,0.9350583822311339,202
RML,SPSA,SPSA,15,0.9350583822311339,202
RML,SPSA,SPSA,16,0.9350583822311339,202
RML,SPSA,SPSA,17,0.9350583822311339,202
RML,SPSA,SPSA,18,0.9350583822311339,202
RML,SPSA,SPSA,19,0.9350583822311339,202
RML,SPSA,SPSA,20,0.9350583822311339,202
RML,SPSA,SPSA,21,0.9350583822311339,202
RML,SPSA,SPSA,22,0.9350583822311339,202
RML,SPSA,SPSA,23,0.9350583822311339,202
RML,SPSA,SPSA,24,0.9350583822311339,202
RML,SPSA,SPSA,25,0.9350583822311339,202
RML,SPSA,SPSA,26,0.9350583822311339,202
RML,SPSA,SPSA,27,0.9350583822311339,202
RML,SPSA,SPSA,28,0.9350583822311339,202
RML,SPSA,SPSA,29,0.9350583822311339,202
RML,SPSA,SPSA,30,0.9350583822311339,202
RML,SPSA,SPSA,31,0.9350583822311339,202
RML,SPSA,SPSA,32,0.9350583822311339,202
RML,SPSA,SPSA,33,0.9350583822311339,202
RML,SPSA,SPSA,34,0.9350583822311339,202
RML,SPSA,SPSA,35,0.9350583822311339,202
RML,SPSA,SPSA,36,0.9350583822311339,202
RML,SPSA,SPSA,37,0.9350583822311339,202
RML,SPSA,SPSA,38,0.9350583822311339,202
RML,SPSA,SPSA,39,0.9350583822311339,202
RML,SPSA,SPSA,40,0.9350583822311339,202
RML,SPSA,SPSA,41,0.9350583822311339,202
RML,SPSA,SPSA,42,0.9350583822311339,202
RML,SPSA,SPSA,43,0.8831142304491637,202
RML,SPSA,SPSA,44,0.8831142304491637,202
RML,SPSA,SPSA,45,0.8831142304491637,202
RML,SPSA,SPSA,46,0.8831142304491637,202
RML,SPSA,SPSA,47,0.8831142304491637,202
RML,SPSA,SPSA,48,0.8831142304491637,202
RML,SPSA,SPSA,49,0.8831142304491637,202
RML,SPSA,SPSA,50,0.8831142304491637,202
RML,SPSA,SPSA,51,0.8831142304491637,202
RML,SPSA,SPSA,52,0.8831142304491637,202
RML,SPSA,SPSA,53,0.8831142304491637,202
RML,SPSA,SPSA,54,0.8831142304491637,202
RML,SPSA,SPSA,55,0.8831142304491637,202
RML,SPSA,SPSA,56,0.8831142304491637,202
RML,SPSA,SPSA,57,0.8831142304491637,202
RML,SPSA,SPSA,58,0.8831142304491637,202
RML,SPSA,SPSA,59,0.8831142304491637,202
RML,SPSA,SPSA,60,0.8831142304491637,202
RML,SPSA,SPSA,61,0.8831142304491637,202
RML,SPSA,SPSA,62,0.8831142304491637,202
RML,SPSA,SPSA,63,0.8831142304491637,202
RML,SPSA,SPSA,64,0.8831142304491637,202
RML,SPSA,SPSA,65,0.8831142304491637,202
RML,SPSA,SPSA,66,0.8831142304491637,202
RML,SPSA,SPSA,67,0.8831142304491637,202
RML,SPSA,SPSA,68,0.8831142304491637,202
RML,SPSA,SPSA,69,0.8831142304491637,202
RML,SPSA,SPSA,70,0.8831142304491637,202
RML,SPSA,SPSA,71,0.8831142304491637,202
RML,SPSA,SPSA,72,0.8831142304491637,202
RML,SPSA,SPSA,73,0.8831142304491637,202
RML,SPSA,SPSA,74,0.8831142304491637,202
RML,SPSA,SPSA,75,0.8831142304491637,202
RML,SPSA,SPSA,76,0.8831142304491637,202
RML,SPSA,SPSA,77,0.8831142304491637,202
RML,SPSA,SPSA,78,0.8831142304491637,202
RML,SPSA,SPSA,79,0.8610207093618005,202
RML,SPSA,SPSA,80,0.8610207093618005,202
RML,SPSA,SPSA,81,0.8610207093618005,202
RML,SPSA,SPSA,82,0.8610207093618005,202
RML,SPSA,SPSA,83,0.8610207093618005,202
RML,SPSA,SPSA,84,0.8610207093618005,202
RML,SPSA,SPSA,85,0.8390178973090312,202
RML,SPSA,SPSA,86,0.8390178973090312,202
RML,SPSA,SPSA,87,0.8390178973090312,202
RML,SPSA,SPSA,88,0.8390178973090312,202
RML,SPSA,SPSA,89,0.8390178973090312,202
RML,SPSA,SPSA,90,0.8390178973090312,202
RML,SPSA,SPSA,91,0.8390178973090312,202
RML,SPSA,SPSA,92,0.8390178973090312,202
RML,SPSA,SPSA,93,0.8390178973090312,202
RML,SPSA,SPSA,94,0.8018405674351243,202
RML,SPSA,SPSA,95,0.8018405674351243,202
RML,SPSA,SPSA,96,0.8018405674351243,202
RML,SPSA,SPSA,97,0.8018405674351243,202
RML,SPSA,SPSA,98,0.7667933514986656,202
RML,SPSA,SPSA,99,0.7667933514986656,202
RML,SPSA,SPSA,100,0.7667933514986656,202
RML,SPSA,SPSA,1,0.938538021231312,303
RML,SPSA,SPSA,2,0.938538021231312,303
RML,SPSA,SPSA,3,0.8806736052011228,303
RML,SPSA,SPSA,4,0.8806736052011228,303
RML,SPSA,SPSA,5,0.8806736052011228,303
RML,SPSA,SPSA,6,0.8806736052011228,303
RML,SPSA,SPSA,7,0.8806736052011228,303
RML,SPSA,SPSA,8,0.8806736052011228,303
RML,SPSA,SPSA,9,0.8806736052011228,303
RML,SPSA,SPSA,10,0.8806736052011228,303
RML,SPSA,SPSA,11,0.8806736052011228,303
RML,SPSA,SPSA,12,0.8806736052011228,303
RML,SPSA,SPSA,13,0.8806736052011228,303
RML,SPSA,SPSA,14,0.8806736052011228,303
RML,SPSA,SPSA,15,0.8806736052011228,303
RML,SPSA,SPSA,16,0.8806736052011228,303
RML,SPSA,SPSA,17,0.8806736052011228,303
RML,SPSA,SPSA,18,0.8806736052011228,303
RML,SPSA,SPSA,19,0.8806736052011228,303
RML,SPSA,SPSA,20,0.8806736052011228,303
RML,SPSA,SPSA,21,0.8806736052011228,303
RML,SPSA,SPSA,22,0.8806736052011228,303
RML,SPSA,SPSA,23,0.8806736052011228,303
RML,SPSA,SPSA,24,0.8806736052011228,303
RML,SPSA,SPSA,25,0.8705558278682205,303
RML,SPSA,SPSA,26,0.8705558278682205,303
RML,SPSA,SPSA,27,0.8705558278682205,303
RML,SPSA,SPSA,28,0.8705558278682205,303
RML,SPSA,SPSA,29,0.8705558278682205,303
RML,SPSA,SPSA,30,0.8705558278682205,303
RML,SPSA,SPSA,31,0.8670360283886169,303
RML,SPSA,SPSA,32,0.8670360283886169,303
RML,SPSA,SPSA,33,0.8566533190747511,303
RML,SPSA,SPSA,34,0.8566533190747511,303
RML,SPSA,SPSA,35,0.8566533190747511,303
RML,SPSA,SPSA,36,0.8566533190747511,303
RML,SPSA,SPSA,37,0.8566533190747511,303
RML,SPSA,SPSA,38,0.8561050967173531,303
RML,SPSA,SPSA,39,0.8561050967173531,303
RML,SPSA,SPSA,40,0.8561050967173531,303
RML,SPSA,SPSA,41,0.8561050967173531,303
RML,SPSA,SPSA,42,0.8561050967173531,303
RML,SPSA,SPSA,43,0.8264195297972138,303
RML,SPSA,SPSA,44,0.8264195297972138,303
RML,SPSA,SPSA,45,0.8264195297972138,303
RML,SPSA,SPSA,46,0.8264195297972138,303
RML,SPSA,SPSA,47,0.8255898444177121,303
RML,SPSA,SPSA,48,0.8255898444177121,303
RML,SPSA,SPSA,49,0.8255898444177121,303
RML,SPSA,SPSA,50,0.8255898444177121,303
RML,SPSA,SPSA,51,0.8080446074702293,303
RML,SPSA,SPSA,52,0.8080446074702293,303
RML,SPSA,SPSA,53,0.8080446074702293,303
RML,SPSA,SPSA,54,0.8080446074702293,303
RML,SPSA,SPSA,55,0.7994256102106134,303
RML,SPSA,SPSA,56,0.7994256102106134,303
RML,SPSA,SPSA,57,0.7945633723608732,303
RML,SPSA,SPSA,58,0.7945633723608732,303
RML,SPSA,SPSA,59,0.7945633723608732,303
RML,SPSA,SPSA,60,0.7945633723608732,303
RML,SPSA,SPSA,61,0.762293156677339,303
RML,SPSA,SPSA,62,0.762293156677339,303
RML,SPSA,SPSA,63,0.762293156677339,303
RML,SPSA,SPSA,64,0.762293156677339,303
RML,SPSA,SPSA,65,0.7391249568787589,303
RML,SPSA,SPSA,66,0.7391249568787589,303
RML,SPSA,SPSA,67,0.7391249568787589,303
RML,SPSA,SPSA,68,0.7391249568787589,303
RML,SPSA,SPSA,69,0.7391249568787589,303
RML,SPSA,SPSA,70,0.7391249568787589,303
RML,SPSA,SPSA,71,0.7145345194259445,303
RML,SPSA,SPSA,72,0.6879725544849855,303
RML,SPSA,SPSA,73,0.6879725544849855,303
RML,SPSA,SPSA,74,0.6625780451015981,303
RML,SPSA,SPSA,75,0.6625780451015981,303
RML,SPSA,SPSA,76,0.6287278364419191,303
RML,SPSA,SPSA,77,0.6287278364419191,303
RML,SPSA,SPSA,78,0.5697851595323613,303
RML,SPSA,SPSA,79,0.5697851595323613,303
RML,SPSA,SPSA,80,0.5697851595323613,303
RML,SPSA,SPSA,81,0.5697851595323613,303
RML,SPSA,SPSA,82,0.5697851595323613,303
RML,SPSA,SPSA,83,0.5697851595323613,303
RML,SPSA,SPSA,84,0.5697851595323613,303
RML,SPSA,SPSA,85,0.5697851595323613,303
RML,SPSA,SPSA,86,0.5697851595323613,303
RML,SPSA,SPSA,87,0.4945018820790033,303
RML,SPSA,SPSA,88,0.4945018820790033,303
RML,SPSA,SPSA,89,0.4945018820790033,303
RML,SPSA,SPSA,90,0.4945018820790033,303
RML,SPSA,SPSA,91,0.47338141299028114,303
RML,SPSA,SPSA,92,0.47338141299028114,303
RML,SPSA,SPSA,93,0.47338141299028114,303
RML,SPSA,SPSA,94,0.47338141299028114,303
RML,SPSA,SPSA,95,0.47338141299028114,303
RML,SPSA,SPSA,96,0.47338141299028114,303
RML,SPSA,SPSA,97,0.47338141299028114,303
RML,SPSA,SPSA,98,0.47338141299028114,303
RML,SPSA,SPSA,99,0.47338141299028114,303
RML,SPSA,SPSA,100,0.47338141299028114,303
RML,SPSA,SPSA,1,0.8123667276288753,404
RML,SPSA,SPSA,2,0.6261890795471633,404
RML,SPSA,SPSA,3,0.6261890795471633,404
RML,SPSA,SPSA,4,0.6261890795471633,404
RML,SPSA,SPSA,5,0.5102477875044242,404
RML,SPSA,SPSA,6,0.5102477875044242,404
RML,SPSA,SPSA,7,0.5102477875044242,404
RML,SPSA,SPSA,8,0.5102477875044242,404
RML,SPSA,SPSA,9,0.5102477875044242,404
RML,SPSA,SPSA,10,0.5102477875044242,404
RML,SPSA,SPSA,11,0.5102477875044242,404
RML,SPSA,SPSA,12,0.5102477875044242,404
RML,SPSA,SPSA,13,0.5102477875044242,404
RML,SPSA,SPSA,14,0.5102477875044242,404
RML,SPSA,SPSA,15,0.5102477875044242,404
RML,SPSA,SPSA,16,0.5102477875044242,404
RML,SPSA,SPSA,17,0.5102477875044242,404
RML,SPSA,SPSA,18,0.5102477875044242,404
RML,SPSA,SPSA,19,0.5102477875044242,404
RML,SPSA,SPSA,20,0.5102477875044242,404
RML,SPSA,SPSA,21,0.5102477875044242,404
RML,SPSA,SPSA,22,0.5102477875044242,404
RML,SPSA,SPSA,23,0.5102477875044242,404
RML,SPSA,SPSA,24,0.5102477875044242,404
RML,SPSA,SPSA,25,0.5102477875044242,404
RML,SPSA,SPSA,26,0.5102477875044242,404
RML,SPSA,SPSA,27,0.5102477875044242,404
RML,SPSA,SPSA,28,0.5102477875044242,404
RML,SPSA,SPSA,29,0.5102477875044242,404
RML,SPSA,SPSA,30,0.5102477875044242,404
RML,SPSA,SPSA,31,0.5102477875044242,404
RML,SPSA,SPSA,32,0.5102477875044242,404
RML,SPSA,SPSA,33,0.5102477875044242,404
RML,SPSA,SPSA,34,0.5102477875044242,404
RML,SPSA,SPSA,35,0.5102477875044242,404
RML,SPSA,SPSA,36,0.5102477875044242,404
RML,SPSA,SPSA,37,0.5102477875044242,404
RML,SPSA,SPSA,38,0.5102477875044242,404
RML,SPSA,SPSA,39,0.5102477875044242,404
RML,SPSA,SPSA,40,0.5102477875044242,404
RML,SPSA,SPSA,41,0.5102477875044242,404
RML,SPSA,SPSA,42,0.5102477875044242,404
RML,SPSA,SPSA,43,0.5102477875044242,404
RML,SPSA,SPSA,44,0.5102477875044242,404
RML,SPSA,SPSA,45,0.5102477875044242,404
RML,SPSA,SPSA,46,0.5102477875044242,404
RML,SPSA,SPSA,47,0.5102477875044242,404
RML,SPSA,SPSA,48,0.5102477875044242,404
RML,SPSA,SPSA,49,0.5102477875044242,404
RML,SPSA,SPSA,50,0.5102477875044242,404
RML,SPSA,SPSA,51,0.5102477875044242,404
RML,SPSA,SPSA,52,0.5095784403573143,404
RML,SPSA,SPSA,53,0.5095784403573143,404
RML,SPSA,SPSA,54,0.5095784403573143,404
RML,SPSA,SPSA,55,0.5095784403573143,404
RML,SPSA,SPSA,56,0.5095784403573143,404
RML,SPSA,SPSA,57,0.5095784403573143,404
RML,SPSA,SPSA,58,0.5095784403573143,404
RML,SPSA,SPSA,59,0.5095784403573143,404
RML,SPSA,SPSA,60,0.5095784403573143,404
RML,SPSA,SPSA,61,0.5095784403573143,404
RML,SPSA,SPSA,62,0.5095784403573143,404
RML,SPSA,SPSA,63,0.5095784403573143,404
RML,SPSA,SPSA,64,0.5095784403573143,404
RML,SPSA,SPSA,65,0.5095784403573143,404
RML,SPSA,SPSA,66,0.5095784403573143,404
RML,SPSA,SPSA,67,0.5095784403573143,404
RML,SPSA,SPSA,68,0.5095784403573143,404
RML,SPSA,SPSA,69,0.5095784403573143,404
RML,SPSA,SPSA,70,0.5095784403573143,404
RML,SPSA,SPSA,71,0.5095784403573143,404
RML,SPSA,SPSA,72,0.5095784403573143,404
RML,SPSA,SPSA,73,0.5095784403573143,404
RML,SPSA,SPSA,74,0.5095784403573143,404
RML,SPSA,SPSA,75,0.5095784403573143,404
RML,SPSA,SPSA,76,0.5095784403573143,404
RML,SPSA,SPSA,77,0.5095784403573143,404
RML,SPSA,SPSA,78,0.5095784403573143,404
RML,SPSA,SPSA,79,0.5095784403573143,404
RML,SPSA,SPSA,80,0.5095784403573143,404
RML,SPSA,SPSA,81,0.5095784403573143,404
RML,SPSA,SPSA,82,0.5095784403573143,404
RML,SPSA,SPSA,83,0.5095784403573143,404
RML,SPSA,SPSA,84,0.5095784403573143,404
RML,SPSA,SPSA,85,0.5095784403573143,404
RML,SPSA,SPSA,86,0.5095784403573143,404
RML,SPSA,SPSA,87,0.5095784403573143,404
RML,SPSA,SPSA,88,0.5095784403573143,404
RML,SPSA,SPSA,89,0.5095784403573143,404
RML,SPSA,SPSA,90,0.482379296530224,404
RML,SPSA,SPSA,91,0.482379296530224,404
RML,SPSA,SPSA,92,0.482379296530224,404
RML,SPSA,SPSA,93,0.482379296530224,404
RML,SPSA,SPSA,94,0.482379296530224,404
RML,SPSA,SPSA,95,0.482379296530224,404
RML,SPSA,SPSA,96,0.482379296530224,404
RML,SPSA,SPSA,97,0.482379296530224,404
RML,SPSA,SPSA,98,0.482379296530224,404
RML,SPSA,SPSA,99,0.482379296530224,404
RML,SPSA,SPSA,100,0.482379296530224,404
RML,TPE,TPE,1,0.824206836877982,42
RML,TPE,TPE,2,0.824206836877982,42
RML,TPE,TPE,3,0.824206836877982,42
RML,TPE,TPE,4,0.824206836877982,42
RML,TPE,TPE,5,0.6040748046448567,42
RML,TPE,TPE,6,0.6040748046448567,42
RML,TPE,TPE,7,0.6040748046448567,42
RML,TPE,TPE,8,0.6040748046448567,42
RML,TPE,TPE,9,0.6040748046448567,42
RML,TPE,TPE,10,0.6040748046448567,42
RML,TPE,TPE,11,0.46551356526625787,42
RML,TPE,TPE,12,0.46551356526625787,42
RML,TPE,TPE,13,0.46551356526625787,42
RML,TPE,TPE,14,0.46551356526625787,42
RML,TPE,TPE,15,0.46551356526625787,42
RML,TPE,TPE,16,0.46551356526625787,42
RML,TPE,TPE,17,0.46551356526625787,42
RML,TPE,TPE,18,0.46551356526625787,42
RML,TPE,TPE,19,0.46551356526625787,42
RML,TPE,TPE,20,0.46551356526625787,42
RML,TPE,TPE,21,0.46551356526625787,42
RML,TPE,TPE,22,0.46551356526625787,42
RML,TPE,TPE,23,0.46551356526625787,42
RML,TPE,TPE,24,0.4604034317077327,42
RML,TPE,TPE,25,0.4604034317077327,42
RML,TPE,TPE,26,0.4604034317077327,42
RML,TPE,TPE,27,0.4604034317077327,42
RML,TPE,TPE,28,0.4604034317077327,42
RML,TPE,TPE,29,0.4604034317077327,42
RML,TPE,TPE,30,0.4604034317077327,42
RML,TPE,TPE,31,0.4604034317077327,42
RML,TPE,TPE,32,0.4604034317077327,42
RML,TPE,TPE,33,0.4604034317077327,42
RML,TPE,TPE,34,0.4604034317077327,42
RML,TPE,TPE,35,0.4604034317077327,42
RML,TPE,TPE,36,0.4604034317077327,42
RML,TPE,TPE,37,0.4604034317077327,42
RML,TPE,TPE,38,0.4604034317077327,42
RML,TPE,TPE,39,0.4604034317077327,42
RML,TPE,TPE,40,0.4604034317077327,42
RML,TPE,TPE,41,0.4604034317077327,42
RML,TPE,TPE,42,0.4604034317077327,42
RML,TPE,TPE,43,0.4604034317077327,42
RML,TPE,TPE,44,0.4604034317077327,42
RML,TPE,TPE,45,0.4604034317077327,42
RML,TPE,TPE,46,0.4604034317077327,42
RML,TPE,TPE,47,0.4604034317077327,42
RML,TPE,TPE,48,0.4604034317077327,42
RML,TPE,TPE,49,0.4604034317077327,42
RML,TPE,TPE,50,0.4604034317077327,42
RML,TPE,TPE,51,0.4604034317077327,42
RML,TPE,TPE,52,0.4604034317077327,42
RML,TPE,TPE,53,0.4604034317077327,42
RML,TPE,TPE,54,0.4604034317077327,42
RML,TPE,TPE,55,0.4604034317077327,42
RML,TPE,TPE,56,0.4604034317077327,42
RML,TPE,TPE,57,0.4604034317077327,42
RML,TPE,TPE,58,0.4604034317077327,42
RML,TPE,TPE,59,0.4604034317077327,42
RML,TPE,TPE,60,0.4604034317077327,42
RML,TPE,TPE,61,0.4604034317077327,42
RML,TPE,TPE,62,0.4604034317077327,42
RML,TPE,TPE,63,0.4604034317077327,42
RML,TPE,TPE,64,0.4604034317077327,42
RML,TPE,TPE,65,0.4604034317077327,42
RML,TPE,TPE,66,0.4604034317077327,42
RML,TPE,TPE,67,0.4604034317077327,42
RML,TPE,TPE,68,0.4604034317077327,42
RML,TPE,TPE,69,0.4604034317077327,42
RML,TPE,TPE,70,0.4604034317077327,42
RML,TPE,TPE,71,0.4604034317077327,42
RML,TPE,TPE,72,0.4584947951491841,42
RML,TPE,TPE,73,0.4584947951491841,42
RML,TPE,TPE,74,0.4550308607382128,42
RML,TPE,TPE,75,0.4550308607382128,42
RML,TPE,TPE,76,0.4550308607382128,42
RML,TPE,TPE,77,0.4550308607382128,42
RML,TPE,TPE,78,0.4550308607382128,42
RML,TPE,TPE,79,0.4550308607382128,42
RML,TPE,TPE,80,0.4550308607382128,42
RML,TPE,TPE,81,0.4550308607382128,42
RML,TPE,TPE,82,0.4550308607382128,42
RML,TPE,TPE,83,0.4520209935169293,42
RML,TPE,TPE,84,0.4520209935169293,42
RML,TPE,TPE,85,0.4520209935169293,42
RML,TPE,TPE,86,0.4520209935169293,42
RML,TPE,TPE,87,0.4520209935169293,42
RML,TPE,TPE,88,0.4520209935169293,42
RML,TPE,TPE,89,0.4520209935169293,42
RML,TPE,TPE,90,0.4520209935169293,42
RML,TPE,TPE,91,0.4520209935169293,42
RML,TPE,TPE,92,0.4520209935169293,42
RML,TPE,TPE,93,0.4520209935169293,42
RML,TPE,TPE,94,0.4520209935169293,42
RML,TPE,TPE,95,0.4520209935169293,42
RML,TPE,TPE,96,0.4520209935169293,42
RML,TPE,TPE,97,0.4520209935169293,42
RML,TPE,TPE,98,0.4520209935169293,42
RML,TPE,TPE,99,0.4520209935169293,42
RML,TPE,TPE,100,0.4520209935169293,42
RML,TPE,TPE,1,1.1519435386578927,101
RML,TPE,TPE,2,0.9027734750778726,101
RML,TPE,TPE,3,0.9027734750778726,101
RML,TPE,TPE,4,0.9027734750778726,101
RML,TPE,TPE,5,0.8264253943875982,101
RML,TPE,TPE,6,0.8264253943875982,101
RML,TPE,TPE,7,0.8264253943875982,101
RML,TPE,TPE,8,0.8264253943875982,101
RML,TPE,TPE,9,0.8264253943875982,101
RML,TPE,TPE,10,0.8264253943875982,101
RML,TPE,TPE,11,0.6950171514914982,101
RML,TPE,TPE,12,0.6950171514914982,101
RML,TPE,TPE,13,0.6656583070646012,101
RML,TPE,TPE,14,0.6656583070646012,101
RML,TPE,TPE,15,0.6656583070646012,101
RML,TPE,TPE,16,0.6656583070646012,101
RML,TPE,TPE,17,0.6656583070646012,101
RML,TPE,TPE,18,0.6656583070646012,101
RML,TPE,TPE,19,0.6656583070646012,101
RML,TPE,TPE,20,0.6656583070646012,101
RML,TPE,TPE,21,0.6656583070646012,101
RML,TPE,TPE,22,0.6656583070646012,101
RML,TPE,TPE,23,0.6656583070646012,101
RML,TPE,TPE,24,0.6656583070646012,101
RML,TPE,TPE,25,0.6656583070646012,101
RML,TPE,TPE,26,0.6656583070646012,101
RML,TPE,TPE,27,0.6656583070646012,101
RML,TPE,TPE,28,0.6656583070646012,101
RML,TPE,TPE,29,0.6656583070646012,101
RML,TPE,TPE,30,0.6656583070646012,101
RML,TPE,TPE,31,0.6656583070646012,101
RML,TPE,TPE,32,0.6656583070646012,101
RML,TPE,TPE,33,0.6656583070646012,101
RML,TPE,TPE,34,0.6656583070646012,101
RML,TPE,TPE,35,0.6656583070646012,101
RML,TPE,TPE,36,0.659639172445902,101
RML,TPE,TPE,37,0.6407550530090358,101
RML,TPE,TPE,38,0.6407550530090358,101
RML,TPE,TPE,39,0.5753745281219999,101
RML,TPE,TPE,40,0.5549634523470298,101
RML,TPE,TPE,41,0.5549634523470298,101
RML,TPE,TPE,42,0.5549634523470298,101
RML,TPE,TPE,43,0.5549634523470298,101
RML,TPE,TPE,44,0.4967108159496213,101
RML,TPE,TPE,45,0.47840702068828883,101
RML,TPE,TPE,46,0.47840702068828883,101
RML,TPE,TPE,47,0.47840702068828883,101
RML,TPE,TPE,48,0.47840702068828883,101
RML,TPE,TPE,49,0.47840702068828883,101
RML,TPE,TPE,50,0.47840702068828883,101
RML,TPE,TPE,51,0.47840702068828883,101
RML,TPE,TPE,52,0.47840702068828883,101
RML,TPE,TPE,53,0.47840702068828883,101
RML,TPE,TPE,54,0.47840702068828883,101
RML,TPE,TPE,55,0.47840702068828883,101
RML,TPE,TPE,56,0.47840702068828883,101
RML,TPE,TPE,57,0.47840702068828883,101
RML,TPE,TPE,58,0.47840702068828883,101
RML,TPE,TPE,59,0.47840702068828883,101
RML,TPE,TPE,60,0.47840702068828883,101
RML,TPE,TPE,61,0.47840702068828883,101
RML,TPE,TPE,62,0.47840702068828883,101
RML,TPE,TPE,63,0.47840702068828883,101
RML,TPE,TPE,64,0.47840702068828883,101
RML,TPE,TPE,65,0.47840702068828883,101
RML,TPE,TPE,66,0.47840702068828883,101
RML,TPE,TPE,67,0.47840702068828883,101
RML,TPE,TPE,68,0.47840702068828883,101
RML,TPE,TPE,69,0.47840702068828883,101
RML,TPE,TPE,70,0.47840702068828883,101
RML,TPE,TPE,71,0.47840702068828883,101
RML,TPE,TPE,72,0.47840702068828883,101
RML,TPE,TPE,73,0.47840702068828883,101
RML,TPE,TPE,74,0.46298596034409123,101
RML,TPE,TPE,75,0.45453068402465036,101
RML,TPE,TPE,76,0.45453068402465036,101
RML,TPE,TPE,77,0.45453068402465036,101
RML,TPE,TPE,78,0.45453068402465036,101
RML,TPE,TPE,79,0.4539815247347623,101
RML,TPE,TPE,80,0.4539815247347623,101
RML,TPE,TPE,81,0.4539815247347623,101
RML,TPE,TPE,82,0.4539815247347623,101
RML,TPE,TPE,83,0.4539815247347623,101
RML,TPE,TPE,84,0.4539815247347623,101
RML,TPE,TPE,85,0.4539815247347623,101
RML,TPE,TPE,86,0.4539815247347623,101
RML,TPE,TPE,87,0.4539815247347623,101
RML,TPE,TPE,88,0.4539815247347623,101
RML,TPE,TPE,89,0.4539815247347623,101
RML,TPE,TPE,90,0.4539815247347623,101
RML,TPE,TPE,91,0.4539815247347623,101
RML,TPE,TPE,92,0.4539815247347623,101
RML,TPE,TPE,93,0.4539815247347623,101
RML,TPE,TPE,94,0.4539815247347623,101
RML,TPE,TPE,95,0.4539815247347623,101
RML,TPE,TPE,96,0.4539815247347623,101
RML,TPE,TPE,97,0.4539815247347623,101
RML,TPE,TPE,98,0.4539815247347623,101
RML,TPE,TPE,99,0.4539815247347623,101
RML,TPE,TPE,100,0.4539815247347623,101
RML,TPE,TPE,1,0.808862545123777,202
RML,TPE,TPE,2,0.5996926429988901,202
RML,TPE,TPE,3,0.5996926429988901,202
RML,TPE,TPE,4,0.5996926429988901,202
RML,TPE,TPE,5,0.5996926429988901,202
RML,TPE,TPE,6,0.5996926429988901,202
RML,TPE,TPE,7,0.5996926429988901,202
RML,TPE,TPE,8,0.5996926429988901,202
RML,TPE,TPE,9,0.5996926429988901,202
RML,TPE,TPE,10,0.5996926429988901,202
RML,TPE,TPE,11,0.5837780251319153,202
RML,TPE,TPE,12,0.5837780251319153,202
RML,TPE,TPE,13,0.5837780251319153,202
RML,TPE,TPE,14,0.5837780251319153,202
RML,TPE,TPE,15,0.5837780251319153,202
RML,TPE,TPE,16,0.5837780251319153,202
RML,TPE,TPE,17,0.5837780251319153,202
RML,TPE,TPE,18,0.5837780251319153,202
RML,TPE,TPE,19,0.5837780251319153,202
RML,TPE,TPE,20,0.5837780251319153,202
RML,TPE,TPE,21,0.5759750497232152,202
RML,TPE,TPE,22,0.5759750497232152,202
RML,TPE,TPE,23,0.5759750497232152,202
RML,TPE,TPE,24,0.521138698870593,202
RML,TPE,TPE,25,0.521138698870593,202
RML,TPE,TPE,26,0.521138698870593,202
RML,TPE,TPE,27,0.521138698870593,202
RML,TPE,TPE,28,0.521138698870593,202
RML,TPE,TPE,29,0.521138698870593,202
RML,TPE,TPE,30,0.521138698870593,202
RML,TPE,TPE,31,0.521138698870593,202
RML,TPE,TPE,32,0.521138698870593,202
RML,TPE,TPE,33,0.521138698870593,202
RML,TPE,TPE,34,0.521138698870593,202
RML,TPE,TPE,35,0.521138698870593,202
RML,TPE,TPE,36,0.521138698870593,202
RML,TPE,TPE,37,0.521138698870593,202
RML,TPE,TPE,38,0.521138698870593,202
RML,TPE,TPE,39,0.521138698870593,202
RML,TPE,TPE,40,0.5090203145829106,202
RML,TPE,TPE,41,0.5090203145829106,202
RML,TPE,TPE,42,0.5090203145829106,202
RML,TPE,TPE,43,0.5090203145829106,202
RML,TPE,TPE,44,0.5090203145829106,202
RML,TPE,TPE,45,0.5090203145829106,202
RML,TPE,TPE,46,0.5090203145829106,202
RML,TPE,TPE,47,0.5090203145829106,202
RML,TPE,TPE,48,0.498556153851617,202
RML,TPE,TPE,49,0.498556153851617,202
RML,TPE,TPE,50,0.49828734950950665,202
RML,TPE,TPE,51,0.49828734950950665,202
RML,TPE,TPE,52,0.4976505454102088,202
RML,TPE,TPE,53,0.4976505454102088,202
RML,TPE,TPE,54,0.4976505454102088,202
RML,TPE,TPE,55,0.4976505454102088,202
RML,TPE,TPE,56,0.4825907823310036,202
RML,TPE,TPE,57,0.4825907823310036,202
RML,TPE,TPE,58,0.4825907823310036,202
RML,TPE,TPE,59,0.4825907823310036,202
RML,TPE,TPE,60,0.4825907823310036,202
RML,TPE,TPE,61,0.4825907823310036,202
RML,TPE,TPE,62,0.4825907823310036,202
RML,TPE,TPE,63,0.4825907823310036,202
RML,TPE,TPE,64,0.4825907823310036,202
RML,TPE,TPE,65,0.4825907823310036,202
RML,TPE,TPE,66,0.4825907823310036,202
RML,TPE,TPE,67,0.4703510145868175,202
RML,TPE,TPE,68,0.4703510145868175,202
RML,TPE,TPE,69,0.4703510145868175,202
RML,TPE,TPE,70,0.4703510145868175,202
RML,TPE,TPE,71,0.4703510145868175,202
RML,TPE,TPE,72,0.4703510145868175,202
RML,TPE,TPE,73,0.4703510145868175,202
RML,TPE,TPE,74,0.4703510145868175,202
RML,TPE,TPE,75,0.4703510145868175,202
RML,TPE,TPE,76,0.4703510145868175,202
RML,TPE,TPE,77,0.4703510145868175,202
RML,TPE,TPE,78,0.4703510145868175,202
RML,TPE,TPE,79,0.4703510145868175,202
RML,TPE,TPE,80,0.4703510145868175,202
RML,TPE,TPE,81,0.4703510145868175,202
RML,TPE,TPE,82,0.4703510145868175,202
RML,TPE,TPE,83,0.4703510145868175,202
RML,TPE,TPE,84,0.4703510145868175,202
RML,TPE,TPE,85,0.4703510145868175,202
RML,TPE,TPE,86,0.4703510145868175,202
RML,TPE,TPE,87,0.4703510145868175,202
RML,TPE,TPE,88,0.4703510145868175,202
RML,TPE,TPE,89,0.4579894328938211,202
RML,TPE,TPE,90,0.4579894328938211,202
RML,TPE,TPE,91,0.4579894328938211,202
RML,TPE,TPE,92,0.44478180570588266,202
RML,TPE,TPE,93,0.44478180570588266,202
RML,TPE,TPE,94,0.44478180570588266,202
RML,TPE,TPE,95,0.44306129510558045,202
RML,TPE,TPE,96,0.44306129510558045,202
RML,TPE,TPE,97,0.44306129510558045,202
RML,TPE,TPE,98,0.44306129510558045,202
RML,TPE,TPE,99,0.44306129510558045,202
RML,TPE,TPE,100,0.44306129510558045,202
RML,TPE,TPE,1,1.091334954569899,303
RML,TPE,TPE,2,0.6327280506988768,303
RML,TPE,TPE,3,0.6327280506988768,303
RML,TPE,TPE,4,0.6327280506988768,303
RML,TPE,TPE,5,0.6327280506988768,303
RML,TPE,TPE,6,0.6327280506988768,303
RML,TPE,TPE,7,0.6327280506988768,303
RML,TPE,TPE,8,0.6327280506988768,303
RML,TPE,TPE,9,0.6327280506988768,303
RML,TPE,TPE,10,0.48340950126568716,303
RML,TPE,TPE,11,0.48340950126568716,303
RML,TPE,TPE,12,0.48340950126568716,303
RML,TPE,TPE,13,0.48340950126568716,303
RML,TPE,TPE,14,0.48340950126568716,303
RML,TPE,TPE,15,0.48340950126568716,303
RML,TPE,TPE,16,0.48340950126568716,303
RML,TPE,TPE,17,0.48340950126568716,303
RML,TPE,TPE,18,0.48340950126568716,303
RML,TPE,TPE,19,0.48340950126568716,303
RML,TPE,TPE,20,0.48340950126568716,303
RML,TPE,TPE,21,0.48340950126568716,303
RML,TPE,TPE,22,0.48340950126568716,303
RML,TPE,TPE,23,0.48340950126568716,303
RML,TPE,TPE,24,0.48340950126568716,303
RML,TPE,TPE,25,0.48340950126568716,303
RML,TPE,TPE,26,0.48340950126568716,303
RML,TPE,TPE,27,0.48340950126568716,303
RML,TPE,TPE,28,0.48340950126568716,303
RML,TPE,TPE,29,0.48340950126568716,303
RML,TPE,TPE,30,0.48340950126568716,303
RML,TPE,TPE,31,0.48340950126568716,303
RML,TPE,TPE,32,0.48340950126568716,303
RML,TPE,TPE,33,0.48340950126568716,303
RML,TPE,TPE,34,0.48340950126568716,303
RML,TPE,TPE,35,0.48340950126568716,303
RML,TPE,TPE,36,0.48340950126568716,303
RML,TPE,TPE,37,0.48340950126568716,303
RML,TPE,TPE,38,0.48340950126568716,303
RML,TPE,TPE,39,0.48340950126568716,303
RML,TPE,TPE,40,0.48340950126568716,303
RML,TPE,TPE,41,0.48340950126568716,303
RML,TPE,TPE,42,0.48340950126568716,303
RML,TPE,TPE,43,0.48340950126568716,303
RML,TPE,TPE,44,0.48340950126568716,303
RML,TPE,TPE,45,0.48340950126568716,303
RML,TPE,TPE,46,0.48340950126568716,303
RML,TPE,TPE,47,0.48340950126568716,303
RML,TPE,TPE,48,0.48340950126568716,303
RML,TPE,TPE,49,0.48340950126568716,303
RML,TPE,TPE,50,0.48340950126568716,303
RML,TPE,TPE,51,0.48340950126568716,303
RML,TPE,TPE,52,0.48340950126568716,303
RML,TPE,TPE,53,0.48340950126568716,303
RML,TPE,TPE,54,0.48340950126568716,303
RML,TPE,TPE,55,0.47232209762171473,303
RML,TPE,TPE,56,0.46572350569219734,303
RML,TPE,TPE,57,0.4614208314201206,303
RML,TPE,TPE,58,0.4614208314201206,303
RML,TPE,TPE,59,0.4614208314201206,303
RML,TPE,TPE,60,0.4614208314201206,303
RML,TPE,TPE,61,0.4614208314201206,303
RML,TPE,TPE,62,0.4614208314201206,303
RML,TPE,TPE,63,0.4614208314201206,303
RML,TPE,TPE,64,0.4614208314201206,303
RML,TPE,TPE,65,0.4614208314201206,303
RML,TPE,TPE,66,0.4614208314201206,303
RML,TPE,TPE,67,0.4614208314201206,303
RML,TPE,TPE,68,0.4614208314201206,303
RML,TPE,TPE,69,0.4614208314201206,303
RML,TPE,TPE,70,0.4614208314201206,303
RML,TPE,TPE,71,0.4614208314201206,303
RML,TPE,TPE,72,0.4614208314201206,303
RML,TPE,TPE,73,0.44908490837230586,303
RML,TPE,TPE,74,0.44908490837230586,303
RML,TPE,TPE,75,0.44908490837230586,303
RML,TPE,TPE,76,0.44908490837230586,303
RML,TPE,TPE,77,0.44908490837230586,303
RML,TPE,TPE,78,0.44908490837230586,303
RML,TPE,TPE,79,0.44908490837230586,303
RML,TPE,TPE,80,0.44908490837230586,303
RML,TPE,TPE,81,0.44908490837230586,303
RML,TPE,TPE,82,0.44908490837230586,303
RML,TPE,TPE,83,0.44908490837230586,303
RML,TPE,TPE,84,0.44908490837230586,303
RML,TPE,TPE,85,0.44908490837230586,303
RML,TPE,TPE,86,0.44908490837230586,303
RML,TPE,TPE,87,0.44908490837230586,303
RML,TPE,TPE,88,0.44908490837230586,303
RML,TPE,TPE,89,0.44908490837230586,303
RML,TPE,TPE,90,0.44908490837230586,303
RML,TPE,TPE,91,0.44908490837230586,303
RML,TPE,TPE,92,0.44908490837230586,303
RML,TPE,TPE,93,0.44908490837230586,303
RML,TPE,TPE,94,0.44908490837230586,303
RML,TPE,TPE,95,0.4477905427992589,303
RML,TPE,TPE,96,0.4477905427992589,303
RML,TPE,TPE,97,0.4477905427992589,303
RML,TPE,TPE,98,0.4477905427992589,303
RML,TPE,TPE,99,0.4477905427992589,303
RML,TPE,TPE,100,0.4477905427992589,303
RML,TPE,TPE,1,1.1537109045177096,404
RML,TPE,TPE,2,1.034018593924032,404
RML,TPE,TPE,3,1.034018593924032,404
RML,TPE,TPE,4,0.8086863950210961,404
RML,TPE,TPE,5,0.7407663639138788,404
RML,TPE,TPE,6,0.7407663639138788,404
RML,TPE,TPE,7,0.7407663639138788,404
RML,TPE,TPE,8,0.7407663639138788,404
RML,TPE,TPE,9,0.7407663639138788,404
RML,TPE,TPE,10,0.6433402160489019,404
RML,TPE,TPE,11,0.5836914370718748,404
RML,TPE,TPE,12,0.5519074867235152,404
RML,TPE,TPE,13,0.5519074867235152,404
RML,TPE,TPE,14,0.5519074867235152,404
RML,TPE,TPE,15,0.5519074867235152,404
RML,TPE,TPE,16,0.5519074867235152,404
RML,TPE,TPE,17,0.5519074867235152,404
RML,TPE,TPE,18,0.5519074867235152,404
RML,TPE,TPE,19,0.5519074867235152,404
RML,TPE,TPE,20,0.5519074867235152,404
RML,TPE,TPE,21,0.5519074867235152,404
RML,TPE,TPE,22,0.5519074867235152,404
RML,TPE,TPE,23,0.5519074867235152,404
RML,TPE,TPE,24,0.5519074867235152,404
RML,TPE,TPE,25,0.5519074867235152,404
RML,TPE,TPE,26,0.5519074867235152,404
RML,TPE,TPE,27,0.5519074867235152,404
RML,TPE,TPE,28,0.5519074867235152,404
RML,TPE,TPE,29,0.5519074867235152,404
RML,TPE,TPE,30,0.5519074867235152,404
RML,TPE,TPE,31,0.5519074867235152,404
RML,TPE,TPE,32,0.5519074867235152,404
RML,TPE,TPE,33,0.5519074867235152,404
RML,TPE,TPE,34,0.5519074867235152,404
RML,TPE,TPE,35,0.5519074867235152,404
RML,TPE,TPE,36,0.5519074867235152,404
RML,TPE,TPE,37,0.5519074867235152,404
RML,TPE,TPE,38,0.5519074867235152,404
RML,TPE,TPE,39,0.5519074867235152,404
RML,TPE,TPE,40,0.5519074867235152,404
RML,TPE,TPE,41,0.5519074867235152,404
RML,TPE,TPE,42,0.5519074867235152,404
RML,TPE,TPE,43,0.5519074867235152,404
RML,TPE,TPE,44,0.5519074867235152,404
RML,TPE,TPE,45,0.5519074867235152,404
RML,TPE,TPE,46,0.5519074867235152,404
RML,TPE,TPE,47,0.5519074867235152,404
RML,TPE,TPE,48,0.5519074867235152,404
RML,TPE,TPE,49,0.5274721047539858,404
RML,TPE,TPE,50,0.5274721047539858,404
RML,TPE,TPE,51,0.46862343811805673,404
RML,TPE,TPE,52,0.46862343811805673,404
RML,TPE,TPE,53,0.46862343811805673,404
RML,TPE,TPE,54,0.46862343811805673,404
RML,TPE,TPE,55,0.46862343811805673,404
RML,TPE,TPE,56,0.46862343811805673,404
RML,TPE,TPE,57,0.46862343811805673,404
RML,TPE,TPE,58,0.46862343811805673,404
RML,TPE,TPE,59,0.46862343811805673,404
RML,TPE,TPE,60,0.46862343811805673,404
RML,TPE,TPE,61,0.46862343811805673,404
RML,TPE,TPE,62,0.46862343811805673,404
RML,TPE,TPE,63,0.46862343811805673,404
RML,TPE,TPE,64,0.46862343811805673,404
RML,TPE,TPE,65,0.46862343811805673,404
RML,TPE,TPE,66,0.46862343811805673,404
RML,TPE,TPE,67,0.46862343811805673,404
RML,TPE,TPE,68,0.46862343811805673,404
RML,TPE,TPE,69,0.46862343811805673,404
RML,TPE,TPE,70,0.46862343811805673,404
RML,TPE,TPE,71,0.46862343811805673,404
RML,TPE,TPE,72,0.46862343811805673,404
RML,TPE,TPE,73,0.46862343811805673,404
RML,TPE,TPE,74,0.46862343811805673,404
RML,TPE,TPE,75,0.46862343811805673,404
RML,TPE,TPE,76,0.46862343811805673,404
RML,TPE,TPE,77,0.46862343811805673,404
RML,TPE,TPE,78,0.46862343811805673,404
RML,TPE,TPE,79,0.46862343811805673,404
RML,TPE,TPE,80,0.46862343811805673,404
RML,TPE,TPE,81,0.46862343811805673,404
RML,TPE,TPE,82,0.46862343811805673,404
RML,TPE,TPE,83,0.46862343811805673,404
RML,TPE,TPE,84,0.46862343811805673,404
RML,TPE,TPE,85,0.46862343811805673,404
RML,TPE,TPE,86,0.46862343811805673,404
RML,TPE,TPE,87,0.46862343811805673,404
RML,TPE,TPE,88,0.46862343811805673,404
RML,TPE,TPE,89,0.46862343811805673,404
RML,TPE,TPE,90,0.46862343811805673,404
RML,TPE,TPE,91,0.46862343811805673,404
RML,TPE,TPE,92,0.46862343811805673,404
RML,TPE,TPE,93,0.46862343811805673,404
RML,TPE,TPE,94,0.46862343811805673,404
RML,TPE,TPE,95,0.46862343811805673,404
RML,TPE,TPE,96,0.46862343811805673,404
RML,TPE,TPE,97,0.46406095557276483,404
RML,TPE,TPE,98,0.46406095557276483,404
RML,TPE,TPE,99,0.46406095557276483,404
RML,TPE,TPE,100,0.46406095557276483,404
Tianjin,BF-SAC-GP,BF-SAC-GP,1,1.517022,42
Tianjin,BF-SAC-GP,BF-SAC-GP,2,0.176967,42
Tianjin,BF-SAC-GP,BF-SAC-GP,3,0.176967,42
Tianjin,BF-SAC-GP,BF-SAC-GP,4,0.176967,42
Tianjin,BF-SAC-GP,BF-SAC-GP,5,0.176967,42
Tianjin,BF-SAC-GP,BF-SAC-GP,6,0.176967,42
Tianjin,BF-SAC-GP,BF-SAC-GP,7,0.176967,42
Tianjin,BF-SAC-GP,BF-SAC-GP,8,0.176967,42
Tianjin,BF-SAC-GP,BF-SAC-GP,9,0.176967,42
Tianjin,BF-SAC-GP,BF-SAC-GP,10,0.176967,42
Tianjin,BF-SAC-GP,BF-SAC-GP,11,0.176967,42
Tianjin,BF-SAC-GP,BF-SAC-GP,12,0.176967,42
Tianjin,BF-SAC-GP,BF-SAC-GP,13,0.176967,42
Tianjin,BF-SAC-GP,BF-SAC-GP,14,0.176967,42
Tianjin,BF-SAC-GP,BF-SAC-GP,15,0.176967,42
Tianjin,BF-SAC-GP,BF-SAC-GP,16,0.176967,42
Tianjin,BF-SAC-GP,BF-SAC-GP,17,0.176967,42
Tianjin,BF-SAC-GP,BF-SAC-GP,18,0.176967,42
Tianjin,BF-SAC-GP,BF-SAC-GP,19,0.176967,42
Tianjin,BF-SAC-GP,BF-SAC-GP,20,0.176967,42
Tianjin,BF-SAC-GP,BF-SAC-GP,21,0.176967,42
Tianjin,BF-SAC-GP,BF-SAC-GP,22,0.176934,42
Tianjin,BF-SAC-GP,BF-SAC-GP,23,0.176934,42
Tianjin,BF-SAC-GP,BF-SAC-GP,24,0.176934,42
Tianjin,BF-SAC-GP,BF-SAC-GP,25,0.176934,42
Tianjin,BF-SAC-GP,BF-SAC-GP,26,0.176934,42
Tianjin,BF-SAC-GP,BF-SAC-GP,27,0.176934,42
Tianjin,BF-SAC-GP,BF-SAC-GP,28,0.176934,42
Tianjin,BF-SAC-GP,BF-SAC-GP,29,0.176934,42
Tianjin,BF-SAC-GP,BF-SAC-GP,30,0.176934,42
Tianjin,BF-SAC-GP,BF-SAC-GP,31,0.176934,42
Tianjin,BF-SAC-GP,BF-SAC-GP,32,0.176934,42
Tianjin,BF-SAC-GP,BF-SAC-GP,33,0.176934,42
Tianjin,BF-SAC-GP,BF-SAC-GP,34,0.176934,42
Tianjin,BF-SAC-GP,BF-SAC-GP,35,0.176934,42
Tianjin,BF-SAC-GP,BF-SAC-GP,36,0.176934,42
Tianjin,BF-SAC-GP,BF-SAC-GP,37,0.176934,42
Tianjin,BF-SAC-GP,BF-SAC-GP,38,0.176934,42
Tianjin,BF-SAC-GP,BF-SAC-GP,39,0.176934,42
Tianjin,BF-SAC-GP,BF-SAC-GP,40,0.176934,42
Tianjin,BF-SAC-GP,BF-SAC-GP,41,0.176934,42
Tianjin,BF-SAC-GP,BF-SAC-GP,42,0.176934,42
Tianjin,BF-SAC-GP,BF-SAC-GP,43,0.176934,42
Tianjin,BF-SAC-GP,BF-SAC-GP,44,0.176934,42
Tianjin,BF-SAC-GP,BF-SAC-GP,45,0.176934,42
Tianjin,BF-SAC-GP,BF-SAC-GP,46,0.176934,42
Tianjin,BF-SAC-GP,BF-SAC-GP,47,0.176934,42
Tianjin,BF-SAC-GP,BF-SAC-GP,48,0.176934,42
Tianjin,BF-SAC-GP,BF-SAC-GP,49,0.176934,42
Tianjin,BF-SAC-GP,BF-SAC-GP,50,0.176934,42
Tianjin,BF-SAC-GP,BF-SAC-GP,51,0.176934,42
Tianjin,BF-SAC-GP,BF-SAC-GP,52,0.176934,42
Tianjin,BF-SAC-GP,BF-SAC-GP,53,0.176934,42
Tianjin,BF-SAC-GP,BF-SAC-GP,54,0.176934,42
Tianjin,BF-SAC-GP,BF-SAC-GP,55,0.176934,42
Tianjin,BF-SAC-GP,BF-SAC-GP,56,0.176934,42
Tianjin,BF-SAC-GP,BF-SAC-GP,57,0.176934,42
Tianjin,BF-SAC-GP,BF-SAC-GP,58,0.176934,42
Tianjin,BF-SAC-GP,BF-SAC-GP,59,0.176934,42
Tianjin,BF-SAC-GP,BF-SAC-GP,60,0.176934,42
Tianjin,BF-SAC-GP,BF-SAC-GP,61,0.176887,42
Tianjin,BF-SAC-GP,BF-SAC-GP,62,0.176887,42
Tianjin,BF-SAC-GP,BF-SAC-GP,63,0.176887,42
Tianjin,BF-SAC-GP,BF-SAC-GP,64,0.176887,42
Tianjin,BF-SAC-GP,BF-SAC-GP,65,0.176887,42
Tianjin,BF-SAC-GP,BF-SAC-GP,66,0.176887,42
Tianjin,BF-SAC-GP,BF-SAC-GP,67,0.176887,42
Tianjin,BF-SAC-GP,BF-SAC-GP,68,0.176887,42
Tianjin,BF-SAC-GP,BF-SAC-GP,69,0.176887,42
Tianjin,BF-SAC-GP,BF-SAC-GP,70,0.176887,42
Tianjin,BF-SAC-GP,BF-SAC-GP,71,0.176887,42
Tianjin,BF-SAC-GP,BF-SAC-GP,72,0.176887,42
Tianjin,BF-SAC-GP,BF-SAC-GP,73,0.176887,42
Tianjin,BF-SAC-GP,BF-SAC-GP,74,0.176887,42
Tianjin,BF-SAC-GP,BF-SAC-GP,75,0.171738,42
Tianjin,BF-SAC-GP,BF-SAC-GP,76,0.171738,42
Tianjin,BF-SAC-GP,BF-SAC-GP,77,0.171738,42
Tianjin,BF-SAC-GP,BF-SAC-GP,78,0.170262,42
Tianjin,BF-SAC-GP,BF-SAC-GP,79,0.170262,42
Tianjin,BF-SAC-GP,BF-SAC-GP,80,0.170262,42
Tianjin,BF-SAC-GP,BF-SAC-GP,81,0.170262,42
Tianjin,BF-SAC-GP,BF-SAC-GP,82,0.170262,42
Tianjin,BF-SAC-GP,BF-SAC-GP,83,0.170262,42
Tianjin,BF-SAC-GP,BF-SAC-GP,84,0.170262,42
Tianjin,BF-SAC-GP,BF-SAC-GP,85,0.170262,42
Tianjin,BF-SAC-GP,BF-SAC-GP,86,0.170262,42
Tianjin,BF-SAC-GP,BF-SAC-GP,87,0.170262,42
Tianjin,BF-SAC-GP,BF-SAC-GP,88,0.170262,42
Tianjin,BF-SAC-GP,BF-SAC-GP,89,0.170262,42
Tianjin,BF-SAC-GP,BF-SAC-GP,90,0.170262,42
Tianjin,BF-SAC-GP,BF-SAC-GP,91,0.166706,42
Tianjin,BF-SAC-GP,BF-SAC-GP,92,0.166706,42
Tianjin,BF-SAC-GP,BF-SAC-GP,93,0.166706,42
Tianjin,BF-SAC-GP,BF-SAC-GP,94,0.166706,42
Tianjin,BF-SAC-GP,BF-SAC-GP,95,0.166706,42
Tianjin,BF-SAC-GP,BF-SAC-GP,96,0.166706,42
Tianjin,BF-SAC-GP,BF-SAC-GP,97,0.166706,42
Tianjin,BF-SAC-GP,BF-SAC-GP,98,0.166706,42
Tianjin,BF-SAC-GP,BF-SAC-GP,99,0.166706,42
Tianjin,BF-SAC-GP,BF-SAC-GP,100,0.166706,42
Tianjin,BF-SAC-GP,BF-SAC-GP,1,1.429324,101
Tianjin,BF-SAC-GP,BF-SAC-GP,2,1.153872,101
Tianjin,BF-SAC-GP,BF-SAC-GP,3,0.275216,101
Tianjin,BF-SAC-GP,BF-SAC-GP,4,0.275216,101
Tianjin,BF-SAC-GP,BF-SAC-GP,5,0.275216,101
Tianjin,BF-SAC-GP,BF-SAC-GP,6,0.275216,101
Tianjin,BF-SAC-GP,BF-SAC-GP,7,0.275216,101
Tianjin,BF-SAC-GP,BF-SAC-GP,8,0.275216,101
Tianjin,BF-SAC-GP,BF-SAC-GP,9,0.275216,101
Tianjin,BF-SAC-GP,BF-SAC-GP,10,0.275216,101
Tianjin,BF-SAC-GP,BF-SAC-GP,11,0.275216,101
Tianjin,BF-SAC-GP,BF-SAC-GP,12,0.244839,101
Tianjin,BF-SAC-GP,BF-SAC-GP,13,0.244839,101
Tianjin,BF-SAC-GP,BF-SAC-GP,14,0.244839,101
Tianjin,BF-SAC-GP,BF-SAC-GP,15,0.244839,101
Tianjin,BF-SAC-GP,BF-SAC-GP,16,0.244839,101
Tianjin,BF-SAC-GP,BF-SAC-GP,17,0.244839,101
Tianjin,BF-SAC-GP,BF-SAC-GP,18,0.244839,101
Tianjin,BF-SAC-GP,BF-SAC-GP,19,0.244839,101
Tianjin,BF-SAC-GP,BF-SAC-GP,20,0.244839,101
Tianjin,BF-SAC-GP,BF-SAC-GP,21,0.198696,101
Tianjin,BF-SAC-GP,BF-SAC-GP,22,0.198696,101
Tianjin,BF-SAC-GP,BF-SAC-GP,23,0.198696,101
Tianjin,BF-SAC-GP,BF-SAC-GP,24,0.198696,101
Tianjin,BF-SAC-GP,BF-SAC-GP,25,0.198696,101
Tianjin,BF-SAC-GP,BF-SAC-GP,26,0.198696,101
Tianjin,BF-SAC-GP,BF-SAC-GP,27,0.198696,101
Tianjin,BF-SAC-GP,BF-SAC-GP,28,0.198696,101
Tianjin,BF-SAC-GP,BF-SAC-GP,29,0.198696,101
Tianjin,BF-SAC-GP,BF-SAC-GP,30,0.198696,101
Tianjin,BF-SAC-GP,BF-SAC-GP,31,0.198696,101
Tianjin,BF-SAC-GP,BF-SAC-GP,32,0.198696,101
Tianjin,BF-SAC-GP,BF-SAC-GP,33,0.198696,101
Tianjin,BF-SAC-GP,BF-SAC-GP,34,0.198696,101
Tianjin,BF-SAC-GP,BF-SAC-GP,35,0.198696,101
Tianjin,BF-SAC-GP,BF-SAC-GP,36,0.198696,101
Tianjin,BF-SAC-GP,BF-SAC-GP,37,0.198696,101
Tianjin,BF-SAC-GP,BF-SAC-GP,38,0.198696,101
Tianjin,BF-SAC-GP,BF-SAC-GP,39,0.198696,101
Tianjin,BF-SAC-GP,BF-SAC-GP,40,0.198696,101
Tianjin,BF-SAC-GP,BF-SAC-GP,41,0.198696,101
Tianjin,BF-SAC-GP,BF-SAC-GP,42,0.198696,101
Tianjin,BF-SAC-GP,BF-SAC-GP,43,0.198696,101
Tianjin,BF-SAC-GP,BF-SAC-GP,44,0.198696,101
Tianjin,BF-SAC-GP,BF-SAC-GP,45,0.198696,101
Tianjin,BF-SAC-GP,BF-SAC-GP,46,0.198696,101
Tianjin,BF-SAC-GP,BF-SAC-GP,47,0.186192,101
Tianjin,BF-SAC-GP,BF-SAC-GP,48,0.186192,101
Tianjin,BF-SAC-GP,BF-SAC-GP,49,0.186192,101
Tianjin,BF-SAC-GP,BF-SAC-GP,50,0.186192,101
Tianjin,BF-SAC-GP,BF-SAC-GP,51,0.186192,101
Tianjin,BF-SAC-GP,BF-SAC-GP,52,0.186192,101
Tianjin,BF-SAC-GP,BF-SAC-GP,53,0.186192,101
Tianjin,BF-SAC-GP,BF-SAC-GP,54,0.186192,101
Tianjin,BF-SAC-GP,BF-SAC-GP,55,0.186192,101
Tianjin,BF-SAC-GP,BF-SAC-GP,56,0.166514,101
Tianjin,BF-SAC-GP,BF-SAC-GP,57,0.166514,101
Tianjin,BF-SAC-GP,BF-SAC-GP,58,0.165165,101
Tianjin,BF-SAC-GP,BF-SAC-GP,59,0.165165,101
Tianjin,BF-SAC-GP,BF-SAC-GP,60,0.165165,101
Tianjin,BF-SAC-GP,BF-SAC-GP,61,0.165165,101
Tianjin,BF-SAC-GP,BF-SAC-GP,62,0.165165,101
Tianjin,BF-SAC-GP,BF-SAC-GP,63,0.165165,101
Tianjin,BF-SAC-GP,BF-SAC-GP,64,0.165165,101
Tianjin,BF-SAC-GP,BF-SAC-GP,65,0.165165,101
Tianjin,BF-SAC-GP,BF-SAC-GP,66,0.165165,101
Tianjin,BF-SAC-GP,BF-SAC-GP,67,0.165165,101
Tianjin,BF-SAC-GP,BF-SAC-GP,68,0.165165,101
Tianjin,BF-SAC-GP,BF-SAC-GP,69,0.15924,101
Tianjin,BF-SAC-GP,BF-SAC-GP,70,0.15924,101
Tianjin,BF-SAC-GP,BF-SAC-GP,71,0.15924,101
Tianjin,BF-SAC-GP,BF-SAC-GP,72,0.15924,101
Tianjin,BF-SAC-GP,BF-SAC-GP,73,0.15924,101
Tianjin,BF-SAC-GP,BF-SAC-GP,74,0.15924,101
Tianjin,BF-SAC-GP,BF-SAC-GP,75,0.15924,101
Tianjin,BF-SAC-GP,BF-SAC-GP,76,0.15924,101
Tianjin,BF-SAC-GP,BF-SAC-GP,77,0.140456,101
Tianjin,BF-SAC-GP,BF-SAC-GP,78,0.140456,101
Tianjin,BF-SAC-GP,BF-SAC-GP,79,0.140456,101
Tianjin,BF-SAC-GP,BF-SAC-GP,80,0.140456,101
Tianjin,BF-SAC-GP,BF-SAC-GP,81,0.140456,101
Tianjin,BF-SAC-GP,BF-SAC-GP,82,0.140456,101
Tianjin,BF-SAC-GP,BF-SAC-GP,83,0.140456,101
Tianjin,BF-SAC-GP,BF-SAC-GP,84,0.140456,101
Tianjin,BF-SAC-GP,BF-SAC-GP,85,0.140456,101
Tianjin,BF-SAC-GP,BF-SAC-GP,86,0.140456,101
Tianjin,BF-SAC-GP,BF-SAC-GP,87,0.140456,101
Tianjin,BF-SAC-GP,BF-SAC-GP,88,0.140456,101
Tianjin,BF-SAC-GP,BF-SAC-GP,89,0.140456,101
Tianjin,BF-SAC-GP,BF-SAC-GP,90,0.140456,101
Tianjin,BF-SAC-GP,BF-SAC-GP,91,0.140456,101
Tianjin,BF-SAC-GP,BF-SAC-GP,92,0.140456,101
Tianjin,BF-SAC-GP,BF-SAC-GP,93,0.140456,101
Tianjin,BF-SAC-GP,BF-SAC-GP,94,0.140456,101
Tianjin,BF-SAC-GP,BF-SAC-GP,95,0.140456,101
Tianjin,BF-SAC-GP,BF-SAC-GP,96,0.140456,101
Tianjin,BF-SAC-GP,BF-SAC-GP,97,0.140456,101
Tianjin,BF-SAC-GP,BF-SAC-GP,98,0.140456,101
Tianjin,BF-SAC-GP,BF-SAC-GP,99,0.140456,101
Tianjin,BF-SAC-GP,BF-SAC-GP,100,0.140456,101
Tianjin,BF-SAC-GP,BF-SAC-GP,1,0.384106,202
Tianjin,BF-SAC-GP,BF-SAC-GP,2,0.230575,202
Tianjin,BF-SAC-GP,BF-SAC-GP,3,0.230575,202
Tianjin,BF-SAC-GP,BF-SAC-GP,4,0.230575,202
Tianjin,BF-SAC-GP,BF-SAC-GP,5,0.181512,202
Tianjin,BF-SAC-GP,BF-SAC-GP,6,0.181512,202
Tianjin,BF-SAC-GP,BF-SAC-GP,7,0.181512,202
Tianjin,BF-SAC-GP,BF-SAC-GP,8,0.181512,202
Tianjin,BF-SAC-GP,BF-SAC-GP,9,0.181512,202
Tianjin,BF-SAC-GP,BF-SAC-GP,10,0.181512,202
Tianjin,BF-SAC-GP,BF-SAC-GP,11,0.181512,202
Tianjin,BF-SAC-GP,BF-SAC-GP,12,0.181512,202
Tianjin,BF-SAC-GP,BF-SAC-GP,13,0.181512,202
Tianjin,BF-SAC-GP,BF-SAC-GP,14,0.181512,202
Tianjin,BF-SAC-GP,BF-SAC-GP,15,0.181512,202
Tianjin,BF-SAC-GP,BF-SAC-GP,16,0.181512,202
Tianjin,BF-SAC-GP,BF-SAC-GP,17,0.181512,202
Tianjin,BF-SAC-GP,BF-SAC-GP,18,0.181512,202
Tianjin,BF-SAC-GP,BF-SAC-GP,19,0.181512,202
Tianjin,BF-SAC-GP,BF-SAC-GP,20,0.181512,202
Tianjin,BF-SAC-GP,BF-SAC-GP,21,0.181512,202
Tianjin,BF-SAC-GP,BF-SAC-GP,22,0.181512,202
Tianjin,BF-SAC-GP,BF-SAC-GP,23,0.181512,202
Tianjin,BF-SAC-GP,BF-SAC-GP,24,0.181512,202
Tianjin,BF-SAC-GP,BF-SAC-GP,25,0.181512,202
Tianjin,BF-SAC-GP,BF-SAC-GP,26,0.181512,202
Tianjin,BF-SAC-GP,BF-SAC-GP,27,0.181512,202
Tianjin,BF-SAC-GP,BF-SAC-GP,28,0.181512,202
Tianjin,BF-SAC-GP,BF-SAC-GP,29,0.181512,202
Tianjin,BF-SAC-GP,BF-SAC-GP,30,0.181512,202
Tianjin,BF-SAC-GP,BF-SAC-GP,31,0.181512,202
Tianjin,BF-SAC-GP,BF-SAC-GP,32,0.181512,202
Tianjin,BF-SAC-GP,BF-SAC-GP,33,0.181512,202
Tianjin,BF-SAC-GP,BF-SAC-GP,34,0.181512,202
Tianjin,BF-SAC-GP,BF-SAC-GP,35,0.181512,202
Tianjin,BF-SAC-GP,BF-SAC-GP,36,0.181512,202
Tianjin,BF-SAC-GP,BF-SAC-GP,37,0.181512,202
Tianjin,BF-SAC-GP,BF-SAC-GP,38,0.181512,202
Tianjin,BF-SAC-GP,BF-SAC-GP,39,0.181512,202
Tianjin,BF-SAC-GP,BF-SAC-GP,40,0.181512,202
Tianjin,BF-SAC-GP,BF-SAC-GP,41,0.181512,202
Tianjin,BF-SAC-GP,BF-SAC-GP,42,0.181512,202
Tianjin,BF-SAC-GP,BF-SAC-GP,43,0.181512,202
Tianjin,BF-SAC-GP,BF-SAC-GP,44,0.181512,202
Tianjin,BF-SAC-GP,BF-SAC-GP,45,0.181512,202
Tianjin,BF-SAC-GP,BF-SAC-GP,46,0.181512,202
Tianjin,BF-SAC-GP,BF-SAC-GP,47,0.181512,202
Tianjin,BF-SAC-GP,BF-SAC-GP,48,0.181512,202
Tianjin,BF-SAC-GP,BF-SAC-GP,49,0.181512,202
Tianjin,BF-SAC-GP,BF-SAC-GP,50,0.181512,202
Tianjin,BF-SAC-GP,BF-SAC-GP,51,0.181512,202
Tianjin,BF-SAC-GP,BF-SAC-GP,52,0.181512,202
Tianjin,BF-SAC-GP,BF-SAC-GP,53,0.181512,202
Tianjin,BF-SAC-GP,BF-SAC-GP,54,0.181512,202
Tianjin,BF-SAC-GP,BF-SAC-GP,55,0.181512,202
Tianjin,BF-SAC-GP,BF-SAC-GP,56,0.181512,202
Tianjin,BF-SAC-GP,BF-SAC-GP,57,0.181512,202
Tianjin,BF-SAC-GP,BF-SAC-GP,58,0.181512,202
Tianjin,BF-SAC-GP,BF-SAC-GP,59,0.181512,202
Tianjin,BF-SAC-GP,BF-SAC-GP,60,0.181512,202
Tianjin,BF-SAC-GP,BF-SAC-GP,61,0.181512,202
Tianjin,BF-SAC-GP,BF-SAC-GP,62,0.181512,202
Tianjin,BF-SAC-GP,BF-SAC-GP,63,0.181512,202
Tianjin,BF-SAC-GP,BF-SAC-GP,64,0.181512,202
Tianjin,BF-SAC-GP,BF-SAC-GP,65,0.181512,202
Tianjin,BF-SAC-GP,BF-SAC-GP,66,0.181512,202
Tianjin,BF-SAC-GP,BF-SAC-GP,67,0.181512,202
Tianjin,BF-SAC-GP,BF-SAC-GP,68,0.169945,202
Tianjin,BF-SAC-GP,BF-SAC-GP,69,0.16982,202
Tianjin,BF-SAC-GP,BF-SAC-GP,70,0.16982,202
Tianjin,BF-SAC-GP,BF-SAC-GP,71,0.16982,202
Tianjin,BF-SAC-GP,BF-SAC-GP,72,0.147199,202
Tianjin,BF-SAC-GP,BF-SAC-GP,73,0.147199,202
Tianjin,BF-SAC-GP,BF-SAC-GP,74,0.147199,202
Tianjin,BF-SAC-GP,BF-SAC-GP,75,0.147199,202
Tianjin,BF-SAC-GP,BF-SAC-GP,76,0.147199,202
Tianjin,BF-SAC-GP,BF-SAC-GP,77,0.147199,202
Tianjin,BF-SAC-GP,BF-SAC-GP,78,0.147199,202
Tianjin,BF-SAC-GP,BF-SAC-GP,79,0.147199,202
Tianjin,BF-SAC-GP,BF-SAC-GP,80,0.147199,202
Tianjin,BF-SAC-GP,BF-SAC-GP,81,0.147199,202
Tianjin,BF-SAC-GP,BF-SAC-GP,82,0.1419,202
Tianjin,BF-SAC-GP,BF-SAC-GP,83,0.1419,202
Tianjin,BF-SAC-GP,BF-SAC-GP,84,0.1419,202
Tianjin,BF-SAC-GP,BF-SAC-GP,85,0.1419,202
Tianjin,BF-SAC-GP,BF-SAC-GP,86,0.1419,202
Tianjin,BF-SAC-GP,BF-SAC-GP,87,0.1419,202
Tianjin,BF-SAC-GP,BF-SAC-GP,88,0.1419,202
Tianjin,BF-SAC-GP,BF-SAC-GP,89,0.1419,202
Tianjin,BF-SAC-GP,BF-SAC-GP,90,0.1419,202
Tianjin,BF-SAC-GP,BF-SAC-GP,91,0.1419,202
Tianjin,BF-SAC-GP,BF-SAC-GP,92,0.1419,202
Tianjin,BF-SAC-GP,BF-SAC-GP,93,0.1419,202
Tianjin,BF-SAC-GP,BF-SAC-GP,94,0.1419,202
Tianjin,BF-SAC-GP,BF-SAC-GP,95,0.1419,202
Tianjin,BF-SAC-GP,BF-SAC-GP,96,0.1419,202
Tianjin,BF-SAC-GP,BF-SAC-GP,97,0.1419,202
Tianjin,BF-SAC-GP,BF-SAC-GP,98,0.1419,202
Tianjin,BF-SAC-GP,BF-SAC-GP,99,0.1419,202
Tianjin,BF-SAC-GP,BF-SAC-GP,100,0.1419,202
Tianjin,BF-SAC-GP,BF-SAC-GP,1,0.278057,303
Tianjin,BF-SAC-GP,BF-SAC-GP,2,0.278057,303
Tianjin,BF-SAC-GP,BF-SAC-GP,3,0.278057,303
Tianjin,BF-SAC-GP,BF-SAC-GP,4,0.278057,303
Tianjin,BF-SAC-GP,BF-SAC-GP,5,0.278057,303
Tianjin,BF-SAC-GP,BF-SAC-GP,6,0.278057,303
Tianjin,BF-SAC-GP,BF-SAC-GP,7,0.278057,303
Tianjin,BF-SAC-GP,BF-SAC-GP,8,0.278057,303
Tianjin,BF-SAC-GP,BF-SAC-GP,9,0.278057,303
Tianjin,BF-SAC-GP,BF-SAC-GP,10,0.216547,303
Tianjin,BF-SAC-GP,BF-SAC-GP,11,0.216547,303
Tianjin,BF-SAC-GP,BF-SAC-GP,12,0.216547,303
Tianjin,BF-SAC-GP,BF-SAC-GP,13,0.216547,303
Tianjin,BF-SAC-GP,BF-SAC-GP,14,0.216547,303
Tianjin,BF-SAC-GP,BF-SAC-GP,15,0.216547,303
Tianjin,BF-SAC-GP,BF-SAC-GP,16,0.216547,303
Tianjin,BF-SAC-GP,BF-SAC-GP,17,0.216547,303
Tianjin,BF-SAC-GP,BF-SAC-GP,18,0.216547,303
Tianjin,BF-SAC-GP,BF-SAC-GP,19,0.216547,303
Tianjin,BF-SAC-GP,BF-SAC-GP,20,0.216547,303
Tianjin,BF-SAC-GP,BF-SAC-GP,21,0.216547,303
Tianjin,BF-SAC-GP,BF-SAC-GP,22,0.216547,303
Tianjin,BF-SAC-GP,BF-SAC-GP,23,0.200879,303
Tianjin,BF-SAC-GP,BF-SAC-GP,24,0.182388,303
Tianjin,BF-SAC-GP,BF-SAC-GP,25,0.182388,303
Tianjin,BF-SAC-GP,BF-SAC-GP,26,0.182388,303
Tianjin,BF-SAC-GP,BF-SAC-GP,27,0.182388,303
Tianjin,BF-SAC-GP,BF-SAC-GP,28,0.182388,303
Tianjin,BF-SAC-GP,BF-SAC-GP,29,0.182388,303
Tianjin,BF-SAC-GP,BF-SAC-GP,30,0.182388,303
Tianjin,BF-SAC-GP,BF-SAC-GP,31,0.182388,303
Tianjin,BF-SAC-GP,BF-SAC-GP,32,0.182388,303
Tianjin,BF-SAC-GP,BF-SAC-GP,33,0.182388,303
Tianjin,BF-SAC-GP,BF-SAC-GP,34,0.182388,303
Tianjin,BF-SAC-GP,BF-SAC-GP,35,0.182388,303
Tianjin,BF-SAC-GP,BF-SAC-GP,36,0.182388,303
Tianjin,BF-SAC-GP,BF-SAC-GP,37,0.182388,303
Tianjin,BF-SAC-GP,BF-SAC-GP,38,0.182388,303
Tianjin,BF-SAC-GP,BF-SAC-GP,39,0.182388,303
Tianjin,BF-SAC-GP,BF-SAC-GP,40,0.182388,303
Tianjin,BF-SAC-GP,BF-SAC-GP,41,0.182388,303
Tianjin,BF-SAC-GP,BF-SAC-GP,42,0.182388,303
Tianjin,BF-SAC-GP,BF-SAC-GP,43,0.182388,303
Tianjin,BF-SAC-GP,BF-SAC-GP,44,0.182388,303
Tianjin,BF-SAC-GP,BF-SAC-GP,45,0.182388,303
Tianjin,BF-SAC-GP,BF-SAC-GP,46,0.182388,303
Tianjin,BF-SAC-GP,BF-SAC-GP,47,0.182388,303
Tianjin,BF-SAC-GP,BF-SAC-GP,48,0.182388,303
Tianjin,BF-SAC-GP,BF-SAC-GP,49,0.182388,303
Tianjin,BF-SAC-GP,BF-SAC-GP,50,0.182388,303
Tianjin,BF-SAC-GP,BF-SAC-GP,51,0.182388,303
Tianjin,BF-SAC-GP,BF-SAC-GP,52,0.182388,303
Tianjin,BF-SAC-GP,BF-SAC-GP,53,0.182388,303
Tianjin,BF-SAC-GP,BF-SAC-GP,54,0.182388,303
Tianjin,BF-SAC-GP,BF-SAC-GP,55,0.182388,303
Tianjin,BF-SAC-GP,BF-SAC-GP,56,0.182388,303
Tianjin,BF-SAC-GP,BF-SAC-GP,57,0.182388,303
Tianjin,BF-SAC-GP,BF-SAC-GP,58,0.182388,303
Tianjin,BF-SAC-GP,BF-SAC-GP,59,0.182388,303
Tianjin,BF-SAC-GP,BF-SAC-GP,60,0.182388,303
Tianjin,BF-SAC-GP,BF-SAC-GP,61,0.182388,303
Tianjin,BF-SAC-GP,BF-SAC-GP,62,0.182388,303
Tianjin,BF-SAC-GP,BF-SAC-GP,63,0.182388,303
Tianjin,BF-SAC-GP,BF-SAC-GP,64,0.182388,303
Tianjin,BF-SAC-GP,BF-SAC-GP,65,0.182388,303
Tianjin,BF-SAC-GP,BF-SAC-GP,66,0.182388,303
Tianjin,BF-SAC-GP,BF-SAC-GP,67,0.182388,303
Tianjin,BF-SAC-GP,BF-SAC-GP,68,0.182388,303
Tianjin,BF-SAC-GP,BF-SAC-GP,69,0.177118,303
Tianjin,BF-SAC-GP,BF-SAC-GP,70,0.164869,303
Tianjin,BF-SAC-GP,BF-SAC-GP,71,0.164869,303
Tianjin,BF-SAC-GP,BF-SAC-GP,72,0.164869,303
Tianjin,BF-SAC-GP,BF-SAC-GP,73,0.164869,303
Tianjin,BF-SAC-GP,BF-SAC-GP,74,0.164869,303
Tianjin,BF-SAC-GP,BF-SAC-GP,75,0.164869,303
Tianjin,BF-SAC-GP,BF-SAC-GP,76,0.164869,303
Tianjin,BF-SAC-GP,BF-SAC-GP,77,0.164869,303
Tianjin,BF-SAC-GP,BF-SAC-GP,78,0.154644,303
Tianjin,BF-SAC-GP,BF-SAC-GP,79,0.141461,303
Tianjin,BF-SAC-GP,BF-SAC-GP,80,0.141461,303
Tianjin,BF-SAC-GP,BF-SAC-GP,81,0.141461,303
Tianjin,BF-SAC-GP,BF-SAC-GP,82,0.141461,303
Tianjin,BF-SAC-GP,BF-SAC-GP,83,0.141461,303
Tianjin,BF-SAC-GP,BF-SAC-GP,84,0.141461,303
Tianjin,BF-SAC-GP,BF-SAC-GP,85,0.141461,303
Tianjin,BF-SAC-GP,BF-SAC-GP,86,0.141461,303
Tianjin,BF-SAC-GP,BF-SAC-GP,87,0.141461,303
Tianjin,BF-SAC-GP,BF-SAC-GP,88,0.141461,303
Tianjin,BF-SAC-GP,BF-SAC-GP,89,0.141461,303
Tianjin,BF-SAC-GP,BF-SAC-GP,90,0.141461,303
Tianjin,BF-SAC-GP,BF-SAC-GP,91,0.141461,303
Tianjin,BF-SAC-GP,BF-SAC-GP,92,0.141461,303
Tianjin,BF-SAC-GP,BF-SAC-GP,93,0.141461,303
Tianjin,BF-SAC-GP,BF-SAC-GP,94,0.141461,303
Tianjin,BF-SAC-GP,BF-SAC-GP,95,0.141461,303
Tianjin,BF-SAC-GP,BF-SAC-GP,96,0.141461,303
Tianjin,BF-SAC-GP,BF-SAC-GP,97,0.141461,303
Tianjin,BF-SAC-GP,BF-SAC-GP,98,0.141461,303
Tianjin,BF-SAC-GP,BF-SAC-GP,99,0.141461,303
Tianjin,BF-SAC-GP,BF-SAC-GP,100,0.141461,303
Tianjin,BF-SAC-GP,BF-SAC-GP,1,0.882459,404
Tianjin,BF-SAC-GP,BF-SAC-GP,2,0.819167,404
Tianjin,BF-SAC-GP,BF-SAC-GP,3,0.527319,404
Tianjin,BF-SAC-GP,BF-SAC-GP,4,0.527319,404
Tianjin,BF-SAC-GP,BF-SAC-GP,5,0.527319,404
Tianjin,BF-SAC-GP,BF-SAC-GP,6,0.527319,404
Tianjin,BF-SAC-GP,BF-SAC-GP,7,0.527319,404
Tianjin,BF-SAC-GP,BF-SAC-GP,8,0.527319,404
Tianjin,BF-SAC-GP,BF-SAC-GP,9,0.527319,404
Tianjin,BF-SAC-GP,BF-SAC-GP,10,0.527319,404
Tianjin,BF-SAC-GP,BF-SAC-GP,11,0.527319,404
Tianjin,BF-SAC-GP,BF-SAC-GP,12,0.527319,404
Tianjin,BF-SAC-GP,BF-SAC-GP,13,0.388831,404
Tianjin,BF-SAC-GP,BF-SAC-GP,14,0.388831,404
Tianjin,BF-SAC-GP,BF-SAC-GP,15,0.388831,404
Tianjin,BF-SAC-GP,BF-SAC-GP,16,0.388831,404
Tianjin,BF-SAC-GP,BF-SAC-GP,17,0.264404,404
Tianjin,BF-SAC-GP,BF-SAC-GP,18,0.264404,404
Tianjin,BF-SAC-GP,BF-SAC-GP,19,0.264404,404
Tianjin,BF-SAC-GP,BF-SAC-GP,20,0.264404,404
Tianjin,BF-SAC-GP,BF-SAC-GP,21,0.255203,404
Tianjin,BF-SAC-GP,BF-SAC-GP,22,0.255203,404
Tianjin,BF-SAC-GP,BF-SAC-GP,23,0.224798,404
Tianjin,BF-SAC-GP,BF-SAC-GP,24,0.224798,404
Tianjin,BF-SAC-GP,BF-SAC-GP,25,0.224798,404
Tianjin,BF-SAC-GP,BF-SAC-GP,26,0.224798,404
Tianjin,BF-SAC-GP,BF-SAC-GP,27,0.224798,404
Tianjin,BF-SAC-GP,BF-SAC-GP,28,0.224798,404
Tianjin,BF-SAC-GP,BF-SAC-GP,29,0.224798,404
Tianjin,BF-SAC-GP,BF-SAC-GP,30,0.224798,404
Tianjin,BF-SAC-GP,BF-SAC-GP,31,0.224798,404
Tianjin,BF-SAC-GP,BF-SAC-GP,32,0.224798,404
Tianjin,BF-SAC-GP,BF-SAC-GP,33,0.224798,404
Tianjin,BF-SAC-GP,BF-SAC-GP,34,0.224798,404
Tianjin,BF-SAC-GP,BF-SAC-GP,35,0.224798,404
Tianjin,BF-SAC-GP,BF-SAC-GP,36,0.224798,404
Tianjin,BF-SAC-GP,BF-SAC-GP,37,0.224798,404
Tianjin,BF-SAC-GP,BF-SAC-GP,38,0.224798,404
Tianjin,BF-SAC-GP,BF-SAC-GP,39,0.224798,404
Tianjin,BF-SAC-GP,BF-SAC-GP,40,0.224798,404
Tianjin,BF-SAC-GP,BF-SAC-GP,41,0.224798,404
Tianjin,BF-SAC-GP,BF-SAC-GP,42,0.224798,404
Tianjin,BF-SAC-GP,BF-SAC-GP,43,0.224798,404
Tianjin,BF-SAC-GP,BF-SAC-GP,44,0.224798,404
Tianjin,BF-SAC-GP,BF-SAC-GP,45,0.224798,404
Tianjin,BF-SAC-GP,BF-SAC-GP,46,0.224798,404
Tianjin,BF-SAC-GP,BF-SAC-GP,47,0.198342,404
Tianjin,BF-SAC-GP,BF-SAC-GP,48,0.198342,404
Tianjin,BF-SAC-GP,BF-SAC-GP,49,0.198342,404
Tianjin,BF-SAC-GP,BF-SAC-GP,50,0.198342,404
Tianjin,BF-SAC-GP,BF-SAC-GP,51,0.198342,404
Tianjin,BF-SAC-GP,BF-SAC-GP,52,0.198342,404
Tianjin,BF-SAC-GP,BF-SAC-GP,53,0.198342,404
Tianjin,BF-SAC-GP,BF-SAC-GP,54,0.198342,404
Tianjin,BF-SAC-GP,BF-SAC-GP,55,0.198342,404
Tianjin,BF-SAC-GP,BF-SAC-GP,56,0.198342,404
Tianjin,BF-SAC-GP,BF-SAC-GP,57,0.198342,404
Tianjin,BF-SAC-GP,BF-SAC-GP,58,0.198342,404
Tianjin,BF-SAC-GP,BF-SAC-GP,59,0.198342,404
Tianjin,BF-SAC-GP,BF-SAC-GP,60,0.172572,404
Tianjin,BF-SAC-GP,BF-SAC-GP,61,0.172572,404
Tianjin,BF-SAC-GP,BF-SAC-GP,62,0.172572,404
Tianjin,BF-SAC-GP,BF-SAC-GP,63,0.172572,404
Tianjin,BF-SAC-GP,BF-SAC-GP,64,0.172572,404
Tianjin,BF-SAC-GP,BF-SAC-GP,65,0.172572,404
Tianjin,BF-SAC-GP,BF-SAC-GP,66,0.172572,404
Tianjin,BF-SAC-GP,BF-SAC-GP,67,0.172572,404
Tianjin,BF-SAC-GP,BF-SAC-GP,68,0.172572,404
Tianjin,BF-SAC-GP,BF-SAC-GP,69,0.172572,404
Tianjin,BF-SAC-GP,BF-SAC-GP,70,0.172572,404
Tianjin,BF-SAC-GP,BF-SAC-GP,71,0.172572,404
Tianjin,BF-SAC-GP,BF-SAC-GP,72,0.172572,404
Tianjin,BF-SAC-GP,BF-SAC-GP,73,0.172572,404
Tianjin,BF-SAC-GP,BF-SAC-GP,74,0.172572,404
Tianjin,BF-SAC-GP,BF-SAC-GP,75,0.172572,404
Tianjin,BF-SAC-GP,BF-SAC-GP,76,0.172182,404
Tianjin,BF-SAC-GP,BF-SAC-GP,77,0.172182,404
Tianjin,BF-SAC-GP,BF-SAC-GP,78,0.172182,404
Tianjin,BF-SAC-GP,BF-SAC-GP,79,0.172182,404
Tianjin,BF-SAC-GP,BF-SAC-GP,80,0.172182,404
Tianjin,BF-SAC-GP,BF-SAC-GP,81,0.172182,404
Tianjin,BF-SAC-GP,BF-SAC-GP,82,0.172182,404
Tianjin,BF-SAC-GP,BF-SAC-GP,83,0.172182,404
Tianjin,BF-SAC-GP,BF-SAC-GP,84,0.172182,404
Tianjin,BF-SAC-GP,BF-SAC-GP,85,0.172182,404
Tianjin,BF-SAC-GP,BF-SAC-GP,86,0.172182,404
Tianjin,BF-SAC-GP,BF-SAC-GP,87,0.172182,404
Tianjin,BF-SAC-GP,BF-SAC-GP,88,0.172182,404
Tianjin,BF-SAC-GP,BF-SAC-GP,89,0.172182,404
Tianjin,BF-SAC-GP,BF-SAC-GP,90,0.172182,404
Tianjin,BF-SAC-GP,BF-SAC-GP,91,0.172182,404
Tianjin,BF-SAC-GP,BF-SAC-GP,92,0.172182,404
Tianjin,BF-SAC-GP,BF-SAC-GP,93,0.172182,404
Tianjin,BF-SAC-GP,BF-SAC-GP,94,0.172182,404
Tianjin,BF-SAC-GP,BF-SAC-GP,95,0.172182,404
Tianjin,BF-SAC-GP,BF-SAC-GP,96,0.172182,404
Tianjin,BF-SAC-GP,BF-SAC-GP,97,0.172182,404
Tianjin,BF-SAC-GP,BF-SAC-GP,98,0.172182,404
Tianjin,BF-SAC-GP,BF-SAC-GP,99,0.172182,404
Tianjin,BF-SAC-GP,BF-SAC-GP,100,0.172182,404
Tianjin,BF-SAC-MLP,BF-SAC-MLP,1,0.309921,42
Tianjin,BF-SAC-MLP,BF-SAC-MLP,2,0.309921,42
Tianjin,BF-SAC-MLP,BF-SAC-MLP,3,0.309921,42
Tianjin,BF-SAC-MLP,BF-SAC-MLP,4,0.309921,42
Tianjin,BF-SAC-MLP,BF-SAC-MLP,5,0.223087,42
Tianjin,BF-SAC-MLP,BF-SAC-MLP,6,0.223087,42
Tianjin,BF-SAC-MLP,BF-SAC-MLP,7,0.223087,42
Tianjin,BF-SAC-MLP,BF-SAC-MLP,8,0.223087,42
Tianjin,BF-SAC-MLP,BF-SAC-MLP,9,0.223087,42
Tianjin,BF-SAC-MLP,BF-SAC-MLP,10,0.223087,42
Tianjin,BF-SAC-MLP,BF-SAC-MLP,11,0.219786,42
Tianjin,BF-SAC-MLP,BF-SAC-MLP,12,0.219786,42
Tianjin,BF-SAC-MLP,BF-SAC-MLP,13,0.219786,42
Tianjin,BF-SAC-MLP,BF-SAC-MLP,14,0.219786,42
Tianjin,BF-SAC-MLP,BF-SAC-MLP,15,0.219786,42
Tianjin,BF-SAC-MLP,BF-SAC-MLP,16,0.219786,42
Tianjin,BF-SAC-MLP,BF-SAC-MLP,17,0.219786,42
Tianjin,BF-SAC-MLP,BF-SAC-MLP,18,0.219786,42
Tianjin,BF-SAC-MLP,BF-SAC-MLP,19,0.219786,42
Tianjin,BF-SAC-MLP,BF-SAC-MLP,20,0.219786,42
Tianjin,BF-SAC-MLP,BF-SAC-MLP,21,0.219786,42
Tianjin,BF-SAC-MLP,BF-SAC-MLP,22,0.219786,42
Tianjin,BF-SAC-MLP,BF-SAC-MLP,23,0.219786,42
Tianjin,BF-SAC-MLP,BF-SAC-MLP,24,0.209895,42
Tianjin,BF-SAC-MLP,BF-SAC-MLP,25,0.209895,42
Tianjin,BF-SAC-MLP,BF-SAC-MLP,26,0.209895,42
Tianjin,BF-SAC-MLP,BF-SAC-MLP,27,0.209895,42
Tianjin,BF-SAC-MLP,BF-SAC-MLP,28,0.209895,42
Tianjin,BF-SAC-MLP,BF-SAC-MLP,29,0.209895,42
Tianjin,BF-SAC-MLP,BF-SAC-MLP,30,0.209895,42
Tianjin,BF-SAC-MLP,BF-SAC-MLP,31,0.209895,42
Tianjin,BF-SAC-MLP,BF-SAC-MLP,32,0.209895,42
Tianjin,BF-SAC-MLP,BF-SAC-MLP,33,0.209895,42
Tianjin,BF-SAC-MLP,BF-SAC-MLP,34,0.209895,42
Tianjin,BF-SAC-MLP,BF-SAC-MLP,35,0.209895,42
Tianjin,BF-SAC-MLP,BF-SAC-MLP,36,0.209895,42
Tianjin,BF-SAC-MLP,BF-SAC-MLP,37,0.209895,42
Tianjin,BF-SAC-MLP,BF-SAC-MLP,38,0.209895,42
Tianjin,BF-SAC-MLP,BF-SAC-MLP,39,0.209895,42
Tianjin,BF-SAC-MLP,BF-SAC-MLP,40,0.209895,42
Tianjin,BF-SAC-MLP,BF-SAC-MLP,41,0.209895,42
Tianjin,BF-SAC-MLP,BF-SAC-MLP,42,0.205091,42
Tianjin,BF-SAC-MLP,BF-SAC-MLP,43,0.205091,42
Tianjin,BF-SAC-MLP,BF-SAC-MLP,44,0.205091,42
Tianjin,BF-SAC-MLP,BF-SAC-MLP,45,0.205091,42
Tianjin,BF-SAC-MLP,BF-SAC-MLP,46,0.18744,42
Tianjin,BF-SAC-MLP,BF-SAC-MLP,47,0.18744,42
Tianjin,BF-SAC-MLP,BF-SAC-MLP,48,0.18744,42
Tianjin,BF-SAC-MLP,BF-SAC-MLP,49,0.18744,42
Tianjin,BF-SAC-MLP,BF-SAC-MLP,50,0.18744,42
Tianjin,BF-SAC-MLP,BF-SAC-MLP,51,0.18744,42
Tianjin,BF-SAC-MLP,BF-SAC-MLP,52,0.18744,42
Tianjin,BF-SAC-MLP,BF-SAC-MLP,53,0.18744,42
Tianjin,BF-SAC-MLP,BF-SAC-MLP,54,0.18744,42
Tianjin,BF-SAC-MLP,BF-SAC-MLP,55,0.18744,42
Tianjin,BF-SAC-MLP,BF-SAC-MLP,56,0.18744,42
Tianjin,BF-SAC-MLP,BF-SAC-MLP,57,0.18744,42
Tianjin,BF-SAC-MLP,BF-SAC-MLP,58,0.18744,42
Tianjin,BF-SAC-MLP,BF-SAC-MLP,59,0.18744,42
Tianjin,BF-SAC-MLP,BF-SAC-MLP,60,0.18744,42
Tianjin,BF-SAC-MLP,BF-SAC-MLP,61,0.18744,42
Tianjin,BF-SAC-MLP,BF-SAC-MLP,62,0.18744,42
Tianjin,BF-SAC-MLP,BF-SAC-MLP,63,0.18744,42
Tianjin,BF-SAC-MLP,BF-SAC-MLP,64,0.18744,42
Tianjin,BF-SAC-MLP,BF-SAC-MLP,65,0.18744,42
Tianjin,BF-SAC-MLP,BF-SAC-MLP,66,0.18744,42
Tianjin,BF-SAC-MLP,BF-SAC-MLP,67,0.18744,42
Tianjin,BF-SAC-MLP,BF-SAC-MLP,68,0.18744,42
Tianjin,BF-SAC-MLP,BF-SAC-MLP,69,0.18744,42
Tianjin,BF-SAC-MLP,BF-SAC-MLP,70,0.18744,42
Tianjin,BF-SAC-MLP,BF-SAC-MLP,71,0.18744,42
Tianjin,BF-SAC-MLP,BF-SAC-MLP,72,0.18744,42
Tianjin,BF-SAC-MLP,BF-SAC-MLP,73,0.18744,42
Tianjin,BF-SAC-MLP,BF-SAC-MLP,74,0.18744,42
Tianjin,BF-SAC-MLP,BF-SAC-MLP,75,0.18744,42
Tianjin,BF-SAC-MLP,BF-SAC-MLP,76,0.18744,42
Tianjin,BF-SAC-MLP,BF-SAC-MLP,77,0.18744,42
Tianjin,BF-SAC-MLP,BF-SAC-MLP,78,0.18744,42
Tianjin,BF-SAC-MLP,BF-SAC-MLP,79,0.18744,42
Tianjin,BF-SAC-MLP,BF-SAC-MLP,80,0.18744,42
Tianjin,BF-SAC-MLP,BF-SAC-MLP,81,0.18744,42
Tianjin,BF-SAC-MLP,BF-SAC-MLP,82,0.18744,42
Tianjin,BF-SAC-MLP,BF-SAC-MLP,83,0.18744,42
Tianjin,BF-SAC-MLP,BF-SAC-MLP,84,0.18744,42
Tianjin,BF-SAC-MLP,BF-SAC-MLP,85,0.18744,42
Tianjin,BF-SAC-MLP,BF-SAC-MLP,86,0.18744,42
Tianjin,BF-SAC-MLP,BF-SAC-MLP,87,0.18744,42
Tianjin,BF-SAC-MLP,BF-SAC-MLP,88,0.18744,42
Tianjin,BF-SAC-MLP,BF-SAC-MLP,89,0.18744,42
Tianjin,BF-SAC-MLP,BF-SAC-MLP,90,0.174124,42
Tianjin,BF-SAC-MLP,BF-SAC-MLP,91,0.174124,42
Tianjin,BF-SAC-MLP,BF-SAC-MLP,92,0.174124,42
Tianjin,BF-SAC-MLP,BF-SAC-MLP,93,0.174124,42
Tianjin,BF-SAC-MLP,BF-SAC-MLP,94,0.174124,42
Tianjin,BF-SAC-MLP,BF-SAC-MLP,95,0.174124,42
Tianjin,BF-SAC-MLP,BF-SAC-MLP,96,0.174124,42
Tianjin,BF-SAC-MLP,BF-SAC-MLP,97,0.174124,42
Tianjin,BF-SAC-MLP,BF-SAC-MLP,98,0.174124,42
Tianjin,BF-SAC-MLP,BF-SAC-MLP,99,0.174124,42
Tianjin,BF-SAC-MLP,BF-SAC-MLP,100,0.174124,42
Tianjin,BF-SAC-MLP,BF-SAC-MLP,1,1.413343,101
Tianjin,BF-SAC-MLP,BF-SAC-MLP,2,1.107961,101
Tianjin,BF-SAC-MLP,BF-SAC-MLP,3,0.292525,101
Tianjin,BF-SAC-MLP,BF-SAC-MLP,4,0.292525,101
Tianjin,BF-SAC-MLP,BF-SAC-MLP,5,0.292525,101
Tianjin,BF-SAC-MLP,BF-SAC-MLP,6,0.292525,101
Tianjin,BF-SAC-MLP,BF-SAC-MLP,7,0.292525,101
Tianjin,BF-SAC-MLP,BF-SAC-MLP,8,0.292525,101
Tianjin,BF-SAC-MLP,BF-SAC-MLP,9,0.292525,101
Tianjin,BF-SAC-MLP,BF-SAC-MLP,10,0.291197,101
Tianjin,BF-SAC-MLP,BF-SAC-MLP,11,0.291197,101
Tianjin,BF-SAC-MLP,BF-SAC-MLP,12,0.267072,101
Tianjin,BF-SAC-MLP,BF-SAC-MLP,13,0.267072,101
Tianjin,BF-SAC-MLP,BF-SAC-MLP,14,0.267072,101
Tianjin,BF-SAC-MLP,BF-SAC-MLP,15,0.267072,101
Tianjin,BF-SAC-MLP,BF-SAC-MLP,16,0.21524,101
Tianjin,BF-SAC-MLP,BF-SAC-MLP,17,0.21524,101
Tianjin,BF-SAC-MLP,BF-SAC-MLP,18,0.21524,101
Tianjin,BF-SAC-MLP,BF-SAC-MLP,19,0.21524,101
Tianjin,BF-SAC-MLP,BF-SAC-MLP,20,0.21524,101
Tianjin,BF-SAC-MLP,BF-SAC-MLP,21,0.164276,101
Tianjin,BF-SAC-MLP,BF-SAC-MLP,22,0.164276,101
Tianjin,BF-SAC-MLP,BF-SAC-MLP,23,0.164276,101
Tianjin,BF-SAC-MLP,BF-SAC-MLP,24,0.164276,101
Tianjin,BF-SAC-MLP,BF-SAC-MLP,25,0.164276,101
Tianjin,BF-SAC-MLP,BF-SAC-MLP,26,0.164276,101
Tianjin,BF-SAC-MLP,BF-SAC-MLP,27,0.164276,101
Tianjin,BF-SAC-MLP,BF-SAC-MLP,28,0.164276,101
Tianjin,BF-SAC-MLP,BF-SAC-MLP,29,0.164276,101
Tianjin,BF-SAC-MLP,BF-SAC-MLP,30,0.164276,101
Tianjin,BF-SAC-MLP,BF-SAC-MLP,31,0.164276,101
Tianjin,BF-SAC-MLP,BF-SAC-MLP,32,0.164276,101
Tianjin,BF-SAC-MLP,BF-SAC-MLP,33,0.164276,101
Tianjin,BF-SAC-MLP,BF-SAC-MLP,34,0.164276,101
Tianjin,BF-SAC-MLP,BF-SAC-MLP,35,0.164276,101
Tianjin,BF-SAC-MLP,BF-SAC-MLP,36,0.164276,101
Tianjin,BF-SAC-MLP,BF-SAC-MLP,37,0.164276,101
Tianjin,BF-SAC-MLP,BF-SAC-MLP,38,0.164276,101
Tianjin,BF-SAC-MLP,BF-SAC-MLP,39,0.164276,101
Tianjin,BF-SAC-MLP,BF-SAC-MLP,40,0.164276,101
Tianjin,BF-SAC-MLP,BF-SAC-MLP,41,0.164276,101
Tianjin,BF-SAC-MLP,BF-SAC-MLP,42,0.164276,101
Tianjin,BF-SAC-MLP,BF-SAC-MLP,43,0.164276,101
Tianjin,BF-SAC-MLP,BF-SAC-MLP,44,0.164276,101
Tianjin,BF-SAC-MLP,BF-SAC-MLP,45,0.164276,101
Tianjin,BF-SAC-MLP,BF-SAC-MLP,46,0.164276,101
Tianjin,BF-SAC-MLP,BF-SAC-MLP,47,0.164276,101
Tianjin,BF-SAC-MLP,BF-SAC-MLP,48,0.164276,101
Tianjin,BF-SAC-MLP,BF-SAC-MLP,49,0.164276,101
Tianjin,BF-SAC-MLP,BF-SAC-MLP,50,0.164276,101
Tianjin,BF-SAC-MLP,BF-SAC-MLP,51,0.164276,101
Tianjin,BF-SAC-MLP,BF-SAC-MLP,52,0.164276,101
Tianjin,BF-SAC-MLP,BF-SAC-MLP,53,0.164276,101
Tianjin,BF-SAC-MLP,BF-SAC-MLP,54,0.164276,101
Tianjin,BF-SAC-MLP,BF-SAC-MLP,55,0.164276,101
Tianjin,BF-SAC-MLP,BF-SAC-MLP,56,0.164276,101
Tianjin,BF-SAC-MLP,BF-SAC-MLP,57,0.164276,101
Tianjin,BF-SAC-MLP,BF-SAC-MLP,58,0.164276,101
Tianjin,BF-SAC-MLP,BF-SAC-MLP,59,0.164276,101
Tianjin,BF-SAC-MLP,BF-SAC-MLP,60,0.164276,101
Tianjin,BF-SAC-MLP,BF-SAC-MLP,61,0.164276,101
Tianjin,BF-SAC-MLP,BF-SAC-MLP,62,0.164276,101
Tianjin,BF-SAC-MLP,BF-SAC-MLP,63,0.164276,101
Tianjin,BF-SAC-MLP,BF-SAC-MLP,64,0.164276,101
Tianjin,BF-SAC-MLP,BF-SAC-MLP,65,0.164276,101
Tianjin,BF-SAC-MLP,BF-SAC-MLP,66,0.164276,101
Tianjin,BF-SAC-MLP,BF-SAC-MLP,67,0.164276,101
Tianjin,BF-SAC-MLP,BF-SAC-MLP,68,0.164276,101
Tianjin,BF-SAC-MLP,BF-SAC-MLP,69,0.164276,101
Tianjin,BF-SAC-MLP,BF-SAC-MLP,70,0.164276,101
Tianjin,BF-SAC-MLP,BF-SAC-MLP,71,0.164276,101
Tianjin,BF-SAC-MLP,BF-SAC-MLP,72,0.164276,101
Tianjin,BF-SAC-MLP,BF-SAC-MLP,73,0.164276,101
Tianjin,BF-SAC-MLP,BF-SAC-MLP,74,0.164276,101
Tianjin,BF-SAC-MLP,BF-SAC-MLP,75,0.164276,101
Tianjin,BF-SAC-MLP,BF-SAC-MLP,76,0.164276,101
Tianjin,BF-SAC-MLP,BF-SAC-MLP,77,0.164276,101
Tianjin,BF-SAC-MLP,BF-SAC-MLP,78,0.164276,101
Tianjin,BF-SAC-MLP,BF-SAC-MLP,79,0.164276,101
Tianjin,BF-SAC-MLP,BF-SAC-MLP,80,0.164276,101
Tianjin,BF-SAC-MLP,BF-SAC-MLP,81,0.164276,101
Tianjin,BF-SAC-MLP,BF-SAC-MLP,82,0.164276,101
Tianjin,BF-SAC-MLP,BF-SAC-MLP,83,0.164276,101
Tianjin,BF-SAC-MLP,BF-SAC-MLP,84,0.164276,101
Tianjin,BF-SAC-MLP,BF-SAC-MLP,85,0.164276,101
Tianjin,BF-SAC-MLP,BF-SAC-MLP,86,0.164276,101
Tianjin,BF-SAC-MLP,BF-SAC-MLP,87,0.164276,101
Tianjin,BF-SAC-MLP,BF-SAC-MLP,88,0.164276,101
Tianjin,BF-SAC-MLP,BF-SAC-MLP,89,0.164276,101
Tianjin,BF-SAC-MLP,BF-SAC-MLP,90,0.164276,101
Tianjin,BF-SAC-MLP,BF-SAC-MLP,91,0.164276,101
Tianjin,BF-SAC-MLP,BF-SAC-MLP,92,0.164276,101
Tianjin,BF-SAC-MLP,BF-SAC-MLP,93,0.164276,101
Tianjin,BF-SAC-MLP,BF-SAC-MLP,94,0.164276,101
Tianjin,BF-SAC-MLP,BF-SAC-MLP,95,0.164276,101
Tianjin,BF-SAC-MLP,BF-SAC-MLP,96,0.148443,101
Tianjin,BF-SAC-MLP,BF-SAC-MLP,97,0.148443,101
Tianjin,BF-SAC-MLP,BF-SAC-MLP,98,0.148443,101
Tianjin,BF-SAC-MLP,BF-SAC-MLP,99,0.148443,101
Tianjin,BF-SAC-MLP,BF-SAC-MLP,100,0.148443,101
Tianjin,BF-SAC-MLP,BF-SAC-MLP,1,0.454969,202
Tianjin,BF-SAC-MLP,BF-SAC-MLP,2,0.222625,202
Tianjin,BF-SAC-MLP,BF-SAC-MLP,3,0.222625,202
Tianjin,BF-SAC-MLP,BF-SAC-MLP,4,0.222625,202
Tianjin,BF-SAC-MLP,BF-SAC-MLP,5,0.208315,202
Tianjin,BF-SAC-MLP,BF-SAC-MLP,6,0.208315,202
Tianjin,BF-SAC-MLP,BF-SAC-MLP,7,0.208315,202
Tianjin,BF-SAC-MLP,BF-SAC-MLP,8,0.208315,202
Tianjin,BF-SAC-MLP,BF-SAC-MLP,9,0.208315,202
Tianjin,BF-SAC-MLP,BF-SAC-MLP,10,0.208315,202
Tianjin,BF-SAC-MLP,BF-SAC-MLP,11,0.208315,202
Tianjin,BF-SAC-MLP,BF-SAC-MLP,12,0.208315,202
Tianjin,BF-SAC-MLP,BF-SAC-MLP,13,0.208315,202
Tianjin,BF-SAC-MLP,BF-SAC-MLP,14,0.208315,202
Tianjin,BF-SAC-MLP,BF-SAC-MLP,15,0.208315,202
Tianjin,BF-SAC-MLP,BF-SAC-MLP,16,0.208315,202
Tianjin,BF-SAC-MLP,BF-SAC-MLP,17,0.208315,202
Tianjin,BF-SAC-MLP,BF-SAC-MLP,18,0.208315,202
Tianjin,BF-SAC-MLP,BF-SAC-MLP,19,0.208315,202
Tianjin,BF-SAC-MLP,BF-SAC-MLP,20,0.208315,202
Tianjin,BF-SAC-MLP,BF-SAC-MLP,21,0.208315,202
Tianjin,BF-SAC-MLP,BF-SAC-MLP,22,0.208315,202
Tianjin,BF-SAC-MLP,BF-SAC-MLP,23,0.208315,202
Tianjin,BF-SAC-MLP,BF-SAC-MLP,24,0.208315,202
Tianjin,BF-SAC-MLP,BF-SAC-MLP,25,0.208315,202
Tianjin,BF-SAC-MLP,BF-SAC-MLP,26,0.208315,202
Tianjin,BF-SAC-MLP,BF-SAC-MLP,27,0.208315,202
Tianjin,BF-SAC-MLP,BF-SAC-MLP,28,0.208315,202
Tianjin,BF-SAC-MLP,BF-SAC-MLP,29,0.208315,202
Tianjin,BF-SAC-MLP,BF-SAC-MLP,30,0.208315,202
Tianjin,BF-SAC-MLP,BF-SAC-MLP,31,0.208315,202
Tianjin,BF-SAC-MLP,BF-SAC-MLP,32,0.208315,202
Tianjin,BF-SAC-MLP,BF-SAC-MLP,33,0.208315,202
Tianjin,BF-SAC-MLP,BF-SAC-MLP,34,0.208315,202
Tianjin,BF-SAC-MLP,BF-SAC-MLP,35,0.208315,202
Tianjin,BF-SAC-MLP,BF-SAC-MLP,36,0.196694,202
Tianjin,BF-SAC-MLP,BF-SAC-MLP,37,0.196694,202
Tianjin,BF-SAC-MLP,BF-SAC-MLP,38,0.196694,202
Tianjin,BF-SAC-MLP,BF-SAC-MLP,39,0.196694,202
Tianjin,BF-SAC-MLP,BF-SAC-MLP,40,0.196694,202
Tianjin,BF-SAC-MLP,BF-SAC-MLP,41,0.178956,202
Tianjin,BF-SAC-MLP,BF-SAC-MLP,42,0.178956,202
Tianjin,BF-SAC-MLP,BF-SAC-MLP,43,0.178956,202
Tianjin,BF-SAC-MLP,BF-SAC-MLP,44,0.178956,202
Tianjin,BF-SAC-MLP,BF-SAC-MLP,45,0.178956,202
Tianjin,BF-SAC-MLP,BF-SAC-MLP,46,0.178956,202
Tianjin,BF-SAC-MLP,BF-SAC-MLP,47,0.178956,202
Tianjin,BF-SAC-MLP,BF-SAC-MLP,48,0.178956,202
Tianjin,BF-SAC-MLP,BF-SAC-MLP,49,0.178956,202
Tianjin,BF-SAC-MLP,BF-SAC-MLP,50,0.178956,202
Tianjin,BF-SAC-MLP,BF-SAC-MLP,51,0.178956,202
Tianjin,BF-SAC-MLP,BF-SAC-MLP,52,0.178956,202
Tianjin,BF-SAC-MLP,BF-SAC-MLP,53,0.178956,202
Tianjin,BF-SAC-MLP,BF-SAC-MLP,54,0.178956,202
Tianjin,BF-SAC-MLP,BF-SAC-MLP,55,0.178956,202
Tianjin,BF-SAC-MLP,BF-SAC-MLP,56,0.178956,202
Tianjin,BF-SAC-MLP,BF-SAC-MLP,57,0.178956,202
Tianjin,BF-SAC-MLP,BF-SAC-MLP,58,0.178956,202
Tianjin,BF-SAC-MLP,BF-SAC-MLP,59,0.178956,202
Tianjin,BF-SAC-MLP,BF-SAC-MLP,60,0.178956,202
Tianjin,BF-SAC-MLP,BF-SAC-MLP,61,0.178956,202
Tianjin,BF-SAC-MLP,BF-SAC-MLP,62,0.178956,202
Tianjin,BF-SAC-MLP,BF-SAC-MLP,63,0.178956,202
Tianjin,BF-SAC-MLP,BF-SAC-MLP,64,0.178956,202
Tianjin,BF-SAC-MLP,BF-SAC-MLP,65,0.178956,202
Tianjin,BF-SAC-MLP,BF-SAC-MLP,66,0.178956,202
Tianjin,BF-SAC-MLP,BF-SAC-MLP,67,0.178956,202
Tianjin,BF-SAC-MLP,BF-SAC-MLP,68,0.178956,202
Tianjin,BF-SAC-MLP,BF-SAC-MLP,69,0.178956,202
Tianjin,BF-SAC-MLP,BF-SAC-MLP,70,0.178956,202
Tianjin,BF-SAC-MLP,BF-SAC-MLP,71,0.178956,202
Tianjin,BF-SAC-MLP,BF-SAC-MLP,72,0.178956,202
Tianjin,BF-SAC-MLP,BF-SAC-MLP,73,0.178956,202
Tianjin,BF-SAC-MLP,BF-SAC-MLP,74,0.178956,202
Tianjin,BF-SAC-MLP,BF-SAC-MLP,75,0.178956,202
Tianjin,BF-SAC-MLP,BF-SAC-MLP,76,0.178956,202
Tianjin,BF-SAC-MLP,BF-SAC-MLP,77,0.178956,202
Tianjin,BF-SAC-MLP,BF-SAC-MLP,78,0.178956,202
Tianjin,BF-SAC-MLP,BF-SAC-MLP,79,0.178956,202
Tianjin,BF-SAC-MLP,BF-SAC-MLP,80,0.178956,202
Tianjin,BF-SAC-MLP,BF-SAC-MLP,81,0.178956,202
Tianjin,BF-SAC-MLP,BF-SAC-MLP,82,0.178956,202
Tianjin,BF-SAC-MLP,BF-SAC-MLP,83,0.178956,202
Tianjin,BF-SAC-MLP,BF-SAC-MLP,84,0.178956,202
Tianjin,BF-SAC-MLP,BF-SAC-MLP,85,0.168121,202
Tianjin,BF-SAC-MLP,BF-SAC-MLP,86,0.168121,202
Tianjin,BF-SAC-MLP,BF-SAC-MLP,87,0.168121,202
Tianjin,BF-SAC-MLP,BF-SAC-MLP,88,0.168121,202
Tianjin,BF-SAC-MLP,BF-SAC-MLP,89,0.168121,202
Tianjin,BF-SAC-MLP,BF-SAC-MLP,90,0.168121,202
Tianjin,BF-SAC-MLP,BF-SAC-MLP,91,0.168121,202
Tianjin,BF-SAC-MLP,BF-SAC-MLP,92,0.168121,202
Tianjin,BF-SAC-MLP,BF-SAC-MLP,93,0.168121,202
Tianjin,BF-SAC-MLP,BF-SAC-MLP,94,0.168121,202
Tianjin,BF-SAC-MLP,BF-SAC-MLP,95,0.168121,202
Tianjin,BF-SAC-MLP,BF-SAC-MLP,96,0.168121,202
Tianjin,BF-SAC-MLP,BF-SAC-MLP,97,0.168121,202
Tianjin,BF-SAC-MLP,BF-SAC-MLP,98,0.168121,202
Tianjin,BF-SAC-MLP,BF-SAC-MLP,99,0.168121,202
Tianjin,BF-SAC-MLP,BF-SAC-MLP,100,0.168121,202
Tianjin,BF-SAC-MLP,BF-SAC-MLP,1,0.261401,303
Tianjin,BF-SAC-MLP,BF-SAC-MLP,2,0.261401,303
Tianjin,BF-SAC-MLP,BF-SAC-MLP,3,0.261401,303
Tianjin,BF-SAC-MLP,BF-SAC-MLP,4,0.261401,303
Tianjin,BF-SAC-MLP,BF-SAC-MLP,5,0.261401,303
Tianjin,BF-SAC-MLP,BF-SAC-MLP,6,0.261401,303
Tianjin,BF-SAC-MLP,BF-SAC-MLP,7,0.261401,303
Tianjin,BF-SAC-MLP,BF-SAC-MLP,8,0.261401,303
Tianjin,BF-SAC-MLP,BF-SAC-MLP,9,0.261401,303
Tianjin,BF-SAC-MLP,BF-SAC-MLP,10,0.247955,303
Tianjin,BF-SAC-MLP,BF-SAC-MLP,11,0.247955,303
Tianjin,BF-SAC-MLP,BF-SAC-MLP,12,0.247955,303
Tianjin,BF-SAC-MLP,BF-SAC-MLP,13,0.247955,303
Tianjin,BF-SAC-MLP,BF-SAC-MLP,14,0.247955,303
Tianjin,BF-SAC-MLP,BF-SAC-MLP,15,0.247955,303
Tianjin,BF-SAC-MLP,BF-SAC-MLP,16,0.247955,303
Tianjin,BF-SAC-MLP,BF-SAC-MLP,17,0.247955,303
Tianjin,BF-SAC-MLP,BF-SAC-MLP,18,0.247955,303
Tianjin,BF-SAC-MLP,BF-SAC-MLP,19,0.247955,303
Tianjin,BF-SAC-MLP,BF-SAC-MLP,20,0.247955,303
Tianjin,BF-SAC-MLP,BF-SAC-MLP,21,0.247955,303
Tianjin,BF-SAC-MLP,BF-SAC-MLP,22,0.247955,303
Tianjin,BF-SAC-MLP,BF-SAC-MLP,23,0.212989,303
Tianjin,BF-SAC-MLP,BF-SAC-MLP,24,0.197814,303
Tianjin,BF-SAC-MLP,BF-SAC-MLP,25,0.197814,303
Tianjin,BF-SAC-MLP,BF-SAC-MLP,26,0.197814,303
Tianjin,BF-SAC-MLP,BF-SAC-MLP,27,0.197814,303
Tianjin,BF-SAC-MLP,BF-SAC-MLP,28,0.197814,303
Tianjin,BF-SAC-MLP,BF-SAC-MLP,29,0.197814,303
Tianjin,BF-SAC-MLP,BF-SAC-MLP,30,0.197814,303
Tianjin,BF-SAC-MLP,BF-SAC-MLP,31,0.197814,303
Tianjin,BF-SAC-MLP,BF-SAC-MLP,32,0.197814,303
Tianjin,BF-SAC-MLP,BF-SAC-MLP,33,0.197814,303
Tianjin,BF-SAC-MLP,BF-SAC-MLP,34,0.197814,303
Tianjin,BF-SAC-MLP,BF-SAC-MLP,35,0.197814,303
Tianjin,BF-SAC-MLP,BF-SAC-MLP,36,0.197814,303
Tianjin,BF-SAC-MLP,BF-SAC-MLP,37,0.197814,303
Tianjin,BF-SAC-MLP,BF-SAC-MLP,38,0.197814,303
Tianjin,BF-SAC-MLP,BF-SAC-MLP,39,0.197814,303
Tianjin,BF-SAC-MLP,BF-SAC-MLP,40,0.197814,303
Tianjin,BF-SAC-MLP,BF-SAC-MLP,41,0.197814,303
Tianjin,BF-SAC-MLP,BF-SAC-MLP,42,0.197814,303
Tianjin,BF-SAC-MLP,BF-SAC-MLP,43,0.197814,303
Tianjin,BF-SAC-MLP,BF-SAC-MLP,44,0.197814,303
Tianjin,BF-SAC-MLP,BF-SAC-MLP,45,0.197814,303
Tianjin,BF-SAC-MLP,BF-SAC-MLP,46,0.197814,303
Tianjin,BF-SAC-MLP,BF-SAC-MLP,47,0.197814,303
Tianjin,BF-SAC-MLP,BF-SAC-MLP,48,0.197814,303
Tianjin,BF-SAC-MLP,BF-SAC-MLP,49,0.197814,303
Tianjin,BF-SAC-MLP,BF-SAC-MLP,50,0.197814,303
Tianjin,BF-SAC-MLP,BF-SAC-MLP,51,0.197814,303
Tianjin,BF-SAC-MLP,BF-SAC-MLP,52,0.197814,303
Tianjin,BF-SAC-MLP,BF-SAC-MLP,53,0.197814,303
Tianjin,BF-SAC-MLP,BF-SAC-MLP,54,0.197814,303
Tianjin,BF-SAC-MLP,BF-SAC-MLP,55,0.197814,303
Tianjin,BF-SAC-MLP,BF-SAC-MLP,56,0.197814,303
Tianjin,BF-SAC-MLP,BF-SAC-MLP,57,0.197814,303
Tianjin,BF-SAC-MLP,BF-SAC-MLP,58,0.197814,303
Tianjin,BF-SAC-MLP,BF-SAC-MLP,59,0.197814,303
Tianjin,BF-SAC-MLP,BF-SAC-MLP,60,0.197814,303
Tianjin,BF-SAC-MLP,BF-SAC-MLP,61,0.197814,303
Tianjin,BF-SAC-MLP,BF-SAC-MLP,62,0.197814,303
Tianjin,BF-SAC-MLP,BF-SAC-MLP,63,0.196326,303
Tianjin,BF-SAC-MLP,BF-SAC-MLP,64,0.184069,303
Tianjin,BF-SAC-MLP,BF-SAC-MLP,65,0.184069,303
Tianjin,BF-SAC-MLP,BF-SAC-MLP,66,0.184069,303
Tianjin,BF-SAC-MLP,BF-SAC-MLP,67,0.184069,303
Tianjin,BF-SAC-MLP,BF-SAC-MLP,68,0.184069,303
Tianjin,BF-SAC-MLP,BF-SAC-MLP,69,0.184069,303
Tianjin,BF-SAC-MLP,BF-SAC-MLP,70,0.184069,303
Tianjin,BF-SAC-MLP,BF-SAC-MLP,71,0.184069,303
Tianjin,BF-SAC-MLP,BF-SAC-MLP,72,0.138316,303
Tianjin,BF-SAC-MLP,BF-SAC-MLP,73,0.138316,303
Tianjin,BF-SAC-MLP,BF-SAC-MLP,74,0.138316,303
Tianjin,BF-SAC-MLP,BF-SAC-MLP,75,0.138316,303
Tianjin,BF-SAC-MLP,BF-SAC-MLP,76,0.138316,303
Tianjin,BF-SAC-MLP,BF-SAC-MLP,77,0.138316,303
Tianjin,BF-SAC-MLP,BF-SAC-MLP,78,0.138316,303
Tianjin,BF-SAC-MLP,BF-SAC-MLP,79,0.138316,303
Tianjin,BF-SAC-MLP,BF-SAC-MLP,80,0.138316,303
Tianjin,BF-SAC-MLP,BF-SAC-MLP,81,0.138316,303
Tianjin,BF-SAC-MLP,BF-SAC-MLP,82,0.138316,303
Tianjin,BF-SAC-MLP,BF-SAC-MLP,83,0.138316,303
Tianjin,BF-SAC-MLP,BF-SAC-MLP,84,0.138316,303
Tianjin,BF-SAC-MLP,BF-SAC-MLP,85,0.138316,303
Tianjin,BF-SAC-MLP,BF-SAC-MLP,86,0.138316,303
Tianjin,BF-SAC-MLP,BF-SAC-MLP,87,0.138316,303
Tianjin,BF-SAC-MLP,BF-SAC-MLP,88,0.138316,303
Tianjin,BF-SAC-MLP,BF-SAC-MLP,89,0.138316,303
Tianjin,BF-SAC-MLP,BF-SAC-MLP,90,0.138316,303
Tianjin,BF-SAC-MLP,BF-SAC-MLP,91,0.138316,303
Tianjin,BF-SAC-MLP,BF-SAC-MLP,92,0.138316,303
Tianjin,BF-SAC-MLP,BF-SAC-MLP,93,0.138316,303
Tianjin,BF-SAC-MLP,BF-SAC-MLP,94,0.138316,303
Tianjin,BF-SAC-MLP,BF-SAC-MLP,95,0.138316,303
Tianjin,BF-SAC-MLP,BF-SAC-MLP,96,0.138316,303
Tianjin,BF-SAC-MLP,BF-SAC-MLP,97,0.138316,303
Tianjin,BF-SAC-MLP,BF-SAC-MLP,98,0.138316,303
Tianjin,BF-SAC-MLP,BF-SAC-MLP,99,0.138316,303
Tianjin,BF-SAC-MLP,BF-SAC-MLP,100,0.138316,303
Tianjin,BF-SAC-MLP,BF-SAC-MLP,1,0.604675,404
Tianjin,BF-SAC-MLP,BF-SAC-MLP,2,0.604675,404
Tianjin,BF-SAC-MLP,BF-SAC-MLP,3,0.524239,404
Tianjin,BF-SAC-MLP,BF-SAC-MLP,4,0.524239,404
Tianjin,BF-SAC-MLP,BF-SAC-MLP,5,0.524239,404
Tianjin,BF-SAC-MLP,BF-SAC-MLP,6,0.524239,404
Tianjin,BF-SAC-MLP,BF-SAC-MLP,7,0.524239,404
Tianjin,BF-SAC-MLP,BF-SAC-MLP,8,0.524239,404
Tianjin,BF-SAC-MLP,BF-SAC-MLP,9,0.524239,404
Tianjin,BF-SAC-MLP,BF-SAC-MLP,10,0.524239,404
Tianjin,BF-SAC-MLP,BF-SAC-MLP,11,0.524239,404
Tianjin,BF-SAC-MLP,BF-SAC-MLP,12,0.524239,404
Tianjin,BF-SAC-MLP,BF-SAC-MLP,13,0.406635,404
Tianjin,BF-SAC-MLP,BF-SAC-MLP,14,0.406635,404
Tianjin,BF-SAC-MLP,BF-SAC-MLP,15,0.406635,404
Tianjin,BF-SAC-MLP,BF-SAC-MLP,16,0.406635,404
Tianjin,BF-SAC-MLP,BF-SAC-MLP,17,0.27178,404
Tianjin,BF-SAC-MLP,BF-SAC-MLP,18,0.27178,404
Tianjin,BF-SAC-MLP,BF-SAC-MLP,19,0.27178,404
Tianjin,BF-SAC-MLP,BF-SAC-MLP,20,0.27178,404
Tianjin,BF-SAC-MLP,BF-SAC-MLP,21,0.221191,404
Tianjin,BF-SAC-MLP,BF-SAC-MLP,22,0.221191,404
Tianjin,BF-SAC-MLP,BF-SAC-MLP,23,0.221191,404
Tianjin,BF-SAC-MLP,BF-SAC-MLP,24,0.221191,404
Tianjin,BF-SAC-MLP,BF-SAC-MLP,25,0.221191,404
Tianjin,BF-SAC-MLP,BF-SAC-MLP,26,0.221191,404
Tianjin,BF-SAC-MLP,BF-SAC-MLP,27,0.221191,404
Tianjin,BF-SAC-MLP,BF-SAC-MLP,28,0.221191,404
Tianjin,BF-SAC-MLP,BF-SAC-MLP,29,0.221191,404
Tianjin,BF-SAC-MLP,BF-SAC-MLP,30,0.221191,404
Tianjin,BF-SAC-MLP,BF-SAC-MLP,31,0.221191,404
Tianjin,BF-SAC-MLP,BF-SAC-MLP,32,0.221191,404
Tianjin,BF-SAC-MLP,BF-SAC-MLP,33,0.221191,404
Tianjin,BF-SAC-MLP,BF-SAC-MLP,34,0.221191,404
Tianjin,BF-SAC-MLP,BF-SAC-MLP,35,0.221191,404
Tianjin,BF-SAC-MLP,BF-SAC-MLP,36,0.221191,404
Tianjin,BF-SAC-MLP,BF-SAC-MLP,37,0.221191,404
Tianjin,BF-SAC-MLP,BF-SAC-MLP,38,0.221191,404
Tianjin,BF-SAC-MLP,BF-SAC-MLP,39,0.221191,404
Tianjin,BF-SAC-MLP,BF-SAC-MLP,40,0.221191,404
Tianjin,BF-SAC-MLP,BF-SAC-MLP,41,0.221191,404
Tianjin,BF-SAC-MLP,BF-SAC-MLP,42,0.221191,404
Tianjin,BF-SAC-MLP,BF-SAC-MLP,43,0.221191,404
Tianjin,BF-SAC-MLP,BF-SAC-MLP,44,0.221191,404
Tianjin,BF-SAC-MLP,BF-SAC-MLP,45,0.221191,404
Tianjin,BF-SAC-MLP,BF-SAC-MLP,46,0.221191,404
Tianjin,BF-SAC-MLP,BF-SAC-MLP,47,0.221191,404
Tianjin,BF-SAC-MLP,BF-SAC-MLP,48,0.221191,404
Tianjin,BF-SAC-MLP,BF-SAC-MLP,49,0.221191,404
Tianjin,BF-SAC-MLP,BF-SAC-MLP,50,0.221191,404
Tianjin,BF-SAC-MLP,BF-SAC-MLP,51,0.221191,404
Tianjin,BF-SAC-MLP,BF-SAC-MLP,52,0.221191,404
Tianjin,BF-SAC-MLP,BF-SAC-MLP,53,0.221191,404
Tianjin,BF-SAC-MLP,BF-SAC-MLP,54,0.221191,404
Tianjin,BF-SAC-MLP,BF-SAC-MLP,55,0.221191,404
Tianjin,BF-SAC-MLP,BF-SAC-MLP,56,0.221191,404
Tianjin,BF-SAC-MLP,BF-SAC-MLP,57,0.221191,404
Tianjin,BF-SAC-MLP,BF-SAC-MLP,58,0.221191,404
Tianjin,BF-SAC-MLP,BF-SAC-MLP,59,0.190738,404
Tianjin,BF-SAC-MLP,BF-SAC-MLP,60,0.190738,404
Tianjin,BF-SAC-MLP,BF-SAC-MLP,61,0.190738,404
Tianjin,BF-SAC-MLP,BF-SAC-MLP,62,0.190738,404
Tianjin,BF-SAC-MLP,BF-SAC-MLP,63,0.190738,404
Tianjin,BF-SAC-MLP,BF-SAC-MLP,64,0.190738,404
Tianjin,BF-SAC-MLP,BF-SAC-MLP,65,0.190738,404
Tianjin,BF-SAC-MLP,BF-SAC-MLP,66,0.190738,404
Tianjin,BF-SAC-MLP,BF-SAC-MLP,67,0.190738,404
Tianjin,BF-SAC-MLP,BF-SAC-MLP,68,0.190738,404
Tianjin,BF-SAC-MLP,BF-SAC-MLP,69,0.190738,404
Tianjin,BF-SAC-MLP,BF-SAC-MLP,70,0.190738,404
Tianjin,BF-SAC-MLP,BF-SAC-MLP,71,0.190738,404
Tianjin,BF-SAC-MLP,BF-SAC-MLP,72,0.190738,404
Tianjin,BF-SAC-MLP,BF-SAC-MLP,73,0.190738,404
Tianjin,BF-SAC-MLP,BF-SAC-MLP,74,0.190738,404
Tianjin,BF-SAC-MLP,BF-SAC-MLP,75,0.190738,404
Tianjin,BF-SAC-MLP,BF-SAC-MLP,76,0.190738,404
Tianjin,BF-SAC-MLP,BF-SAC-MLP,77,0.190738,404
Tianjin,BF-SAC-MLP,BF-SAC-MLP,78,0.190738,404
Tianjin,BF-SAC-MLP,BF-SAC-MLP,79,0.190738,404
Tianjin,BF-SAC-MLP,BF-SAC-MLP,80,0.190738,404
Tianjin,BF-SAC-MLP,BF-SAC-MLP,81,0.190738,404
Tianjin,BF-SAC-MLP,BF-SAC-MLP,82,0.190738,404
Tianjin,BF-SAC-MLP,BF-SAC-MLP,83,0.190738,404
Tianjin,BF-SAC-MLP,BF-SAC-MLP,84,0.190738,404
Tianjin,BF-SAC-MLP,BF-SAC-MLP,85,0.190738,404
Tianjin,BF-SAC-MLP,BF-SAC-MLP,86,0.190738,404
Tianjin,BF-SAC-MLP,BF-SAC-MLP,87,0.190738,404
Tianjin,BF-SAC-MLP,BF-SAC-MLP,88,0.190738,404
Tianjin,BF-SAC-MLP,BF-SAC-MLP,89,0.190738,404
Tianjin,BF-SAC-MLP,BF-SAC-MLP,90,0.190738,404
Tianjin,BF-SAC-MLP,BF-SAC-MLP,91,0.190738,404
Tianjin,BF-SAC-MLP,BF-SAC-MLP,92,0.190738,404
Tianjin,BF-SAC-MLP,BF-SAC-MLP,93,0.190738,404
Tianjin,BF-SAC-MLP,BF-SAC-MLP,94,0.190738,404
Tianjin,BF-SAC-MLP,BF-SAC-MLP,95,0.190738,404
Tianjin,BF-SAC-MLP,BF-SAC-MLP,96,0.190738,404
Tianjin,BF-SAC-MLP,BF-SAC-MLP,97,0.190738,404
Tianjin,BF-SAC-MLP,BF-SAC-MLP,98,0.190738,404
Tianjin,BF-SAC-MLP,BF-SAC-MLP,99,0.188748,404
Tianjin,BF-SAC-MLP,BF-SAC-MLP,100,0.188748,404
Tianjin,BF-SAC-RF,BF-SAC-RF,1,0.26665,42
Tianjin,BF-SAC-RF,BF-SAC-RF,2,0.26665,42
Tianjin,BF-SAC-RF,BF-SAC-RF,3,0.26665,42
Tianjin,BF-SAC-RF,BF-SAC-RF,4,0.26665,42
Tianjin,BF-SAC-RF,BF-SAC-RF,5,0.231194,42
Tianjin,BF-SAC-RF,BF-SAC-RF,6,0.231194,42
Tianjin,BF-SAC-RF,BF-SAC-RF,7,0.231194,42
Tianjin,BF-SAC-RF,BF-SAC-RF,8,0.231194,42
Tianjin,BF-SAC-RF,BF-SAC-RF,9,0.231194,42
Tianjin,BF-SAC-RF,BF-SAC-RF,10,0.231194,42
Tianjin,BF-SAC-RF,BF-SAC-RF,11,0.202071,42
Tianjin,BF-SAC-RF,BF-SAC-RF,12,0.202071,42
Tianjin,BF-SAC-RF,BF-SAC-RF,13,0.202071,42
Tianjin,BF-SAC-RF,BF-SAC-RF,14,0.202071,42
Tianjin,BF-SAC-RF,BF-SAC-RF,15,0.202071,42
Tianjin,BF-SAC-RF,BF-SAC-RF,16,0.202071,42
Tianjin,BF-SAC-RF,BF-SAC-RF,17,0.202071,42
Tianjin,BF-SAC-RF,BF-SAC-RF,18,0.202071,42
Tianjin,BF-SAC-RF,BF-SAC-RF,19,0.202071,42
Tianjin,BF-SAC-RF,BF-SAC-RF,20,0.202071,42
Tianjin,BF-SAC-RF,BF-SAC-RF,21,0.202071,42
Tianjin,BF-SAC-RF,BF-SAC-RF,22,0.202071,42
Tianjin,BF-SAC-RF,BF-SAC-RF,23,0.202071,42
Tianjin,BF-SAC-RF,BF-SAC-RF,24,0.202071,42
Tianjin,BF-SAC-RF,BF-SAC-RF,25,0.202071,42
Tianjin,BF-SAC-RF,BF-SAC-RF,26,0.202071,42
Tianjin,BF-SAC-RF,BF-SAC-RF,27,0.202071,42
Tianjin,BF-SAC-RF,BF-SAC-RF,28,0.202071,42
Tianjin,BF-SAC-RF,BF-SAC-RF,29,0.202071,42
Tianjin,BF-SAC-RF,BF-SAC-RF,30,0.202071,42
Tianjin,BF-SAC-RF,BF-SAC-RF,31,0.202071,42
Tianjin,BF-SAC-RF,BF-SAC-RF,32,0.202071,42
Tianjin,BF-SAC-RF,BF-SAC-RF,33,0.202071,42
Tianjin,BF-SAC-RF,BF-SAC-RF,34,0.202071,42
Tianjin,BF-SAC-RF,BF-SAC-RF,35,0.202071,42
Tianjin,BF-SAC-RF,BF-SAC-RF,36,0.202071,42
Tianjin,BF-SAC-RF,BF-SAC-RF,37,0.202071,42
Tianjin,BF-SAC-RF,BF-SAC-RF,38,0.202071,42
Tianjin,BF-SAC-RF,BF-SAC-RF,39,0.202071,42
Tianjin,BF-SAC-RF,BF-SAC-RF,40,0.202071,42
Tianjin,BF-SAC-RF,BF-SAC-RF,41,0.202071,42
Tianjin,BF-SAC-RF,BF-SAC-RF,42,0.202071,42
Tianjin,BF-SAC-RF,BF-SAC-RF,43,0.202071,42
Tianjin,BF-SAC-RF,BF-SAC-RF,44,0.202071,42
Tianjin,BF-SAC-RF,BF-SAC-RF,45,0.202071,42
Tianjin,BF-SAC-RF,BF-SAC-RF,46,0.202071,42
Tianjin,BF-SAC-RF,BF-SAC-RF,47,0.202071,42
Tianjin,BF-SAC-RF,BF-SAC-RF,48,0.202071,42
Tianjin,BF-SAC-RF,BF-SAC-RF,49,0.202071,42
Tianjin,BF-SAC-RF,BF-SAC-RF,50,0.202071,42
Tianjin,BF-SAC-RF,BF-SAC-RF,51,0.202071,42
Tianjin,BF-SAC-RF,BF-SAC-RF,52,0.202071,42
Tianjin,BF-SAC-RF,BF-SAC-RF,53,0.202071,42
Tianjin,BF-SAC-RF,BF-SAC-RF,54,0.202071,42
Tianjin,BF-SAC-RF,BF-SAC-RF,55,0.202071,42
Tianjin,BF-SAC-RF,BF-SAC-RF,56,0.202071,42
Tianjin,BF-SAC-RF,BF-SAC-RF,57,0.202071,42
Tianjin,BF-SAC-RF,BF-SAC-RF,58,0.202071,42
Tianjin,BF-SAC-RF,BF-SAC-RF,59,0.202071,42
Tianjin,BF-SAC-RF,BF-SAC-RF,60,0.202071,42
Tianjin,BF-SAC-RF,BF-SAC-RF,61,0.202071,42
Tianjin,BF-SAC-RF,BF-SAC-RF,62,0.202071,42
Tianjin,BF-SAC-RF,BF-SAC-RF,63,0.202071,42
Tianjin,BF-SAC-RF,BF-SAC-RF,64,0.202071,42
Tianjin,BF-SAC-RF,BF-SAC-RF,65,0.202071,42
Tianjin,BF-SAC-RF,BF-SAC-RF,66,0.202071,42
Tianjin,BF-SAC-RF,BF-SAC-RF,67,0.202071,42
Tianjin,BF-SAC-RF,BF-SAC-RF,68,0.202071,42
Tianjin,BF-SAC-RF,BF-SAC-RF,69,0.202071,42
Tianjin,BF-SAC-RF,BF-SAC-RF,70,0.202071,42
Tianjin,BF-SAC-RF,BF-SAC-RF,71,0.202071,42
Tianjin,BF-SAC-RF,BF-SAC-RF,72,0.202071,42
Tianjin,BF-SAC-RF,BF-SAC-RF,73,0.202071,42
Tianjin,BF-SAC-RF,BF-SAC-RF,74,0.202071,42
Tianjin,BF-SAC-RF,BF-SAC-RF,75,0.202071,42
Tianjin,BF-SAC-RF,BF-SAC-RF,76,0.202071,42
Tianjin,BF-SAC-RF,BF-SAC-RF,77,0.201309,42
Tianjin,BF-SAC-RF,BF-SAC-RF,78,0.201309,42
Tianjin,BF-SAC-RF,BF-SAC-RF,79,0.201309,42
Tianjin,BF-SAC-RF,BF-SAC-RF,80,0.181127,42
Tianjin,BF-SAC-RF,BF-SAC-RF,81,0.181127,42
Tianjin,BF-SAC-RF,BF-SAC-RF,82,0.181127,42
Tianjin,BF-SAC-RF,BF-SAC-RF,83,0.181127,42
Tianjin,BF-SAC-RF,BF-SAC-RF,84,0.181127,42
Tianjin,BF-SAC-RF,BF-SAC-RF,85,0.181127,42
Tianjin,BF-SAC-RF,BF-SAC-RF,86,0.181127,42
Tianjin,BF-SAC-RF,BF-SAC-RF,87,0.181127,42
Tianjin,BF-SAC-RF,BF-SAC-RF,88,0.176048,42
Tianjin,BF-SAC-RF,BF-SAC-RF,89,0.176048,42
Tianjin,BF-SAC-RF,BF-SAC-RF,90,0.176048,42
Tianjin,BF-SAC-RF,BF-SAC-RF,91,0.176048,42
Tianjin,BF-SAC-RF,BF-SAC-RF,92,0.176048,42
Tianjin,BF-SAC-RF,BF-SAC-RF,93,0.168326,42
Tianjin,BF-SAC-RF,BF-SAC-RF,94,0.15885,42
Tianjin,BF-SAC-RF,BF-SAC-RF,95,0.15885,42
Tianjin,BF-SAC-RF,BF-SAC-RF,96,0.15885,42
Tianjin,BF-SAC-RF,BF-SAC-RF,97,0.15885,42
Tianjin,BF-SAC-RF,BF-SAC-RF,98,0.149988,42
Tianjin,BF-SAC-RF,BF-SAC-RF,99,0.149988,42
Tianjin,BF-SAC-RF,BF-SAC-RF,100,0.149988,42
Tianjin,BF-SAC-RF,BF-SAC-RF,1,1.406774,101
Tianjin,BF-SAC-RF,BF-SAC-RF,2,1.102271,101
Tianjin,BF-SAC-RF,BF-SAC-RF,3,0.334351,101
Tianjin,BF-SAC-RF,BF-SAC-RF,4,0.334351,101
Tianjin,BF-SAC-RF,BF-SAC-RF,5,0.334351,101
Tianjin,BF-SAC-RF,BF-SAC-RF,6,0.334351,101
Tianjin,BF-SAC-RF,BF-SAC-RF,7,0.334351,101
Tianjin,BF-SAC-RF,BF-SAC-RF,8,0.334351,101
Tianjin,BF-SAC-RF,BF-SAC-RF,9,0.334351,101
Tianjin,BF-SAC-RF,BF-SAC-RF,10,0.334351,101
Tianjin,BF-SAC-RF,BF-SAC-RF,11,0.334351,101
Tianjin,BF-SAC-RF,BF-SAC-RF,12,0.26988,101
Tianjin,BF-SAC-RF,BF-SAC-RF,13,0.26988,101
Tianjin,BF-SAC-RF,BF-SAC-RF,14,0.26988,101
Tianjin,BF-SAC-RF,BF-SAC-RF,15,0.26988,101
Tianjin,BF-SAC-RF,BF-SAC-RF,16,0.232996,101
Tianjin,BF-SAC-RF,BF-SAC-RF,17,0.232996,101
Tianjin,BF-SAC-RF,BF-SAC-RF,18,0.232996,101
Tianjin,BF-SAC-RF,BF-SAC-RF,19,0.232996,101
Tianjin,BF-SAC-RF,BF-SAC-RF,20,0.232996,101
Tianjin,BF-SAC-RF,BF-SAC-RF,21,0.174687,101
Tianjin,BF-SAC-RF,BF-SAC-RF,22,0.174687,101
Tianjin,BF-SAC-RF,BF-SAC-RF,23,0.174687,101
Tianjin,BF-SAC-RF,BF-SAC-RF,24,0.174687,101
Tianjin,BF-SAC-RF,BF-SAC-RF,25,0.174687,101
Tianjin,BF-SAC-RF,BF-SAC-RF,26,0.174687,101
Tianjin,BF-SAC-RF,BF-SAC-RF,27,0.174687,101
Tianjin,BF-SAC-RF,BF-SAC-RF,28,0.174687,101
Tianjin,BF-SAC-RF,BF-SAC-RF,29,0.174687,101
Tianjin,BF-SAC-RF,BF-SAC-RF,30,0.174687,101
Tianjin,BF-SAC-RF,BF-SAC-RF,31,0.174687,101
Tianjin,BF-SAC-RF,BF-SAC-RF,32,0.174687,101
Tianjin,BF-SAC-RF,BF-SAC-RF,33,0.174687,101
Tianjin,BF-SAC-RF,BF-SAC-RF,34,0.174687,101
Tianjin,BF-SAC-RF,BF-SAC-RF,35,0.174687,101
Tianjin,BF-SAC-RF,BF-SAC-RF,36,0.174687,101
Tianjin,BF-SAC-RF,BF-SAC-RF,37,0.174687,101
Tianjin,BF-SAC-RF,BF-SAC-RF,38,0.174687,101
Tianjin,BF-SAC-RF,BF-SAC-RF,39,0.174687,101
Tianjin,BF-SAC-RF,BF-SAC-RF,40,0.174687,101
Tianjin,BF-SAC-RF,BF-SAC-RF,41,0.174687,101
Tianjin,BF-SAC-RF,BF-SAC-RF,42,0.174687,101
Tianjin,BF-SAC-RF,BF-SAC-RF,43,0.174687,101
Tianjin,BF-SAC-RF,BF-SAC-RF,44,0.174687,101
Tianjin,BF-SAC-RF,BF-SAC-RF,45,0.174687,101
Tianjin,BF-SAC-RF,BF-SAC-RF,46,0.174687,101
Tianjin,BF-SAC-RF,BF-SAC-RF,47,0.174687,101
Tianjin,BF-SAC-RF,BF-SAC-RF,48,0.174687,101
Tianjin,BF-SAC-RF,BF-SAC-RF,49,0.174687,101
Tianjin,BF-SAC-RF,BF-SAC-RF,50,0.174687,101
Tianjin,BF-SAC-RF,BF-SAC-RF,51,0.174687,101
Tianjin,BF-SAC-RF,BF-SAC-RF,52,0.174687,101
Tianjin,BF-SAC-RF,BF-SAC-RF,53,0.174687,101
Tianjin,BF-SAC-RF,BF-SAC-RF,54,0.174687,101
Tianjin,BF-SAC-RF,BF-SAC-RF,55,0.174687,101
Tianjin,BF-SAC-RF,BF-SAC-RF,56,0.164008,101
Tianjin,BF-SAC-RF,BF-SAC-RF,57,0.164008,101
Tianjin,BF-SAC-RF,BF-SAC-RF,58,0.164008,101
Tianjin,BF-SAC-RF,BF-SAC-RF,59,0.164008,101
Tianjin,BF-SAC-RF,BF-SAC-RF,60,0.164008,101
Tianjin,BF-SAC-RF,BF-SAC-RF,61,0.164008,101
Tianjin,BF-SAC-RF,BF-SAC-RF,62,0.164008,101
Tianjin,BF-SAC-RF,BF-SAC-RF,63,0.164008,101
Tianjin,BF-SAC-RF,BF-SAC-RF,64,0.164008,101
Tianjin,BF-SAC-RF,BF-SAC-RF,65,0.164008,101
Tianjin,BF-SAC-RF,BF-SAC-RF,66,0.164008,101
Tianjin,BF-SAC-RF,BF-SAC-RF,67,0.164008,101
Tianjin,BF-SAC-RF,BF-SAC-RF,68,0.164008,101
Tianjin,BF-SAC-RF,BF-SAC-RF,69,0.164008,101
Tianjin,BF-SAC-RF,BF-SAC-RF,70,0.164008,101
Tianjin,BF-SAC-RF,BF-SAC-RF,71,0.164008,101
Tianjin,BF-SAC-RF,BF-SAC-RF,72,0.164008,101
Tianjin,BF-SAC-RF,BF-SAC-RF,73,0.164008,101
Tianjin,BF-SAC-RF,BF-SAC-RF,74,0.164008,101
Tianjin,BF-SAC-RF,BF-SAC-RF,75,0.164008,101
Tianjin,BF-SAC-RF,BF-SAC-RF,76,0.164008,101
Tianjin,BF-SAC-RF,BF-SAC-RF,77,0.164008,101
Tianjin,BF-SAC-RF,BF-SAC-RF,78,0.164008,101
Tianjin,BF-SAC-RF,BF-SAC-RF,79,0.164008,101
Tianjin,BF-SAC-RF,BF-SAC-RF,80,0.164008,101
Tianjin,BF-SAC-RF,BF-SAC-RF,81,0.164008,101
Tianjin,BF-SAC-RF,BF-SAC-RF,82,0.164008,101
Tianjin,BF-SAC-RF,BF-SAC-RF,83,0.164008,101
Tianjin,BF-SAC-RF,BF-SAC-RF,84,0.164008,101
Tianjin,BF-SAC-RF,BF-SAC-RF,85,0.164008,101
Tianjin,BF-SAC-RF,BF-SAC-RF,86,0.164008,101
Tianjin,BF-SAC-RF,BF-SAC-RF,87,0.164008,101
Tianjin,BF-SAC-RF,BF-SAC-RF,88,0.164008,101
Tianjin,BF-SAC-RF,BF-SAC-RF,89,0.164008,101
Tianjin,BF-SAC-RF,BF-SAC-RF,90,0.164008,101
Tianjin,BF-SAC-RF,BF-SAC-RF,91,0.164008,101
Tianjin,BF-SAC-RF,BF-SAC-RF,92,0.164008,101
Tianjin,BF-SAC-RF,BF-SAC-RF,93,0.164008,101
Tianjin,BF-SAC-RF,BF-SAC-RF,94,0.164008,101
Tianjin,BF-SAC-RF,BF-SAC-RF,95,0.164008,101
Tianjin,BF-SAC-RF,BF-SAC-RF,96,0.164008,101
Tianjin,BF-SAC-RF,BF-SAC-RF,97,0.164008,101
Tianjin,BF-SAC-RF,BF-SAC-RF,98,0.164008,101
Tianjin,BF-SAC-RF,BF-SAC-RF,99,0.164008,101
Tianjin,BF-SAC-RF,BF-SAC-RF,100,0.160172,101
Tianjin,BF-SAC-RF,BF-SAC-RF,1,0.426426,202
Tianjin,BF-SAC-RF,BF-SAC-RF,2,0.209715,202
Tianjin,BF-SAC-RF,BF-SAC-RF,3,0.209715,202
Tianjin,BF-SAC-RF,BF-SAC-RF,4,0.209715,202
Tianjin,BF-SAC-RF,BF-SAC-RF,5,0.184559,202
Tianjin,BF-SAC-RF,BF-SAC-RF,6,0.184559,202
Tianjin,BF-SAC-RF,BF-SAC-RF,7,0.184559,202
Tianjin,BF-SAC-RF,BF-SAC-RF,8,0.184559,202
Tianjin,BF-SAC-RF,BF-SAC-RF,9,0.184559,202
Tianjin,BF-SAC-RF,BF-SAC-RF,10,0.184559,202
Tianjin,BF-SAC-RF,BF-SAC-RF,11,0.184559,202
Tianjin,BF-SAC-RF,BF-SAC-RF,12,0.184559,202
Tianjin,BF-SAC-RF,BF-SAC-RF,13,0.184559,202
Tianjin,BF-SAC-RF,BF-SAC-RF,14,0.184559,202
Tianjin,BF-SAC-RF,BF-SAC-RF,15,0.184559,202
Tianjin,BF-SAC-RF,BF-SAC-RF,16,0.184559,202
Tianjin,BF-SAC-RF,BF-SAC-RF,17,0.184559,202
Tianjin,BF-SAC-RF,BF-SAC-RF,18,0.184559,202
Tianjin,BF-SAC-RF,BF-SAC-RF,19,0.184559,202
Tianjin,BF-SAC-RF,BF-SAC-RF,20,0.184559,202
Tianjin,BF-SAC-RF,BF-SAC-RF,21,0.184559,202
Tianjin,BF-SAC-RF,BF-SAC-RF,22,0.184559,202
Tianjin,BF-SAC-RF,BF-SAC-RF,23,0.184559,202
Tianjin,BF-SAC-RF,BF-SAC-RF,24,0.184559,202
Tianjin,BF-SAC-RF,BF-SAC-RF,25,0.184559,202
Tianjin,BF-SAC-RF,BF-SAC-RF,26,0.184559,202
Tianjin,BF-SAC-RF,BF-SAC-RF,27,0.184559,202
Tianjin,BF-SAC-RF,BF-SAC-RF,28,0.184559,202
Tianjin,BF-SAC-RF,BF-SAC-RF,29,0.184559,202
Tianjin,BF-SAC-RF,BF-SAC-RF,30,0.184559,202
Tianjin,BF-SAC-RF,BF-SAC-RF,31,0.184559,202
Tianjin,BF-SAC-RF,BF-SAC-RF,32,0.184559,202
Tianjin,BF-SAC-RF,BF-SAC-RF,33,0.184559,202
Tianjin,BF-SAC-RF,BF-SAC-RF,34,0.184559,202
Tianjin,BF-SAC-RF,BF-SAC-RF,35,0.184559,202
Tianjin,BF-SAC-RF,BF-SAC-RF,36,0.184559,202
Tianjin,BF-SAC-RF,BF-SAC-RF,37,0.184559,202
Tianjin,BF-SAC-RF,BF-SAC-RF,38,0.184559,202
Tianjin,BF-SAC-RF,BF-SAC-RF,39,0.184559,202
Tianjin,BF-SAC-RF,BF-SAC-RF,40,0.184559,202
Tianjin,BF-SAC-RF,BF-SAC-RF,41,0.184559,202
Tianjin,BF-SAC-RF,BF-SAC-RF,42,0.184559,202
Tianjin,BF-SAC-RF,BF-SAC-RF,43,0.184559,202
Tianjin,BF-SAC-RF,BF-SAC-RF,44,0.184559,202
Tianjin,BF-SAC-RF,BF-SAC-RF,45,0.184559,202
Tianjin,BF-SAC-RF,BF-SAC-RF,46,0.184559,202
Tianjin,BF-SAC-RF,BF-SAC-RF,47,0.184559,202
Tianjin,BF-SAC-RF,BF-SAC-RF,48,0.184559,202
Tianjin,BF-SAC-RF,BF-SAC-RF,49,0.184559,202
Tianjin,BF-SAC-RF,BF-SAC-RF,50,0.184559,202
Tianjin,BF-SAC-RF,BF-SAC-RF,51,0.184559,202
Tianjin,BF-SAC-RF,BF-SAC-RF,52,0.184559,202
Tianjin,BF-SAC-RF,BF-SAC-RF,53,0.184559,202
Tianjin,BF-SAC-RF,BF-SAC-RF,54,0.184559,202
Tianjin,BF-SAC-RF,BF-SAC-RF,55,0.184559,202
Tianjin,BF-SAC-RF,BF-SAC-RF,56,0.184559,202
Tianjin,BF-SAC-RF,BF-SAC-RF,57,0.184559,202
Tianjin,BF-SAC-RF,BF-SAC-RF,58,0.184559,202
Tianjin,BF-SAC-RF,BF-SAC-RF,59,0.154744,202
Tianjin,BF-SAC-RF,BF-SAC-RF,60,0.154744,202
Tianjin,BF-SAC-RF,BF-SAC-RF,61,0.154744,202
Tianjin,BF-SAC-RF,BF-SAC-RF,62,0.154744,202
Tianjin,BF-SAC-RF,BF-SAC-RF,63,0.154744,202
Tianjin,BF-SAC-RF,BF-SAC-RF,64,0.139887,202
Tianjin,BF-SAC-RF,BF-SAC-RF,65,0.139887,202
Tianjin,BF-SAC-RF,BF-SAC-RF,66,0.139887,202
Tianjin,BF-SAC-RF,BF-SAC-RF,67,0.139887,202
Tianjin,BF-SAC-RF,BF-SAC-RF,68,0.139887,202
Tianjin,BF-SAC-RF,BF-SAC-RF,69,0.139887,202
Tianjin,BF-SAC-RF,BF-SAC-RF,70,0.139887,202
Tianjin,BF-SAC-RF,BF-SAC-RF,71,0.139887,202
Tianjin,BF-SAC-RF,BF-SAC-RF,72,0.139887,202
Tianjin,BF-SAC-RF,BF-SAC-RF,73,0.139887,202
Tianjin,BF-SAC-RF,BF-SAC-RF,74,0.139887,202
Tianjin,BF-SAC-RF,BF-SAC-RF,75,0.139887,202
Tianjin,BF-SAC-RF,BF-SAC-RF,76,0.139887,202
Tianjin,BF-SAC-RF,BF-SAC-RF,77,0.139887,202
Tianjin,BF-SAC-RF,BF-SAC-RF,78,0.139887,202
Tianjin,BF-SAC-RF,BF-SAC-RF,79,0.139887,202
Tianjin,BF-SAC-RF,BF-SAC-RF,80,0.139887,202
Tianjin,BF-SAC-RF,BF-SAC-RF,81,0.139887,202
Tianjin,BF-SAC-RF,BF-SAC-RF,82,0.139887,202
Tianjin,BF-SAC-RF,BF-SAC-RF,83,0.139887,202
Tianjin,BF-SAC-RF,BF-SAC-RF,84,0.139887,202
Tianjin,BF-SAC-RF,BF-SAC-RF,85,0.139887,202
Tianjin,BF-SAC-RF,BF-SAC-RF,86,0.139887,202
Tianjin,BF-SAC-RF,BF-SAC-RF,87,0.139887,202
Tianjin,BF-SAC-RF,BF-SAC-RF,88,0.139887,202
Tianjin,BF-SAC-RF,BF-SAC-RF,89,0.139887,202
Tianjin,BF-SAC-RF,BF-SAC-RF,90,0.139887,202
Tianjin,BF-SAC-RF,BF-SAC-RF,91,0.138655,202
Tianjin,BF-SAC-RF,BF-SAC-RF,92,0.138655,202
Tianjin,BF-SAC-RF,BF-SAC-RF,93,0.133318,202
Tianjin,BF-SAC-RF,BF-SAC-RF,94,0.133318,202
Tianjin,BF-SAC-RF,BF-SAC-RF,95,0.133318,202
Tianjin,BF-SAC-RF,BF-SAC-RF,96,0.133318,202
Tianjin,BF-SAC-RF,BF-SAC-RF,97,0.133318,202
Tianjin,BF-SAC-RF,BF-SAC-RF,98,0.133318,202
Tianjin,BF-SAC-RF,BF-SAC-RF,99,0.133318,202
Tianjin,BF-SAC-RF,BF-SAC-RF,100,0.133318,202
Tianjin,BF-SAC-RF,BF-SAC-RF,1,0.258752,303
Tianjin,BF-SAC-RF,BF-SAC-RF,2,0.258752,303
Tianjin,BF-SAC-RF,BF-SAC-RF,3,0.258752,303
Tianjin,BF-SAC-RF,BF-SAC-RF,4,0.258752,303
Tianjin,BF-SAC-RF,BF-SAC-RF,5,0.258752,303
Tianjin,BF-SAC-RF,BF-SAC-RF,6,0.258752,303
Tianjin,BF-SAC-RF,BF-SAC-RF,7,0.258752,303
Tianjin,BF-SAC-RF,BF-SAC-RF,8,0.258752,303
Tianjin,BF-SAC-RF,BF-SAC-RF,9,0.258752,303
Tianjin,BF-SAC-RF,BF-SAC-RF,10,0.256592,303
Tianjin,BF-SAC-RF,BF-SAC-RF,11,0.256592,303
Tianjin,BF-SAC-RF,BF-SAC-RF,12,0.256592,303
Tianjin,BF-SAC-RF,BF-SAC-RF,13,0.256592,303
Tianjin,BF-SAC-RF,BF-SAC-RF,14,0.256592,303
Tianjin,BF-SAC-RF,BF-SAC-RF,15,0.256592,303
Tianjin,BF-SAC-RF,BF-SAC-RF,16,0.256592,303
Tianjin,BF-SAC-RF,BF-SAC-RF,17,0.256592,303
Tianjin,BF-SAC-RF,BF-SAC-RF,18,0.256592,303
Tianjin,BF-SAC-RF,BF-SAC-RF,19,0.256592,303
Tianjin,BF-SAC-RF,BF-SAC-RF,20,0.256592,303
Tianjin,BF-SAC-RF,BF-SAC-RF,21,0.221272,303
Tianjin,BF-SAC-RF,BF-SAC-RF,22,0.221272,303
Tianjin,BF-SAC-RF,BF-SAC-RF,23,0.221272,303
Tianjin,BF-SAC-RF,BF-SAC-RF,24,0.215236,303
Tianjin,BF-SAC-RF,BF-SAC-RF,25,0.215236,303
Tianjin,BF-SAC-RF,BF-SAC-RF,26,0.215236,303
Tianjin,BF-SAC-RF,BF-SAC-RF,27,0.215236,303
Tianjin,BF-SAC-RF,BF-SAC-RF,28,0.215236,303
Tianjin,BF-SAC-RF,BF-SAC-RF,29,0.215236,303
Tianjin,BF-SAC-RF,BF-SAC-RF,30,0.215236,303
Tianjin,BF-SAC-RF,BF-SAC-RF,31,0.215236,303
Tianjin,BF-SAC-RF,BF-SAC-RF,32,0.215236,303
Tianjin,BF-SAC-RF,BF-SAC-RF,33,0.215236,303
Tianjin,BF-SAC-RF,BF-SAC-RF,34,0.215236,303
Tianjin,BF-SAC-RF,BF-SAC-RF,35,0.215236,303
Tianjin,BF-SAC-RF,BF-SAC-RF,36,0.215236,303
Tianjin,BF-SAC-RF,BF-SAC-RF,37,0.215236,303
Tianjin,BF-SAC-RF,BF-SAC-RF,38,0.215236,303
Tianjin,BF-SAC-RF,BF-SAC-RF,39,0.215236,303
Tianjin,BF-SAC-RF,BF-SAC-RF,40,0.215236,303
Tianjin,BF-SAC-RF,BF-SAC-RF,41,0.215236,303
Tianjin,BF-SAC-RF,BF-SAC-RF,42,0.215236,303
Tianjin,BF-SAC-RF,BF-SAC-RF,43,0.215236,303
Tianjin,BF-SAC-RF,BF-SAC-RF,44,0.215236,303
Tianjin,BF-SAC-RF,BF-SAC-RF,45,0.215236,303
Tianjin,BF-SAC-RF,BF-SAC-RF,46,0.215236,303
Tianjin,BF-SAC-RF,BF-SAC-RF,47,0.215236,303
Tianjin,BF-SAC-RF,BF-SAC-RF,48,0.215236,303
Tianjin,BF-SAC-RF,BF-SAC-RF,49,0.215236,303
Tianjin,BF-SAC-RF,BF-SAC-RF,50,0.207814,303
Tianjin,BF-SAC-RF,BF-SAC-RF,51,0.207814,303
Tianjin,BF-SAC-RF,BF-SAC-RF,52,0.178404,303
Tianjin,BF-SAC-RF,BF-SAC-RF,53,0.178404,303
Tianjin,BF-SAC-RF,BF-SAC-RF,54,0.177225,303
Tianjin,BF-SAC-RF,BF-SAC-RF,55,0.172584,303
Tianjin,BF-SAC-RF,BF-SAC-RF,56,0.172584,303
Tianjin,BF-SAC-RF,BF-SAC-RF,57,0.172584,303
Tianjin,BF-SAC-RF,BF-SAC-RF,58,0.172584,303
Tianjin,BF-SAC-RF,BF-SAC-RF,59,0.168949,303
Tianjin,BF-SAC-RF,BF-SAC-RF,60,0.168949,303
Tianjin,BF-SAC-RF,BF-SAC-RF,61,0.168949,303
Tianjin,BF-SAC-RF,BF-SAC-RF,62,0.168949,303
Tianjin,BF-SAC-RF,BF-SAC-RF,63,0.168949,303
Tianjin,BF-SAC-RF,BF-SAC-RF,64,0.168949,303
Tianjin,BF-SAC-RF,BF-SAC-RF,65,0.168949,303
Tianjin,BF-SAC-RF,BF-SAC-RF,66,0.168949,303
Tianjin,BF-SAC-RF,BF-SAC-RF,67,0.168949,303
Tianjin,BF-SAC-RF,BF-SAC-RF,68,0.168949,303
Tianjin,BF-SAC-RF,BF-SAC-RF,69,0.168949,303
Tianjin,BF-SAC-RF,BF-SAC-RF,70,0.168949,303
Tianjin,BF-SAC-RF,BF-SAC-RF,71,0.168949,303
Tianjin,BF-SAC-RF,BF-SAC-RF,72,0.168949,303
Tianjin,BF-SAC-RF,BF-SAC-RF,73,0.168949,303
Tianjin,BF-SAC-RF,BF-SAC-RF,74,0.168949,303
Tianjin,BF-SAC-RF,BF-SAC-RF,75,0.168949,303
Tianjin,BF-SAC-RF,BF-SAC-RF,76,0.168949,303
Tianjin,BF-SAC-RF,BF-SAC-RF,77,0.168949,303
Tianjin,BF-SAC-RF,BF-SAC-RF,78,0.168949,303
Tianjin,BF-SAC-RF,BF-SAC-RF,79,0.168949,303
Tianjin,BF-SAC-RF,BF-SAC-RF,80,0.168949,303
Tianjin,BF-SAC-RF,BF-SAC-RF,81,0.168949,303
Tianjin,BF-SAC-RF,BF-SAC-RF,82,0.168949,303
Tianjin,BF-SAC-RF,BF-SAC-RF,83,0.168949,303
Tianjin,BF-SAC-RF,BF-SAC-RF,84,0.168949,303
Tianjin,BF-SAC-RF,BF-SAC-RF,85,0.168949,303
Tianjin,BF-SAC-RF,BF-SAC-RF,86,0.168949,303
Tianjin,BF-SAC-RF,BF-SAC-RF,87,0.168949,303
Tianjin,BF-SAC-RF,BF-SAC-RF,88,0.168949,303
Tianjin,BF-SAC-RF,BF-SAC-RF,89,0.164845,303
Tianjin,BF-SAC-RF,BF-SAC-RF,90,0.164845,303
Tianjin,BF-SAC-RF,BF-SAC-RF,91,0.164845,303
Tianjin,BF-SAC-RF,BF-SAC-RF,92,0.164845,303
Tianjin,BF-SAC-RF,BF-SAC-RF,93,0.164845,303
Tianjin,BF-SAC-RF,BF-SAC-RF,94,0.155334,303
Tianjin,BF-SAC-RF,BF-SAC-RF,95,0.155334,303
Tianjin,BF-SAC-RF,BF-SAC-RF,96,0.155334,303
Tianjin,BF-SAC-RF,BF-SAC-RF,97,0.149537,303
Tianjin,BF-SAC-RF,BF-SAC-RF,98,0.149537,303
Tianjin,BF-SAC-RF,BF-SAC-RF,99,0.149537,303
Tianjin,BF-SAC-RF,BF-SAC-RF,100,0.149537,303
Tianjin,BF-SAC-RF,BF-SAC-RF,1,0.796746,404
Tianjin,BF-SAC-RF,BF-SAC-RF,2,0.796746,404
Tianjin,BF-SAC-RF,BF-SAC-RF,3,0.453985,404
Tianjin,BF-SAC-RF,BF-SAC-RF,4,0.453985,404
Tianjin,BF-SAC-RF,BF-SAC-RF,5,0.453985,404
Tianjin,BF-SAC-RF,BF-SAC-RF,6,0.453985,404
Tianjin,BF-SAC-RF,BF-SAC-RF,7,0.453985,404
Tianjin,BF-SAC-RF,BF-SAC-RF,8,0.453985,404
Tianjin,BF-SAC-RF,BF-SAC-RF,9,0.453985,404
Tianjin,BF-SAC-RF,BF-SAC-RF,10,0.453985,404
Tianjin,BF-SAC-RF,BF-SAC-RF,11,0.453985,404
Tianjin,BF-SAC-RF,BF-SAC-RF,12,0.453985,404
Tianjin,BF-SAC-RF,BF-SAC-RF,13,0.403638,404
Tianjin,BF-SAC-RF,BF-SAC-RF,14,0.403638,404
Tianjin,BF-SAC-RF,BF-SAC-RF,15,0.403638,404
Tianjin,BF-SAC-RF,BF-SAC-RF,16,0.403638,404
Tianjin,BF-SAC-RF,BF-SAC-RF,17,0.293038,404
Tianjin,BF-SAC-RF,BF-SAC-RF,18,0.293038,404
Tianjin,BF-SAC-RF,BF-SAC-RF,19,0.293038,404
Tianjin,BF-SAC-RF,BF-SAC-RF,20,0.293038,404
Tianjin,BF-SAC-RF,BF-SAC-RF,21,0.21607,404
Tianjin,BF-SAC-RF,BF-SAC-RF,22,0.21607,404
Tianjin,BF-SAC-RF,BF-SAC-RF,23,0.21607,404
Tianjin,BF-SAC-RF,BF-SAC-RF,24,0.21607,404
Tianjin,BF-SAC-RF,BF-SAC-RF,25,0.21607,404
Tianjin,BF-SAC-RF,BF-SAC-RF,26,0.21607,404
Tianjin,BF-SAC-RF,BF-SAC-RF,27,0.21607,404
Tianjin,BF-SAC-RF,BF-SAC-RF,28,0.21607,404
Tianjin,BF-SAC-RF,BF-SAC-RF,29,0.21607,404
Tianjin,BF-SAC-RF,BF-SAC-RF,30,0.21607,404
Tianjin,BF-SAC-RF,BF-SAC-RF,31,0.21607,404
Tianjin,BF-SAC-RF,BF-SAC-RF,32,0.21607,404
Tianjin,BF-SAC-RF,BF-SAC-RF,33,0.21607,404
Tianjin,BF-SAC-RF,BF-SAC-RF,34,0.21607,404
Tianjin,BF-SAC-RF,BF-SAC-RF,35,0.21607,404
Tianjin,BF-SAC-RF,BF-SAC-RF,36,0.21607,404
Tianjin,BF-SAC-RF,BF-SAC-RF,37,0.21607,404
Tianjin,BF-SAC-RF,BF-SAC-RF,38,0.21607,404
Tianjin,BF-SAC-RF,BF-SAC-RF,39,0.21607,404
Tianjin,BF-SAC-RF,BF-SAC-RF,40,0.21607,404
Tianjin,BF-SAC-RF,BF-SAC-RF,41,0.21607,404
Tianjin,BF-SAC-RF,BF-SAC-RF,42,0.21607,404
Tianjin,BF-SAC-RF,BF-SAC-RF,43,0.21607,404
Tianjin,BF-SAC-RF,BF-SAC-RF,44,0.21607,404
Tianjin,BF-SAC-RF,BF-SAC-RF,45,0.21607,404
Tianjin,BF-SAC-RF,BF-SAC-RF,46,0.21607,404
Tianjin,BF-SAC-RF,BF-SAC-RF,47,0.21607,404
Tianjin,BF-SAC-RF,BF-SAC-RF,48,0.21607,404
Tianjin,BF-SAC-RF,BF-SAC-RF,49,0.21607,404
Tianjin,BF-SAC-RF,BF-SAC-RF,50,0.21607,404
Tianjin,BF-SAC-RF,BF-SAC-RF,51,0.21607,404
Tianjin,BF-SAC-RF,BF-SAC-RF,52,0.21607,404
Tianjin,BF-SAC-RF,BF-SAC-RF,53,0.21607,404
Tianjin,BF-SAC-RF,BF-SAC-RF,54,0.21607,404
Tianjin,BF-SAC-RF,BF-SAC-RF,55,0.21607,404
Tianjin,BF-SAC-RF,BF-SAC-RF,56,0.21607,404
Tianjin,BF-SAC-RF,BF-SAC-RF,57,0.21607,404
Tianjin,BF-SAC-RF,BF-SAC-RF,58,0.21607,404
Tianjin,BF-SAC-RF,BF-SAC-RF,59,0.21607,404
Tianjin,BF-SAC-RF,BF-SAC-RF,60,0.21607,404
Tianjin,BF-SAC-RF,BF-SAC-RF,61,0.21607,404
Tianjin,BF-SAC-RF,BF-SAC-RF,62,0.21607,404
Tianjin,BF-SAC-RF,BF-SAC-RF,63,0.21607,404
Tianjin,BF-SAC-RF,BF-SAC-RF,64,0.21607,404
Tianjin,BF-SAC-RF,BF-SAC-RF,65,0.21607,404
Tianjin,BF-SAC-RF,BF-SAC-RF,66,0.21607,404
Tianjin,BF-SAC-RF,BF-SAC-RF,67,0.21607,404
Tianjin,BF-SAC-RF,BF-SAC-RF,68,0.21607,404
Tianjin,BF-SAC-RF,BF-SAC-RF,69,0.21607,404
Tianjin,BF-SAC-RF,BF-SAC-RF,70,0.21607,404
Tianjin,BF-SAC-RF,BF-SAC-RF,71,0.21607,404
Tianjin,BF-SAC-RF,BF-SAC-RF,72,0.21607,404
Tianjin,BF-SAC-RF,BF-SAC-RF,73,0.21607,404
Tianjin,BF-SAC-RF,BF-SAC-RF,74,0.21607,404
Tianjin,BF-SAC-RF,BF-SAC-RF,75,0.21607,404
Tianjin,BF-SAC-RF,BF-SAC-RF,76,0.21607,404
Tianjin,BF-SAC-RF,BF-SAC-RF,77,0.21607,404
Tianjin,BF-SAC-RF,BF-SAC-RF,78,0.184489,404
Tianjin,BF-SAC-RF,BF-SAC-RF,79,0.184489,404
Tianjin,BF-SAC-RF,BF-SAC-RF,80,0.184489,404
Tianjin,BF-SAC-RF,BF-SAC-RF,81,0.184489,404
Tianjin,BF-SAC-RF,BF-SAC-RF,82,0.184489,404
Tianjin,BF-SAC-RF,BF-SAC-RF,83,0.184489,404
Tianjin,BF-SAC-RF,BF-SAC-RF,84,0.184489,404
Tianjin,BF-SAC-RF,BF-SAC-RF,85,0.184489,404
Tianjin,BF-SAC-RF,BF-SAC-RF,86,0.175361,404
Tianjin,BF-SAC-RF,BF-SAC-RF,87,0.175361,404
Tianjin,BF-SAC-RF,BF-SAC-RF,88,0.175361,404
Tianjin,BF-SAC-RF,BF-SAC-RF,89,0.175361,404
Tianjin,BF-SAC-RF,BF-SAC-RF,90,0.175361,404
Tianjin,BF-SAC-RF,BF-SAC-RF,91,0.162363,404
Tianjin,BF-SAC-RF,BF-SAC-RF,92,0.162363,404
Tianjin,BF-SAC-RF,BF-SAC-RF,93,0.162363,404
Tianjin,BF-SAC-RF,BF-SAC-RF,94,0.135626,404
Tianjin,BF-SAC-RF,BF-SAC-RF,95,0.135626,404
Tianjin,BF-SAC-RF,BF-SAC-RF,96,0.135626,404
Tianjin,BF-SAC-RF,BF-SAC-RF,97,0.135626,404
Tianjin,BF-SAC-RF,BF-SAC-RF,98,0.135626,404
Tianjin,BF-SAC-RF,BF-SAC-RF,99,0.135626,404
Tianjin,BF-SAC-RF,BF-SAC-RF,100,0.135626,404
Tianjin,CMA-ES,CMA-ES,1,0.44851024112947513,42
Tianjin,CMA-ES,CMA-ES,2,0.44851024112947513,42
Tianjin,CMA-ES,CMA-ES,3,0.44851024112947513,42
Tianjin,CMA-ES,CMA-ES,4,0.29121085791444257,42
Tianjin,CMA-ES,CMA-ES,5,0.29121085791444257,42
Tianjin,CMA-ES,CMA-ES,6,0.29121085791444257,42
Tianjin,CMA-ES,CMA-ES,7,0.29121085791444257,42
Tianjin,CMA-ES,CMA-ES,8,0.29121085791444257,42
Tianjin,CMA-ES,CMA-ES,9,0.29121085791444257,42
Tianjin,CMA-ES,CMA-ES,10,0.22619304213446695,42
Tianjin,CMA-ES,CMA-ES,11,0.22619304213446695,42
Tianjin,CMA-ES,CMA-ES,12,0.22619304213446695,42
Tianjin,CMA-ES,CMA-ES,13,0.22619304213446695,42
Tianjin,CMA-ES,CMA-ES,14,0.22619304213446695,42
Tianjin,CMA-ES,CMA-ES,15,0.22619304213446695,42
Tianjin,CMA-ES,CMA-ES,16,0.22619304213446695,42
Tianjin,CMA-ES,CMA-ES,17,0.22619304213446695,42
Tianjin,CMA-ES,CMA-ES,18,0.22619304213446695,42
Tianjin,CMA-ES,CMA-ES,19,0.22619304213446695,42
Tianjin,CMA-ES,CMA-ES,20,0.22619304213446695,42
Tianjin,CMA-ES,CMA-ES,21,0.22619304213446695,42
Tianjin,CMA-ES,CMA-ES,22,0.22619304213446695,42
Tianjin,CMA-ES,CMA-ES,23,0.22619304213446695,42
Tianjin,CMA-ES,CMA-ES,24,0.22619304213446695,42
Tianjin,CMA-ES,CMA-ES,25,0.22619304213446695,42
Tianjin,CMA-ES,CMA-ES,26,0.22619304213446695,42
Tianjin,CMA-ES,CMA-ES,27,0.22619304213446695,42
Tianjin,CMA-ES,CMA-ES,28,0.22619304213446695,42
Tianjin,CMA-ES,CMA-ES,29,0.22619304213446695,42
Tianjin,CMA-ES,CMA-ES,30,0.22619304213446695,42
Tianjin,CMA-ES,CMA-ES,31,0.22619304213446695,42
Tianjin,CMA-ES,CMA-ES,32,0.22619304213446695,42
Tianjin,CMA-ES,CMA-ES,33,0.22619304213446695,42
Tianjin,CMA-ES,CMA-ES,34,0.22619304213446695,42
Tianjin,CMA-ES,CMA-ES,35,0.22619304213446695,42
Tianjin,CMA-ES,CMA-ES,36,0.22619304213446695,42
Tianjin,CMA-ES,CMA-ES,37,0.22619304213446695,42
Tianjin,CMA-ES,CMA-ES,38,0.22619304213446695,42
Tianjin,CMA-ES,CMA-ES,39,0.22619304213446695,42
Tianjin,CMA-ES,CMA-ES,40,0.22619304213446695,42
Tianjin,CMA-ES,CMA-ES,41,0.22619304213446695,42
Tianjin,CMA-ES,CMA-ES,42,0.22619304213446695,42
Tianjin,CMA-ES,CMA-ES,43,0.22619304213446695,42
Tianjin,CMA-ES,CMA-ES,44,0.22619304213446695,42
Tianjin,CMA-ES,CMA-ES,45,0.22619304213446695,42
Tianjin,CMA-ES,CMA-ES,46,0.22619304213446695,42
Tianjin,CMA-ES,CMA-ES,47,0.22619304213446695,42
Tianjin,CMA-ES,CMA-ES,48,0.22619304213446695,42
Tianjin,CMA-ES,CMA-ES,49,0.22619304213446695,42
Tianjin,CMA-ES,CMA-ES,50,0.22619304213446695,42
Tianjin,CMA-ES,CMA-ES,51,0.22619304213446695,42
Tianjin,CMA-ES,CMA-ES,52,0.22619304213446695,42
Tianjin,CMA-ES,CMA-ES,53,0.22619304213446695,42
Tianjin,CMA-ES,CMA-ES,54,0.22619304213446695,42
Tianjin,CMA-ES,CMA-ES,55,0.22619304213446695,42
Tianjin,CMA-ES,CMA-ES,56,0.22619304213446695,42
Tianjin,CMA-ES,CMA-ES,57,0.22619304213446695,42
Tianjin,CMA-ES,CMA-ES,58,0.22619304213446695,42
Tianjin,CMA-ES,CMA-ES,59,0.22619304213446695,42
Tianjin,CMA-ES,CMA-ES,60,0.22619304213446695,42
Tianjin,CMA-ES,CMA-ES,61,0.22619304213446695,42
Tianjin,CMA-ES,CMA-ES,62,0.22619304213446695,42
Tianjin,CMA-ES,CMA-ES,63,0.22619304213446695,42
Tianjin,CMA-ES,CMA-ES,64,0.22619304213446695,42
Tianjin,CMA-ES,CMA-ES,65,0.22619304213446695,42
Tianjin,CMA-ES,CMA-ES,66,0.22619304213446695,42
Tianjin,CMA-ES,CMA-ES,67,0.22619304213446695,42
Tianjin,CMA-ES,CMA-ES,68,0.22619304213446695,42
Tianjin,CMA-ES,CMA-ES,69,0.22619304213446695,42
Tianjin,CMA-ES,CMA-ES,70,0.22619304213446695,42
Tianjin,CMA-ES,CMA-ES,71,0.22619304213446695,42
Tianjin,CMA-ES,CMA-ES,72,0.22619304213446695,42
Tianjin,CMA-ES,CMA-ES,73,0.22619304213446695,42
Tianjin,CMA-ES,CMA-ES,74,0.22619304213446695,42
Tianjin,CMA-ES,CMA-ES,75,0.22619304213446695,42
Tianjin,CMA-ES,CMA-ES,76,0.22619304213446695,42
Tianjin,CMA-ES,CMA-ES,77,0.22619304213446695,42
Tianjin,CMA-ES,CMA-ES,78,0.22619304213446695,42
Tianjin,CMA-ES,CMA-ES,79,0.22619304213446695,42
Tianjin,CMA-ES,CMA-ES,80,0.22619304213446695,42
Tianjin,CMA-ES,CMA-ES,81,0.22619304213446695,42
Tianjin,CMA-ES,CMA-ES,82,0.22619304213446695,42
Tianjin,CMA-ES,CMA-ES,83,0.22619304213446695,42
Tianjin,CMA-ES,CMA-ES,84,0.22619304213446695,42
Tianjin,CMA-ES,CMA-ES,85,0.22619304213446695,42
Tianjin,CMA-ES,CMA-ES,86,0.22619304213446695,42
Tianjin,CMA-ES,CMA-ES,87,0.22619304213446695,42
Tianjin,CMA-ES,CMA-ES,88,0.22619304213446695,42
Tianjin,CMA-ES,CMA-ES,89,0.22619304213446695,42
Tianjin,CMA-ES,CMA-ES,90,0.21797300096334055,42
Tianjin,CMA-ES,CMA-ES,91,0.19603276792309718,42
Tianjin,CMA-ES,CMA-ES,92,0.19603276792309718,42
Tianjin,CMA-ES,CMA-ES,93,0.19603276792309718,42
Tianjin,CMA-ES,CMA-ES,94,0.19603276792309718,42
Tianjin,CMA-ES,CMA-ES,95,0.19603276792309718,42
Tianjin,CMA-ES,CMA-ES,96,0.19603276792309718,42
Tianjin,CMA-ES,CMA-ES,97,0.19603276792309718,42
Tianjin,CMA-ES,CMA-ES,98,0.19603276792309718,42
Tianjin,CMA-ES,CMA-ES,99,0.19603276792309718,42
Tianjin,CMA-ES,CMA-ES,100,0.19603276792309718,42
Tianjin,CMA-ES,CMA-ES,1,1.3911026200476577,101
Tianjin,CMA-ES,CMA-ES,2,1.1404103202012874,101
Tianjin,CMA-ES,CMA-ES,3,1.1404103202012874,101
Tianjin,CMA-ES,CMA-ES,4,0.2609149620528357,101
Tianjin,CMA-ES,CMA-ES,5,0.2609149620528357,101
Tianjin,CMA-ES,CMA-ES,6,0.2609149620528357,101
Tianjin,CMA-ES,CMA-ES,7,0.23174111604609726,101
Tianjin,CMA-ES,CMA-ES,8,0.23174111604609726,101
Tianjin,CMA-ES,CMA-ES,9,0.23174111604609726,101
Tianjin,CMA-ES,CMA-ES,10,0.23174111604609726,101
Tianjin,CMA-ES,CMA-ES,11,0.23174111604609726,101
Tianjin,CMA-ES,CMA-ES,12,0.23174111604609726,101
Tianjin,CMA-ES,CMA-ES,13,0.23174111604609726,101
Tianjin,CMA-ES,CMA-ES,14,0.23174111604609726,101
Tianjin,CMA-ES,CMA-ES,15,0.23174111604609726,101
Tianjin,CMA-ES,CMA-ES,16,0.23174111604609726,101
Tianjin,CMA-ES,CMA-ES,17,0.23174111604609726,101
Tianjin,CMA-ES,CMA-ES,18,0.23174111604609726,101
Tianjin,CMA-ES,CMA-ES,19,0.23174111604609726,101
Tianjin,CMA-ES,CMA-ES,20,0.23174111604609726,101
Tianjin,CMA-ES,CMA-ES,21,0.23174111604609726,101
Tianjin,CMA-ES,CMA-ES,22,0.23174111604609726,101
Tianjin,CMA-ES,CMA-ES,23,0.23174111604609726,101
Tianjin,CMA-ES,CMA-ES,24,0.23174111604609726,101
Tianjin,CMA-ES,CMA-ES,25,0.23174111604609726,101
Tianjin,CMA-ES,CMA-ES,26,0.23174111604609726,101
Tianjin,CMA-ES,CMA-ES,27,0.23174111604609726,101
Tianjin,CMA-ES,CMA-ES,28,0.21072738494198762,101
Tianjin,CMA-ES,CMA-ES,29,0.21072738494198762,101
Tianjin,CMA-ES,CMA-ES,30,0.21072738494198762,101
Tianjin,CMA-ES,CMA-ES,31,0.21072738494198762,101
Tianjin,CMA-ES,CMA-ES,32,0.21072738494198762,101
Tianjin,CMA-ES,CMA-ES,33,0.21072738494198762,101
Tianjin,CMA-ES,CMA-ES,34,0.21072738494198762,101
Tianjin,CMA-ES,CMA-ES,35,0.21072738494198762,101
Tianjin,CMA-ES,CMA-ES,36,0.21072738494198762,101
Tianjin,CMA-ES,CMA-ES,37,0.21072738494198762,101
Tianjin,CMA-ES,CMA-ES,38,0.21072738494198762,101
Tianjin,CMA-ES,CMA-ES,39,0.21072738494198762,101
Tianjin,CMA-ES,CMA-ES,40,0.21072738494198762,101
Tianjin,CMA-ES,CMA-ES,41,0.15662077713002512,101
Tianjin,CMA-ES,CMA-ES,42,0.15662077713002512,101
Tianjin,CMA-ES,CMA-ES,43,0.15662077713002512,101
Tianjin,CMA-ES,CMA-ES,44,0.15662077713002512,101
Tianjin,CMA-ES,CMA-ES,45,0.15662077713002512,101
Tianjin,CMA-ES,CMA-ES,46,0.15662077713002512,101
Tianjin,CMA-ES,CMA-ES,47,0.15662077713002512,101
Tianjin,CMA-ES,CMA-ES,48,0.15662077713002512,101
Tianjin,CMA-ES,CMA-ES,49,0.15662077713002512,101
Tianjin,CMA-ES,CMA-ES,50,0.15662077713002512,101
Tianjin,CMA-ES,CMA-ES,51,0.15662077713002512,101
Tianjin,CMA-ES,CMA-ES,52,0.15662077713002512,101
Tianjin,CMA-ES,CMA-ES,53,0.15662077713002512,101
Tianjin,CMA-ES,CMA-ES,54,0.15662077713002512,101
Tianjin,CMA-ES,CMA-ES,55,0.15662077713002512,101
Tianjin,CMA-ES,CMA-ES,56,0.15662077713002512,101
Tianjin,CMA-ES,CMA-ES,57,0.15662077713002512,101
Tianjin,CMA-ES,CMA-ES,58,0.15662077713002512,101
Tianjin,CMA-ES,CMA-ES,59,0.15662077713002512,101
Tianjin,CMA-ES,CMA-ES,60,0.15662077713002512,101
Tianjin,CMA-ES,CMA-ES,61,0.15662077713002512,101
Tianjin,CMA-ES,CMA-ES,62,0.15662077713002512,101
Tianjin,CMA-ES,CMA-ES,63,0.15662077713002512,101
Tianjin,CMA-ES,CMA-ES,64,0.15662077713002512,101
Tianjin,CMA-ES,CMA-ES,65,0.15662077713002512,101
Tianjin,CMA-ES,CMA-ES,66,0.15662077713002512,101
Tianjin,CMA-ES,CMA-ES,67,0.15662077713002512,101
Tianjin,CMA-ES,CMA-ES,68,0.15662077713002512,101
Tianjin,CMA-ES,CMA-ES,69,0.15662077713002512,101
Tianjin,CMA-ES,CMA-ES,70,0.15662077713002512,101
Tianjin,CMA-ES,CMA-ES,71,0.15662077713002512,101
Tianjin,CMA-ES,CMA-ES,72,0.15662077713002512,101
Tianjin,CMA-ES,CMA-ES,73,0.15662077713002512,101
Tianjin,CMA-ES,CMA-ES,74,0.15662077713002512,101
Tianjin,CMA-ES,CMA-ES,75,0.15662077713002512,101
Tianjin,CMA-ES,CMA-ES,76,0.15662077713002512,101
Tianjin,CMA-ES,CMA-ES,77,0.15662077713002512,101
Tianjin,CMA-ES,CMA-ES,78,0.15662077713002512,101
Tianjin,CMA-ES,CMA-ES,79,0.15662077713002512,101
Tianjin,CMA-ES,CMA-ES,80,0.15662077713002512,101
Tianjin,CMA-ES,CMA-ES,81,0.15662077713002512,101
Tianjin,CMA-ES,CMA-ES,82,0.15662077713002512,101
Tianjin,CMA-ES,CMA-ES,83,0.15662077713002512,101
Tianjin,CMA-ES,CMA-ES,84,0.15662077713002512,101
Tianjin,CMA-ES,CMA-ES,85,0.15662077713002512,101
Tianjin,CMA-ES,CMA-ES,86,0.15662077713002512,101
Tianjin,CMA-ES,CMA-ES,87,0.15662077713002512,101
Tianjin,CMA-ES,CMA-ES,88,0.15662077713002512,101
Tianjin,CMA-ES,CMA-ES,89,0.15662077713002512,101
Tianjin,CMA-ES,CMA-ES,90,0.15662077713002512,101
Tianjin,CMA-ES,CMA-ES,91,0.15662077713002512,101
Tianjin,CMA-ES,CMA-ES,92,0.15662077713002512,101
Tianjin,CMA-ES,CMA-ES,93,0.15662077713002512,101
Tianjin,CMA-ES,CMA-ES,94,0.15662077713002512,101
Tianjin,CMA-ES,CMA-ES,95,0.15662077713002512,101
Tianjin,CMA-ES,CMA-ES,96,0.15662077713002512,101
Tianjin,CMA-ES,CMA-ES,97,0.15662077713002512,101
Tianjin,CMA-ES,CMA-ES,98,0.15662077713002512,101
Tianjin,CMA-ES,CMA-ES,99,0.15662077713002512,101
Tianjin,CMA-ES,CMA-ES,100,0.15662077713002512,101
Tianjin,CMA-ES,CMA-ES,1,0.3339492708311219,202
Tianjin,CMA-ES,CMA-ES,2,0.3339492708311219,202
Tianjin,CMA-ES,CMA-ES,3,0.22355902219241816,202
Tianjin,CMA-ES,CMA-ES,4,0.22355902219241816,202
Tianjin,CMA-ES,CMA-ES,5,0.22355902219241816,202
Tianjin,CMA-ES,CMA-ES,6,0.22355902219241816,202
Tianjin,CMA-ES,CMA-ES,7,0.22355902219241816,202
Tianjin,CMA-ES,CMA-ES,8,0.22355902219241816,202
Tianjin,CMA-ES,CMA-ES,9,0.22355902219241816,202
Tianjin,CMA-ES,CMA-ES,10,0.22355902219241816,202
Tianjin,CMA-ES,CMA-ES,11,0.22355902219241816,202
Tianjin,CMA-ES,CMA-ES,12,0.22355902219241816,202
Tianjin,CMA-ES,CMA-ES,13,0.22355902219241816,202
Tianjin,CMA-ES,CMA-ES,14,0.22355902219241816,202
Tianjin,CMA-ES,CMA-ES,15,0.22355902219241816,202
Tianjin,CMA-ES,CMA-ES,16,0.22355902219241816,202
Tianjin,CMA-ES,CMA-ES,17,0.22355902219241816,202
Tianjin,CMA-ES,CMA-ES,18,0.22355902219241816,202
Tianjin,CMA-ES,CMA-ES,19,0.22355902219241816,202
Tianjin,CMA-ES,CMA-ES,20,0.22355902219241816,202
Tianjin,CMA-ES,CMA-ES,21,0.22355902219241816,202
Tianjin,CMA-ES,CMA-ES,22,0.22345483077179978,202
Tianjin,CMA-ES,CMA-ES,23,0.22345483077179978,202
Tianjin,CMA-ES,CMA-ES,24,0.22345483077179978,202
Tianjin,CMA-ES,CMA-ES,25,0.2196928556293582,202
Tianjin,CMA-ES,CMA-ES,26,0.2196928556293582,202
Tianjin,CMA-ES,CMA-ES,27,0.2196928556293582,202
Tianjin,CMA-ES,CMA-ES,28,0.2196928556293582,202
Tianjin,CMA-ES,CMA-ES,29,0.2196928556293582,202
Tianjin,CMA-ES,CMA-ES,30,0.2196928556293582,202
Tianjin,CMA-ES,CMA-ES,31,0.2196928556293582,202
Tianjin,CMA-ES,CMA-ES,32,0.2196928556293582,202
Tianjin,CMA-ES,CMA-ES,33,0.2196928556293582,202
Tianjin,CMA-ES,CMA-ES,34,0.2196928556293582,202
Tianjin,CMA-ES,CMA-ES,35,0.21886231890036462,202
Tianjin,CMA-ES,CMA-ES,36,0.21886231890036462,202
Tianjin,CMA-ES,CMA-ES,37,0.21886231890036462,202
Tianjin,CMA-ES,CMA-ES,38,0.21886231890036462,202
Tianjin,CMA-ES,CMA-ES,39,0.21886231890036462,202
Tianjin,CMA-ES,CMA-ES,40,0.2021304626660438,202
Tianjin,CMA-ES,CMA-ES,41,0.2021304626660438,202
Tianjin,CMA-ES,CMA-ES,42,0.2021304626660438,202
Tianjin,CMA-ES,CMA-ES,43,0.2021304626660438,202
Tianjin,CMA-ES,CMA-ES,44,0.2021304626660438,202
Tianjin,CMA-ES,CMA-ES,45,0.2021304626660438,202
Tianjin,CMA-ES,CMA-ES,46,0.2021304626660438,202
Tianjin,CMA-ES,CMA-ES,47,0.2021304626660438,202
Tianjin,CMA-ES,CMA-ES,48,0.2021304626660438,202
Tianjin,CMA-ES,CMA-ES,49,0.2021304626660438,202
Tianjin,CMA-ES,CMA-ES,50,0.2021304626660438,202
Tianjin,CMA-ES,CMA-ES,51,0.2021304626660438,202
Tianjin,CMA-ES,CMA-ES,52,0.2021304626660438,202
Tianjin,CMA-ES,CMA-ES,53,0.2021304626660438,202
Tianjin,CMA-ES,CMA-ES,54,0.2021304626660438,202
Tianjin,CMA-ES,CMA-ES,55,0.2021304626660438,202
Tianjin,CMA-ES,CMA-ES,56,0.2021304626660438,202
Tianjin,CMA-ES,CMA-ES,57,0.2021304626660438,202
Tianjin,CMA-ES,CMA-ES,58,0.2021304626660438,202
Tianjin,CMA-ES,CMA-ES,59,0.2021304626660438,202
Tianjin,CMA-ES,CMA-ES,60,0.2021304626660438,202
Tianjin,CMA-ES,CMA-ES,61,0.2021304626660438,202
Tianjin,CMA-ES,CMA-ES,62,0.2021304626660438,202
Tianjin,CMA-ES,CMA-ES,63,0.2021304626660438,202
Tianjin,CMA-ES,CMA-ES,64,0.2021304626660438,202
Tianjin,CMA-ES,CMA-ES,65,0.2021304626660438,202
Tianjin,CMA-ES,CMA-ES,66,0.2021304626660438,202
Tianjin,CMA-ES,CMA-ES,67,0.2021304626660438,202
Tianjin,CMA-ES,CMA-ES,68,0.2021304626660438,202
Tianjin,CMA-ES,CMA-ES,69,0.2021304626660438,202
Tianjin,CMA-ES,CMA-ES,70,0.19154575876990954,202
Tianjin,CMA-ES,CMA-ES,71,0.19154575876990954,202
Tianjin,CMA-ES,CMA-ES,72,0.19154575876990954,202
Tianjin,CMA-ES,CMA-ES,73,0.19154575876990954,202
Tianjin,CMA-ES,CMA-ES,74,0.19154575876990954,202
Tianjin,CMA-ES,CMA-ES,75,0.16835223390492596,202
Tianjin,CMA-ES,CMA-ES,76,0.16835223390492596,202
Tianjin,CMA-ES,CMA-ES,77,0.16835223390492596,202
Tianjin,CMA-ES,CMA-ES,78,0.16835223390492596,202
Tianjin,CMA-ES,CMA-ES,79,0.16835223390492596,202
Tianjin,CMA-ES,CMA-ES,80,0.16835223390492596,202
Tianjin,CMA-ES,CMA-ES,81,0.16835223390492596,202
Tianjin,CMA-ES,CMA-ES,82,0.16835223390492596,202
Tianjin,CMA-ES,CMA-ES,83,0.16835223390492596,202
Tianjin,CMA-ES,CMA-ES,84,0.16835223390492596,202
Tianjin,CMA-ES,CMA-ES,85,0.16835223390492596,202
Tianjin,CMA-ES,CMA-ES,86,0.16835223390492596,202
Tianjin,CMA-ES,CMA-ES,87,0.16835223390492596,202
Tianjin,CMA-ES,CMA-ES,88,0.16835223390492596,202
Tianjin,CMA-ES,CMA-ES,89,0.16835223390492596,202
Tianjin,CMA-ES,CMA-ES,90,0.16835223390492596,202
Tianjin,CMA-ES,CMA-ES,91,0.16835223390492596,202
Tianjin,CMA-ES,CMA-ES,92,0.16835223390492596,202
Tianjin,CMA-ES,CMA-ES,93,0.16835223390492596,202
Tianjin,CMA-ES,CMA-ES,94,0.16835223390492596,202
Tianjin,CMA-ES,CMA-ES,95,0.16835223390492596,202
Tianjin,CMA-ES,CMA-ES,96,0.16835223390492596,202
Tianjin,CMA-ES,CMA-ES,97,0.16835223390492596,202
Tianjin,CMA-ES,CMA-ES,98,0.15963400677709047,202
Tianjin,CMA-ES,CMA-ES,99,0.15963400677709047,202
Tianjin,CMA-ES,CMA-ES,100,0.15963400677709047,202
Tianjin,CMA-ES,CMA-ES,1,0.5170812056427876,303
Tianjin,CMA-ES,CMA-ES,2,0.5170812056427876,303
Tianjin,CMA-ES,CMA-ES,3,0.5170812056427876,303
Tianjin,CMA-ES,CMA-ES,4,0.5170812056427876,303
Tianjin,CMA-ES,CMA-ES,5,0.5170812056427876,303
Tianjin,CMA-ES,CMA-ES,6,0.5170812056427876,303
Tianjin,CMA-ES,CMA-ES,7,0.5170812056427876,303
Tianjin,CMA-ES,CMA-ES,8,0.5170812056427876,303
Tianjin,CMA-ES,CMA-ES,9,0.5170812056427876,303
Tianjin,CMA-ES,CMA-ES,10,0.5012595438220852,303
Tianjin,CMA-ES,CMA-ES,11,0.5012595438220852,303
Tianjin,CMA-ES,CMA-ES,12,0.46163636578190925,303
Tianjin,CMA-ES,CMA-ES,13,0.46163636578190925,303
Tianjin,CMA-ES,CMA-ES,14,0.46163636578190925,303
Tianjin,CMA-ES,CMA-ES,15,0.46163636578190925,303
Tianjin,CMA-ES,CMA-ES,16,0.46163636578190925,303
Tianjin,CMA-ES,CMA-ES,17,0.31230019037392465,303
Tianjin,CMA-ES,CMA-ES,18,0.31230019037392465,303
Tianjin,CMA-ES,CMA-ES,19,0.31230019037392465,303
Tianjin,CMA-ES,CMA-ES,20,0.31230019037392465,303
Tianjin,CMA-ES,CMA-ES,21,0.31230019037392465,303
Tianjin,CMA-ES,CMA-ES,22,0.1722497349334387,303
Tianjin,CMA-ES,CMA-ES,23,0.1722497349334387,303
Tianjin,CMA-ES,CMA-ES,24,0.1722497349334387,303
Tianjin,CMA-ES,CMA-ES,25,0.1722497349334387,303
Tianjin,CMA-ES,CMA-ES,26,0.1722497349334387,303
Tianjin,CMA-ES,CMA-ES,27,0.1722497349334387,303
Tianjin,CMA-ES,CMA-ES,28,0.1722497349334387,303
Tianjin,CMA-ES,CMA-ES,29,0.1722497349334387,303
Tianjin,CMA-ES,CMA-ES,30,0.1722497349334387,303
Tianjin,CMA-ES,CMA-ES,31,0.1722497349334387,303
Tianjin,CMA-ES,CMA-ES,32,0.1722497349334387,303
Tianjin,CMA-ES,CMA-ES,33,0.1722497349334387,303
Tianjin,CMA-ES,CMA-ES,34,0.16681646225542265,303
Tianjin,CMA-ES,CMA-ES,35,0.16681646225542265,303
Tianjin,CMA-ES,CMA-ES,36,0.16681646225542265,303
Tianjin,CMA-ES,CMA-ES,37,0.16681646225542265,303
Tianjin,CMA-ES,CMA-ES,38,0.16681646225542265,303
Tianjin,CMA-ES,CMA-ES,39,0.16681646225542265,303
Tianjin,CMA-ES,CMA-ES,40,0.16681646225542265,303
Tianjin,CMA-ES,CMA-ES,41,0.16681646225542265,303
Tianjin,CMA-ES,CMA-ES,42,0.16681646225542265,303
Tianjin,CMA-ES,CMA-ES,43,0.16681646225542265,303
Tianjin,CMA-ES,CMA-ES,44,0.16681646225542265,303
Tianjin,CMA-ES,CMA-ES,45,0.16681646225542265,303
Tianjin,CMA-ES,CMA-ES,46,0.16681646225542265,303
Tianjin,CMA-ES,CMA-ES,47,0.16681646225542265,303
Tianjin,CMA-ES,CMA-ES,48,0.16681646225542265,303
Tianjin,CMA-ES,CMA-ES,49,0.16681646225542265,303
Tianjin,CMA-ES,CMA-ES,50,0.16681646225542265,303
Tianjin,CMA-ES,CMA-ES,51,0.16681646225542265,303
Tianjin,CMA-ES,CMA-ES,52,0.16681646225542265,303
Tianjin,CMA-ES,CMA-ES,53,0.16681646225542265,303
Tianjin,CMA-ES,CMA-ES,54,0.16681646225542265,303
Tianjin,CMA-ES,CMA-ES,55,0.16681646225542265,303
Tianjin,CMA-ES,CMA-ES,56,0.16681646225542265,303
Tianjin,CMA-ES,CMA-ES,57,0.16681646225542265,303
Tianjin,CMA-ES,CMA-ES,58,0.16681646225542265,303
Tianjin,CMA-ES,CMA-ES,59,0.16681646225542265,303
Tianjin,CMA-ES,CMA-ES,60,0.16681646225542265,303
Tianjin,CMA-ES,CMA-ES,61,0.16681646225542265,303
Tianjin,CMA-ES,CMA-ES,62,0.16681646225542265,303
Tianjin,CMA-ES,CMA-ES,63,0.16681646225542265,303
Tianjin,CMA-ES,CMA-ES,64,0.16681646225542265,303
Tianjin,CMA-ES,CMA-ES,65,0.16681646225542265,303
Tianjin,CMA-ES,CMA-ES,66,0.16681646225542265,303
Tianjin,CMA-ES,CMA-ES,67,0.16681646225542265,303
Tianjin,CMA-ES,CMA-ES,68,0.16681646225542265,303
Tianjin,CMA-ES,CMA-ES,69,0.16681646225542265,303
Tianjin,CMA-ES,CMA-ES,70,0.16681646225542265,303
Tianjin,CMA-ES,CMA-ES,71,0.16681646225542265,303
Tianjin,CMA-ES,CMA-ES,72,0.16681646225542265,303
Tianjin,CMA-ES,CMA-ES,73,0.16681646225542265,303
Tianjin,CMA-ES,CMA-ES,74,0.16681646225542265,303
Tianjin,CMA-ES,CMA-ES,75,0.16681646225542265,303
Tianjin,CMA-ES,CMA-ES,76,0.16681646225542265,303
Tianjin,CMA-ES,CMA-ES,77,0.16681646225542265,303
Tianjin,CMA-ES,CMA-ES,78,0.16681646225542265,303
Tianjin,CMA-ES,CMA-ES,79,0.16681646225542265,303
Tianjin,CMA-ES,CMA-ES,80,0.16681646225542265,303
Tianjin,CMA-ES,CMA-ES,81,0.16681646225542265,303
Tianjin,CMA-ES,CMA-ES,82,0.16681646225542265,303
Tianjin,CMA-ES,CMA-ES,83,0.16681646225542265,303
Tianjin,CMA-ES,CMA-ES,84,0.16681646225542265,303
Tianjin,CMA-ES,CMA-ES,85,0.16681646225542265,303
Tianjin,CMA-ES,CMA-ES,86,0.16681646225542265,303
Tianjin,CMA-ES,CMA-ES,87,0.16681646225542265,303
Tianjin,CMA-ES,CMA-ES,88,0.16681646225542265,303
Tianjin,CMA-ES,CMA-ES,89,0.16681646225542265,303
Tianjin,CMA-ES,CMA-ES,90,0.16681646225542265,303
Tianjin,CMA-ES,CMA-ES,91,0.16681646225542265,303
Tianjin,CMA-ES,CMA-ES,92,0.16681646225542265,303
Tianjin,CMA-ES,CMA-ES,93,0.16681646225542265,303
Tianjin,CMA-ES,CMA-ES,94,0.16681646225542265,303
Tianjin,CMA-ES,CMA-ES,95,0.16681646225542265,303
Tianjin,CMA-ES,CMA-ES,96,0.16681646225542265,303
Tianjin,CMA-ES,CMA-ES,97,0.16681646225542265,303
Tianjin,CMA-ES,CMA-ES,98,0.16681646225542265,303
Tianjin,CMA-ES,CMA-ES,99,0.16681646225542265,303
Tianjin,CMA-ES,CMA-ES,100,0.16681646225542265,303
Tianjin,CMA-ES,CMA-ES,1,0.9901790819582638,404
Tianjin,CMA-ES,CMA-ES,2,0.851153574773869,404
Tianjin,CMA-ES,CMA-ES,3,0.851153574773869,404
Tianjin,CMA-ES,CMA-ES,4,0.851153574773869,404
Tianjin,CMA-ES,CMA-ES,5,0.851153574773869,404
Tianjin,CMA-ES,CMA-ES,6,0.851153574773869,404
Tianjin,CMA-ES,CMA-ES,7,0.851153574773869,404
Tianjin,CMA-ES,CMA-ES,8,0.8398501466257189,404
Tianjin,CMA-ES,CMA-ES,9,0.2330913219208492,404
Tianjin,CMA-ES,CMA-ES,10,0.2330913219208492,404
Tianjin,CMA-ES,CMA-ES,11,0.2330913219208492,404
Tianjin,CMA-ES,CMA-ES,12,0.2330913219208492,404
Tianjin,CMA-ES,CMA-ES,13,0.2330913219208492,404
Tianjin,CMA-ES,CMA-ES,14,0.2330913219208492,404
Tianjin,CMA-ES,CMA-ES,15,0.2330913219208492,404
Tianjin,CMA-ES,CMA-ES,16,0.2330913219208492,404
Tianjin,CMA-ES,CMA-ES,17,0.2330913219208492,404
Tianjin,CMA-ES,CMA-ES,18,0.2330913219208492,404
Tianjin,CMA-ES,CMA-ES,19,0.2330913219208492,404
Tianjin,CMA-ES,CMA-ES,20,0.2330913219208492,404
Tianjin,CMA-ES,CMA-ES,21,0.2330913219208492,404
Tianjin,CMA-ES,CMA-ES,22,0.2330913219208492,404
Tianjin,CMA-ES,CMA-ES,23,0.2330913219208492,404
Tianjin,CMA-ES,CMA-ES,24,0.2330913219208492,404
Tianjin,CMA-ES,CMA-ES,25,0.23235232028730288,404
Tianjin,CMA-ES,CMA-ES,26,0.23235232028730288,404
Tianjin,CMA-ES,CMA-ES,27,0.23235232028730288,404
Tianjin,CMA-ES,CMA-ES,28,0.23235232028730288,404
Tianjin,CMA-ES,CMA-ES,29,0.23235232028730288,404
Tianjin,CMA-ES,CMA-ES,30,0.23235232028730288,404
Tianjin,CMA-ES,CMA-ES,31,0.23235232028730288,404
Tianjin,CMA-ES,CMA-ES,32,0.23235232028730288,404
Tianjin,CMA-ES,CMA-ES,33,0.23235232028730288,404
Tianjin,CMA-ES,CMA-ES,34,0.23195740458237318,404
Tianjin,CMA-ES,CMA-ES,35,0.23195740458237318,404
Tianjin,CMA-ES,CMA-ES,36,0.2135475829555468,404
Tianjin,CMA-ES,CMA-ES,37,0.2135475829555468,404
Tianjin,CMA-ES,CMA-ES,38,0.2135475829555468,404
Tianjin,CMA-ES,CMA-ES,39,0.2135475829555468,404
Tianjin,CMA-ES,CMA-ES,40,0.2135475829555468,404
Tianjin,CMA-ES,CMA-ES,41,0.2135475829555468,404
Tianjin,CMA-ES,CMA-ES,42,0.19824748199985107,404
Tianjin,CMA-ES,CMA-ES,43,0.19824748199985107,404
Tianjin,CMA-ES,CMA-ES,44,0.19824748199985107,404
Tianjin,CMA-ES,CMA-ES,45,0.19824748199985107,404
Tianjin,CMA-ES,CMA-ES,46,0.19824748199985107,404
Tianjin,CMA-ES,CMA-ES,47,0.19824748199985107,404
Tianjin,CMA-ES,CMA-ES,48,0.19824748199985107,404
Tianjin,CMA-ES,CMA-ES,49,0.19824748199985107,404
Tianjin,CMA-ES,CMA-ES,50,0.19824748199985107,404
Tianjin,CMA-ES,CMA-ES,51,0.19824748199985107,404
Tianjin,CMA-ES,CMA-ES,52,0.19824748199985107,404
Tianjin,CMA-ES,CMA-ES,53,0.19824748199985107,404
Tianjin,CMA-ES,CMA-ES,54,0.19824748199985107,404
Tianjin,CMA-ES,CMA-ES,55,0.19824748199985107,404
Tianjin,CMA-ES,CMA-ES,56,0.19824748199985107,404
Tianjin,CMA-ES,CMA-ES,57,0.19824748199985107,404
Tianjin,CMA-ES,CMA-ES,58,0.19824748199985107,404
Tianjin,CMA-ES,CMA-ES,59,0.19824748199985107,404
Tianjin,CMA-ES,CMA-ES,60,0.19824748199985107,404
Tianjin,CMA-ES,CMA-ES,61,0.19824748199985107,404
Tianjin,CMA-ES,CMA-ES,62,0.19824748199985107,404
Tianjin,CMA-ES,CMA-ES,63,0.19824748199985107,404
Tianjin,CMA-ES,CMA-ES,64,0.19824748199985107,404
Tianjin,CMA-ES,CMA-ES,65,0.1910213469903434,404
Tianjin,CMA-ES,CMA-ES,66,0.1910213469903434,404
Tianjin,CMA-ES,CMA-ES,67,0.1910213469903434,404
Tianjin,CMA-ES,CMA-ES,68,0.1910213469903434,404
Tianjin,CMA-ES,CMA-ES,69,0.1910213469903434,404
Tianjin,CMA-ES,CMA-ES,70,0.1910213469903434,404
Tianjin,CMA-ES,CMA-ES,71,0.1910213469903434,404
Tianjin,CMA-ES,CMA-ES,72,0.1910213469903434,404
Tianjin,CMA-ES,CMA-ES,73,0.1910213469903434,404
Tianjin,CMA-ES,CMA-ES,74,0.1910213469903434,404
Tianjin,CMA-ES,CMA-ES,75,0.1910213469903434,404
Tianjin,CMA-ES,CMA-ES,76,0.16951099155194044,404
Tianjin,CMA-ES,CMA-ES,77,0.16951099155194044,404
Tianjin,CMA-ES,CMA-ES,78,0.16951099155194044,404
Tianjin,CMA-ES,CMA-ES,79,0.16951099155194044,404
Tianjin,CMA-ES,CMA-ES,80,0.16951099155194044,404
Tianjin,CMA-ES,CMA-ES,81,0.16951099155194044,404
Tianjin,CMA-ES,CMA-ES,82,0.16951099155194044,404
Tianjin,CMA-ES,CMA-ES,83,0.16951099155194044,404
Tianjin,CMA-ES,CMA-ES,84,0.16951099155194044,404
Tianjin,CMA-ES,CMA-ES,85,0.16951099155194044,404
Tianjin,CMA-ES,CMA-ES,86,0.16951099155194044,404
Tianjin,CMA-ES,CMA-ES,87,0.16951099155194044,404
Tianjin,CMA-ES,CMA-ES,88,0.16951099155194044,404
Tianjin,CMA-ES,CMA-ES,89,0.16951099155194044,404
Tianjin,CMA-ES,CMA-ES,90,0.16951099155194044,404
Tianjin,CMA-ES,CMA-ES,91,0.16951099155194044,404
Tianjin,CMA-ES,CMA-ES,92,0.16951099155194044,404
Tianjin,CMA-ES,CMA-ES,93,0.16951099155194044,404
Tianjin,CMA-ES,CMA-ES,94,0.16951099155194044,404
Tianjin,CMA-ES,CMA-ES,95,0.16951099155194044,404
Tianjin,CMA-ES,CMA-ES,96,0.16951099155194044,404
Tianjin,CMA-ES,CMA-ES,97,0.16951099155194044,404
Tianjin,CMA-ES,CMA-ES,98,0.16951099155194044,404
Tianjin,CMA-ES,CMA-ES,99,0.16951099155194044,404
Tianjin,CMA-ES,CMA-ES,100,0.16951099155194044,404
Tianjin,遗传算法（GA）,GA,1,1.3018109796806105,42
Tianjin,遗传算法（GA）,GA,2,1.0027621798157262,42
Tianjin,遗传算法（GA）,GA,3,0.2616243824376339,42
Tianjin,遗传算法（GA）,GA,4,0.2616243824376339,42
Tianjin,遗传算法（GA）,GA,5,0.2616243824376339,42
Tianjin,遗传算法（GA）,GA,6,0.2616243824376339,42
Tianjin,遗传算法（GA）,GA,7,0.2616243824376339,42
Tianjin,遗传算法（GA）,GA,8,0.2616243824376339,42
Tianjin,遗传算法（GA）,GA,9,0.2616243824376339,42
Tianjin,遗传算法（GA）,GA,10,0.2616243824376339,42
Tianjin,遗传算法（GA）,GA,11,0.2616243824376339,42
Tianjin,遗传算法（GA）,GA,12,0.2616243824376339,42
Tianjin,遗传算法（GA）,GA,13,0.24057276424588758,42
Tianjin,遗传算法（GA）,GA,14,0.24057276424588758,42
Tianjin,遗传算法（GA）,GA,15,0.24057276424588758,42
Tianjin,遗传算法（GA）,GA,16,0.24057276424588758,42
Tianjin,遗传算法（GA）,GA,17,0.24057276424588758,42
Tianjin,遗传算法（GA）,GA,18,0.24057276424588758,42
Tianjin,遗传算法（GA）,GA,19,0.24057276424588758,42
Tianjin,遗传算法（GA）,GA,20,0.24057276424588758,42
Tianjin,遗传算法（GA）,GA,21,0.24057276424588758,42
Tianjin,遗传算法（GA）,GA,22,0.24057276424588758,42
Tianjin,遗传算法（GA）,GA,23,0.24057276424588758,42
Tianjin,遗传算法（GA）,GA,24,0.24057276424588758,42
Tianjin,遗传算法（GA）,GA,25,0.24057276424588758,42
Tianjin,遗传算法（GA）,GA,26,0.24057276424588758,42
Tianjin,遗传算法（GA）,GA,27,0.24057276424588758,42
Tianjin,遗传算法（GA）,GA,28,0.24057276424588758,42
Tianjin,遗传算法（GA）,GA,29,0.24057276424588758,42
Tianjin,遗传算法（GA）,GA,30,0.24057276424588758,42
Tianjin,遗传算法（GA）,GA,31,0.24057276424588758,42
Tianjin,遗传算法（GA）,GA,32,0.24057276424588758,42
Tianjin,遗传算法（GA）,GA,33,0.24057276424588758,42
Tianjin,遗传算法（GA）,GA,34,0.23253180625541997,42
Tianjin,遗传算法（GA）,GA,35,0.23253180625541997,42
Tianjin,遗传算法（GA）,GA,36,0.23253180625541997,42
Tianjin,遗传算法（GA）,GA,37,0.23253180625541997,42
Tianjin,遗传算法（GA）,GA,38,0.23253180625541997,42
Tianjin,遗传算法（GA）,GA,39,0.23253180625541997,42
Tianjin,遗传算法（GA）,GA,40,0.23253180625541997,42
Tianjin,遗传算法（GA）,GA,41,0.23253180625541997,42
Tianjin,遗传算法（GA）,GA,42,0.23253180625541997,42
Tianjin,遗传算法（GA）,GA,43,0.23253180625541997,42
Tianjin,遗传算法（GA）,GA,44,0.23253180625541997,42
Tianjin,遗传算法（GA）,GA,45,0.23253180625541997,42
Tianjin,遗传算法（GA）,GA,46,0.23253180625541997,42
Tianjin,遗传算法（GA）,GA,47,0.23253180625541997,42
Tianjin,遗传算法（GA）,GA,48,0.23253180625541997,42
Tianjin,遗传算法（GA）,GA,49,0.23253180625541997,42
Tianjin,遗传算法（GA）,GA,50,0.23253180625541997,42
Tianjin,遗传算法（GA）,GA,51,0.23253180625541997,42
Tianjin,遗传算法（GA）,GA,52,0.23253180625541997,42
Tianjin,遗传算法（GA）,GA,53,0.23253180625541997,42
Tianjin,遗传算法（GA）,GA,54,0.23253180625541997,42
Tianjin,遗传算法（GA）,GA,55,0.23253180625541997,42
Tianjin,遗传算法（GA）,GA,56,0.23253180625541997,42
Tianjin,遗传算法（GA）,GA,57,0.23253180625541997,42
Tianjin,遗传算法（GA）,GA,58,0.23253180625541997,42
Tianjin,遗传算法（GA）,GA,59,0.23253180625541997,42
Tianjin,遗传算法（GA）,GA,60,0.19967398144510784,42
Tianjin,遗传算法（GA）,GA,61,0.19967398144510784,42
Tianjin,遗传算法（GA）,GA,62,0.19967398144510784,42
Tianjin,遗传算法（GA）,GA,63,0.19967398144510784,42
Tianjin,遗传算法（GA）,GA,64,0.19967398144510784,42
Tianjin,遗传算法（GA）,GA,65,0.19967398144510784,42
Tianjin,遗传算法（GA）,GA,66,0.19967398144510784,42
Tianjin,遗传算法（GA）,GA,67,0.17579407545791823,42
Tianjin,遗传算法（GA）,GA,68,0.17579407545791823,42
Tianjin,遗传算法（GA）,GA,69,0.17579407545791823,42
Tianjin,遗传算法（GA）,GA,70,0.17579407545791823,42
Tianjin,遗传算法（GA）,GA,71,0.17579407545791823,42
Tianjin,遗传算法（GA）,GA,72,0.16851943094130611,42
Tianjin,遗传算法（GA）,GA,73,0.16851943094130611,42
Tianjin,遗传算法（GA）,GA,74,0.16851943094130611,42
Tianjin,遗传算法（GA）,GA,75,0.16851943094130611,42
Tianjin,遗传算法（GA）,GA,76,0.16851943094130611,42
Tianjin,遗传算法（GA）,GA,77,0.16851943094130611,42
Tianjin,遗传算法（GA）,GA,78,0.16851943094130611,42
Tianjin,遗传算法（GA）,GA,79,0.16851943094130611,42
Tianjin,遗传算法（GA）,GA,80,0.16851943094130611,42
Tianjin,遗传算法（GA）,GA,81,0.16851943094130611,42
Tianjin,遗传算法（GA）,GA,82,0.16851943094130611,42
Tianjin,遗传算法（GA）,GA,83,0.16851943094130611,42
Tianjin,遗传算法（GA）,GA,84,0.16851943094130611,42
Tianjin,遗传算法（GA）,GA,85,0.16851943094130611,42
Tianjin,遗传算法（GA）,GA,86,0.16851943094130611,42
Tianjin,遗传算法（GA）,GA,87,0.16851943094130611,42
Tianjin,遗传算法（GA）,GA,88,0.16851943094130611,42
Tianjin,遗传算法（GA）,GA,89,0.16851943094130611,42
Tianjin,遗传算法（GA）,GA,90,0.16851943094130611,42
Tianjin,遗传算法（GA）,GA,91,0.16851943094130611,42
Tianjin,遗传算法（GA）,GA,92,0.16851943094130611,42
Tianjin,遗传算法（GA）,GA,93,0.16851943094130611,42
Tianjin,遗传算法（GA）,GA,94,0.16851943094130611,42
Tianjin,遗传算法（GA）,GA,95,0.16851943094130611,42
Tianjin,遗传算法（GA）,GA,96,0.16851943094130611,42
Tianjin,遗传算法（GA）,GA,97,0.16851943094130611,42
Tianjin,遗传算法（GA）,GA,98,0.16851943094130611,42
Tianjin,遗传算法（GA）,GA,99,0.16851943094130611,42
Tianjin,遗传算法（GA）,GA,100,0.16691196791566987,42
Tianjin,遗传算法（GA）,GA,1,0.2831038773174409,101
Tianjin,遗传算法（GA）,GA,2,0.25798324768293424,101
Tianjin,遗传算法（GA）,GA,3,0.25798324768293424,101
Tianjin,遗传算法（GA）,GA,4,0.18979580672071386,101
Tianjin,遗传算法（GA）,GA,5,0.18979580672071386,101
Tianjin,遗传算法（GA）,GA,6,0.18979580672071386,101
Tianjin,遗传算法（GA）,GA,7,0.18979580672071386,101
Tianjin,遗传算法（GA）,GA,8,0.18979580672071386,101
Tianjin,遗传算法（GA）,GA,9,0.18979580672071386,101
Tianjin,遗传算法（GA）,GA,10,0.18979580672071386,101
Tianjin,遗传算法（GA）,GA,11,0.18979580672071386,101
Tianjin,遗传算法（GA）,GA,12,0.18979580672071386,101
Tianjin,遗传算法（GA）,GA,13,0.18979580672071386,101
Tianjin,遗传算法（GA）,GA,14,0.18979580672071386,101
Tianjin,遗传算法（GA）,GA,15,0.18979580672071386,101
Tianjin,遗传算法（GA）,GA,16,0.18979580672071386,101
Tianjin,遗传算法（GA）,GA,17,0.18979580672071386,101
Tianjin,遗传算法（GA）,GA,18,0.18979580672071386,101
Tianjin,遗传算法（GA）,GA,19,0.18979580672071386,101
Tianjin,遗传算法（GA）,GA,20,0.18979580672071386,101
Tianjin,遗传算法（GA）,GA,21,0.18979580672071386,101
Tianjin,遗传算法（GA）,GA,22,0.18979580672071386,101
Tianjin,遗传算法（GA）,GA,23,0.18979580672071386,101
Tianjin,遗传算法（GA）,GA,24,0.18979580672071386,101
Tianjin,遗传算法（GA）,GA,25,0.18979580672071386,101
Tianjin,遗传算法（GA）,GA,26,0.18979580672071386,101
Tianjin,遗传算法（GA）,GA,27,0.18979580672071386,101
Tianjin,遗传算法（GA）,GA,28,0.18979580672071386,101
Tianjin,遗传算法（GA）,GA,29,0.18979580672071386,101
Tianjin,遗传算法（GA）,GA,30,0.18979580672071386,101
Tianjin,遗传算法（GA）,GA,31,0.18979580672071386,101
Tianjin,遗传算法（GA）,GA,32,0.18979580672071386,101
Tianjin,遗传算法（GA）,GA,33,0.18979580672071386,101
Tianjin,遗传算法（GA）,GA,34,0.18979580672071386,101
Tianjin,遗传算法（GA）,GA,35,0.18979580672071386,101
Tianjin,遗传算法（GA）,GA,36,0.18979580672071386,101
Tianjin,遗传算法（GA）,GA,37,0.18979580672071386,101
Tianjin,遗传算法（GA）,GA,38,0.18979580672071386,101
Tianjin,遗传算法（GA）,GA,39,0.18979580672071386,101
Tianjin,遗传算法（GA）,GA,40,0.18979580672071386,101
Tianjin,遗传算法（GA）,GA,41,0.18979580672071386,101
Tianjin,遗传算法（GA）,GA,42,0.18979580672071386,101
Tianjin,遗传算法（GA）,GA,43,0.18979580672071386,101
Tianjin,遗传算法（GA）,GA,44,0.18979580672071386,101
Tianjin,遗传算法（GA）,GA,45,0.18979580672071386,101
Tianjin,遗传算法（GA）,GA,46,0.18979580672071386,101
Tianjin,遗传算法（GA）,GA,47,0.18979580672071386,101
Tianjin,遗传算法（GA）,GA,48,0.18979580672071386,101
Tianjin,遗传算法（GA）,GA,49,0.18979580672071386,101
Tianjin,遗传算法（GA）,GA,50,0.18979580672071386,101
Tianjin,遗传算法（GA）,GA,51,0.18979580672071386,101
Tianjin,遗传算法（GA）,GA,52,0.18979580672071386,101
Tianjin,遗传算法（GA）,GA,53,0.18979580672071386,101
Tianjin,遗传算法（GA）,GA,54,0.18979580672071386,101
Tianjin,遗传算法（GA）,GA,55,0.18979580672071386,101
Tianjin,遗传算法（GA）,GA,56,0.18979580672071386,101
Tianjin,遗传算法（GA）,GA,57,0.18979580672071386,101
Tianjin,遗传算法（GA）,GA,58,0.18979580672071386,101
Tianjin,遗传算法（GA）,GA,59,0.18979580672071386,101
Tianjin,遗传算法（GA）,GA,60,0.18979580672071386,101
Tianjin,遗传算法（GA）,GA,61,0.18979580672071386,101
Tianjin,遗传算法（GA）,GA,62,0.18979580672071386,101
Tianjin,遗传算法（GA）,GA,63,0.18979580672071386,101
Tianjin,遗传算法（GA）,GA,64,0.18979580672071386,101
Tianjin,遗传算法（GA）,GA,65,0.18979580672071386,101
Tianjin,遗传算法（GA）,GA,66,0.18979580672071386,101
Tianjin,遗传算法（GA）,GA,67,0.18979580672071386,101
Tianjin,遗传算法（GA）,GA,68,0.18979580672071386,101
Tianjin,遗传算法（GA）,GA,69,0.18979580672071386,101
Tianjin,遗传算法（GA）,GA,70,0.18979580672071386,101
Tianjin,遗传算法（GA）,GA,71,0.18979580672071386,101
Tianjin,遗传算法（GA）,GA,72,0.18979580672071386,101
Tianjin,遗传算法（GA）,GA,73,0.18979580672071386,101
Tianjin,遗传算法（GA）,GA,74,0.18979580672071386,101
Tianjin,遗传算法（GA）,GA,75,0.18979580672071386,101
Tianjin,遗传算法（GA）,GA,76,0.18979580672071386,101
Tianjin,遗传算法（GA）,GA,77,0.18979580672071386,101
Tianjin,遗传算法（GA）,GA,78,0.18979580672071386,101
Tianjin,遗传算法（GA）,GA,79,0.18979580672071386,101
Tianjin,遗传算法（GA）,GA,80,0.18979580672071386,101
Tianjin,遗传算法（GA）,GA,81,0.18979580672071386,101
Tianjin,遗传算法（GA）,GA,82,0.18979580672071386,101
Tianjin,遗传算法（GA）,GA,83,0.18979580672071386,101
Tianjin,遗传算法（GA）,GA,84,0.18979580672071386,101
Tianjin,遗传算法（GA）,GA,85,0.18979580672071386,101
Tianjin,遗传算法（GA）,GA,86,0.18979580672071386,101
Tianjin,遗传算法（GA）,GA,87,0.18979580672071386,101
Tianjin,遗传算法（GA）,GA,88,0.18979580672071386,101
Tianjin,遗传算法（GA）,GA,89,0.18979580672071386,101
Tianjin,遗传算法（GA）,GA,90,0.18979580672071386,101
Tianjin,遗传算法（GA）,GA,91,0.18979580672071386,101
Tianjin,遗传算法（GA）,GA,92,0.18979580672071386,101
Tianjin,遗传算法（GA）,GA,93,0.18979580672071386,101
Tianjin,遗传算法（GA）,GA,94,0.18979580672071386,101
Tianjin,遗传算法（GA）,GA,95,0.18979580672071386,101
Tianjin,遗传算法（GA）,GA,96,0.18979580672071386,101
Tianjin,遗传算法（GA）,GA,97,0.18979580672071386,101
Tianjin,遗传算法（GA）,GA,98,0.18979580672071386,101
Tianjin,遗传算法（GA）,GA,99,0.18979580672071386,101
Tianjin,遗传算法（GA）,GA,100,0.18979580672071386,101
Tianjin,遗传算法（GA）,GA,1,1.1932405646779296,202
Tianjin,遗传算法（GA）,GA,2,0.8656981274604312,202
Tianjin,遗传算法（GA）,GA,3,0.751540765680921,202
Tianjin,遗传算法（GA）,GA,4,0.751540765680921,202
Tianjin,遗传算法（GA）,GA,5,0.5832080779684006,202
Tianjin,遗传算法（GA）,GA,6,0.2228715556158387,202
Tianjin,遗传算法（GA）,GA,7,0.2228715556158387,202
Tianjin,遗传算法（GA）,GA,8,0.2228715556158387,202
Tianjin,遗传算法（GA）,GA,9,0.2228715556158387,202
Tianjin,遗传算法（GA）,GA,10,0.2228715556158387,202
Tianjin,遗传算法（GA）,GA,11,0.2228715556158387,202
Tianjin,遗传算法（GA）,GA,12,0.2228715556158387,202
Tianjin,遗传算法（GA）,GA,13,0.2228715556158387,202
Tianjin,遗传算法（GA）,GA,14,0.2228715556158387,202
Tianjin,遗传算法（GA）,GA,15,0.2228715556158387,202
Tianjin,遗传算法（GA）,GA,16,0.2228715556158387,202
Tianjin,遗传算法（GA）,GA,17,0.2228715556158387,202
Tianjin,遗传算法（GA）,GA,18,0.2228715556158387,202
Tianjin,遗传算法（GA）,GA,19,0.2228715556158387,202
Tianjin,遗传算法（GA）,GA,20,0.2228715556158387,202
Tianjin,遗传算法（GA）,GA,21,0.2228715556158387,202
Tianjin,遗传算法（GA）,GA,22,0.2228715556158387,202
Tianjin,遗传算法（GA）,GA,23,0.2225150784017759,202
Tianjin,遗传算法（GA）,GA,24,0.2225150784017759,202
Tianjin,遗传算法（GA）,GA,25,0.2225150784017759,202
Tianjin,遗传算法（GA）,GA,26,0.2225150784017759,202
Tianjin,遗传算法（GA）,GA,27,0.2225150784017759,202
Tianjin,遗传算法（GA）,GA,28,0.2225150784017759,202
Tianjin,遗传算法（GA）,GA,29,0.2225150784017759,202
Tianjin,遗传算法（GA）,GA,30,0.2225150784017759,202
Tianjin,遗传算法（GA）,GA,31,0.2225150784017759,202
Tianjin,遗传算法（GA）,GA,32,0.2225150784017759,202
Tianjin,遗传算法（GA）,GA,33,0.2225150784017759,202
Tianjin,遗传算法（GA）,GA,34,0.2225150784017759,202
Tianjin,遗传算法（GA）,GA,35,0.2225150784017759,202
Tianjin,遗传算法（GA）,GA,36,0.2225150784017759,202
Tianjin,遗传算法（GA）,GA,37,0.2225150784017759,202
Tianjin,遗传算法（GA）,GA,38,0.20426981889200663,202
Tianjin,遗传算法（GA）,GA,39,0.20426981889200663,202
Tianjin,遗传算法（GA）,GA,40,0.20426981889200663,202
Tianjin,遗传算法（GA）,GA,41,0.20426981889200663,202
Tianjin,遗传算法（GA）,GA,42,0.20426981889200663,202
Tianjin,遗传算法（GA）,GA,43,0.20426981889200663,202
Tianjin,遗传算法（GA）,GA,44,0.20426981889200663,202
Tianjin,遗传算法（GA）,GA,45,0.20426981889200663,202
Tianjin,遗传算法（GA）,GA,46,0.20426981889200663,202
Tianjin,遗传算法（GA）,GA,47,0.20426981889200663,202
Tianjin,遗传算法（GA）,GA,48,0.20426981889200663,202
Tianjin,遗传算法（GA）,GA,49,0.20426981889200663,202
Tianjin,遗传算法（GA）,GA,50,0.20426981889200663,202
Tianjin,遗传算法（GA）,GA,51,0.20426981889200663,202
Tianjin,遗传算法（GA）,GA,52,0.20426981889200663,202
Tianjin,遗传算法（GA）,GA,53,0.20426981889200663,202
Tianjin,遗传算法（GA）,GA,54,0.20426981889200663,202
Tianjin,遗传算法（GA）,GA,55,0.20426981889200663,202
Tianjin,遗传算法（GA）,GA,56,0.20426981889200663,202
Tianjin,遗传算法（GA）,GA,57,0.18417585462829963,202
Tianjin,遗传算法（GA）,GA,58,0.18417585462829963,202
Tianjin,遗传算法（GA）,GA,59,0.18417585462829963,202
Tianjin,遗传算法（GA）,GA,60,0.18417585462829963,202
Tianjin,遗传算法（GA）,GA,61,0.18417585462829963,202
Tianjin,遗传算法（GA）,GA,62,0.18417585462829963,202
Tianjin,遗传算法（GA）,GA,63,0.18417585462829963,202
Tianjin,遗传算法（GA）,GA,64,0.18417585462829963,202
Tianjin,遗传算法（GA）,GA,65,0.18417585462829963,202
Tianjin,遗传算法（GA）,GA,66,0.17227222662289166,202
Tianjin,遗传算法（GA）,GA,67,0.16994359355157174,202
Tianjin,遗传算法（GA）,GA,68,0.16994359355157174,202
Tianjin,遗传算法（GA）,GA,69,0.16994359355157174,202
Tianjin,遗传算法（GA）,GA,70,0.16994359355157174,202
Tianjin,遗传算法（GA）,GA,71,0.16994359355157174,202
Tianjin,遗传算法（GA）,GA,72,0.16994359355157174,202
Tianjin,遗传算法（GA）,GA,73,0.16994359355157174,202
Tianjin,遗传算法（GA）,GA,74,0.16994359355157174,202
Tianjin,遗传算法（GA）,GA,75,0.16994359355157174,202
Tianjin,遗传算法（GA）,GA,76,0.16994359355157174,202
Tianjin,遗传算法（GA）,GA,77,0.16994359355157174,202
Tianjin,遗传算法（GA）,GA,78,0.16994359355157174,202
Tianjin,遗传算法（GA）,GA,79,0.16994359355157174,202
Tianjin,遗传算法（GA）,GA,80,0.16994359355157174,202
Tianjin,遗传算法（GA）,GA,81,0.16994359355157174,202
Tianjin,遗传算法（GA）,GA,82,0.16994359355157174,202
Tianjin,遗传算法（GA）,GA,83,0.16994359355157174,202
Tianjin,遗传算法（GA）,GA,84,0.16994359355157174,202
Tianjin,遗传算法（GA）,GA,85,0.16994359355157174,202
Tianjin,遗传算法（GA）,GA,86,0.16994359355157174,202
Tianjin,遗传算法（GA）,GA,87,0.16994359355157174,202
Tianjin,遗传算法（GA）,GA,88,0.16994359355157174,202
Tianjin,遗传算法（GA）,GA,89,0.16994359355157174,202
Tianjin,遗传算法（GA）,GA,90,0.16994359355157174,202
Tianjin,遗传算法（GA）,GA,91,0.16994359355157174,202
Tianjin,遗传算法（GA）,GA,92,0.16994359355157174,202
Tianjin,遗传算法（GA）,GA,93,0.16994359355157174,202
Tianjin,遗传算法（GA）,GA,94,0.16994359355157174,202
Tianjin,遗传算法（GA）,GA,95,0.16994359355157174,202
Tianjin,遗传算法（GA）,GA,96,0.16994359355157174,202
Tianjin,遗传算法（GA）,GA,97,0.16994359355157174,202
Tianjin,遗传算法（GA）,GA,98,0.16994359355157174,202
Tianjin,遗传算法（GA）,GA,99,0.16994359355157174,202
Tianjin,遗传算法（GA）,GA,100,0.16994359355157174,202
Tianjin,遗传算法（GA）,GA,1,1.0669853096748079,303
Tianjin,遗传算法（GA）,GA,2,0.3002623930790393,303
Tianjin,遗传算法（GA）,GA,3,0.3002623930790393,303
Tianjin,遗传算法（GA）,GA,4,0.27348281195881974,303
Tianjin,遗传算法（GA）,GA,5,0.27348281195881974,303
Tianjin,遗传算法（GA）,GA,6,0.27348281195881974,303
Tianjin,遗传算法（GA）,GA,7,0.27348281195881974,303
Tianjin,遗传算法（GA）,GA,8,0.27348281195881974,303
Tianjin,遗传算法（GA）,GA,9,0.27348281195881974,303
Tianjin,遗传算法（GA）,GA,10,0.2651378843349869,303
Tianjin,遗传算法（GA）,GA,11,0.2514085774329227,303
Tianjin,遗传算法（GA）,GA,12,0.2514085774329227,303
Tianjin,遗传算法（GA）,GA,13,0.2514085774329227,303
Tianjin,遗传算法（GA）,GA,14,0.19407443747980307,303
Tianjin,遗传算法（GA）,GA,15,0.19407443747980307,303
Tianjin,遗传算法（GA）,GA,16,0.19407443747980307,303
Tianjin,遗传算法（GA）,GA,17,0.19407443747980307,303
Tianjin,遗传算法（GA）,GA,18,0.19407443747980307,303
Tianjin,遗传算法（GA）,GA,19,0.19407443747980307,303
Tianjin,遗传算法（GA）,GA,20,0.19407443747980307,303
Tianjin,遗传算法（GA）,GA,21,0.1808410656669951,303
Tianjin,遗传算法（GA）,GA,22,0.1808410656669951,303
Tianjin,遗传算法（GA）,GA,23,0.1808410656669951,303
Tianjin,遗传算法（GA）,GA,24,0.1808410656669951,303
Tianjin,遗传算法（GA）,GA,25,0.1808410656669951,303
Tianjin,遗传算法（GA）,GA,26,0.1808410656669951,303
Tianjin,遗传算法（GA）,GA,27,0.1808410656669951,303
Tianjin,遗传算法（GA）,GA,28,0.15301289154162334,303
Tianjin,遗传算法（GA）,GA,29,0.15301289154162334,303
Tianjin,遗传算法（GA）,GA,30,0.15301289154162334,303
Tianjin,遗传算法（GA）,GA,31,0.15301289154162334,303
Tianjin,遗传算法（GA）,GA,32,0.15301289154162334,303
Tianjin,遗传算法（GA）,GA,33,0.15301289154162334,303
Tianjin,遗传算法（GA）,GA,34,0.15301289154162334,303
Tianjin,遗传算法（GA）,GA,35,0.15301289154162334,303
Tianjin,遗传算法（GA）,GA,36,0.15301289154162334,303
Tianjin,遗传算法（GA）,GA,37,0.15301289154162334,303
Tianjin,遗传算法（GA）,GA,38,0.15301289154162334,303
Tianjin,遗传算法（GA）,GA,39,0.15301289154162334,303
Tianjin,遗传算法（GA）,GA,40,0.15301289154162334,303
Tianjin,遗传算法（GA）,GA,41,0.15301289154162334,303
Tianjin,遗传算法（GA）,GA,42,0.15301289154162334,303
Tianjin,遗传算法（GA）,GA,43,0.15301289154162334,303
Tianjin,遗传算法（GA）,GA,44,0.15301289154162334,303
Tianjin,遗传算法（GA）,GA,45,0.15301289154162334,303
Tianjin,遗传算法（GA）,GA,46,0.15301289154162334,303
Tianjin,遗传算法（GA）,GA,47,0.15301289154162334,303
Tianjin,遗传算法（GA）,GA,48,0.15301289154162334,303
Tianjin,遗传算法（GA）,GA,49,0.15301289154162334,303
Tianjin,遗传算法（GA）,GA,50,0.15301289154162334,303
Tianjin,遗传算法（GA）,GA,51,0.15301289154162334,303
Tianjin,遗传算法（GA）,GA,52,0.15301289154162334,303
Tianjin,遗传算法（GA）,GA,53,0.15301289154162334,303
Tianjin,遗传算法（GA）,GA,54,0.15301289154162334,303
Tianjin,遗传算法（GA）,GA,55,0.15301289154162334,303
Tianjin,遗传算法（GA）,GA,56,0.15301289154162334,303
Tianjin,遗传算法（GA）,GA,57,0.15301289154162334,303
Tianjin,遗传算法（GA）,GA,58,0.15301289154162334,303
Tianjin,遗传算法（GA）,GA,59,0.15301289154162334,303
Tianjin,遗传算法（GA）,GA,60,0.15301289154162334,303
Tianjin,遗传算法（GA）,GA,61,0.15301289154162334,303
Tianjin,遗传算法（GA）,GA,62,0.15301289154162334,303
Tianjin,遗传算法（GA）,GA,63,0.15301289154162334,303
Tianjin,遗传算法（GA）,GA,64,0.15301289154162334,303
Tianjin,遗传算法（GA）,GA,65,0.15301289154162334,303
Tianjin,遗传算法（GA）,GA,66,0.15301289154162334,303
Tianjin,遗传算法（GA）,GA,67,0.15301289154162334,303
Tianjin,遗传算法（GA）,GA,68,0.15301289154162334,303
Tianjin,遗传算法（GA）,GA,69,0.15301289154162334,303
Tianjin,遗传算法（GA）,GA,70,0.15301289154162334,303
Tianjin,遗传算法（GA）,GA,71,0.15301289154162334,303
Tianjin,遗传算法（GA）,GA,72,0.15301289154162334,303
Tianjin,遗传算法（GA）,GA,73,0.15301289154162334,303
Tianjin,遗传算法（GA）,GA,74,0.15301289154162334,303
Tianjin,遗传算法（GA）,GA,75,0.15301289154162334,303
Tianjin,遗传算法（GA）,GA,76,0.15301289154162334,303
Tianjin,遗传算法（GA）,GA,77,0.15301289154162334,303
Tianjin,遗传算法（GA）,GA,78,0.15301289154162334,303
Tianjin,遗传算法（GA）,GA,79,0.15301289154162334,303
Tianjin,遗传算法（GA）,GA,80,0.15301289154162334,303
Tianjin,遗传算法（GA）,GA,81,0.15301289154162334,303
Tianjin,遗传算法（GA）,GA,82,0.15301289154162334,303
Tianjin,遗传算法（GA）,GA,83,0.15301289154162334,303
Tianjin,遗传算法（GA）,GA,84,0.15301289154162334,303
Tianjin,遗传算法（GA）,GA,85,0.15301289154162334,303
Tianjin,遗传算法（GA）,GA,86,0.15301289154162334,303
Tianjin,遗传算法（GA）,GA,87,0.15301289154162334,303
Tianjin,遗传算法（GA）,GA,88,0.15301289154162334,303
Tianjin,遗传算法（GA）,GA,89,0.15301289154162334,303
Tianjin,遗传算法（GA）,GA,90,0.15301289154162334,303
Tianjin,遗传算法（GA）,GA,91,0.15301289154162334,303
Tianjin,遗传算法（GA）,GA,92,0.15301289154162334,303
Tianjin,遗传算法（GA）,GA,93,0.15301289154162334,303
Tianjin,遗传算法（GA）,GA,94,0.15301289154162334,303
Tianjin,遗传算法（GA）,GA,95,0.15301289154162334,303
Tianjin,遗传算法（GA）,GA,96,0.15301289154162334,303
Tianjin,遗传算法（GA）,GA,97,0.15301289154162334,303
Tianjin,遗传算法（GA）,GA,98,0.15301289154162334,303
Tianjin,遗传算法（GA）,GA,99,0.15301289154162334,303
Tianjin,遗传算法（GA）,GA,100,0.15301289154162334,303
Tianjin,遗传算法（GA）,GA,1,0.2942645907342148,404
Tianjin,遗传算法（GA）,GA,2,0.2942645907342148,404
Tianjin,遗传算法（GA）,GA,3,0.2942645907342148,404
Tianjin,遗传算法（GA）,GA,4,0.2942645907342148,404
Tianjin,遗传算法（GA）,GA,5,0.24684816701528645,404
Tianjin,遗传算法（GA）,GA,6,0.2251115004459845,404
Tianjin,遗传算法（GA）,GA,7,0.2251115004459845,404
Tianjin,遗传算法（GA）,GA,8,0.2251115004459845,404
Tianjin,遗传算法（GA）,GA,9,0.2251115004459845,404
Tianjin,遗传算法（GA）,GA,10,0.2251115004459845,404
Tianjin,遗传算法（GA）,GA,11,0.2186598348279038,404
Tianjin,遗传算法（GA）,GA,12,0.2186598348279038,404
Tianjin,遗传算法（GA）,GA,13,0.2186598348279038,404
Tianjin,遗传算法（GA）,GA,14,0.2186598348279038,404
Tianjin,遗传算法（GA）,GA,15,0.2186598348279038,404
Tianjin,遗传算法（GA）,GA,16,0.2186598348279038,404
Tianjin,遗传算法（GA）,GA,17,0.2186598348279038,404
Tianjin,遗传算法（GA）,GA,18,0.2186598348279038,404
Tianjin,遗传算法（GA）,GA,19,0.2186598348279038,404
Tianjin,遗传算法（GA）,GA,20,0.2186598348279038,404
Tianjin,遗传算法（GA）,GA,21,0.2186598348279038,404
Tianjin,遗传算法（GA）,GA,22,0.2186598348279038,404
Tianjin,遗传算法（GA）,GA,23,0.2186598348279038,404
Tianjin,遗传算法（GA）,GA,24,0.2186598348279038,404
Tianjin,遗传算法（GA）,GA,25,0.2186598348279038,404
Tianjin,遗传算法（GA）,GA,26,0.2186598348279038,404
Tianjin,遗传算法（GA）,GA,27,0.2186598348279038,404
Tianjin,遗传算法（GA）,GA,28,0.2186598348279038,404
Tianjin,遗传算法（GA）,GA,29,0.2186598348279038,404
Tianjin,遗传算法（GA）,GA,30,0.2009193211673015,404
Tianjin,遗传算法（GA）,GA,31,0.2009193211673015,404
Tianjin,遗传算法（GA）,GA,32,0.2009193211673015,404
Tianjin,遗传算法（GA）,GA,33,0.2009193211673015,404
Tianjin,遗传算法（GA）,GA,34,0.2009193211673015,404
Tianjin,遗传算法（GA）,GA,35,0.2009193211673015,404
Tianjin,遗传算法（GA）,GA,36,0.2009193211673015,404
Tianjin,遗传算法（GA）,GA,37,0.2009193211673015,404
Tianjin,遗传算法（GA）,GA,38,0.2009193211673015,404
Tianjin,遗传算法（GA）,GA,39,0.2009193211673015,404
Tianjin,遗传算法（GA）,GA,40,0.2009193211673015,404
Tianjin,遗传算法（GA）,GA,41,0.2009193211673015,404
Tianjin,遗传算法（GA）,GA,42,0.2009193211673015,404
Tianjin,遗传算法（GA）,GA,43,0.2009193211673015,404
Tianjin,遗传算法（GA）,GA,44,0.2009193211673015,404
Tianjin,遗传算法（GA）,GA,45,0.2009193211673015,404
Tianjin,遗传算法（GA）,GA,46,0.2009193211673015,404
Tianjin,遗传算法（GA）,GA,47,0.2009193211673015,404
Tianjin,遗传算法（GA）,GA,48,0.2009193211673015,404
Tianjin,遗传算法（GA）,GA,49,0.2009193211673015,404
Tianjin,遗传算法（GA）,GA,50,0.2009193211673015,404
Tianjin,遗传算法（GA）,GA,51,0.17399266235289054,404
Tianjin,遗传算法（GA）,GA,52,0.17399266235289054,404
Tianjin,遗传算法（GA）,GA,53,0.17399266235289054,404
Tianjin,遗传算法（GA）,GA,54,0.17399266235289054,404
Tianjin,遗传算法（GA）,GA,55,0.17399266235289054,404
Tianjin,遗传算法（GA）,GA,56,0.17399266235289054,404
Tianjin,遗传算法（GA）,GA,57,0.17399266235289054,404
Tianjin,遗传算法（GA）,GA,58,0.17399266235289054,404
Tianjin,遗传算法（GA）,GA,59,0.17399266235289054,404
Tianjin,遗传算法（GA）,GA,60,0.17399266235289054,404
Tianjin,遗传算法（GA）,GA,61,0.17399266235289054,404
Tianjin,遗传算法（GA）,GA,62,0.17399266235289054,404
Tianjin,遗传算法（GA）,GA,63,0.17399266235289054,404
Tianjin,遗传算法（GA）,GA,64,0.17399266235289054,404
Tianjin,遗传算法（GA）,GA,65,0.17399266235289054,404
Tianjin,遗传算法（GA）,GA,66,0.17399266235289054,404
Tianjin,遗传算法（GA）,GA,67,0.17399266235289054,404
Tianjin,遗传算法（GA）,GA,68,0.17399266235289054,404
Tianjin,遗传算法（GA）,GA,69,0.17399266235289054,404
Tianjin,遗传算法（GA）,GA,70,0.17399266235289054,404
Tianjin,遗传算法（GA）,GA,71,0.17399266235289054,404
Tianjin,遗传算法（GA）,GA,72,0.17399266235289054,404
Tianjin,遗传算法（GA）,GA,73,0.17399266235289054,404
Tianjin,遗传算法（GA）,GA,74,0.17399266235289054,404
Tianjin,遗传算法（GA）,GA,75,0.17399266235289054,404
Tianjin,遗传算法（GA）,GA,76,0.17399266235289054,404
Tianjin,遗传算法（GA）,GA,77,0.17399266235289054,404
Tianjin,遗传算法（GA）,GA,78,0.17399266235289054,404
Tianjin,遗传算法（GA）,GA,79,0.17399266235289054,404
Tianjin,遗传算法（GA）,GA,80,0.17399266235289054,404
Tianjin,遗传算法（GA）,GA,81,0.17399266235289054,404
Tianjin,遗传算法（GA）,GA,82,0.17399266235289054,404
Tianjin,遗传算法（GA）,GA,83,0.17399266235289054,404
Tianjin,遗传算法（GA）,GA,84,0.17399266235289054,404
Tianjin,遗传算法（GA）,GA,85,0.17399266235289054,404
Tianjin,遗传算法（GA）,GA,86,0.17399266235289054,404
Tianjin,遗传算法（GA）,GA,87,0.17399266235289054,404
Tianjin,遗传算法（GA）,GA,88,0.17399266235289054,404
Tianjin,遗传算法（GA）,GA,89,0.17399266235289054,404
Tianjin,遗传算法（GA）,GA,90,0.17399266235289054,404
Tianjin,遗传算法（GA）,GA,91,0.17399266235289054,404
Tianjin,遗传算法（GA）,GA,92,0.17399266235289054,404
Tianjin,遗传算法（GA）,GA,93,0.17399266235289054,404
Tianjin,遗传算法（GA）,GA,94,0.17399266235289054,404
Tianjin,遗传算法（GA）,GA,95,0.17399266235289054,404
Tianjin,遗传算法（GA）,GA,96,0.17399266235289054,404
Tianjin,遗传算法（GA）,GA,97,0.17399266235289054,404
Tianjin,遗传算法（GA）,GA,98,0.16997159163062797,404
Tianjin,遗传算法（GA）,GA,99,0.16997159163062797,404
Tianjin,遗传算法（GA）,GA,100,0.16997159163062797,404
Tianjin,SPSA,SPSA,1,1.4932407636016776,42
Tianjin,SPSA,SPSA,2,1.4932407636016776,42
Tianjin,SPSA,SPSA,3,1.3299143345478852,42
Tianjin,SPSA,SPSA,4,1.3299143345478852,42
Tianjin,SPSA,SPSA,5,1.0944260210524615,42
Tianjin,SPSA,SPSA,6,1.0944260210524615,42
Tianjin,SPSA,SPSA,7,1.0944260210524615,42
Tianjin,SPSA,SPSA,8,1.0944260210524615,42
Tianjin,SPSA,SPSA,9,1.0944260210524615,42
Tianjin,SPSA,SPSA,10,1.0944260210524615,42
Tianjin,SPSA,SPSA,11,1.0944260210524615,42
Tianjin,SPSA,SPSA,12,1.0573211946203604,42
Tianjin,SPSA,SPSA,13,1.0573211946203604,42
Tianjin,SPSA,SPSA,14,1.0573211946203604,42
Tianjin,SPSA,SPSA,15,1.049761711555781,42
Tianjin,SPSA,SPSA,16,0.7980775039271325,42
Tianjin,SPSA,SPSA,17,0.7980775039271325,42
Tianjin,SPSA,SPSA,18,0.5608618194468984,42
Tianjin,SPSA,SPSA,19,0.5608618194468984,42
Tianjin,SPSA,SPSA,20,0.5608618194468984,42
Tianjin,SPSA,SPSA,21,0.35605660992224725,42
Tianjin,SPSA,SPSA,22,0.35605660992224725,42
Tianjin,SPSA,SPSA,23,0.2771728336099618,42
Tianjin,SPSA,SPSA,24,0.2771728336099618,42
Tianjin,SPSA,SPSA,25,0.2771728336099618,42
Tianjin,SPSA,SPSA,26,0.2056640611970689,42
Tianjin,SPSA,SPSA,27,0.2056640611970689,42
Tianjin,SPSA,SPSA,28,0.2056640611970689,42
Tianjin,SPSA,SPSA,29,0.2056640611970689,42
Tianjin,SPSA,SPSA,30,0.2056640611970689,42
Tianjin,SPSA,SPSA,31,0.2056640611970689,42
Tianjin,SPSA,SPSA,32,0.19915311425970866,42
Tianjin,SPSA,SPSA,33,0.19915311425970866,42
Tianjin,SPSA,SPSA,34,0.19915311425970866,42
Tianjin,SPSA,SPSA,35,0.17454835282143083,42
Tianjin,SPSA,SPSA,36,0.17454835282143083,42
Tianjin,SPSA,SPSA,37,0.17454835282143083,42
Tianjin,SPSA,SPSA,38,0.17454835282143083,42
Tianjin,SPSA,SPSA,39,0.17069517814017182,42
Tianjin,SPSA,SPSA,40,0.17069517814017182,42
Tianjin,SPSA,SPSA,41,0.17069517814017182,42
Tianjin,SPSA,SPSA,42,0.17069517814017182,42
Tianjin,SPSA,SPSA,43,0.17069517814017182,42
Tianjin,SPSA,SPSA,44,0.16722163790776828,42
Tianjin,SPSA,SPSA,45,0.16722163790776828,42
Tianjin,SPSA,SPSA,46,0.16722163790776828,42
Tianjin,SPSA,SPSA,47,0.16722163790776828,42
Tianjin,SPSA,SPSA,48,0.16722163790776828,42
Tianjin,SPSA,SPSA,49,0.16722163790776828,42
Tianjin,SPSA,SPSA,50,0.16722163790776828,42
Tianjin,SPSA,SPSA,51,0.16722163790776828,42
Tianjin,SPSA,SPSA,52,0.16722163790776828,42
Tianjin,SPSA,SPSA,53,0.16722163790776828,42
Tianjin,SPSA,SPSA,54,0.16722163790776828,42
Tianjin,SPSA,SPSA,55,0.16722163790776828,42
Tianjin,SPSA,SPSA,56,0.16722163790776828,42
Tianjin,SPSA,SPSA,57,0.16722163790776828,42
Tianjin,SPSA,SPSA,58,0.16722163790776828,42
Tianjin,SPSA,SPSA,59,0.16722163790776828,42
Tianjin,SPSA,SPSA,60,0.16722163790776828,42
Tianjin,SPSA,SPSA,61,0.16722163790776828,42
Tianjin,SPSA,SPSA,62,0.16722163790776828,42
Tianjin,SPSA,SPSA,63,0.16722163790776828,42
Tianjin,SPSA,SPSA,64,0.16722163790776828,42
Tianjin,SPSA,SPSA,65,0.16722163790776828,42
Tianjin,SPSA,SPSA,66,0.16722163790776828,42
Tianjin,SPSA,SPSA,67,0.16722163790776828,42
Tianjin,SPSA,SPSA,68,0.16722163790776828,42
Tianjin,SPSA,SPSA,69,0.16722163790776828,42
Tianjin,SPSA,SPSA,70,0.16722163790776828,42
Tianjin,SPSA,SPSA,71,0.16722163790776828,42
Tianjin,SPSA,SPSA,72,0.16115854589734646,42
Tianjin,SPSA,SPSA,73,0.16115854589734646,42
Tianjin,SPSA,SPSA,74,0.16115854589734646,42
Tianjin,SPSA,SPSA,75,0.16115854589734646,42
Tianjin,SPSA,SPSA,76,0.16115854589734646,42
Tianjin,SPSA,SPSA,77,0.16115854589734646,42
Tianjin,SPSA,SPSA,78,0.16115854589734646,42
Tianjin,SPSA,SPSA,79,0.16115854589734646,42
Tianjin,SPSA,SPSA,80,0.16115854589734646,42
Tianjin,SPSA,SPSA,81,0.16115854589734646,42
Tianjin,SPSA,SPSA,82,0.16115854589734646,42
Tianjin,SPSA,SPSA,83,0.16115854589734646,42
Tianjin,SPSA,SPSA,84,0.16115854589734646,42
Tianjin,SPSA,SPSA,85,0.16115854589734646,42
Tianjin,SPSA,SPSA,86,0.16115854589734646,42
Tianjin,SPSA,SPSA,87,0.16115854589734646,42
Tianjin,SPSA,SPSA,88,0.16115854589734646,42
Tianjin,SPSA,SPSA,89,0.16115854589734646,42
Tianjin,SPSA,SPSA,90,0.16115854589734646,42
Tianjin,SPSA,SPSA,91,0.16115854589734646,42
Tianjin,SPSA,SPSA,92,0.16115854589734646,42
Tianjin,SPSA,SPSA,93,0.16115854589734646,42
Tianjin,SPSA,SPSA,94,0.16115854589734646,42
Tianjin,SPSA,SPSA,95,0.16115854589734646,42
Tianjin,SPSA,SPSA,96,0.16115854589734646,42
Tianjin,SPSA,SPSA,97,0.16115854589734646,42
Tianjin,SPSA,SPSA,98,0.16115854589734646,42
Tianjin,SPSA,SPSA,99,0.16115854589734646,42
Tianjin,SPSA,SPSA,100,0.16115854589734646,42
Tianjin,SPSA,SPSA,1,0.924286200700341,101
Tianjin,SPSA,SPSA,2,0.6170501275811356,101
Tianjin,SPSA,SPSA,3,0.5705129009687593,101
Tianjin,SPSA,SPSA,4,0.5705129009687593,101
Tianjin,SPSA,SPSA,5,0.5705129009687593,101
Tianjin,SPSA,SPSA,6,0.5705129009687593,101
Tianjin,SPSA,SPSA,7,0.5705129009687593,101
Tianjin,SPSA,SPSA,8,0.4109528293210225,101
Tianjin,SPSA,SPSA,9,0.4109528293210225,101
Tianjin,SPSA,SPSA,10,0.4109528293210225,101
Tianjin,SPSA,SPSA,11,0.4109528293210225,101
Tianjin,SPSA,SPSA,12,0.3158621630894179,101
Tianjin,SPSA,SPSA,13,0.3158621630894179,101
Tianjin,SPSA,SPSA,14,0.30083092294228236,101
Tianjin,SPSA,SPSA,15,0.30083092294228236,101
Tianjin,SPSA,SPSA,16,0.30083092294228236,101
Tianjin,SPSA,SPSA,17,0.2877843800032771,101
Tianjin,SPSA,SPSA,18,0.2877843800032771,101
Tianjin,SPSA,SPSA,19,0.24123292380471736,101
Tianjin,SPSA,SPSA,20,0.24123292380471736,101
Tianjin,SPSA,SPSA,21,0.24123292380471736,101
Tianjin,SPSA,SPSA,22,0.24123292380471736,101
Tianjin,SPSA,SPSA,23,0.24123292380471736,101
Tianjin,SPSA,SPSA,24,0.24123292380471736,101
Tianjin,SPSA,SPSA,25,0.24123292380471736,101
Tianjin,SPSA,SPSA,26,0.24123292380471736,101
Tianjin,SPSA,SPSA,27,0.18122223342590038,101
Tianjin,SPSA,SPSA,28,0.18122223342590038,101
Tianjin,SPSA,SPSA,29,0.18122223342590038,101
Tianjin,SPSA,SPSA,30,0.18122223342590038,101
Tianjin,SPSA,SPSA,31,0.18122223342590038,101
Tianjin,SPSA,SPSA,32,0.18122223342590038,101
Tianjin,SPSA,SPSA,33,0.18122223342590038,101
Tianjin,SPSA,SPSA,34,0.18122223342590038,101
Tianjin,SPSA,SPSA,35,0.18122223342590038,101
Tianjin,SPSA,SPSA,36,0.18122223342590038,101
Tianjin,SPSA,SPSA,37,0.18122223342590038,101
Tianjin,SPSA,SPSA,38,0.18122223342590038,101
Tianjin,SPSA,SPSA,39,0.18122223342590038,101
Tianjin,SPSA,SPSA,40,0.18122223342590038,101
Tianjin,SPSA,SPSA,41,0.18122223342590038,101
Tianjin,SPSA,SPSA,42,0.18122223342590038,101
Tianjin,SPSA,SPSA,43,0.18122223342590038,101
Tianjin,SPSA,SPSA,44,0.17707160495984664,101
Tianjin,SPSA,SPSA,45,0.17707160495984664,101
Tianjin,SPSA,SPSA,46,0.17707160495984664,101
Tianjin,SPSA,SPSA,47,0.17707160495984664,101
Tianjin,SPSA,SPSA,48,0.17707160495984664,101
Tianjin,SPSA,SPSA,49,0.17707160495984664,101
Tianjin,SPSA,SPSA,50,0.17707160495984664,101
Tianjin,SPSA,SPSA,51,0.14833064929962558,101
Tianjin,SPSA,SPSA,52,0.14833064929962558,101
Tianjin,SPSA,SPSA,53,0.14833064929962558,101
Tianjin,SPSA,SPSA,54,0.14833064929962558,101
Tianjin,SPSA,SPSA,55,0.14833064929962558,101
Tianjin,SPSA,SPSA,56,0.14833064929962558,101
Tianjin,SPSA,SPSA,57,0.14833064929962558,101
Tianjin,SPSA,SPSA,58,0.14833064929962558,101
Tianjin,SPSA,SPSA,59,0.14833064929962558,101
Tianjin,SPSA,SPSA,60,0.14833064929962558,101
Tianjin,SPSA,SPSA,61,0.14833064929962558,101
Tianjin,SPSA,SPSA,62,0.14833064929962558,101
Tianjin,SPSA,SPSA,63,0.14833064929962558,101
Tianjin,SPSA,SPSA,64,0.14833064929962558,101
Tianjin,SPSA,SPSA,65,0.14833064929962558,101
Tianjin,SPSA,SPSA,66,0.14833064929962558,101
Tianjin,SPSA,SPSA,67,0.14833064929962558,101
Tianjin,SPSA,SPSA,68,0.14833064929962558,101
Tianjin,SPSA,SPSA,69,0.14833064929962558,101
Tianjin,SPSA,SPSA,70,0.14833064929962558,101
Tianjin,SPSA,SPSA,71,0.14833064929962558,101
Tianjin,SPSA,SPSA,72,0.14833064929962558,101
Tianjin,SPSA,SPSA,73,0.14833064929962558,101
Tianjin,SPSA,SPSA,74,0.14833064929962558,101
Tianjin,SPSA,SPSA,75,0.14833064929962558,101
Tianjin,SPSA,SPSA,76,0.14833064929962558,101
Tianjin,SPSA,SPSA,77,0.14833064929962558,101
Tianjin,SPSA,SPSA,78,0.14833064929962558,101
Tianjin,SPSA,SPSA,79,0.14833064929962558,101
Tianjin,SPSA,SPSA,80,0.14833064929962558,101
Tianjin,SPSA,SPSA,81,0.14833064929962558,101
Tianjin,SPSA,SPSA,82,0.14833064929962558,101
Tianjin,SPSA,SPSA,83,0.14833064929962558,101
Tianjin,SPSA,SPSA,84,0.14833064929962558,101
Tianjin,SPSA,SPSA,85,0.14833064929962558,101
Tianjin,SPSA,SPSA,86,0.14833064929962558,101
Tianjin,SPSA,SPSA,87,0.14833064929962558,101
Tianjin,SPSA,SPSA,88,0.14833064929962558,101
Tianjin,SPSA,SPSA,89,0.14833064929962558,101
Tianjin,SPSA,SPSA,90,0.14833064929962558,101
Tianjin,SPSA,SPSA,91,0.14833064929962558,101
Tianjin,SPSA,SPSA,92,0.14833064929962558,101
Tianjin,SPSA,SPSA,93,0.14833064929962558,101
Tianjin,SPSA,SPSA,94,0.14833064929962558,101
Tianjin,SPSA,SPSA,95,0.14833064929962558,101
Tianjin,SPSA,SPSA,96,0.14833064929962558,101
Tianjin,SPSA,SPSA,97,0.14833064929962558,101
Tianjin,SPSA,SPSA,98,0.14833064929962558,101
Tianjin,SPSA,SPSA,99,0.14833064929962558,101
Tianjin,SPSA,SPSA,100,0.14833064929962558,101
Tianjin,SPSA,SPSA,1,0.2738950823190165,202
Tianjin,SPSA,SPSA,2,0.2738950823190165,202
Tianjin,SPSA,SPSA,3,0.2738950823190165,202
Tianjin,SPSA,SPSA,4,0.2738950823190165,202
Tianjin,SPSA,SPSA,5,0.2738950823190165,202
Tianjin,SPSA,SPSA,6,0.25199462670235884,202
Tianjin,SPSA,SPSA,7,0.25199462670235884,202
Tianjin,SPSA,SPSA,8,0.25199462670235884,202
Tianjin,SPSA,SPSA,9,0.1730031701117251,202
Tianjin,SPSA,SPSA,10,0.1730031701117251,202
Tianjin,SPSA,SPSA,11,0.1730031701117251,202
Tianjin,SPSA,SPSA,12,0.1730031701117251,202
Tianjin,SPSA,SPSA,13,0.1730031701117251,202
Tianjin,SPSA,SPSA,14,0.1730031701117251,202
Tianjin,SPSA,SPSA,15,0.1730031701117251,202
Tianjin,SPSA,SPSA,16,0.1730031701117251,202
Tianjin,SPSA,SPSA,17,0.1730031701117251,202
Tianjin,SPSA,SPSA,18,0.1730031701117251,202
Tianjin,SPSA,SPSA,19,0.1730031701117251,202
Tianjin,SPSA,SPSA,20,0.1730031701117251,202
Tianjin,SPSA,SPSA,21,0.1730031701117251,202
Tianjin,SPSA,SPSA,22,0.1730031701117251,202
Tianjin,SPSA,SPSA,23,0.1730031701117251,202
Tianjin,SPSA,SPSA,24,0.1730031701117251,202
Tianjin,SPSA,SPSA,25,0.1730031701117251,202
Tianjin,SPSA,SPSA,26,0.1730031701117251,202
Tianjin,SPSA,SPSA,27,0.1730031701117251,202
Tianjin,SPSA,SPSA,28,0.1730031701117251,202
Tianjin,SPSA,SPSA,29,0.1730031701117251,202
Tianjin,SPSA,SPSA,30,0.1730031701117251,202
Tianjin,SPSA,SPSA,31,0.1730031701117251,202
Tianjin,SPSA,SPSA,32,0.1730031701117251,202
Tianjin,SPSA,SPSA,33,0.1730031701117251,202
Tianjin,SPSA,SPSA,34,0.1730031701117251,202
Tianjin,SPSA,SPSA,35,0.1730031701117251,202
Tianjin,SPSA,SPSA,36,0.1730031701117251,202
Tianjin,SPSA,SPSA,37,0.1730031701117251,202
Tianjin,SPSA,SPSA,38,0.1730031701117251,202
Tianjin,SPSA,SPSA,39,0.1730031701117251,202
Tianjin,SPSA,SPSA,40,0.1730031701117251,202
Tianjin,SPSA,SPSA,41,0.1730031701117251,202
Tianjin,SPSA,SPSA,42,0.1730031701117251,202
Tianjin,SPSA,SPSA,43,0.1730031701117251,202
Tianjin,SPSA,SPSA,44,0.1730031701117251,202
Tianjin,SPSA,SPSA,45,0.1730031701117251,202
Tianjin,SPSA,SPSA,46,0.1730031701117251,202
Tianjin,SPSA,SPSA,47,0.1730031701117251,202
Tianjin,SPSA,SPSA,48,0.1730031701117251,202
Tianjin,SPSA,SPSA,49,0.1730031701117251,202
Tianjin,SPSA,SPSA,50,0.1730031701117251,202
Tianjin,SPSA,SPSA,51,0.1730031701117251,202
Tianjin,SPSA,SPSA,52,0.1730031701117251,202
Tianjin,SPSA,SPSA,53,0.1730031701117251,202
Tianjin,SPSA,SPSA,54,0.1730031701117251,202
Tianjin,SPSA,SPSA,55,0.1730031701117251,202
Tianjin,SPSA,SPSA,56,0.1730031701117251,202
Tianjin,SPSA,SPSA,57,0.1730031701117251,202
Tianjin,SPSA,SPSA,58,0.1730031701117251,202
Tianjin,SPSA,SPSA,59,0.1730031701117251,202
Tianjin,SPSA,SPSA,60,0.1730031701117251,202
Tianjin,SPSA,SPSA,61,0.1730031701117251,202
Tianjin,SPSA,SPSA,62,0.1730031701117251,202
Tianjin,SPSA,SPSA,63,0.1730031701117251,202
Tianjin,SPSA,SPSA,64,0.1730031701117251,202
Tianjin,SPSA,SPSA,65,0.1730031701117251,202
Tianjin,SPSA,SPSA,66,0.1730031701117251,202
Tianjin,SPSA,SPSA,67,0.1730031701117251,202
Tianjin,SPSA,SPSA,68,0.1730031701117251,202
Tianjin,SPSA,SPSA,69,0.1730031701117251,202
Tianjin,SPSA,SPSA,70,0.1730031701117251,202
Tianjin,SPSA,SPSA,71,0.1730031701117251,202
Tianjin,SPSA,SPSA,72,0.1730031701117251,202
Tianjin,SPSA,SPSA,73,0.1730031701117251,202
Tianjin,SPSA,SPSA,74,0.1730031701117251,202
Tianjin,SPSA,SPSA,75,0.1730031701117251,202
Tianjin,SPSA,SPSA,76,0.1730031701117251,202
Tianjin,SPSA,SPSA,77,0.1730031701117251,202
Tianjin,SPSA,SPSA,78,0.1730031701117251,202
Tianjin,SPSA,SPSA,79,0.1730031701117251,202
Tianjin,SPSA,SPSA,80,0.1730031701117251,202
Tianjin,SPSA,SPSA,81,0.1730031701117251,202
Tianjin,SPSA,SPSA,82,0.1730031701117251,202
Tianjin,SPSA,SPSA,83,0.1730031701117251,202
Tianjin,SPSA,SPSA,84,0.1730031701117251,202
Tianjin,SPSA,SPSA,85,0.1730031701117251,202
Tianjin,SPSA,SPSA,86,0.1730031701117251,202
Tianjin,SPSA,SPSA,87,0.1730031701117251,202
Tianjin,SPSA,SPSA,88,0.1730031701117251,202
Tianjin,SPSA,SPSA,89,0.1730031701117251,202
Tianjin,SPSA,SPSA,90,0.1730031701117251,202
Tianjin,SPSA,SPSA,91,0.1730031701117251,202
Tianjin,SPSA,SPSA,92,0.1730031701117251,202
Tianjin,SPSA,SPSA,93,0.1730031701117251,202
Tianjin,SPSA,SPSA,94,0.1730031701117251,202
Tianjin,SPSA,SPSA,95,0.1730031701117251,202
Tianjin,SPSA,SPSA,96,0.1730031701117251,202
Tianjin,SPSA,SPSA,97,0.1730031701117251,202
Tianjin,SPSA,SPSA,98,0.1730031701117251,202
Tianjin,SPSA,SPSA,99,0.1730031701117251,202
Tianjin,SPSA,SPSA,100,0.1730031701117251,202
Tianjin,SPSA,SPSA,1,0.6029648216496106,303
Tianjin,SPSA,SPSA,2,0.6029648216496106,303
Tianjin,SPSA,SPSA,3,0.6029648216496106,303
Tianjin,SPSA,SPSA,4,0.6029648216496106,303
Tianjin,SPSA,SPSA,5,0.6029648216496106,303
Tianjin,SPSA,SPSA,6,0.6029648216496106,303
Tianjin,SPSA,SPSA,7,0.5207295595970719,303
Tianjin,SPSA,SPSA,8,0.5207295595970719,303
Tianjin,SPSA,SPSA,9,0.5207295595970719,303
Tianjin,SPSA,SPSA,10,0.5207295595970719,303
Tianjin,SPSA,SPSA,11,0.4874312397977676,303
Tianjin,SPSA,SPSA,12,0.4362206021016378,303
Tianjin,SPSA,SPSA,13,0.4362206021016378,303
Tianjin,SPSA,SPSA,14,0.40334586036273157,303
Tianjin,SPSA,SPSA,15,0.40334586036273157,303
Tianjin,SPSA,SPSA,16,0.36242797557284295,303
Tianjin,SPSA,SPSA,17,0.36242797557284295,303
Tianjin,SPSA,SPSA,18,0.36242797557284295,303
Tianjin,SPSA,SPSA,19,0.36242797557284295,303
Tianjin,SPSA,SPSA,20,0.36242797557284295,303
Tianjin,SPSA,SPSA,21,0.36242797557284295,303
Tianjin,SPSA,SPSA,22,0.355713154754688,303
Tianjin,SPSA,SPSA,23,0.355713154754688,303
Tianjin,SPSA,SPSA,24,0.35492632216865366,303
Tianjin,SPSA,SPSA,25,0.35492632216865366,303
Tianjin,SPSA,SPSA,26,0.35492632216865366,303
Tianjin,SPSA,SPSA,27,0.34066148541160324,303
Tianjin,SPSA,SPSA,28,0.34066148541160324,303
Tianjin,SPSA,SPSA,29,0.34066148541160324,303
Tianjin,SPSA,SPSA,30,0.34066148541160324,303
Tianjin,SPSA,SPSA,31,0.34066148541160324,303
Tianjin,SPSA,SPSA,32,0.34066148541160324,303
Tianjin,SPSA,SPSA,33,0.34066148541160324,303
Tianjin,SPSA,SPSA,34,0.34066148541160324,303
Tianjin,SPSA,SPSA,35,0.30834708396804605,303
Tianjin,SPSA,SPSA,36,0.30834708396804605,303
Tianjin,SPSA,SPSA,37,0.30834708396804605,303
Tianjin,SPSA,SPSA,38,0.30834708396804605,303
Tianjin,SPSA,SPSA,39,0.30834708396804605,303
Tianjin,SPSA,SPSA,40,0.30834708396804605,303
Tianjin,SPSA,SPSA,41,0.30834708396804605,303
Tianjin,SPSA,SPSA,42,0.30834708396804605,303
Tianjin,SPSA,SPSA,43,0.30834708396804605,303
Tianjin,SPSA,SPSA,44,0.30182820015612466,303
Tianjin,SPSA,SPSA,45,0.30182820015612466,303
Tianjin,SPSA,SPSA,46,0.30182820015612466,303
Tianjin,SPSA,SPSA,47,0.30182820015612466,303
Tianjin,SPSA,SPSA,48,0.30182820015612466,303
Tianjin,SPSA,SPSA,49,0.30182820015612466,303
Tianjin,SPSA,SPSA,50,0.30182820015612466,303
Tianjin,SPSA,SPSA,51,0.30182820015612466,303
Tianjin,SPSA,SPSA,52,0.30182820015612466,303
Tianjin,SPSA,SPSA,53,0.30182820015612466,303
Tianjin,SPSA,SPSA,54,0.30182820015612466,303
Tianjin,SPSA,SPSA,55,0.30182820015612466,303
Tianjin,SPSA,SPSA,56,0.30182820015612466,303
Tianjin,SPSA,SPSA,57,0.30182820015612466,303
Tianjin,SPSA,SPSA,58,0.30182820015612466,303
Tianjin,SPSA,SPSA,59,0.30182820015612466,303
Tianjin,SPSA,SPSA,60,0.30182820015612466,303
Tianjin,SPSA,SPSA,61,0.30182820015612466,303
Tianjin,SPSA,SPSA,62,0.30182820015612466,303
Tianjin,SPSA,SPSA,63,0.30182820015612466,303
Tianjin,SPSA,SPSA,64,0.30182820015612466,303
Tianjin,SPSA,SPSA,65,0.30182820015612466,303
Tianjin,SPSA,SPSA,66,0.30182820015612466,303
Tianjin,SPSA,SPSA,67,0.30182820015612466,303
Tianjin,SPSA,SPSA,68,0.30182820015612466,303
Tianjin,SPSA,SPSA,69,0.30182820015612466,303
Tianjin,SPSA,SPSA,70,0.30182820015612466,303
Tianjin,SPSA,SPSA,71,0.30182820015612466,303
Tianjin,SPSA,SPSA,72,0.30182820015612466,303
Tianjin,SPSA,SPSA,73,0.30182820015612466,303
Tianjin,SPSA,SPSA,74,0.30182820015612466,303
Tianjin,SPSA,SPSA,75,0.30182820015612466,303
Tianjin,SPSA,SPSA,76,0.30182820015612466,303
Tianjin,SPSA,SPSA,77,0.30182820015612466,303
Tianjin,SPSA,SPSA,78,0.30182820015612466,303
Tianjin,SPSA,SPSA,79,0.30182820015612466,303
Tianjin,SPSA,SPSA,80,0.30182820015612466,303
Tianjin,SPSA,SPSA,81,0.30182820015612466,303
Tianjin,SPSA,SPSA,82,0.30182820015612466,303
Tianjin,SPSA,SPSA,83,0.30182820015612466,303
Tianjin,SPSA,SPSA,84,0.30182820015612466,303
Tianjin,SPSA,SPSA,85,0.30182820015612466,303
Tianjin,SPSA,SPSA,86,0.30182820015612466,303
Tianjin,SPSA,SPSA,87,0.30182820015612466,303
Tianjin,SPSA,SPSA,88,0.30182820015612466,303
Tianjin,SPSA,SPSA,89,0.30182820015612466,303
Tianjin,SPSA,SPSA,90,0.30182820015612466,303
Tianjin,SPSA,SPSA,91,0.2947790653849549,303
Tianjin,SPSA,SPSA,92,0.2947790653849549,303
Tianjin,SPSA,SPSA,93,0.2947790653849549,303
Tianjin,SPSA,SPSA,94,0.2947790653849549,303
Tianjin,SPSA,SPSA,95,0.2947790653849549,303
Tianjin,SPSA,SPSA,96,0.2947790653849549,303
Tianjin,SPSA,SPSA,97,0.2947790653849549,303
Tianjin,SPSA,SPSA,98,0.2833063873646299,303
Tianjin,SPSA,SPSA,99,0.2833063873646299,303
Tianjin,SPSA,SPSA,100,0.2833063873646299,303
Tianjin,SPSA,SPSA,1,0.4117080415555836,404
Tianjin,SPSA,SPSA,2,0.4117080415555836,404
Tianjin,SPSA,SPSA,3,0.3772812699533413,404
Tianjin,SPSA,SPSA,4,0.3772812699533413,404
Tianjin,SPSA,SPSA,5,0.3772812699533413,404
Tianjin,SPSA,SPSA,6,0.2632744283211597,404
Tianjin,SPSA,SPSA,7,0.2632744283211597,404
Tianjin,SPSA,SPSA,8,0.2632744283211597,404
Tianjin,SPSA,SPSA,9,0.2632744283211597,404
Tianjin,SPSA,SPSA,10,0.2632744283211597,404
Tianjin,SPSA,SPSA,11,0.2632744283211597,404
Tianjin,SPSA,SPSA,12,0.2632744283211597,404
Tianjin,SPSA,SPSA,13,0.2632744283211597,404
Tianjin,SPSA,SPSA,14,0.2632744283211597,404
Tianjin,SPSA,SPSA,15,0.2632744283211597,404
Tianjin,SPSA,SPSA,16,0.2632744283211597,404
Tianjin,SPSA,SPSA,17,0.2632744283211597,404
Tianjin,SPSA,SPSA,18,0.2632744283211597,404
Tianjin,SPSA,SPSA,19,0.2632744283211597,404
Tianjin,SPSA,SPSA,20,0.2632744283211597,404
Tianjin,SPSA,SPSA,21,0.2632744283211597,404
Tianjin,SPSA,SPSA,22,0.2632744283211597,404
Tianjin,SPSA,SPSA,23,0.2632744283211597,404
Tianjin,SPSA,SPSA,24,0.2632744283211597,404
Tianjin,SPSA,SPSA,25,0.2632744283211597,404
Tianjin,SPSA,SPSA,26,0.2632744283211597,404
Tianjin,SPSA,SPSA,27,0.2632744283211597,404
Tianjin,SPSA,SPSA,28,0.2632744283211597,404
Tianjin,SPSA,SPSA,29,0.2632744283211597,404
Tianjin,SPSA,SPSA,30,0.2632744283211597,404
Tianjin,SPSA,SPSA,31,0.2632744283211597,404
Tianjin,SPSA,SPSA,32,0.2632744283211597,404
Tianjin,SPSA,SPSA,33,0.2632744283211597,404
Tianjin,SPSA,SPSA,34,0.2632744283211597,404
Tianjin,SPSA,SPSA,35,0.2632744283211597,404
Tianjin,SPSA,SPSA,36,0.2632744283211597,404
Tianjin,SPSA,SPSA,37,0.2632744283211597,404
Tianjin,SPSA,SPSA,38,0.2632744283211597,404
Tianjin,SPSA,SPSA,39,0.2632744283211597,404
Tianjin,SPSA,SPSA,40,0.2632744283211597,404
Tianjin,SPSA,SPSA,41,0.2632744283211597,404
Tianjin,SPSA,SPSA,42,0.25734526943744473,404
Tianjin,SPSA,SPSA,43,0.25734526943744473,404
Tianjin,SPSA,SPSA,44,0.25734526943744473,404
Tianjin,SPSA,SPSA,45,0.25734526943744473,404
Tianjin,SPSA,SPSA,46,0.25734526943744473,404
Tianjin,SPSA,SPSA,47,0.24880232419260853,404
Tianjin,SPSA,SPSA,48,0.24880232419260853,404
Tianjin,SPSA,SPSA,49,0.24880232419260853,404
Tianjin,SPSA,SPSA,50,0.24880232419260853,404
Tianjin,SPSA,SPSA,51,0.24880232419260853,404
Tianjin,SPSA,SPSA,52,0.24880232419260853,404
Tianjin,SPSA,SPSA,53,0.24880232419260853,404
Tianjin,SPSA,SPSA,54,0.24880232419260853,404
Tianjin,SPSA,SPSA,55,0.24880232419260853,404
Tianjin,SPSA,SPSA,56,0.24880232419260853,404
Tianjin,SPSA,SPSA,57,0.23931477084966557,404
Tianjin,SPSA,SPSA,58,0.23931477084966557,404
Tianjin,SPSA,SPSA,59,0.23931477084966557,404
Tianjin,SPSA,SPSA,60,0.23931477084966557,404
Tianjin,SPSA,SPSA,61,0.23931477084966557,404
Tianjin,SPSA,SPSA,62,0.23931477084966557,404
Tianjin,SPSA,SPSA,63,0.21123174500844,404
Tianjin,SPSA,SPSA,64,0.21123174500844,404
Tianjin,SPSA,SPSA,65,0.21123174500844,404
Tianjin,SPSA,SPSA,66,0.21123174500844,404
Tianjin,SPSA,SPSA,67,0.21123174500844,404
Tianjin,SPSA,SPSA,68,0.19955763690796602,404
Tianjin,SPSA,SPSA,69,0.19955763690796602,404
Tianjin,SPSA,SPSA,70,0.19955763690796602,404
Tianjin,SPSA,SPSA,71,0.19955763690796602,404
Tianjin,SPSA,SPSA,72,0.19955763690796602,404
Tianjin,SPSA,SPSA,73,0.19955763690796602,404
Tianjin,SPSA,SPSA,74,0.19955763690796602,404
Tianjin,SPSA,SPSA,75,0.19955763690796602,404
Tianjin,SPSA,SPSA,76,0.19955763690796602,404
Tianjin,SPSA,SPSA,77,0.19955763690796602,404
Tianjin,SPSA,SPSA,78,0.19955763690796602,404
Tianjin,SPSA,SPSA,79,0.19955763690796602,404
Tianjin,SPSA,SPSA,80,0.19955763690796602,404
Tianjin,SPSA,SPSA,81,0.19955763690796602,404
Tianjin,SPSA,SPSA,82,0.19955763690796602,404
Tianjin,SPSA,SPSA,83,0.19955763690796602,404
Tianjin,SPSA,SPSA,84,0.19955763690796602,404
Tianjin,SPSA,SPSA,85,0.19955763690796602,404
Tianjin,SPSA,SPSA,86,0.19955763690796602,404
Tianjin,SPSA,SPSA,87,0.19240808288048175,404
Tianjin,SPSA,SPSA,88,0.19240808288048175,404
Tianjin,SPSA,SPSA,89,0.19240808288048175,404
Tianjin,SPSA,SPSA,90,0.19240808288048175,404
Tianjin,SPSA,SPSA,91,0.19240808288048175,404
Tianjin,SPSA,SPSA,92,0.19240808288048175,404
Tianjin,SPSA,SPSA,93,0.19240808288048175,404
Tianjin,SPSA,SPSA,94,0.19240808288048175,404
Tianjin,SPSA,SPSA,95,0.19240808288048175,404
Tianjin,SPSA,SPSA,96,0.19240808288048175,404
Tianjin,SPSA,SPSA,97,0.19240808288048175,404
Tianjin,SPSA,SPSA,98,0.19240808288048175,404
Tianjin,SPSA,SPSA,99,0.19240808288048175,404
Tianjin,SPSA,SPSA,100,0.19240808288048175,404
Tianjin,TPE,TPE,1,0.49916058095931576,42
Tianjin,TPE,TPE,2,0.22571104155075578,42
Tianjin,TPE,TPE,3,0.22571104155075578,42
Tianjin,TPE,TPE,4,0.22571104155075578,42
Tianjin,TPE,TPE,5,0.22571104155075578,42
Tianjin,TPE,TPE,6,0.22571104155075578,42
Tianjin,TPE,TPE,7,0.22571104155075578,42
Tianjin,TPE,TPE,8,0.22571104155075578,42
Tianjin,TPE,TPE,9,0.22571104155075578,42
Tianjin,TPE,TPE,10,0.22571104155075578,42
Tianjin,TPE,TPE,11,0.22571104155075578,42
Tianjin,TPE,TPE,12,0.22571104155075578,42
Tianjin,TPE,TPE,13,0.22571104155075578,42
Tianjin,TPE,TPE,14,0.17245096968528284,42
Tianjin,TPE,TPE,15,0.17245096968528284,42
Tianjin,TPE,TPE,16,0.17245096968528284,42
Tianjin,TPE,TPE,17,0.17245096968528284,42
Tianjin,TPE,TPE,18,0.17245096968528284,42
Tianjin,TPE,TPE,19,0.17245096968528284,42
Tianjin,TPE,TPE,20,0.17245096968528284,42
Tianjin,TPE,TPE,21,0.17245096968528284,42
Tianjin,TPE,TPE,22,0.17245096968528284,42
Tianjin,TPE,TPE,23,0.17245096968528284,42
Tianjin,TPE,TPE,24,0.17245096968528284,42
Tianjin,TPE,TPE,25,0.17245096968528284,42
Tianjin,TPE,TPE,26,0.17245096968528284,42
Tianjin,TPE,TPE,27,0.17245096968528284,42
Tianjin,TPE,TPE,28,0.17245096968528284,42
Tianjin,TPE,TPE,29,0.17245096968528284,42
Tianjin,TPE,TPE,30,0.17245096968528284,42
Tianjin,TPE,TPE,31,0.17245096968528284,42
Tianjin,TPE,TPE,32,0.17245096968528284,42
Tianjin,TPE,TPE,33,0.17245096968528284,42
Tianjin,TPE,TPE,34,0.17245096968528284,42
Tianjin,TPE,TPE,35,0.17245096968528284,42
Tianjin,TPE,TPE,36,0.17245096968528284,42
Tianjin,TPE,TPE,37,0.17245096968528284,42
Tianjin,TPE,TPE,38,0.17245096968528284,42
Tianjin,TPE,TPE,39,0.17245096968528284,42
Tianjin,TPE,TPE,40,0.17245096968528284,42
Tianjin,TPE,TPE,41,0.17245096968528284,42
Tianjin,TPE,TPE,42,0.17245096968528284,42
Tianjin,TPE,TPE,43,0.17245096968528284,42
Tianjin,TPE,TPE,44,0.17245096968528284,42
Tianjin,TPE,TPE,45,0.17245096968528284,42
Tianjin,TPE,TPE,46,0.17245096968528284,42
Tianjin,TPE,TPE,47,0.17245096968528284,42
Tianjin,TPE,TPE,48,0.17245096968528284,42
Tianjin,TPE,TPE,49,0.17245096968528284,42
Tianjin,TPE,TPE,50,0.17245096968528284,42
Tianjin,TPE,TPE,51,0.17245096968528284,42
Tianjin,TPE,TPE,52,0.17245096968528284,42
Tianjin,TPE,TPE,53,0.17245096968528284,42
Tianjin,TPE,TPE,54,0.17245096968528284,42
Tianjin,TPE,TPE,55,0.17245096968528284,42
Tianjin,TPE,TPE,56,0.17245096968528284,42
Tianjin,TPE,TPE,57,0.17245096968528284,42
Tianjin,TPE,TPE,58,0.17245096968528284,42
Tianjin,TPE,TPE,59,0.17245096968528284,42
Tianjin,TPE,TPE,60,0.17245096968528284,42
Tianjin,TPE,TPE,61,0.17245096968528284,42
Tianjin,TPE,TPE,62,0.17245096968528284,42
Tianjin,TPE,TPE,63,0.17245096968528284,42
Tianjin,TPE,TPE,64,0.17245096968528284,42
Tianjin,TPE,TPE,65,0.17245096968528284,42
Tianjin,TPE,TPE,66,0.17245096968528284,42
Tianjin,TPE,TPE,67,0.17245096968528284,42
Tianjin,TPE,TPE,68,0.17245096968528284,42
Tianjin,TPE,TPE,69,0.17245096968528284,42
Tianjin,TPE,TPE,70,0.17245096968528284,42
Tianjin,TPE,TPE,71,0.17245096968528284,42
Tianjin,TPE,TPE,72,0.17245096968528284,42
Tianjin,TPE,TPE,73,0.17245096968528284,42
Tianjin,TPE,TPE,74,0.17245096968528284,42
Tianjin,TPE,TPE,75,0.17245096968528284,42
Tianjin,TPE,TPE,76,0.17245096968528284,42
Tianjin,TPE,TPE,77,0.17245096968528284,42
Tianjin,TPE,TPE,78,0.17245096968528284,42
Tianjin,TPE,TPE,79,0.17245096968528284,42
Tianjin,TPE,TPE,80,0.17245096968528284,42
Tianjin,TPE,TPE,81,0.17245096968528284,42
Tianjin,TPE,TPE,82,0.17245096968528284,42
Tianjin,TPE,TPE,83,0.17245096968528284,42
Tianjin,TPE,TPE,84,0.17245096968528284,42
Tianjin,TPE,TPE,85,0.17245096968528284,42
Tianjin,TPE,TPE,86,0.17243191651185558,42
Tianjin,TPE,TPE,87,0.17243191651185558,42
Tianjin,TPE,TPE,88,0.17243191651185558,42
Tianjin,TPE,TPE,89,0.17243191651185558,42
Tianjin,TPE,TPE,90,0.17243191651185558,42
Tianjin,TPE,TPE,91,0.17243191651185558,42
Tianjin,TPE,TPE,92,0.17243191651185558,42
Tianjin,TPE,TPE,93,0.17243191651185558,42
Tianjin,TPE,TPE,94,0.17243191651185558,42
Tianjin,TPE,TPE,95,0.17243191651185558,42
Tianjin,TPE,TPE,96,0.17243191651185558,42
Tianjin,TPE,TPE,97,0.17243191651185558,42
Tianjin,TPE,TPE,98,0.17243191651185558,42
Tianjin,TPE,TPE,99,0.17243191651185558,42
Tianjin,TPE,TPE,100,0.17243191651185558,42
Tianjin,TPE,TPE,1,0.46497693521400063,101
Tianjin,TPE,TPE,2,0.46497693521400063,101
Tianjin,TPE,TPE,3,0.46497693521400063,101
Tianjin,TPE,TPE,4,0.19266732250037952,101
Tianjin,TPE,TPE,5,0.19266732250037952,101
Tianjin,TPE,TPE,6,0.19266732250037952,101
Tianjin,TPE,TPE,7,0.19266732250037952,101
Tianjin,TPE,TPE,8,0.19266732250037952,101
Tianjin,TPE,TPE,9,0.19266732250037952,101
Tianjin,TPE,TPE,10,0.19266732250037952,101
Tianjin,TPE,TPE,11,0.19266732250037952,101
Tianjin,TPE,TPE,12,0.19266732250037952,101
Tianjin,TPE,TPE,13,0.19266732250037952,101
Tianjin,TPE,TPE,14,0.19266732250037952,101
Tianjin,TPE,TPE,15,0.19266732250037952,101
Tianjin,TPE,TPE,16,0.19266732250037952,101
Tianjin,TPE,TPE,17,0.19266732250037952,101
Tianjin,TPE,TPE,18,0.19266732250037952,101
Tianjin,TPE,TPE,19,0.19266732250037952,101
Tianjin,TPE,TPE,20,0.19266732250037952,101
Tianjin,TPE,TPE,21,0.19266732250037952,101
Tianjin,TPE,TPE,22,0.19266732250037952,101
Tianjin,TPE,TPE,23,0.17325618443232663,101
Tianjin,TPE,TPE,24,0.17325618443232663,101
Tianjin,TPE,TPE,25,0.17325618443232663,101
Tianjin,TPE,TPE,26,0.17325618443232663,101
Tianjin,TPE,TPE,27,0.17325618443232663,101
Tianjin,TPE,TPE,28,0.17325618443232663,101
Tianjin,TPE,TPE,29,0.17325618443232663,101
Tianjin,TPE,TPE,30,0.17325618443232663,101
Tianjin,TPE,TPE,31,0.17325618443232663,101
Tianjin,TPE,TPE,32,0.17325618443232663,101
Tianjin,TPE,TPE,33,0.17325618443232663,101
Tianjin,TPE,TPE,34,0.17325618443232663,101
Tianjin,TPE,TPE,35,0.17325618443232663,101
Tianjin,TPE,TPE,36,0.17325618443232663,101
Tianjin,TPE,TPE,37,0.17325618443232663,101
Tianjin,TPE,TPE,38,0.17325618443232663,101
Tianjin,TPE,TPE,39,0.17325618443232663,101
Tianjin,TPE,TPE,40,0.17325618443232663,101
Tianjin,TPE,TPE,41,0.17325618443232663,101
Tianjin,TPE,TPE,42,0.17325618443232663,101
Tianjin,TPE,TPE,43,0.17325618443232663,101
Tianjin,TPE,TPE,44,0.17325618443232663,101
Tianjin,TPE,TPE,45,0.17325618443232663,101
Tianjin,TPE,TPE,46,0.17325618443232663,101
Tianjin,TPE,TPE,47,0.17325618443232663,101
Tianjin,TPE,TPE,48,0.17325618443232663,101
Tianjin,TPE,TPE,49,0.17325618443232663,101
Tianjin,TPE,TPE,50,0.17325618443232663,101
Tianjin,TPE,TPE,51,0.17325618443232663,101
Tianjin,TPE,TPE,52,0.17325618443232663,101
Tianjin,TPE,TPE,53,0.17325618443232663,101
Tianjin,TPE,TPE,54,0.17325618443232663,101
Tianjin,TPE,TPE,55,0.171912923638312,101
Tianjin,TPE,TPE,56,0.171912923638312,101
Tianjin,TPE,TPE,57,0.171912923638312,101
Tianjin,TPE,TPE,58,0.171912923638312,101
Tianjin,TPE,TPE,59,0.171912923638312,101
Tianjin,TPE,TPE,60,0.171912923638312,101
Tianjin,TPE,TPE,61,0.171912923638312,101
Tianjin,TPE,TPE,62,0.171912923638312,101
Tianjin,TPE,TPE,63,0.171912923638312,101
Tianjin,TPE,TPE,64,0.171912923638312,101
Tianjin,TPE,TPE,65,0.171912923638312,101
Tianjin,TPE,TPE,66,0.171912923638312,101
Tianjin,TPE,TPE,67,0.171912923638312,101
Tianjin,TPE,TPE,68,0.171912923638312,101
Tianjin,TPE,TPE,69,0.171912923638312,101
Tianjin,TPE,TPE,70,0.171912923638312,101
Tianjin,TPE,TPE,71,0.171912923638312,101
Tianjin,TPE,TPE,72,0.171912923638312,101
Tianjin,TPE,TPE,73,0.171912923638312,101
Tianjin,TPE,TPE,74,0.171912923638312,101
Tianjin,TPE,TPE,75,0.171912923638312,101
Tianjin,TPE,TPE,76,0.171912923638312,101
Tianjin,TPE,TPE,77,0.171912923638312,101
Tianjin,TPE,TPE,78,0.171912923638312,101
Tianjin,TPE,TPE,79,0.171912923638312,101
Tianjin,TPE,TPE,80,0.171912923638312,101
Tianjin,TPE,TPE,81,0.171912923638312,101
Tianjin,TPE,TPE,82,0.171912923638312,101
Tianjin,TPE,TPE,83,0.171912923638312,101
Tianjin,TPE,TPE,84,0.171912923638312,101
Tianjin,TPE,TPE,85,0.171912923638312,101
Tianjin,TPE,TPE,86,0.171912923638312,101
Tianjin,TPE,TPE,87,0.171912923638312,101
Tianjin,TPE,TPE,88,0.171912923638312,101
Tianjin,TPE,TPE,89,0.171912923638312,101
Tianjin,TPE,TPE,90,0.171912923638312,101
Tianjin,TPE,TPE,91,0.171912923638312,101
Tianjin,TPE,TPE,92,0.171912923638312,101
Tianjin,TPE,TPE,93,0.171912923638312,101
Tianjin,TPE,TPE,94,0.171912923638312,101
Tianjin,TPE,TPE,95,0.171912923638312,101
Tianjin,TPE,TPE,96,0.171912923638312,101
Tianjin,TPE,TPE,97,0.171912923638312,101
Tianjin,TPE,TPE,98,0.171912923638312,101
Tianjin,TPE,TPE,99,0.171912923638312,101
Tianjin,TPE,TPE,100,0.171912923638312,101
Tianjin,TPE,TPE,1,0.42821343213828833,202
Tianjin,TPE,TPE,2,0.3077260875140142,202
Tianjin,TPE,TPE,3,0.3077260875140142,202
Tianjin,TPE,TPE,4,0.3077260875140142,202
Tianjin,TPE,TPE,5,0.2638979583261236,202
Tianjin,TPE,TPE,6,0.2638979583261236,202
Tianjin,TPE,TPE,7,0.2638979583261236,202
Tianjin,TPE,TPE,8,0.2638979583261236,202
Tianjin,TPE,TPE,9,0.2638979583261236,202
Tianjin,TPE,TPE,10,0.2638979583261236,202
Tianjin,TPE,TPE,11,0.2638979583261236,202
Tianjin,TPE,TPE,12,0.25590169442108934,202
Tianjin,TPE,TPE,13,0.24896782638562812,202
Tianjin,TPE,TPE,14,0.24896782638562812,202
Tianjin,TPE,TPE,15,0.24896782638562812,202
Tianjin,TPE,TPE,16,0.24896782638562812,202
Tianjin,TPE,TPE,17,0.24896782638562812,202
Tianjin,TPE,TPE,18,0.1977644722938388,202
Tianjin,TPE,TPE,19,0.1977644722938388,202
Tianjin,TPE,TPE,20,0.1977644722938388,202
Tianjin,TPE,TPE,21,0.1977644722938388,202
Tianjin,TPE,TPE,22,0.1977644722938388,202
Tianjin,TPE,TPE,23,0.1977644722938388,202
Tianjin,TPE,TPE,24,0.1977644722938388,202
Tianjin,TPE,TPE,25,0.1977644722938388,202
Tianjin,TPE,TPE,26,0.1977644722938388,202
Tianjin,TPE,TPE,27,0.1678762808359902,202
Tianjin,TPE,TPE,28,0.1678762808359902,202
Tianjin,TPE,TPE,29,0.1678762808359902,202
Tianjin,TPE,TPE,30,0.1678762808359902,202
Tianjin,TPE,TPE,31,0.1678762808359902,202
Tianjin,TPE,TPE,32,0.1678762808359902,202
Tianjin,TPE,TPE,33,0.1678762808359902,202
Tianjin,TPE,TPE,34,0.1678762808359902,202
Tianjin,TPE,TPE,35,0.1678762808359902,202
Tianjin,TPE,TPE,36,0.1678762808359902,202
Tianjin,TPE,TPE,37,0.1678762808359902,202
Tianjin,TPE,TPE,38,0.1678762808359902,202
Tianjin,TPE,TPE,39,0.1678762808359902,202
Tianjin,TPE,TPE,40,0.1678762808359902,202
Tianjin,TPE,TPE,41,0.1678762808359902,202
Tianjin,TPE,TPE,42,0.1678762808359902,202
Tianjin,TPE,TPE,43,0.1678762808359902,202
Tianjin,TPE,TPE,44,0.1678762808359902,202
Tianjin,TPE,TPE,45,0.1678762808359902,202
Tianjin,TPE,TPE,46,0.1678762808359902,202
Tianjin,TPE,TPE,47,0.1678762808359902,202
Tianjin,TPE,TPE,48,0.1678762808359902,202
Tianjin,TPE,TPE,49,0.1678762808359902,202
Tianjin,TPE,TPE,50,0.1678762808359902,202
Tianjin,TPE,TPE,51,0.1678762808359902,202
Tianjin,TPE,TPE,52,0.1678762808359902,202
Tianjin,TPE,TPE,53,0.1678762808359902,202
Tianjin,TPE,TPE,54,0.1678762808359902,202
Tianjin,TPE,TPE,55,0.1678762808359902,202
Tianjin,TPE,TPE,56,0.1678762808359902,202
Tianjin,TPE,TPE,57,0.1678762808359902,202
Tianjin,TPE,TPE,58,0.1678762808359902,202
Tianjin,TPE,TPE,59,0.1678762808359902,202
Tianjin,TPE,TPE,60,0.1678762808359902,202
Tianjin,TPE,TPE,61,0.1678762808359902,202
Tianjin,TPE,TPE,62,0.1678762808359902,202
Tianjin,TPE,TPE,63,0.1678762808359902,202
Tianjin,TPE,TPE,64,0.1678762808359902,202
Tianjin,TPE,TPE,65,0.1678762808359902,202
Tianjin,TPE,TPE,66,0.1678762808359902,202
Tianjin,TPE,TPE,67,0.1678762808359902,202
Tianjin,TPE,TPE,68,0.1678762808359902,202
Tianjin,TPE,TPE,69,0.1678762808359902,202
Tianjin,TPE,TPE,70,0.1678762808359902,202
Tianjin,TPE,TPE,71,0.1678762808359902,202
Tianjin,TPE,TPE,72,0.1678762808359902,202
Tianjin,TPE,TPE,73,0.1678762808359902,202
Tianjin,TPE,TPE,74,0.1678762808359902,202
Tianjin,TPE,TPE,75,0.1678762808359902,202
Tianjin,TPE,TPE,76,0.1678762808359902,202
Tianjin,TPE,TPE,77,0.1678762808359902,202
Tianjin,TPE,TPE,78,0.1678762808359902,202
Tianjin,TPE,TPE,79,0.1678762808359902,202
Tianjin,TPE,TPE,80,0.1678762808359902,202
Tianjin,TPE,TPE,81,0.1678762808359902,202
Tianjin,TPE,TPE,82,0.1678762808359902,202
Tianjin,TPE,TPE,83,0.1678762808359902,202
Tianjin,TPE,TPE,84,0.1678762808359902,202
Tianjin,TPE,TPE,85,0.1678762808359902,202
Tianjin,TPE,TPE,86,0.1678762808359902,202
Tianjin,TPE,TPE,87,0.1678762808359902,202
Tianjin,TPE,TPE,88,0.1678762808359902,202
Tianjin,TPE,TPE,89,0.1678762808359902,202
Tianjin,TPE,TPE,90,0.1678762808359902,202
Tianjin,TPE,TPE,91,0.1678762808359902,202
Tianjin,TPE,TPE,92,0.1678762808359902,202
Tianjin,TPE,TPE,93,0.1678762808359902,202
Tianjin,TPE,TPE,94,0.1678762808359902,202
Tianjin,TPE,TPE,95,0.1678762808359902,202
Tianjin,TPE,TPE,96,0.1678762808359902,202
Tianjin,TPE,TPE,97,0.1678762808359902,202
Tianjin,TPE,TPE,98,0.1678762808359902,202
Tianjin,TPE,TPE,99,0.1678762808359902,202
Tianjin,TPE,TPE,100,0.1678762808359902,202
Tianjin,TPE,TPE,1,0.27281401562664814,303
Tianjin,TPE,TPE,2,0.27281401562664814,303
Tianjin,TPE,TPE,3,0.27281401562664814,303
Tianjin,TPE,TPE,4,0.27281401562664814,303
Tianjin,TPE,TPE,5,0.27281401562664814,303
Tianjin,TPE,TPE,6,0.27281401562664814,303
Tianjin,TPE,TPE,7,0.27281401562664814,303
Tianjin,TPE,TPE,8,0.27281401562664814,303
Tianjin,TPE,TPE,9,0.27281401562664814,303
Tianjin,TPE,TPE,10,0.27281401562664814,303
Tianjin,TPE,TPE,11,0.27281401562664814,303
Tianjin,TPE,TPE,12,0.27281401562664814,303
Tianjin,TPE,TPE,13,0.27281401562664814,303
Tianjin,TPE,TPE,14,0.27281401562664814,303
Tianjin,TPE,TPE,15,0.27281401562664814,303
Tianjin,TPE,TPE,16,0.27281401562664814,303
Tianjin,TPE,TPE,17,0.27281401562664814,303
Tianjin,TPE,TPE,18,0.27281401562664814,303
Tianjin,TPE,TPE,19,0.27281401562664814,303
Tianjin,TPE,TPE,20,0.27281401562664814,303
Tianjin,TPE,TPE,21,0.27281401562664814,303
Tianjin,TPE,TPE,22,0.27281401562664814,303
Tianjin,TPE,TPE,23,0.2625985003274073,303
Tianjin,TPE,TPE,24,0.2625985003274073,303
Tianjin,TPE,TPE,25,0.2475851035475638,303
Tianjin,TPE,TPE,26,0.2475851035475638,303
Tianjin,TPE,TPE,27,0.2475851035475638,303
Tianjin,TPE,TPE,28,0.2475851035475638,303
Tianjin,TPE,TPE,29,0.2475851035475638,303
Tianjin,TPE,TPE,30,0.2475851035475638,303
Tianjin,TPE,TPE,31,0.2475851035475638,303
Tianjin,TPE,TPE,32,0.22739884463217813,303
Tianjin,TPE,TPE,33,0.22739884463217813,303
Tianjin,TPE,TPE,34,0.22739884463217813,303
Tianjin,TPE,TPE,35,0.22739884463217813,303
Tianjin,TPE,TPE,36,0.22739884463217813,303
Tianjin,TPE,TPE,37,0.22739884463217813,303
Tianjin,TPE,TPE,38,0.22739884463217813,303
Tianjin,TPE,TPE,39,0.22739884463217813,303
Tianjin,TPE,TPE,40,0.21312554072727388,303
Tianjin,TPE,TPE,41,0.21312554072727388,303
Tianjin,TPE,TPE,42,0.1938281782587417,303
Tianjin,TPE,TPE,43,0.1938281782587417,303
Tianjin,TPE,TPE,44,0.1938281782587417,303
Tianjin,TPE,TPE,45,0.1938281782587417,303
Tianjin,TPE,TPE,46,0.1938281782587417,303
Tianjin,TPE,TPE,47,0.1938281782587417,303
Tianjin,TPE,TPE,48,0.1938281782587417,303
Tianjin,TPE,TPE,49,0.1938281782587417,303
Tianjin,TPE,TPE,50,0.1938281782587417,303
Tianjin,TPE,TPE,51,0.1938281782587417,303
Tianjin,TPE,TPE,52,0.1938281782587417,303
Tianjin,TPE,TPE,53,0.1938281782587417,303
Tianjin,TPE,TPE,54,0.1938281782587417,303
Tianjin,TPE,TPE,55,0.1938281782587417,303
Tianjin,TPE,TPE,56,0.1938281782587417,303
Tianjin,TPE,TPE,57,0.1938281782587417,303
Tianjin,TPE,TPE,58,0.1938281782587417,303
Tianjin,TPE,TPE,59,0.1878161540699476,303
Tianjin,TPE,TPE,60,0.1878161540699476,303
Tianjin,TPE,TPE,61,0.1878161540699476,303
Tianjin,TPE,TPE,62,0.18108950914644567,303
Tianjin,TPE,TPE,63,0.18108950914644567,303
Tianjin,TPE,TPE,64,0.18108950914644567,303
Tianjin,TPE,TPE,65,0.18108950914644567,303
Tianjin,TPE,TPE,66,0.18108950914644567,303
Tianjin,TPE,TPE,67,0.18108950914644567,303
Tianjin,TPE,TPE,68,0.18108950914644567,303
Tianjin,TPE,TPE,69,0.18108950914644567,303
Tianjin,TPE,TPE,70,0.18108950914644567,303
Tianjin,TPE,TPE,71,0.18108950914644567,303
Tianjin,TPE,TPE,72,0.18108950914644567,303
Tianjin,TPE,TPE,73,0.18108950914644567,303
Tianjin,TPE,TPE,74,0.18108950914644567,303
Tianjin,TPE,TPE,75,0.18108950914644567,303
Tianjin,TPE,TPE,76,0.18108950914644567,303
Tianjin,TPE,TPE,77,0.18108950914644567,303
Tianjin,TPE,TPE,78,0.18108950914644567,303
Tianjin,TPE,TPE,79,0.18108950914644567,303
Tianjin,TPE,TPE,80,0.18108950914644567,303
Tianjin,TPE,TPE,81,0.18108950914644567,303
Tianjin,TPE,TPE,82,0.18108950914644567,303
Tianjin,TPE,TPE,83,0.18108950914644567,303
Tianjin,TPE,TPE,84,0.18108950914644567,303
Tianjin,TPE,TPE,85,0.18108950914644567,303
Tianjin,TPE,TPE,86,0.18108950914644567,303
Tianjin,TPE,TPE,87,0.18108950914644567,303
Tianjin,TPE,TPE,88,0.18108950914644567,303
Tianjin,TPE,TPE,89,0.18108950914644567,303
Tianjin,TPE,TPE,90,0.18108950914644567,303
Tianjin,TPE,TPE,91,0.18108950914644567,303
Tianjin,TPE,TPE,92,0.18108950914644567,303
Tianjin,TPE,TPE,93,0.18108950914644567,303
Tianjin,TPE,TPE,94,0.18108950914644567,303
Tianjin,TPE,TPE,95,0.18108950914644567,303
Tianjin,TPE,TPE,96,0.16588277395532713,303
Tianjin,TPE,TPE,97,0.16588277395532713,303
Tianjin,TPE,TPE,98,0.16588277395532713,303
Tianjin,TPE,TPE,99,0.16588277395532713,303
Tianjin,TPE,TPE,100,0.16588277395532713,303
Tianjin,TPE,TPE,1,0.2319218509892919,404
Tianjin,TPE,TPE,2,0.2319218509892919,404
Tianjin,TPE,TPE,3,0.2319218509892919,404
Tianjin,TPE,TPE,4,0.2319218509892919,404
Tianjin,TPE,TPE,5,0.2319218509892919,404
Tianjin,TPE,TPE,6,0.2319218509892919,404
Tianjin,TPE,TPE,7,0.2319218509892919,404
Tianjin,TPE,TPE,8,0.2319218509892919,404
Tianjin,TPE,TPE,9,0.2319218509892919,404
Tianjin,TPE,TPE,10,0.2319218509892919,404
Tianjin,TPE,TPE,11,0.2319218509892919,404
Tianjin,TPE,TPE,12,0.2319218509892919,404
Tianjin,TPE,TPE,13,0.2319218509892919,404
Tianjin,TPE,TPE,14,0.15277455787664282,404
Tianjin,TPE,TPE,15,0.15277455787664282,404
Tianjin,TPE,TPE,16,0.15277455787664282,404
Tianjin,TPE,TPE,17,0.15277455787664282,404
Tianjin,TPE,TPE,18,0.15277455787664282,404
Tianjin,TPE,TPE,19,0.15277455787664282,404
Tianjin,TPE,TPE,20,0.15277455787664282,404
Tianjin,TPE,TPE,21,0.15277455787664282,404
Tianjin,TPE,TPE,22,0.15277455787664282,404
Tianjin,TPE,TPE,23,0.15277455787664282,404
Tianjin,TPE,TPE,24,0.15277455787664282,404
Tianjin,TPE,TPE,25,0.15277455787664282,404
Tianjin,TPE,TPE,26,0.15277455787664282,404
Tianjin,TPE,TPE,27,0.15277455787664282,404
Tianjin,TPE,TPE,28,0.15277455787664282,404
Tianjin,TPE,TPE,29,0.15277455787664282,404
Tianjin,TPE,TPE,30,0.15277455787664282,404
Tianjin,TPE,TPE,31,0.15277455787664282,404
Tianjin,TPE,TPE,32,0.15277455787664282,404
Tianjin,TPE,TPE,33,0.15277455787664282,404
Tianjin,TPE,TPE,34,0.15277455787664282,404
Tianjin,TPE,TPE,35,0.15277455787664282,404
Tianjin,TPE,TPE,36,0.15277455787664282,404
Tianjin,TPE,TPE,37,0.15277455787664282,404
Tianjin,TPE,TPE,38,0.15277455787664282,404
Tianjin,TPE,TPE,39,0.15277455787664282,404
Tianjin,TPE,TPE,40,0.15277455787664282,404
Tianjin,TPE,TPE,41,0.15277455787664282,404
Tianjin,TPE,TPE,42,0.15277455787664282,404
Tianjin,TPE,TPE,43,0.15277455787664282,404
Tianjin,TPE,TPE,44,0.15277455787664282,404
Tianjin,TPE,TPE,45,0.15277455787664282,404
Tianjin,TPE,TPE,46,0.15277455787664282,404
Tianjin,TPE,TPE,47,0.15277455787664282,404
Tianjin,TPE,TPE,48,0.15277455787664282,404
Tianjin,TPE,TPE,49,0.15277455787664282,404
Tianjin,TPE,TPE,50,0.15277455787664282,404
Tianjin,TPE,TPE,51,0.15277455787664282,404
Tianjin,TPE,TPE,52,0.15277455787664282,404
Tianjin,TPE,TPE,53,0.15277455787664282,404
Tianjin,TPE,TPE,54,0.15277455787664282,404
Tianjin,TPE,TPE,55,0.15277455787664282,404
Tianjin,TPE,TPE,56,0.15277455787664282,404
Tianjin,TPE,TPE,57,0.15277455787664282,404
Tianjin,TPE,TPE,58,0.15277455787664282,404
Tianjin,TPE,TPE,59,0.15277455787664282,404
Tianjin,TPE,TPE,60,0.15277455787664282,404
Tianjin,TPE,TPE,61,0.15277455787664282,404
Tianjin,TPE,TPE,62,0.15277455787664282,404
Tianjin,TPE,TPE,63,0.15277455787664282,404
Tianjin,TPE,TPE,64,0.15048518266500255,404
Tianjin,TPE,TPE,65,0.15048518266500255,404
Tianjin,TPE,TPE,66,0.15048518266500255,404
Tianjin,TPE,TPE,67,0.14763782013695573,404
Tianjin,TPE,TPE,68,0.14763782013695573,404
Tianjin,TPE,TPE,69,0.14763782013695573,404
Tianjin,TPE,TPE,70,0.14763782013695573,404
Tianjin,TPE,TPE,71,0.14763782013695573,404
Tianjin,TPE,TPE,72,0.14763782013695573,404
Tianjin,TPE,TPE,73,0.14763782013695573,404
Tianjin,TPE,TPE,74,0.14763782013695573,404
Tianjin,TPE,TPE,75,0.14763782013695573,404
Tianjin,TPE,TPE,76,0.14763782013695573,404
Tianjin,TPE,TPE,77,0.14763782013695573,404
Tianjin,TPE,TPE,78,0.14763782013695573,404
Tianjin,TPE,TPE,79,0.14763782013695573,404
Tianjin,TPE,TPE,80,0.14763782013695573,404
Tianjin,TPE,TPE,81,0.14763782013695573,404
Tianjin,TPE,TPE,82,0.14763782013695573,404
Tianjin,TPE,TPE,83,0.14763782013695573,404
Tianjin,TPE,TPE,84,0.14763782013695573,404
Tianjin,TPE,TPE,85,0.14763782013695573,404
Tianjin,TPE,TPE,86,0.14763782013695573,404
Tianjin,TPE,TPE,87,0.14763782013695573,404
Tianjin,TPE,TPE,88,0.14763782013695573,404
Tianjin,TPE,TPE,89,0.14763782013695573,404
Tianjin,TPE,TPE,90,0.14763782013695573,404
Tianjin,TPE,TPE,91,0.14763782013695573,404
Tianjin,TPE,TPE,92,0.14763782013695573,404
Tianjin,TPE,TPE,93,0.14763782013695573,404
Tianjin,TPE,TPE,94,0.14763782013695573,404
Tianjin,TPE,TPE,95,0.14763782013695573,404
Tianjin,TPE,TPE,96,0.14763782013695573,404
Tianjin,TPE,TPE,97,0.14763782013695573,404
Tianjin,TPE,TPE,98,0.14763782013695573,404
Tianjin,TPE,TPE,99,0.14763782013695573,404
Tianjin,TPE,TPE,100,0.14763782013695573,404
XAM-N6,BF-SAC-GP,BF-SAC-GP,1,0.177496,42
XAM-N6,BF-SAC-GP,BF-SAC-GP,2,0.177496,42
XAM-N6,BF-SAC-GP,BF-SAC-GP,3,0.177496,42
XAM-N6,BF-SAC-GP,BF-SAC-GP,4,0.097929,42
XAM-N6,BF-SAC-GP,BF-SAC-GP,5,0.097929,42
XAM-N6,BF-SAC-GP,BF-SAC-GP,6,0.097929,42
XAM-N6,BF-SAC-GP,BF-SAC-GP,7,0.097929,42
XAM-N6,BF-SAC-GP,BF-SAC-GP,8,0.097929,42
XAM-N6,BF-SAC-GP,BF-SAC-GP,9,0.097929,42
XAM-N6,BF-SAC-GP,BF-SAC-GP,10,0.097929,42
XAM-N6,BF-SAC-GP,BF-SAC-GP,11,0.097929,42
XAM-N6,BF-SAC-GP,BF-SAC-GP,12,0.097929,42
XAM-N6,BF-SAC-GP,BF-SAC-GP,13,0.097929,42
XAM-N6,BF-SAC-GP,BF-SAC-GP,14,0.097929,42
XAM-N6,BF-SAC-GP,BF-SAC-GP,15,0.097929,42
XAM-N6,BF-SAC-GP,BF-SAC-GP,16,0.097929,42
XAM-N6,BF-SAC-GP,BF-SAC-GP,17,0.097929,42
XAM-N6,BF-SAC-GP,BF-SAC-GP,18,0.097929,42
XAM-N6,BF-SAC-GP,BF-SAC-GP,19,0.097929,42
XAM-N6,BF-SAC-GP,BF-SAC-GP,20,0.097929,42
XAM-N6,BF-SAC-GP,BF-SAC-GP,21,0.097929,42
XAM-N6,BF-SAC-GP,BF-SAC-GP,22,0.097929,42
XAM-N6,BF-SAC-GP,BF-SAC-GP,23,0.097929,42
XAM-N6,BF-SAC-GP,BF-SAC-GP,24,0.097929,42
XAM-N6,BF-SAC-GP,BF-SAC-GP,25,0.097929,42
XAM-N6,BF-SAC-GP,BF-SAC-GP,26,0.097929,42
XAM-N6,BF-SAC-GP,BF-SAC-GP,27,0.097929,42
XAM-N6,BF-SAC-GP,BF-SAC-GP,28,0.097929,42
XAM-N6,BF-SAC-GP,BF-SAC-GP,29,0.097929,42
XAM-N6,BF-SAC-GP,BF-SAC-GP,30,0.097929,42
XAM-N6,BF-SAC-GP,BF-SAC-GP,31,0.097929,42
XAM-N6,BF-SAC-GP,BF-SAC-GP,32,0.097929,42
XAM-N6,BF-SAC-GP,BF-SAC-GP,33,0.097929,42
XAM-N6,BF-SAC-GP,BF-SAC-GP,34,0.097929,42
XAM-N6,BF-SAC-GP,BF-SAC-GP,35,0.097929,42
XAM-N6,BF-SAC-GP,BF-SAC-GP,36,0.097929,42
XAM-N6,BF-SAC-GP,BF-SAC-GP,37,0.097929,42
XAM-N6,BF-SAC-GP,BF-SAC-GP,38,0.097929,42
XAM-N6,BF-SAC-GP,BF-SAC-GP,39,0.097929,42
XAM-N6,BF-SAC-GP,BF-SAC-GP,40,0.097929,42
XAM-N6,BF-SAC-GP,BF-SAC-GP,41,0.088532,42
XAM-N6,BF-SAC-GP,BF-SAC-GP,42,0.088532,42
XAM-N6,BF-SAC-GP,BF-SAC-GP,43,0.088532,42
XAM-N6,BF-SAC-GP,BF-SAC-GP,44,0.084672,42
XAM-N6,BF-SAC-GP,BF-SAC-GP,45,0.084672,42
XAM-N6,BF-SAC-GP,BF-SAC-GP,46,0.058374,42
XAM-N6,BF-SAC-GP,BF-SAC-GP,47,0.058374,42
XAM-N6,BF-SAC-GP,BF-SAC-GP,48,0.058374,42
XAM-N6,BF-SAC-GP,BF-SAC-GP,49,0.058374,42
XAM-N6,BF-SAC-GP,BF-SAC-GP,50,0.058374,42
XAM-N6,BF-SAC-GP,BF-SAC-GP,51,0.058374,42
XAM-N6,BF-SAC-GP,BF-SAC-GP,52,0.058374,42
XAM-N6,BF-SAC-GP,BF-SAC-GP,53,0.058374,42
XAM-N6,BF-SAC-GP,BF-SAC-GP,54,0.058374,42
XAM-N6,BF-SAC-GP,BF-SAC-GP,55,0.058374,42
XAM-N6,BF-SAC-GP,BF-SAC-GP,56,0.058374,42
XAM-N6,BF-SAC-GP,BF-SAC-GP,57,0.058374,42
XAM-N6,BF-SAC-GP,BF-SAC-GP,58,0.058374,42
XAM-N6,BF-SAC-GP,BF-SAC-GP,59,0.058374,42
XAM-N6,BF-SAC-GP,BF-SAC-GP,60,0.047875,42
XAM-N6,BF-SAC-GP,BF-SAC-GP,61,0.047875,42
XAM-N6,BF-SAC-GP,BF-SAC-GP,62,0.047875,42
XAM-N6,BF-SAC-GP,BF-SAC-GP,63,0.047875,42
XAM-N6,BF-SAC-GP,BF-SAC-GP,64,0.047875,42
XAM-N6,BF-SAC-GP,BF-SAC-GP,65,0.047875,42
XAM-N6,BF-SAC-GP,BF-SAC-GP,66,0.047875,42
XAM-N6,BF-SAC-GP,BF-SAC-GP,67,0.047875,42
XAM-N6,BF-SAC-GP,BF-SAC-GP,68,0.044894,42
XAM-N6,BF-SAC-GP,BF-SAC-GP,69,0.044894,42
XAM-N6,BF-SAC-GP,BF-SAC-GP,70,0.044894,42
XAM-N6,BF-SAC-GP,BF-SAC-GP,71,0.044894,42
XAM-N6,BF-SAC-GP,BF-SAC-GP,72,0.044894,42
XAM-N6,BF-SAC-GP,BF-SAC-GP,73,0.044894,42
XAM-N6,BF-SAC-GP,BF-SAC-GP,74,0.044894,42
XAM-N6,BF-SAC-GP,BF-SAC-GP,75,0.044894,42
XAM-N6,BF-SAC-GP,BF-SAC-GP,76,0.044894,42
XAM-N6,BF-SAC-GP,BF-SAC-GP,77,0.044894,42
XAM-N6,BF-SAC-GP,BF-SAC-GP,78,0.044894,42
XAM-N6,BF-SAC-GP,BF-SAC-GP,79,0.044894,42
XAM-N6,BF-SAC-GP,BF-SAC-GP,80,0.044894,42
XAM-N6,BF-SAC-GP,BF-SAC-GP,81,0.044894,42
XAM-N6,BF-SAC-GP,BF-SAC-GP,82,0.044672,42
XAM-N6,BF-SAC-GP,BF-SAC-GP,83,0.044672,42
XAM-N6,BF-SAC-GP,BF-SAC-GP,84,0.04303,42
XAM-N6,BF-SAC-GP,BF-SAC-GP,85,0.04303,42
XAM-N6,BF-SAC-GP,BF-SAC-GP,86,0.04303,42
XAM-N6,BF-SAC-GP,BF-SAC-GP,87,0.04303,42
XAM-N6,BF-SAC-GP,BF-SAC-GP,88,0.04303,42
XAM-N6,BF-SAC-GP,BF-SAC-GP,89,0.04303,42
XAM-N6,BF-SAC-GP,BF-SAC-GP,90,0.04303,42
XAM-N6,BF-SAC-GP,BF-SAC-GP,91,0.04303,42
XAM-N6,BF-SAC-GP,BF-SAC-GP,92,0.04303,42
XAM-N6,BF-SAC-GP,BF-SAC-GP,93,0.04303,42
XAM-N6,BF-SAC-GP,BF-SAC-GP,94,0.04303,42
XAM-N6,BF-SAC-GP,BF-SAC-GP,95,0.04303,42
XAM-N6,BF-SAC-GP,BF-SAC-GP,96,0.04303,42
XAM-N6,BF-SAC-GP,BF-SAC-GP,97,0.04303,42
XAM-N6,BF-SAC-GP,BF-SAC-GP,98,0.04303,42
XAM-N6,BF-SAC-GP,BF-SAC-GP,99,0.04303,42
XAM-N6,BF-SAC-GP,BF-SAC-GP,100,0.04303,42
XAM-N6,BF-SAC-GP,BF-SAC-GP,1,0.322299,101
XAM-N6,BF-SAC-GP,BF-SAC-GP,2,0.322299,101
XAM-N6,BF-SAC-GP,BF-SAC-GP,3,0.184469,101
XAM-N6,BF-SAC-GP,BF-SAC-GP,4,0.144263,101
XAM-N6,BF-SAC-GP,BF-SAC-GP,5,0.144263,101
XAM-N6,BF-SAC-GP,BF-SAC-GP,6,0.144263,101
XAM-N6,BF-SAC-GP,BF-SAC-GP,7,0.089182,101
XAM-N6,BF-SAC-GP,BF-SAC-GP,8,0.089182,101
XAM-N6,BF-SAC-GP,BF-SAC-GP,9,0.089182,101
XAM-N6,BF-SAC-GP,BF-SAC-GP,10,0.089182,101
XAM-N6,BF-SAC-GP,BF-SAC-GP,11,0.089182,101
XAM-N6,BF-SAC-GP,BF-SAC-GP,12,0.089182,101
XAM-N6,BF-SAC-GP,BF-SAC-GP,13,0.089182,101
XAM-N6,BF-SAC-GP,BF-SAC-GP,14,0.089182,101
XAM-N6,BF-SAC-GP,BF-SAC-GP,15,0.089182,101
XAM-N6,BF-SAC-GP,BF-SAC-GP,16,0.089182,101
XAM-N6,BF-SAC-GP,BF-SAC-GP,17,0.089182,101
XAM-N6,BF-SAC-GP,BF-SAC-GP,18,0.089182,101
XAM-N6,BF-SAC-GP,BF-SAC-GP,19,0.089182,101
XAM-N6,BF-SAC-GP,BF-SAC-GP,20,0.089182,101
XAM-N6,BF-SAC-GP,BF-SAC-GP,21,0.089182,101
XAM-N6,BF-SAC-GP,BF-SAC-GP,22,0.089182,101
XAM-N6,BF-SAC-GP,BF-SAC-GP,23,0.089182,101
XAM-N6,BF-SAC-GP,BF-SAC-GP,24,0.089182,101
XAM-N6,BF-SAC-GP,BF-SAC-GP,25,0.089182,101
XAM-N6,BF-SAC-GP,BF-SAC-GP,26,0.089182,101
XAM-N6,BF-SAC-GP,BF-SAC-GP,27,0.089182,101
XAM-N6,BF-SAC-GP,BF-SAC-GP,28,0.089182,101
XAM-N6,BF-SAC-GP,BF-SAC-GP,29,0.089182,101
XAM-N6,BF-SAC-GP,BF-SAC-GP,30,0.089182,101
XAM-N6,BF-SAC-GP,BF-SAC-GP,31,0.089182,101
XAM-N6,BF-SAC-GP,BF-SAC-GP,32,0.089182,101
XAM-N6,BF-SAC-GP,BF-SAC-GP,33,0.089182,101
XAM-N6,BF-SAC-GP,BF-SAC-GP,34,0.089182,101
XAM-N6,BF-SAC-GP,BF-SAC-GP,35,0.089182,101
XAM-N6,BF-SAC-GP,BF-SAC-GP,36,0.089182,101
XAM-N6,BF-SAC-GP,BF-SAC-GP,37,0.089182,101
XAM-N6,BF-SAC-GP,BF-SAC-GP,38,0.089182,101
XAM-N6,BF-SAC-GP,BF-SAC-GP,39,0.089182,101
XAM-N6,BF-SAC-GP,BF-SAC-GP,40,0.089182,101
XAM-N6,BF-SAC-GP,BF-SAC-GP,41,0.089182,101
XAM-N6,BF-SAC-GP,BF-SAC-GP,42,0.089182,101
XAM-N6,BF-SAC-GP,BF-SAC-GP,43,0.089182,101
XAM-N6,BF-SAC-GP,BF-SAC-GP,44,0.075192,101
XAM-N6,BF-SAC-GP,BF-SAC-GP,45,0.075192,101
XAM-N6,BF-SAC-GP,BF-SAC-GP,46,0.075063,101
XAM-N6,BF-SAC-GP,BF-SAC-GP,47,0.053367,101
XAM-N6,BF-SAC-GP,BF-SAC-GP,48,0.053367,101
XAM-N6,BF-SAC-GP,BF-SAC-GP,49,0.053367,101
XAM-N6,BF-SAC-GP,BF-SAC-GP,50,0.053367,101
XAM-N6,BF-SAC-GP,BF-SAC-GP,51,0.053367,101
XAM-N6,BF-SAC-GP,BF-SAC-GP,52,0.053367,101
XAM-N6,BF-SAC-GP,BF-SAC-GP,53,0.052876,101
XAM-N6,BF-SAC-GP,BF-SAC-GP,54,0.052876,101
XAM-N6,BF-SAC-GP,BF-SAC-GP,55,0.052876,101
XAM-N6,BF-SAC-GP,BF-SAC-GP,56,0.052876,101
XAM-N6,BF-SAC-GP,BF-SAC-GP,57,0.052876,101
XAM-N6,BF-SAC-GP,BF-SAC-GP,58,0.052876,101
XAM-N6,BF-SAC-GP,BF-SAC-GP,59,0.052876,101
XAM-N6,BF-SAC-GP,BF-SAC-GP,60,0.049747,101
XAM-N6,BF-SAC-GP,BF-SAC-GP,61,0.049747,101
XAM-N6,BF-SAC-GP,BF-SAC-GP,62,0.049747,101
XAM-N6,BF-SAC-GP,BF-SAC-GP,63,0.049747,101
XAM-N6,BF-SAC-GP,BF-SAC-GP,64,0.049747,101
XAM-N6,BF-SAC-GP,BF-SAC-GP,65,0.049747,101
XAM-N6,BF-SAC-GP,BF-SAC-GP,66,0.049747,101
XAM-N6,BF-SAC-GP,BF-SAC-GP,67,0.049747,101
XAM-N6,BF-SAC-GP,BF-SAC-GP,68,0.049747,101
XAM-N6,BF-SAC-GP,BF-SAC-GP,69,0.049747,101
XAM-N6,BF-SAC-GP,BF-SAC-GP,70,0.049747,101
XAM-N6,BF-SAC-GP,BF-SAC-GP,71,0.049747,101
XAM-N6,BF-SAC-GP,BF-SAC-GP,72,0.049747,101
XAM-N6,BF-SAC-GP,BF-SAC-GP,73,0.049747,101
XAM-N6,BF-SAC-GP,BF-SAC-GP,74,0.049747,101
XAM-N6,BF-SAC-GP,BF-SAC-GP,75,0.049747,101
XAM-N6,BF-SAC-GP,BF-SAC-GP,76,0.049747,101
XAM-N6,BF-SAC-GP,BF-SAC-GP,77,0.049747,101
XAM-N6,BF-SAC-GP,BF-SAC-GP,78,0.049747,101
XAM-N6,BF-SAC-GP,BF-SAC-GP,79,0.049747,101
XAM-N6,BF-SAC-GP,BF-SAC-GP,80,0.049747,101
XAM-N6,BF-SAC-GP,BF-SAC-GP,81,0.049747,101
XAM-N6,BF-SAC-GP,BF-SAC-GP,82,0.049747,101
XAM-N6,BF-SAC-GP,BF-SAC-GP,83,0.049747,101
XAM-N6,BF-SAC-GP,BF-SAC-GP,84,0.049747,101
XAM-N6,BF-SAC-GP,BF-SAC-GP,85,0.049747,101
XAM-N6,BF-SAC-GP,BF-SAC-GP,86,0.049747,101
XAM-N6,BF-SAC-GP,BF-SAC-GP,87,0.049747,101
XAM-N6,BF-SAC-GP,BF-SAC-GP,88,0.049747,101
XAM-N6,BF-SAC-GP,BF-SAC-GP,89,0.049747,101
XAM-N6,BF-SAC-GP,BF-SAC-GP,90,0.049747,101
XAM-N6,BF-SAC-GP,BF-SAC-GP,91,0.049747,101
XAM-N6,BF-SAC-GP,BF-SAC-GP,92,0.049747,101
XAM-N6,BF-SAC-GP,BF-SAC-GP,93,0.049747,101
XAM-N6,BF-SAC-GP,BF-SAC-GP,94,0.049747,101
XAM-N6,BF-SAC-GP,BF-SAC-GP,95,0.049419,101
XAM-N6,BF-SAC-GP,BF-SAC-GP,96,0.049419,101
XAM-N6,BF-SAC-GP,BF-SAC-GP,97,0.049419,101
XAM-N6,BF-SAC-GP,BF-SAC-GP,98,0.049419,101
XAM-N6,BF-SAC-GP,BF-SAC-GP,99,0.049419,101
XAM-N6,BF-SAC-GP,BF-SAC-GP,100,0.049419,101
XAM-N6,BF-SAC-GP,BF-SAC-GP,1,0.185424,202
XAM-N6,BF-SAC-GP,BF-SAC-GP,2,0.185424,202
XAM-N6,BF-SAC-GP,BF-SAC-GP,3,0.185424,202
XAM-N6,BF-SAC-GP,BF-SAC-GP,4,0.185424,202
XAM-N6,BF-SAC-GP,BF-SAC-GP,5,0.185424,202
XAM-N6,BF-SAC-GP,BF-SAC-GP,6,0.185424,202
XAM-N6,BF-SAC-GP,BF-SAC-GP,7,0.185424,202
XAM-N6,BF-SAC-GP,BF-SAC-GP,8,0.185424,202
XAM-N6,BF-SAC-GP,BF-SAC-GP,9,0.151117,202
XAM-N6,BF-SAC-GP,BF-SAC-GP,10,0.151117,202
XAM-N6,BF-SAC-GP,BF-SAC-GP,11,0.151117,202
XAM-N6,BF-SAC-GP,BF-SAC-GP,12,0.151117,202
XAM-N6,BF-SAC-GP,BF-SAC-GP,13,0.151117,202
XAM-N6,BF-SAC-GP,BF-SAC-GP,14,0.151117,202
XAM-N6,BF-SAC-GP,BF-SAC-GP,15,0.151117,202
XAM-N6,BF-SAC-GP,BF-SAC-GP,16,0.151117,202
XAM-N6,BF-SAC-GP,BF-SAC-GP,17,0.151117,202
XAM-N6,BF-SAC-GP,BF-SAC-GP,18,0.151117,202
XAM-N6,BF-SAC-GP,BF-SAC-GP,19,0.151117,202
XAM-N6,BF-SAC-GP,BF-SAC-GP,20,0.151117,202
XAM-N6,BF-SAC-GP,BF-SAC-GP,21,0.151117,202
XAM-N6,BF-SAC-GP,BF-SAC-GP,22,0.151117,202
XAM-N6,BF-SAC-GP,BF-SAC-GP,23,0.151117,202
XAM-N6,BF-SAC-GP,BF-SAC-GP,24,0.10593,202
XAM-N6,BF-SAC-GP,BF-SAC-GP,25,0.10593,202
XAM-N6,BF-SAC-GP,BF-SAC-GP,26,0.10593,202
XAM-N6,BF-SAC-GP,BF-SAC-GP,27,0.068232,202
XAM-N6,BF-SAC-GP,BF-SAC-GP,28,0.068232,202
XAM-N6,BF-SAC-GP,BF-SAC-GP,29,0.068232,202
XAM-N6,BF-SAC-GP,BF-SAC-GP,30,0.068232,202
XAM-N6,BF-SAC-GP,BF-SAC-GP,31,0.068232,202
XAM-N6,BF-SAC-GP,BF-SAC-GP,32,0.068232,202
XAM-N6,BF-SAC-GP,BF-SAC-GP,33,0.068232,202
XAM-N6,BF-SAC-GP,BF-SAC-GP,34,0.068232,202
XAM-N6,BF-SAC-GP,BF-SAC-GP,35,0.053296,202
XAM-N6,BF-SAC-GP,BF-SAC-GP,36,0.053296,202
XAM-N6,BF-SAC-GP,BF-SAC-GP,37,0.053296,202
XAM-N6,BF-SAC-GP,BF-SAC-GP,38,0.053296,202
XAM-N6,BF-SAC-GP,BF-SAC-GP,39,0.053296,202
XAM-N6,BF-SAC-GP,BF-SAC-GP,40,0.053296,202
XAM-N6,BF-SAC-GP,BF-SAC-GP,41,0.053296,202
XAM-N6,BF-SAC-GP,BF-SAC-GP,42,0.053296,202
XAM-N6,BF-SAC-GP,BF-SAC-GP,43,0.053296,202
XAM-N6,BF-SAC-GP,BF-SAC-GP,44,0.053296,202
XAM-N6,BF-SAC-GP,BF-SAC-GP,45,0.053296,202
XAM-N6,BF-SAC-GP,BF-SAC-GP,46,0.053296,202
XAM-N6,BF-SAC-GP,BF-SAC-GP,47,0.053296,202
XAM-N6,BF-SAC-GP,BF-SAC-GP,48,0.053296,202
XAM-N6,BF-SAC-GP,BF-SAC-GP,49,0.053296,202
XAM-N6,BF-SAC-GP,BF-SAC-GP,50,0.053296,202
XAM-N6,BF-SAC-GP,BF-SAC-GP,51,0.053296,202
XAM-N6,BF-SAC-GP,BF-SAC-GP,52,0.053296,202
XAM-N6,BF-SAC-GP,BF-SAC-GP,53,0.053296,202
XAM-N6,BF-SAC-GP,BF-SAC-GP,54,0.053296,202
XAM-N6,BF-SAC-GP,BF-SAC-GP,55,0.053296,202
XAM-N6,BF-SAC-GP,BF-SAC-GP,56,0.053296,202
XAM-N6,BF-SAC-GP,BF-SAC-GP,57,0.053296,202
XAM-N6,BF-SAC-GP,BF-SAC-GP,58,0.053296,202
XAM-N6,BF-SAC-GP,BF-SAC-GP,59,0.053296,202
XAM-N6,BF-SAC-GP,BF-SAC-GP,60,0.053296,202
XAM-N6,BF-SAC-GP,BF-SAC-GP,61,0.053296,202
XAM-N6,BF-SAC-GP,BF-SAC-GP,62,0.053296,202
XAM-N6,BF-SAC-GP,BF-SAC-GP,63,0.053296,202
XAM-N6,BF-SAC-GP,BF-SAC-GP,64,0.053296,202
XAM-N6,BF-SAC-GP,BF-SAC-GP,65,0.053296,202
XAM-N6,BF-SAC-GP,BF-SAC-GP,66,0.053296,202
XAM-N6,BF-SAC-GP,BF-SAC-GP,67,0.053296,202
XAM-N6,BF-SAC-GP,BF-SAC-GP,68,0.053296,202
XAM-N6,BF-SAC-GP,BF-SAC-GP,69,0.053296,202
XAM-N6,BF-SAC-GP,BF-SAC-GP,70,0.053296,202
XAM-N6,BF-SAC-GP,BF-SAC-GP,71,0.047309,202
XAM-N6,BF-SAC-GP,BF-SAC-GP,72,0.047309,202
XAM-N6,BF-SAC-GP,BF-SAC-GP,73,0.047309,202
XAM-N6,BF-SAC-GP,BF-SAC-GP,74,0.047309,202
XAM-N6,BF-SAC-GP,BF-SAC-GP,75,0.047309,202
XAM-N6,BF-SAC-GP,BF-SAC-GP,76,0.043201,202
XAM-N6,BF-SAC-GP,BF-SAC-GP,77,0.043201,202
XAM-N6,BF-SAC-GP,BF-SAC-GP,78,0.043201,202
XAM-N6,BF-SAC-GP,BF-SAC-GP,79,0.043201,202
XAM-N6,BF-SAC-GP,BF-SAC-GP,80,0.043201,202
XAM-N6,BF-SAC-GP,BF-SAC-GP,81,0.043201,202
XAM-N6,BF-SAC-GP,BF-SAC-GP,82,0.043201,202
XAM-N6,BF-SAC-GP,BF-SAC-GP,83,0.043201,202
XAM-N6,BF-SAC-GP,BF-SAC-GP,84,0.043201,202
XAM-N6,BF-SAC-GP,BF-SAC-GP,85,0.043201,202
XAM-N6,BF-SAC-GP,BF-SAC-GP,86,0.036633,202
XAM-N6,BF-SAC-GP,BF-SAC-GP,87,0.036633,202
XAM-N6,BF-SAC-GP,BF-SAC-GP,88,0.036633,202
XAM-N6,BF-SAC-GP,BF-SAC-GP,89,0.036633,202
XAM-N6,BF-SAC-GP,BF-SAC-GP,90,0.036633,202
XAM-N6,BF-SAC-GP,BF-SAC-GP,91,0.036633,202
XAM-N6,BF-SAC-GP,BF-SAC-GP,92,0.034484,202
XAM-N6,BF-SAC-GP,BF-SAC-GP,93,0.034484,202
XAM-N6,BF-SAC-GP,BF-SAC-GP,94,0.034484,202
XAM-N6,BF-SAC-GP,BF-SAC-GP,95,0.034484,202
XAM-N6,BF-SAC-GP,BF-SAC-GP,96,0.034484,202
XAM-N6,BF-SAC-GP,BF-SAC-GP,97,0.034484,202
XAM-N6,BF-SAC-GP,BF-SAC-GP,98,0.034484,202
XAM-N6,BF-SAC-GP,BF-SAC-GP,99,0.034484,202
XAM-N6,BF-SAC-GP,BF-SAC-GP,100,0.034484,202
XAM-N6,BF-SAC-GP,BF-SAC-GP,1,0.254041,303
XAM-N6,BF-SAC-GP,BF-SAC-GP,2,0.102508,303
XAM-N6,BF-SAC-GP,BF-SAC-GP,3,0.102508,303
XAM-N6,BF-SAC-GP,BF-SAC-GP,4,0.102508,303
XAM-N6,BF-SAC-GP,BF-SAC-GP,5,0.102508,303
XAM-N6,BF-SAC-GP,BF-SAC-GP,6,0.102508,303
XAM-N6,BF-SAC-GP,BF-SAC-GP,7,0.102508,303
XAM-N6,BF-SAC-GP,BF-SAC-GP,8,0.102508,303
XAM-N6,BF-SAC-GP,BF-SAC-GP,9,0.102508,303
XAM-N6,BF-SAC-GP,BF-SAC-GP,10,0.066127,303
XAM-N6,BF-SAC-GP,BF-SAC-GP,11,0.066127,303
XAM-N6,BF-SAC-GP,BF-SAC-GP,12,0.066127,303
XAM-N6,BF-SAC-GP,BF-SAC-GP,13,0.066127,303
XAM-N6,BF-SAC-GP,BF-SAC-GP,14,0.066127,303
XAM-N6,BF-SAC-GP,BF-SAC-GP,15,0.066127,303
XAM-N6,BF-SAC-GP,BF-SAC-GP,16,0.066127,303
XAM-N6,BF-SAC-GP,BF-SAC-GP,17,0.066127,303
XAM-N6,BF-SAC-GP,BF-SAC-GP,18,0.066127,303
XAM-N6,BF-SAC-GP,BF-SAC-GP,19,0.066127,303
XAM-N6,BF-SAC-GP,BF-SAC-GP,20,0.066127,303
XAM-N6,BF-SAC-GP,BF-SAC-GP,21,0.066127,303
XAM-N6,BF-SAC-GP,BF-SAC-GP,22,0.066127,303
XAM-N6,BF-SAC-GP,BF-SAC-GP,23,0.066127,303
XAM-N6,BF-SAC-GP,BF-SAC-GP,24,0.066127,303
XAM-N6,BF-SAC-GP,BF-SAC-GP,25,0.066127,303
XAM-N6,BF-SAC-GP,BF-SAC-GP,26,0.066127,303
XAM-N6,BF-SAC-GP,BF-SAC-GP,27,0.066127,303
XAM-N6,BF-SAC-GP,BF-SAC-GP,28,0.066127,303
XAM-N6,BF-SAC-GP,BF-SAC-GP,29,0.066127,303
XAM-N6,BF-SAC-GP,BF-SAC-GP,30,0.066127,303
XAM-N6,BF-SAC-GP,BF-SAC-GP,31,0.066127,303
XAM-N6,BF-SAC-GP,BF-SAC-GP,32,0.066127,303
XAM-N6,BF-SAC-GP,BF-SAC-GP,33,0.066127,303
XAM-N6,BF-SAC-GP,BF-SAC-GP,34,0.066127,303
XAM-N6,BF-SAC-GP,BF-SAC-GP,35,0.066127,303
XAM-N6,BF-SAC-GP,BF-SAC-GP,36,0.066127,303
XAM-N6,BF-SAC-GP,BF-SAC-GP,37,0.066127,303
XAM-N6,BF-SAC-GP,BF-SAC-GP,38,0.066127,303
XAM-N6,BF-SAC-GP,BF-SAC-GP,39,0.066127,303
XAM-N6,BF-SAC-GP,BF-SAC-GP,40,0.066127,303
XAM-N6,BF-SAC-GP,BF-SAC-GP,41,0.066127,303
XAM-N6,BF-SAC-GP,BF-SAC-GP,42,0.066127,303
XAM-N6,BF-SAC-GP,BF-SAC-GP,43,0.066127,303
XAM-N6,BF-SAC-GP,BF-SAC-GP,44,0.066127,303
XAM-N6,BF-SAC-GP,BF-SAC-GP,45,0.066127,303
XAM-N6,BF-SAC-GP,BF-SAC-GP,46,0.066127,303
XAM-N6,BF-SAC-GP,BF-SAC-GP,47,0.066127,303
XAM-N6,BF-SAC-GP,BF-SAC-GP,48,0.066127,303
XAM-N6,BF-SAC-GP,BF-SAC-GP,49,0.066127,303
XAM-N6,BF-SAC-GP,BF-SAC-GP,50,0.066127,303
XAM-N6,BF-SAC-GP,BF-SAC-GP,51,0.066127,303
XAM-N6,BF-SAC-GP,BF-SAC-GP,52,0.066127,303
XAM-N6,BF-SAC-GP,BF-SAC-GP,53,0.066127,303
XAM-N6,BF-SAC-GP,BF-SAC-GP,54,0.066127,303
XAM-N6,BF-SAC-GP,BF-SAC-GP,55,0.066127,303
XAM-N6,BF-SAC-GP,BF-SAC-GP,56,0.066127,303
XAM-N6,BF-SAC-GP,BF-SAC-GP,57,0.041583,303
XAM-N6,BF-SAC-GP,BF-SAC-GP,58,0.041583,303
XAM-N6,BF-SAC-GP,BF-SAC-GP,59,0.041583,303
XAM-N6,BF-SAC-GP,BF-SAC-GP,60,0.041583,303
XAM-N6,BF-SAC-GP,BF-SAC-GP,61,0.041583,303
XAM-N6,BF-SAC-GP,BF-SAC-GP,62,0.041583,303
XAM-N6,BF-SAC-GP,BF-SAC-GP,63,0.041583,303
XAM-N6,BF-SAC-GP,BF-SAC-GP,64,0.041583,303
XAM-N6,BF-SAC-GP,BF-SAC-GP,65,0.041583,303
XAM-N6,BF-SAC-GP,BF-SAC-GP,66,0.041583,303
XAM-N6,BF-SAC-GP,BF-SAC-GP,67,0.041583,303
XAM-N6,BF-SAC-GP,BF-SAC-GP,68,0.041583,303
XAM-N6,BF-SAC-GP,BF-SAC-GP,69,0.041583,303
XAM-N6,BF-SAC-GP,BF-SAC-GP,70,0.041583,303
XAM-N6,BF-SAC-GP,BF-SAC-GP,71,0.041583,303
XAM-N6,BF-SAC-GP,BF-SAC-GP,72,0.041583,303
XAM-N6,BF-SAC-GP,BF-SAC-GP,73,0.041583,303
XAM-N6,BF-SAC-GP,BF-SAC-GP,74,0.041583,303
XAM-N6,BF-SAC-GP,BF-SAC-GP,75,0.041583,303
XAM-N6,BF-SAC-GP,BF-SAC-GP,76,0.041583,303
XAM-N6,BF-SAC-GP,BF-SAC-GP,77,0.041583,303
XAM-N6,BF-SAC-GP,BF-SAC-GP,78,0.041583,303
XAM-N6,BF-SAC-GP,BF-SAC-GP,79,0.041583,303
XAM-N6,BF-SAC-GP,BF-SAC-GP,80,0.041583,303
XAM-N6,BF-SAC-GP,BF-SAC-GP,81,0.041583,303
XAM-N6,BF-SAC-GP,BF-SAC-GP,82,0.041583,303
XAM-N6,BF-SAC-GP,BF-SAC-GP,83,0.041583,303
XAM-N6,BF-SAC-GP,BF-SAC-GP,84,0.039999,303
XAM-N6,BF-SAC-GP,BF-SAC-GP,85,0.039999,303
XAM-N6,BF-SAC-GP,BF-SAC-GP,86,0.039999,303
XAM-N6,BF-SAC-GP,BF-SAC-GP,87,0.039999,303
XAM-N6,BF-SAC-GP,BF-SAC-GP,88,0.039999,303
XAM-N6,BF-SAC-GP,BF-SAC-GP,89,0.039999,303
XAM-N6,BF-SAC-GP,BF-SAC-GP,90,0.032511,303
XAM-N6,BF-SAC-GP,BF-SAC-GP,91,0.032511,303
XAM-N6,BF-SAC-GP,BF-SAC-GP,92,0.032511,303
XAM-N6,BF-SAC-GP,BF-SAC-GP,93,0.032511,303
XAM-N6,BF-SAC-GP,BF-SAC-GP,94,0.032511,303
XAM-N6,BF-SAC-GP,BF-SAC-GP,95,0.032511,303
XAM-N6,BF-SAC-GP,BF-SAC-GP,96,0.028195,303
XAM-N6,BF-SAC-GP,BF-SAC-GP,97,0.028195,303
XAM-N6,BF-SAC-GP,BF-SAC-GP,98,0.028195,303
XAM-N6,BF-SAC-GP,BF-SAC-GP,99,0.028195,303
XAM-N6,BF-SAC-GP,BF-SAC-GP,100,0.028195,303
XAM-N6,BF-SAC-GP,BF-SAC-GP,1,0.247552,404
XAM-N6,BF-SAC-GP,BF-SAC-GP,2,0.247552,404
XAM-N6,BF-SAC-GP,BF-SAC-GP,3,0.152359,404
XAM-N6,BF-SAC-GP,BF-SAC-GP,4,0.078364,404
XAM-N6,BF-SAC-GP,BF-SAC-GP,5,0.078364,404
XAM-N6,BF-SAC-GP,BF-SAC-GP,6,0.076972,404
XAM-N6,BF-SAC-GP,BF-SAC-GP,7,0.076972,404
XAM-N6,BF-SAC-GP,BF-SAC-GP,8,0.076972,404
XAM-N6,BF-SAC-GP,BF-SAC-GP,9,0.076972,404
XAM-N6,BF-SAC-GP,BF-SAC-GP,10,0.076972,404
XAM-N6,BF-SAC-GP,BF-SAC-GP,11,0.076972,404
XAM-N6,BF-SAC-GP,BF-SAC-GP,12,0.076972,404
XAM-N6,BF-SAC-GP,BF-SAC-GP,13,0.076972,404
XAM-N6,BF-SAC-GP,BF-SAC-GP,14,0.076972,404
XAM-N6,BF-SAC-GP,BF-SAC-GP,15,0.076972,404
XAM-N6,BF-SAC-GP,BF-SAC-GP,16,0.076972,404
XAM-N6,BF-SAC-GP,BF-SAC-GP,17,0.076972,404
XAM-N6,BF-SAC-GP,BF-SAC-GP,18,0.076972,404
XAM-N6,BF-SAC-GP,BF-SAC-GP,19,0.076972,404
XAM-N6,BF-SAC-GP,BF-SAC-GP,20,0.076972,404
XAM-N6,BF-SAC-GP,BF-SAC-GP,21,0.076972,404
XAM-N6,BF-SAC-GP,BF-SAC-GP,22,0.076972,404
XAM-N6,BF-SAC-GP,BF-SAC-GP,23,0.076972,404
XAM-N6,BF-SAC-GP,BF-SAC-GP,24,0.076972,404
XAM-N6,BF-SAC-GP,BF-SAC-GP,25,0.076972,404
XAM-N6,BF-SAC-GP,BF-SAC-GP,26,0.076972,404
XAM-N6,BF-SAC-GP,BF-SAC-GP,27,0.076972,404
XAM-N6,BF-SAC-GP,BF-SAC-GP,28,0.076972,404
XAM-N6,BF-SAC-GP,BF-SAC-GP,29,0.076972,404
XAM-N6,BF-SAC-GP,BF-SAC-GP,30,0.076972,404
XAM-N6,BF-SAC-GP,BF-SAC-GP,31,0.076972,404
XAM-N6,BF-SAC-GP,BF-SAC-GP,32,0.076972,404
XAM-N6,BF-SAC-GP,BF-SAC-GP,33,0.076972,404
XAM-N6,BF-SAC-GP,BF-SAC-GP,34,0.076972,404
XAM-N6,BF-SAC-GP,BF-SAC-GP,35,0.076972,404
XAM-N6,BF-SAC-GP,BF-SAC-GP,36,0.076972,404
XAM-N6,BF-SAC-GP,BF-SAC-GP,37,0.076972,404
XAM-N6,BF-SAC-GP,BF-SAC-GP,38,0.076972,404
XAM-N6,BF-SAC-GP,BF-SAC-GP,39,0.07289,404
XAM-N6,BF-SAC-GP,BF-SAC-GP,40,0.07289,404
XAM-N6,BF-SAC-GP,BF-SAC-GP,41,0.07289,404
XAM-N6,BF-SAC-GP,BF-SAC-GP,42,0.07289,404
XAM-N6,BF-SAC-GP,BF-SAC-GP,43,0.07289,404
XAM-N6,BF-SAC-GP,BF-SAC-GP,44,0.07289,404
XAM-N6,BF-SAC-GP,BF-SAC-GP,45,0.07289,404
XAM-N6,BF-SAC-GP,BF-SAC-GP,46,0.071511,404
XAM-N6,BF-SAC-GP,BF-SAC-GP,47,0.069886,404
XAM-N6,BF-SAC-GP,BF-SAC-GP,48,0.069886,404
XAM-N6,BF-SAC-GP,BF-SAC-GP,49,0.069886,404
XAM-N6,BF-SAC-GP,BF-SAC-GP,50,0.069886,404
XAM-N6,BF-SAC-GP,BF-SAC-GP,51,0.0498,404
XAM-N6,BF-SAC-GP,BF-SAC-GP,52,0.0498,404
XAM-N6,BF-SAC-GP,BF-SAC-GP,53,0.0498,404
XAM-N6,BF-SAC-GP,BF-SAC-GP,54,0.0498,404
XAM-N6,BF-SAC-GP,BF-SAC-GP,55,0.0498,404
XAM-N6,BF-SAC-GP,BF-SAC-GP,56,0.034584,404
XAM-N6,BF-SAC-GP,BF-SAC-GP,57,0.034584,404
XAM-N6,BF-SAC-GP,BF-SAC-GP,58,0.034584,404
XAM-N6,BF-SAC-GP,BF-SAC-GP,59,0.034584,404
XAM-N6,BF-SAC-GP,BF-SAC-GP,60,0.034584,404
XAM-N6,BF-SAC-GP,BF-SAC-GP,61,0.034584,404
XAM-N6,BF-SAC-GP,BF-SAC-GP,62,0.034584,404
XAM-N6,BF-SAC-GP,BF-SAC-GP,63,0.034584,404
XAM-N6,BF-SAC-GP,BF-SAC-GP,64,0.034584,404
XAM-N6,BF-SAC-GP,BF-SAC-GP,65,0.034584,404
XAM-N6,BF-SAC-GP,BF-SAC-GP,66,0.034584,404
XAM-N6,BF-SAC-GP,BF-SAC-GP,67,0.034584,404
XAM-N6,BF-SAC-GP,BF-SAC-GP,68,0.034584,404
XAM-N6,BF-SAC-GP,BF-SAC-GP,69,0.034584,404
XAM-N6,BF-SAC-GP,BF-SAC-GP,70,0.034584,404
XAM-N6,BF-SAC-GP,BF-SAC-GP,71,0.034584,404
XAM-N6,BF-SAC-GP,BF-SAC-GP,72,0.034584,404
XAM-N6,BF-SAC-GP,BF-SAC-GP,73,0.029541,404
XAM-N6,BF-SAC-GP,BF-SAC-GP,74,0.029541,404
XAM-N6,BF-SAC-GP,BF-SAC-GP,75,0.029541,404
XAM-N6,BF-SAC-GP,BF-SAC-GP,76,0.029541,404
XAM-N6,BF-SAC-GP,BF-SAC-GP,77,0.029541,404
XAM-N6,BF-SAC-GP,BF-SAC-GP,78,0.029541,404
XAM-N6,BF-SAC-GP,BF-SAC-GP,79,0.029541,404
XAM-N6,BF-SAC-GP,BF-SAC-GP,80,0.029541,404
XAM-N6,BF-SAC-GP,BF-SAC-GP,81,0.029541,404
XAM-N6,BF-SAC-GP,BF-SAC-GP,82,0.029541,404
XAM-N6,BF-SAC-GP,BF-SAC-GP,83,0.029541,404
XAM-N6,BF-SAC-GP,BF-SAC-GP,84,0.029541,404
XAM-N6,BF-SAC-GP,BF-SAC-GP,85,0.029541,404
XAM-N6,BF-SAC-GP,BF-SAC-GP,86,0.029541,404
XAM-N6,BF-SAC-GP,BF-SAC-GP,87,0.029541,404
XAM-N6,BF-SAC-GP,BF-SAC-GP,88,0.029541,404
XAM-N6,BF-SAC-GP,BF-SAC-GP,89,0.029541,404
XAM-N6,BF-SAC-GP,BF-SAC-GP,90,0.029541,404
XAM-N6,BF-SAC-GP,BF-SAC-GP,91,0.029541,404
XAM-N6,BF-SAC-GP,BF-SAC-GP,92,0.029541,404
XAM-N6,BF-SAC-GP,BF-SAC-GP,93,0.029541,404
XAM-N6,BF-SAC-GP,BF-SAC-GP,94,0.029541,404
XAM-N6,BF-SAC-GP,BF-SAC-GP,95,0.029541,404
XAM-N6,BF-SAC-GP,BF-SAC-GP,96,0.029541,404
XAM-N6,BF-SAC-GP,BF-SAC-GP,97,0.029541,404
XAM-N6,BF-SAC-GP,BF-SAC-GP,98,0.029541,404
XAM-N6,BF-SAC-GP,BF-SAC-GP,99,0.029541,404
XAM-N6,BF-SAC-GP,BF-SAC-GP,100,0.029541,404
XAM-N6,BF-SAC-MLP,BF-SAC-MLP,1,0.26126,42
XAM-N6,BF-SAC-MLP,BF-SAC-MLP,2,0.135516,42
XAM-N6,BF-SAC-MLP,BF-SAC-MLP,3,0.135516,42
XAM-N6,BF-SAC-MLP,BF-SAC-MLP,4,0.135516,42
XAM-N6,BF-SAC-MLP,BF-SAC-MLP,5,0.135516,42
XAM-N6,BF-SAC-MLP,BF-SAC-MLP,6,0.070821,42
XAM-N6,BF-SAC-MLP,BF-SAC-MLP,7,0.070821,42
XAM-N6,BF-SAC-MLP,BF-SAC-MLP,8,0.070821,42
XAM-N6,BF-SAC-MLP,BF-SAC-MLP,9,0.070821,42
XAM-N6,BF-SAC-MLP,BF-SAC-MLP,10,0.070821,42
XAM-N6,BF-SAC-MLP,BF-SAC-MLP,11,0.070821,42
XAM-N6,BF-SAC-MLP,BF-SAC-MLP,12,0.070821,42
XAM-N6,BF-SAC-MLP,BF-SAC-MLP,13,0.070821,42
XAM-N6,BF-SAC-MLP,BF-SAC-MLP,14,0.070821,42
XAM-N6,BF-SAC-MLP,BF-SAC-MLP,15,0.070821,42
XAM-N6,BF-SAC-MLP,BF-SAC-MLP,16,0.070821,42
XAM-N6,BF-SAC-MLP,BF-SAC-MLP,17,0.070821,42
XAM-N6,BF-SAC-MLP,BF-SAC-MLP,18,0.070821,42
XAM-N6,BF-SAC-MLP,BF-SAC-MLP,19,0.070821,42
XAM-N6,BF-SAC-MLP,BF-SAC-MLP,20,0.070821,42
XAM-N6,BF-SAC-MLP,BF-SAC-MLP,21,0.070821,42
XAM-N6,BF-SAC-MLP,BF-SAC-MLP,22,0.070821,42
XAM-N6,BF-SAC-MLP,BF-SAC-MLP,23,0.070821,42
XAM-N6,BF-SAC-MLP,BF-SAC-MLP,24,0.070821,42
XAM-N6,BF-SAC-MLP,BF-SAC-MLP,25,0.070821,42
XAM-N6,BF-SAC-MLP,BF-SAC-MLP,26,0.070821,42
XAM-N6,BF-SAC-MLP,BF-SAC-MLP,27,0.070821,42
XAM-N6,BF-SAC-MLP,BF-SAC-MLP,28,0.070821,42
XAM-N6,BF-SAC-MLP,BF-SAC-MLP,29,0.070821,42
XAM-N6,BF-SAC-MLP,BF-SAC-MLP,30,0.070821,42
XAM-N6,BF-SAC-MLP,BF-SAC-MLP,31,0.070821,42
XAM-N6,BF-SAC-MLP,BF-SAC-MLP,32,0.070821,42
XAM-N6,BF-SAC-MLP,BF-SAC-MLP,33,0.070821,42
XAM-N6,BF-SAC-MLP,BF-SAC-MLP,34,0.070821,42
XAM-N6,BF-SAC-MLP,BF-SAC-MLP,35,0.070821,42
XAM-N6,BF-SAC-MLP,BF-SAC-MLP,36,0.070821,42
XAM-N6,BF-SAC-MLP,BF-SAC-MLP,37,0.070821,42
XAM-N6,BF-SAC-MLP,BF-SAC-MLP,38,0.070821,42
XAM-N6,BF-SAC-MLP,BF-SAC-MLP,39,0.070821,42
XAM-N6,BF-SAC-MLP,BF-SAC-MLP,40,0.070821,42
XAM-N6,BF-SAC-MLP,BF-SAC-MLP,41,0.070821,42
XAM-N6,BF-SAC-MLP,BF-SAC-MLP,42,0.070821,42
XAM-N6,BF-SAC-MLP,BF-SAC-MLP,43,0.070821,42
XAM-N6,BF-SAC-MLP,BF-SAC-MLP,44,0.070821,42
XAM-N6,BF-SAC-MLP,BF-SAC-MLP,45,0.070821,42
XAM-N6,BF-SAC-MLP,BF-SAC-MLP,46,0.070821,42
XAM-N6,BF-SAC-MLP,BF-SAC-MLP,47,0.070821,42
XAM-N6,BF-SAC-MLP,BF-SAC-MLP,48,0.070821,42
XAM-N6,BF-SAC-MLP,BF-SAC-MLP,49,0.070821,42
XAM-N6,BF-SAC-MLP,BF-SAC-MLP,50,0.070821,42
XAM-N6,BF-SAC-MLP,BF-SAC-MLP,51,0.070821,42
XAM-N6,BF-SAC-MLP,BF-SAC-MLP,52,0.070821,42
XAM-N6,BF-SAC-MLP,BF-SAC-MLP,53,0.070821,42
XAM-N6,BF-SAC-MLP,BF-SAC-MLP,54,0.070821,42
XAM-N6,BF-SAC-MLP,BF-SAC-MLP,55,0.070821,42
XAM-N6,BF-SAC-MLP,BF-SAC-MLP,56,0.070821,42
XAM-N6,BF-SAC-MLP,BF-SAC-MLP,57,0.070821,42
XAM-N6,BF-SAC-MLP,BF-SAC-MLP,58,0.070821,42
XAM-N6,BF-SAC-MLP,BF-SAC-MLP,59,0.070821,42
XAM-N6,BF-SAC-MLP,BF-SAC-MLP,60,0.070821,42
XAM-N6,BF-SAC-MLP,BF-SAC-MLP,61,0.070821,42
XAM-N6,BF-SAC-MLP,BF-SAC-MLP,62,0.070821,42
XAM-N6,BF-SAC-MLP,BF-SAC-MLP,63,0.070821,42
XAM-N6,BF-SAC-MLP,BF-SAC-MLP,64,0.070821,42
XAM-N6,BF-SAC-MLP,BF-SAC-MLP,65,0.070821,42
XAM-N6,BF-SAC-MLP,BF-SAC-MLP,66,0.070821,42
XAM-N6,BF-SAC-MLP,BF-SAC-MLP,67,0.070821,42
XAM-N6,BF-SAC-MLP,BF-SAC-MLP,68,0.070821,42
XAM-N6,BF-SAC-MLP,BF-SAC-MLP,69,0.070821,42
XAM-N6,BF-SAC-MLP,BF-SAC-MLP,70,0.070821,42
XAM-N6,BF-SAC-MLP,BF-SAC-MLP,71,0.070821,42
XAM-N6,BF-SAC-MLP,BF-SAC-MLP,72,0.070821,42
XAM-N6,BF-SAC-MLP,BF-SAC-MLP,73,0.070821,42
XAM-N6,BF-SAC-MLP,BF-SAC-MLP,74,0.070821,42
XAM-N6,BF-SAC-MLP,BF-SAC-MLP,75,0.070821,42
XAM-N6,BF-SAC-MLP,BF-SAC-MLP,76,0.070821,42
XAM-N6,BF-SAC-MLP,BF-SAC-MLP,77,0.070821,42
XAM-N6,BF-SAC-MLP,BF-SAC-MLP,78,0.070821,42
XAM-N6,BF-SAC-MLP,BF-SAC-MLP,79,0.070821,42
XAM-N6,BF-SAC-MLP,BF-SAC-MLP,80,0.070821,42
XAM-N6,BF-SAC-MLP,BF-SAC-MLP,81,0.070568,42
XAM-N6,BF-SAC-MLP,BF-SAC-MLP,82,0.055159,42
XAM-N6,BF-SAC-MLP,BF-SAC-MLP,83,0.055159,42
XAM-N6,BF-SAC-MLP,BF-SAC-MLP,84,0.055159,42
XAM-N6,BF-SAC-MLP,BF-SAC-MLP,85,0.055159,42
XAM-N6,BF-SAC-MLP,BF-SAC-MLP,86,0.055159,42
XAM-N6,BF-SAC-MLP,BF-SAC-MLP,87,0.055159,42
XAM-N6,BF-SAC-MLP,BF-SAC-MLP,88,0.055159,42
XAM-N6,BF-SAC-MLP,BF-SAC-MLP,89,0.055159,42
XAM-N6,BF-SAC-MLP,BF-SAC-MLP,90,0.055159,42
XAM-N6,BF-SAC-MLP,BF-SAC-MLP,91,0.055159,42
XAM-N6,BF-SAC-MLP,BF-SAC-MLP,92,0.055159,42
XAM-N6,BF-SAC-MLP,BF-SAC-MLP,93,0.055159,42
XAM-N6,BF-SAC-MLP,BF-SAC-MLP,94,0.055159,42
XAM-N6,BF-SAC-MLP,BF-SAC-MLP,95,0.055159,42
XAM-N6,BF-SAC-MLP,BF-SAC-MLP,96,0.055159,42
XAM-N6,BF-SAC-MLP,BF-SAC-MLP,97,0.05033,42
XAM-N6,BF-SAC-MLP,BF-SAC-MLP,98,0.05033,42
XAM-N6,BF-SAC-MLP,BF-SAC-MLP,99,0.05033,42
XAM-N6,BF-SAC-MLP,BF-SAC-MLP,100,0.05033,42
XAM-N6,BF-SAC-MLP,BF-SAC-MLP,1,0.311584,101
XAM-N6,BF-SAC-MLP,BF-SAC-MLP,2,0.311584,101
XAM-N6,BF-SAC-MLP,BF-SAC-MLP,3,0.171338,101
XAM-N6,BF-SAC-MLP,BF-SAC-MLP,4,0.148419,101
XAM-N6,BF-SAC-MLP,BF-SAC-MLP,5,0.148419,101
XAM-N6,BF-SAC-MLP,BF-SAC-MLP,6,0.148419,101
XAM-N6,BF-SAC-MLP,BF-SAC-MLP,7,0.077937,101
XAM-N6,BF-SAC-MLP,BF-SAC-MLP,8,0.077937,101
XAM-N6,BF-SAC-MLP,BF-SAC-MLP,9,0.077937,101
XAM-N6,BF-SAC-MLP,BF-SAC-MLP,10,0.077937,101
XAM-N6,BF-SAC-MLP,BF-SAC-MLP,11,0.077937,101
XAM-N6,BF-SAC-MLP,BF-SAC-MLP,12,0.077937,101
XAM-N6,BF-SAC-MLP,BF-SAC-MLP,13,0.077937,101
XAM-N6,BF-SAC-MLP,BF-SAC-MLP,14,0.077937,101
XAM-N6,BF-SAC-MLP,BF-SAC-MLP,15,0.077937,101
XAM-N6,BF-SAC-MLP,BF-SAC-MLP,16,0.077937,101
XAM-N6,BF-SAC-MLP,BF-SAC-MLP,17,0.077937,101
XAM-N6,BF-SAC-MLP,BF-SAC-MLP,18,0.077937,101
XAM-N6,BF-SAC-MLP,BF-SAC-MLP,19,0.077937,101
XAM-N6,BF-SAC-MLP,BF-SAC-MLP,20,0.077937,101
XAM-N6,BF-SAC-MLP,BF-SAC-MLP,21,0.077937,101
XAM-N6,BF-SAC-MLP,BF-SAC-MLP,22,0.077937,101
XAM-N6,BF-SAC-MLP,BF-SAC-MLP,23,0.077937,101
XAM-N6,BF-SAC-MLP,BF-SAC-MLP,24,0.077937,101
XAM-N6,BF-SAC-MLP,BF-SAC-MLP,25,0.077937,101
XAM-N6,BF-SAC-MLP,BF-SAC-MLP,26,0.077937,101
XAM-N6,BF-SAC-MLP,BF-SAC-MLP,27,0.077937,101
XAM-N6,BF-SAC-MLP,BF-SAC-MLP,28,0.077937,101
XAM-N6,BF-SAC-MLP,BF-SAC-MLP,29,0.077937,101
XAM-N6,BF-SAC-MLP,BF-SAC-MLP,30,0.077937,101
XAM-N6,BF-SAC-MLP,BF-SAC-MLP,31,0.077937,101
XAM-N6,BF-SAC-MLP,BF-SAC-MLP,32,0.077937,101
XAM-N6,BF-SAC-MLP,BF-SAC-MLP,33,0.077937,101
XAM-N6,BF-SAC-MLP,BF-SAC-MLP,34,0.077937,101
XAM-N6,BF-SAC-MLP,BF-SAC-MLP,35,0.077937,101
XAM-N6,BF-SAC-MLP,BF-SAC-MLP,36,0.077937,101
XAM-N6,BF-SAC-MLP,BF-SAC-MLP,37,0.077937,101
XAM-N6,BF-SAC-MLP,BF-SAC-MLP,38,0.077937,101
XAM-N6,BF-SAC-MLP,BF-SAC-MLP,39,0.077937,101
XAM-N6,BF-SAC-MLP,BF-SAC-MLP,40,0.077937,101
XAM-N6,BF-SAC-MLP,BF-SAC-MLP,41,0.077937,101
XAM-N6,BF-SAC-MLP,BF-SAC-MLP,42,0.077937,101
XAM-N6,BF-SAC-MLP,BF-SAC-MLP,43,0.077937,101
XAM-N6,BF-SAC-MLP,BF-SAC-MLP,44,0.077937,101
XAM-N6,BF-SAC-MLP,BF-SAC-MLP,45,0.077937,101
XAM-N6,BF-SAC-MLP,BF-SAC-MLP,46,0.077937,101
XAM-N6,BF-SAC-MLP,BF-SAC-MLP,47,0.077937,101
XAM-N6,BF-SAC-MLP,BF-SAC-MLP,48,0.077937,101
XAM-N6,BF-SAC-MLP,BF-SAC-MLP,49,0.077937,101
XAM-N6,BF-SAC-MLP,BF-SAC-MLP,50,0.077937,101
XAM-N6,BF-SAC-MLP,BF-SAC-MLP,51,0.077937,101
XAM-N6,BF-SAC-MLP,BF-SAC-MLP,52,0.077937,101
XAM-N6,BF-SAC-MLP,BF-SAC-MLP,53,0.077937,101
XAM-N6,BF-SAC-MLP,BF-SAC-MLP,54,0.077937,101
XAM-N6,BF-SAC-MLP,BF-SAC-MLP,55,0.066012,101
XAM-N6,BF-SAC-MLP,BF-SAC-MLP,56,0.066012,101
XAM-N6,BF-SAC-MLP,BF-SAC-MLP,57,0.066012,101
XAM-N6,BF-SAC-MLP,BF-SAC-MLP,58,0.066012,101
XAM-N6,BF-SAC-MLP,BF-SAC-MLP,59,0.066012,101
XAM-N6,BF-SAC-MLP,BF-SAC-MLP,60,0.066012,101
XAM-N6,BF-SAC-MLP,BF-SAC-MLP,61,0.066012,101
XAM-N6,BF-SAC-MLP,BF-SAC-MLP,62,0.066012,101
XAM-N6,BF-SAC-MLP,BF-SAC-MLP,63,0.066012,101
XAM-N6,BF-SAC-MLP,BF-SAC-MLP,64,0.066012,101
XAM-N6,BF-SAC-MLP,BF-SAC-MLP,65,0.066012,101
XAM-N6,BF-SAC-MLP,BF-SAC-MLP,66,0.066012,101
XAM-N6,BF-SAC-MLP,BF-SAC-MLP,67,0.066012,101
XAM-N6,BF-SAC-MLP,BF-SAC-MLP,68,0.066012,101
XAM-N6,BF-SAC-MLP,BF-SAC-MLP,69,0.066012,101
XAM-N6,BF-SAC-MLP,BF-SAC-MLP,70,0.066012,101
XAM-N6,BF-SAC-MLP,BF-SAC-MLP,71,0.066012,101
XAM-N6,BF-SAC-MLP,BF-SAC-MLP,72,0.066012,101
XAM-N6,BF-SAC-MLP,BF-SAC-MLP,73,0.066012,101
XAM-N6,BF-SAC-MLP,BF-SAC-MLP,74,0.064581,101
XAM-N6,BF-SAC-MLP,BF-SAC-MLP,75,0.064581,101
XAM-N6,BF-SAC-MLP,BF-SAC-MLP,76,0.064581,101
XAM-N6,BF-SAC-MLP,BF-SAC-MLP,77,0.064581,101
XAM-N6,BF-SAC-MLP,BF-SAC-MLP,78,0.064581,101
XAM-N6,BF-SAC-MLP,BF-SAC-MLP,79,0.064581,101
XAM-N6,BF-SAC-MLP,BF-SAC-MLP,80,0.064581,101
XAM-N6,BF-SAC-MLP,BF-SAC-MLP,81,0.064581,101
XAM-N6,BF-SAC-MLP,BF-SAC-MLP,82,0.064581,101
XAM-N6,BF-SAC-MLP,BF-SAC-MLP,83,0.064581,101
XAM-N6,BF-SAC-MLP,BF-SAC-MLP,84,0.064581,101
XAM-N6,BF-SAC-MLP,BF-SAC-MLP,85,0.064581,101
XAM-N6,BF-SAC-MLP,BF-SAC-MLP,86,0.064581,101
XAM-N6,BF-SAC-MLP,BF-SAC-MLP,87,0.064581,101
XAM-N6,BF-SAC-MLP,BF-SAC-MLP,88,0.064581,101
XAM-N6,BF-SAC-MLP,BF-SAC-MLP,89,0.064581,101
XAM-N6,BF-SAC-MLP,BF-SAC-MLP,90,0.064581,101
XAM-N6,BF-SAC-MLP,BF-SAC-MLP,91,0.064581,101
XAM-N6,BF-SAC-MLP,BF-SAC-MLP,92,0.064581,101
XAM-N6,BF-SAC-MLP,BF-SAC-MLP,93,0.064581,101
XAM-N6,BF-SAC-MLP,BF-SAC-MLP,94,0.064581,101
XAM-N6,BF-SAC-MLP,BF-SAC-MLP,95,0.064581,101
XAM-N6,BF-SAC-MLP,BF-SAC-MLP,96,0.064581,101
XAM-N6,BF-SAC-MLP,BF-SAC-MLP,97,0.064581,101
XAM-N6,BF-SAC-MLP,BF-SAC-MLP,98,0.064581,101
XAM-N6,BF-SAC-MLP,BF-SAC-MLP,99,0.064581,101
XAM-N6,BF-SAC-MLP,BF-SAC-MLP,100,0.064581,101
XAM-N6,BF-SAC-MLP,BF-SAC-MLP,1,0.194689,202
XAM-N6,BF-SAC-MLP,BF-SAC-MLP,2,0.194689,202
XAM-N6,BF-SAC-MLP,BF-SAC-MLP,3,0.194689,202
XAM-N6,BF-SAC-MLP,BF-SAC-MLP,4,0.194689,202
XAM-N6,BF-SAC-MLP,BF-SAC-MLP,5,0.194689,202
XAM-N6,BF-SAC-MLP,BF-SAC-MLP,6,0.194689,202
XAM-N6,BF-SAC-MLP,BF-SAC-MLP,7,0.194689,202
XAM-N6,BF-SAC-MLP,BF-SAC-MLP,8,0.194689,202
XAM-N6,BF-SAC-MLP,BF-SAC-MLP,9,0.162637,202
XAM-N6,BF-SAC-MLP,BF-SAC-MLP,10,0.162637,202
XAM-N6,BF-SAC-MLP,BF-SAC-MLP,11,0.162637,202
XAM-N6,BF-SAC-MLP,BF-SAC-MLP,12,0.162637,202
XAM-N6,BF-SAC-MLP,BF-SAC-MLP,13,0.162637,202
XAM-N6,BF-SAC-MLP,BF-SAC-MLP,14,0.162637,202
XAM-N6,BF-SAC-MLP,BF-SAC-MLP,15,0.162637,202
XAM-N6,BF-SAC-MLP,BF-SAC-MLP,16,0.162637,202
XAM-N6,BF-SAC-MLP,BF-SAC-MLP,17,0.162637,202
XAM-N6,BF-SAC-MLP,BF-SAC-MLP,18,0.162637,202
XAM-N6,BF-SAC-MLP,BF-SAC-MLP,19,0.162637,202
XAM-N6,BF-SAC-MLP,BF-SAC-MLP,20,0.162637,202
XAM-N6,BF-SAC-MLP,BF-SAC-MLP,21,0.162637,202
XAM-N6,BF-SAC-MLP,BF-SAC-MLP,22,0.162637,202
XAM-N6,BF-SAC-MLP,BF-SAC-MLP,23,0.162637,202
XAM-N6,BF-SAC-MLP,BF-SAC-MLP,24,0.0879,202
XAM-N6,BF-SAC-MLP,BF-SAC-MLP,25,0.0879,202
XAM-N6,BF-SAC-MLP,BF-SAC-MLP,26,0.0879,202
XAM-N6,BF-SAC-MLP,BF-SAC-MLP,27,0.0879,202
XAM-N6,BF-SAC-MLP,BF-SAC-MLP,28,0.0879,202
XAM-N6,BF-SAC-MLP,BF-SAC-MLP,29,0.0879,202
XAM-N6,BF-SAC-MLP,BF-SAC-MLP,30,0.0879,202
XAM-N6,BF-SAC-MLP,BF-SAC-MLP,31,0.0879,202
XAM-N6,BF-SAC-MLP,BF-SAC-MLP,32,0.0879,202
XAM-N6,BF-SAC-MLP,BF-SAC-MLP,33,0.0879,202
XAM-N6,BF-SAC-MLP,BF-SAC-MLP,34,0.0879,202
XAM-N6,BF-SAC-MLP,BF-SAC-MLP,35,0.054293,202
XAM-N6,BF-SAC-MLP,BF-SAC-MLP,36,0.054293,202
XAM-N6,BF-SAC-MLP,BF-SAC-MLP,37,0.054293,202
XAM-N6,BF-SAC-MLP,BF-SAC-MLP,38,0.054293,202
XAM-N6,BF-SAC-MLP,BF-SAC-MLP,39,0.054293,202
XAM-N6,BF-SAC-MLP,BF-SAC-MLP,40,0.054293,202
XAM-N6,BF-SAC-MLP,BF-SAC-MLP,41,0.054293,202
XAM-N6,BF-SAC-MLP,BF-SAC-MLP,42,0.054293,202
XAM-N6,BF-SAC-MLP,BF-SAC-MLP,43,0.054293,202
XAM-N6,BF-SAC-MLP,BF-SAC-MLP,44,0.054293,202
XAM-N6,BF-SAC-MLP,BF-SAC-MLP,45,0.054293,202
XAM-N6,BF-SAC-MLP,BF-SAC-MLP,46,0.054293,202
XAM-N6,BF-SAC-MLP,BF-SAC-MLP,47,0.054293,202
XAM-N6,BF-SAC-MLP,BF-SAC-MLP,48,0.054293,202
XAM-N6,BF-SAC-MLP,BF-SAC-MLP,49,0.054293,202
XAM-N6,BF-SAC-MLP,BF-SAC-MLP,50,0.054293,202
XAM-N6,BF-SAC-MLP,BF-SAC-MLP,51,0.054293,202
XAM-N6,BF-SAC-MLP,BF-SAC-MLP,52,0.054293,202
XAM-N6,BF-SAC-MLP,BF-SAC-MLP,53,0.054293,202
XAM-N6,BF-SAC-MLP,BF-SAC-MLP,54,0.054293,202
XAM-N6,BF-SAC-MLP,BF-SAC-MLP,55,0.054293,202
XAM-N6,BF-SAC-MLP,BF-SAC-MLP,56,0.054293,202
XAM-N6,BF-SAC-MLP,BF-SAC-MLP,57,0.054293,202
XAM-N6,BF-SAC-MLP,BF-SAC-MLP,58,0.054293,202
XAM-N6,BF-SAC-MLP,BF-SAC-MLP,59,0.054293,202
XAM-N6,BF-SAC-MLP,BF-SAC-MLP,60,0.054293,202
XAM-N6,BF-SAC-MLP,BF-SAC-MLP,61,0.054293,202
XAM-N6,BF-SAC-MLP,BF-SAC-MLP,62,0.054293,202
XAM-N6,BF-SAC-MLP,BF-SAC-MLP,63,0.054293,202
XAM-N6,BF-SAC-MLP,BF-SAC-MLP,64,0.054293,202
XAM-N6,BF-SAC-MLP,BF-SAC-MLP,65,0.054293,202
XAM-N6,BF-SAC-MLP,BF-SAC-MLP,66,0.054293,202
XAM-N6,BF-SAC-MLP,BF-SAC-MLP,67,0.054293,202
XAM-N6,BF-SAC-MLP,BF-SAC-MLP,68,0.054293,202
XAM-N6,BF-SAC-MLP,BF-SAC-MLP,69,0.054293,202
XAM-N6,BF-SAC-MLP,BF-SAC-MLP,70,0.054293,202
XAM-N6,BF-SAC-MLP,BF-SAC-MLP,71,0.054293,202
XAM-N6,BF-SAC-MLP,BF-SAC-MLP,72,0.054293,202
XAM-N6,BF-SAC-MLP,BF-SAC-MLP,73,0.054293,202
XAM-N6,BF-SAC-MLP,BF-SAC-MLP,74,0.054293,202
XAM-N6,BF-SAC-MLP,BF-SAC-MLP,75,0.054293,202
XAM-N6,BF-SAC-MLP,BF-SAC-MLP,76,0.054293,202
XAM-N6,BF-SAC-MLP,BF-SAC-MLP,77,0.054293,202
XAM-N6,BF-SAC-MLP,BF-SAC-MLP,78,0.054293,202
XAM-N6,BF-SAC-MLP,BF-SAC-MLP,79,0.054293,202
XAM-N6,BF-SAC-MLP,BF-SAC-MLP,80,0.054293,202
XAM-N6,BF-SAC-MLP,BF-SAC-MLP,81,0.054293,202
XAM-N6,BF-SAC-MLP,BF-SAC-MLP,82,0.054293,202
XAM-N6,BF-SAC-MLP,BF-SAC-MLP,83,0.054293,202
XAM-N6,BF-SAC-MLP,BF-SAC-MLP,84,0.054293,202
XAM-N6,BF-SAC-MLP,BF-SAC-MLP,85,0.054293,202
XAM-N6,BF-SAC-MLP,BF-SAC-MLP,86,0.054293,202
XAM-N6,BF-SAC-MLP,BF-SAC-MLP,87,0.054293,202
XAM-N6,BF-SAC-MLP,BF-SAC-MLP,88,0.054293,202
XAM-N6,BF-SAC-MLP,BF-SAC-MLP,89,0.054293,202
XAM-N6,BF-SAC-MLP,BF-SAC-MLP,90,0.054293,202
XAM-N6,BF-SAC-MLP,BF-SAC-MLP,91,0.054293,202
XAM-N6,BF-SAC-MLP,BF-SAC-MLP,92,0.054293,202
XAM-N6,BF-SAC-MLP,BF-SAC-MLP,93,0.054293,202
XAM-N6,BF-SAC-MLP,BF-SAC-MLP,94,0.054293,202
XAM-N6,BF-SAC-MLP,BF-SAC-MLP,95,0.054293,202
XAM-N6,BF-SAC-MLP,BF-SAC-MLP,96,0.054293,202
XAM-N6,BF-SAC-MLP,BF-SAC-MLP,97,0.054293,202
XAM-N6,BF-SAC-MLP,BF-SAC-MLP,98,0.054293,202
XAM-N6,BF-SAC-MLP,BF-SAC-MLP,99,0.054293,202
XAM-N6,BF-SAC-MLP,BF-SAC-MLP,100,0.054293,202
XAM-N6,BF-SAC-MLP,BF-SAC-MLP,1,0.283502,303
XAM-N6,BF-SAC-MLP,BF-SAC-MLP,2,0.123979,303
XAM-N6,BF-SAC-MLP,BF-SAC-MLP,3,0.123979,303
XAM-N6,BF-SAC-MLP,BF-SAC-MLP,4,0.123979,303
XAM-N6,BF-SAC-MLP,BF-SAC-MLP,5,0.119248,303
XAM-N6,BF-SAC-MLP,BF-SAC-MLP,6,0.119248,303
XAM-N6,BF-SAC-MLP,BF-SAC-MLP,7,0.119248,303
XAM-N6,BF-SAC-MLP,BF-SAC-MLP,8,0.119248,303
XAM-N6,BF-SAC-MLP,BF-SAC-MLP,9,0.119248,303
XAM-N6,BF-SAC-MLP,BF-SAC-MLP,10,0.088548,303
XAM-N6,BF-SAC-MLP,BF-SAC-MLP,11,0.088548,303
XAM-N6,BF-SAC-MLP,BF-SAC-MLP,12,0.088548,303
XAM-N6,BF-SAC-MLP,BF-SAC-MLP,13,0.088548,303
XAM-N6,BF-SAC-MLP,BF-SAC-MLP,14,0.088548,303
XAM-N6,BF-SAC-MLP,BF-SAC-MLP,15,0.088548,303
XAM-N6,BF-SAC-MLP,BF-SAC-MLP,16,0.088548,303
XAM-N6,BF-SAC-MLP,BF-SAC-MLP,17,0.088548,303
XAM-N6,BF-SAC-MLP,BF-SAC-MLP,18,0.088548,303
XAM-N6,BF-SAC-MLP,BF-SAC-MLP,19,0.088548,303
XAM-N6,BF-SAC-MLP,BF-SAC-MLP,20,0.088548,303
XAM-N6,BF-SAC-MLP,BF-SAC-MLP,21,0.088548,303
XAM-N6,BF-SAC-MLP,BF-SAC-MLP,22,0.088548,303
XAM-N6,BF-SAC-MLP,BF-SAC-MLP,23,0.088548,303
XAM-N6,BF-SAC-MLP,BF-SAC-MLP,24,0.088548,303
XAM-N6,BF-SAC-MLP,BF-SAC-MLP,25,0.088548,303
XAM-N6,BF-SAC-MLP,BF-SAC-MLP,26,0.088548,303
XAM-N6,BF-SAC-MLP,BF-SAC-MLP,27,0.088548,303
XAM-N6,BF-SAC-MLP,BF-SAC-MLP,28,0.088548,303
XAM-N6,BF-SAC-MLP,BF-SAC-MLP,29,0.088548,303
XAM-N6,BF-SAC-MLP,BF-SAC-MLP,30,0.088548,303
XAM-N6,BF-SAC-MLP,BF-SAC-MLP,31,0.088548,303
XAM-N6,BF-SAC-MLP,BF-SAC-MLP,32,0.088548,303
XAM-N6,BF-SAC-MLP,BF-SAC-MLP,33,0.088548,303
XAM-N6,BF-SAC-MLP,BF-SAC-MLP,34,0.088548,303
XAM-N6,BF-SAC-MLP,BF-SAC-MLP,35,0.088548,303
XAM-N6,BF-SAC-MLP,BF-SAC-MLP,36,0.088548,303
XAM-N6,BF-SAC-MLP,BF-SAC-MLP,37,0.088548,303
XAM-N6,BF-SAC-MLP,BF-SAC-MLP,38,0.088548,303
XAM-N6,BF-SAC-MLP,BF-SAC-MLP,39,0.088548,303
XAM-N6,BF-SAC-MLP,BF-SAC-MLP,40,0.088548,303
XAM-N6,BF-SAC-MLP,BF-SAC-MLP,41,0.076135,303
XAM-N6,BF-SAC-MLP,BF-SAC-MLP,42,0.076135,303
XAM-N6,BF-SAC-MLP,BF-SAC-MLP,43,0.076135,303
XAM-N6,BF-SAC-MLP,BF-SAC-MLP,44,0.076135,303
XAM-N6,BF-SAC-MLP,BF-SAC-MLP,45,0.074947,303
XAM-N6,BF-SAC-MLP,BF-SAC-MLP,46,0.074947,303
XAM-N6,BF-SAC-MLP,BF-SAC-MLP,47,0.074947,303
XAM-N6,BF-SAC-MLP,BF-SAC-MLP,48,0.074947,303
XAM-N6,BF-SAC-MLP,BF-SAC-MLP,49,0.074947,303
XAM-N6,BF-SAC-MLP,BF-SAC-MLP,50,0.074947,303
XAM-N6,BF-SAC-MLP,BF-SAC-MLP,51,0.074947,303
XAM-N6,BF-SAC-MLP,BF-SAC-MLP,52,0.074947,303
XAM-N6,BF-SAC-MLP,BF-SAC-MLP,53,0.074947,303
XAM-N6,BF-SAC-MLP,BF-SAC-MLP,54,0.074947,303
XAM-N6,BF-SAC-MLP,BF-SAC-MLP,55,0.074947,303
XAM-N6,BF-SAC-MLP,BF-SAC-MLP,56,0.074947,303
XAM-N6,BF-SAC-MLP,BF-SAC-MLP,57,0.074947,303
XAM-N6,BF-SAC-MLP,BF-SAC-MLP,58,0.074947,303
XAM-N6,BF-SAC-MLP,BF-SAC-MLP,59,0.074947,303
XAM-N6,BF-SAC-MLP,BF-SAC-MLP,60,0.074947,303
XAM-N6,BF-SAC-MLP,BF-SAC-MLP,61,0.074947,303
XAM-N6,BF-SAC-MLP,BF-SAC-MLP,62,0.074947,303
XAM-N6,BF-SAC-MLP,BF-SAC-MLP,63,0.074947,303
XAM-N6,BF-SAC-MLP,BF-SAC-MLP,64,0.074947,303
XAM-N6,BF-SAC-MLP,BF-SAC-MLP,65,0.074947,303
XAM-N6,BF-SAC-MLP,BF-SAC-MLP,66,0.074947,303
XAM-N6,BF-SAC-MLP,BF-SAC-MLP,67,0.057276,303
XAM-N6,BF-SAC-MLP,BF-SAC-MLP,68,0.057276,303
XAM-N6,BF-SAC-MLP,BF-SAC-MLP,69,0.057276,303
XAM-N6,BF-SAC-MLP,BF-SAC-MLP,70,0.057276,303
XAM-N6,BF-SAC-MLP,BF-SAC-MLP,71,0.057276,303
XAM-N6,BF-SAC-MLP,BF-SAC-MLP,72,0.057276,303
XAM-N6,BF-SAC-MLP,BF-SAC-MLP,73,0.057276,303
XAM-N6,BF-SAC-MLP,BF-SAC-MLP,74,0.057276,303
XAM-N6,BF-SAC-MLP,BF-SAC-MLP,75,0.057187,303
XAM-N6,BF-SAC-MLP,BF-SAC-MLP,76,0.057187,303
XAM-N6,BF-SAC-MLP,BF-SAC-MLP,77,0.057187,303
XAM-N6,BF-SAC-MLP,BF-SAC-MLP,78,0.057187,303
XAM-N6,BF-SAC-MLP,BF-SAC-MLP,79,0.057187,303
XAM-N6,BF-SAC-MLP,BF-SAC-MLP,80,0.057187,303
XAM-N6,BF-SAC-MLP,BF-SAC-MLP,81,0.056175,303
XAM-N6,BF-SAC-MLP,BF-SAC-MLP,82,0.056175,303
XAM-N6,BF-SAC-MLP,BF-SAC-MLP,83,0.056175,303
XAM-N6,BF-SAC-MLP,BF-SAC-MLP,84,0.056175,303
XAM-N6,BF-SAC-MLP,BF-SAC-MLP,85,0.056175,303
XAM-N6,BF-SAC-MLP,BF-SAC-MLP,86,0.056175,303
XAM-N6,BF-SAC-MLP,BF-SAC-MLP,87,0.056175,303
XAM-N6,BF-SAC-MLP,BF-SAC-MLP,88,0.056175,303
XAM-N6,BF-SAC-MLP,BF-SAC-MLP,89,0.047645,303
XAM-N6,BF-SAC-MLP,BF-SAC-MLP,90,0.047645,303
XAM-N6,BF-SAC-MLP,BF-SAC-MLP,91,0.047645,303
XAM-N6,BF-SAC-MLP,BF-SAC-MLP,92,0.047645,303
XAM-N6,BF-SAC-MLP,BF-SAC-MLP,93,0.047645,303
XAM-N6,BF-SAC-MLP,BF-SAC-MLP,94,0.047645,303
XAM-N6,BF-SAC-MLP,BF-SAC-MLP,95,0.047645,303
XAM-N6,BF-SAC-MLP,BF-SAC-MLP,96,0.047645,303
XAM-N6,BF-SAC-MLP,BF-SAC-MLP,97,0.047645,303
XAM-N6,BF-SAC-MLP,BF-SAC-MLP,98,0.047645,303
XAM-N6,BF-SAC-MLP,BF-SAC-MLP,99,0.047645,303
XAM-N6,BF-SAC-MLP,BF-SAC-MLP,100,0.042937,303
XAM-N6,BF-SAC-MLP,BF-SAC-MLP,1,0.266063,404
XAM-N6,BF-SAC-MLP,BF-SAC-MLP,2,0.261952,404
XAM-N6,BF-SAC-MLP,BF-SAC-MLP,3,0.14964,404
XAM-N6,BF-SAC-MLP,BF-SAC-MLP,4,0.065637,404
XAM-N6,BF-SAC-MLP,BF-SAC-MLP,5,0.065637,404
XAM-N6,BF-SAC-MLP,BF-SAC-MLP,6,0.065637,404
XAM-N6,BF-SAC-MLP,BF-SAC-MLP,7,0.065637,404
XAM-N6,BF-SAC-MLP,BF-SAC-MLP,8,0.065637,404
XAM-N6,BF-SAC-MLP,BF-SAC-MLP,9,0.065637,404
XAM-N6,BF-SAC-MLP,BF-SAC-MLP,10,0.065637,404
XAM-N6,BF-SAC-MLP,BF-SAC-MLP,11,0.065637,404
XAM-N6,BF-SAC-MLP,BF-SAC-MLP,12,0.065637,404
XAM-N6,BF-SAC-MLP,BF-SAC-MLP,13,0.065637,404
XAM-N6,BF-SAC-MLP,BF-SAC-MLP,14,0.065637,404
XAM-N6,BF-SAC-MLP,BF-SAC-MLP,15,0.065637,404
XAM-N6,BF-SAC-MLP,BF-SAC-MLP,16,0.065637,404
XAM-N6,BF-SAC-MLP,BF-SAC-MLP,17,0.065637,404
XAM-N6,BF-SAC-MLP,BF-SAC-MLP,18,0.065637,404
XAM-N6,BF-SAC-MLP,BF-SAC-MLP,19,0.065637,404
XAM-N6,BF-SAC-MLP,BF-SAC-MLP,20,0.065637,404
XAM-N6,BF-SAC-MLP,BF-SAC-MLP,21,0.065637,404
XAM-N6,BF-SAC-MLP,BF-SAC-MLP,22,0.065637,404
XAM-N6,BF-SAC-MLP,BF-SAC-MLP,23,0.065637,404
XAM-N6,BF-SAC-MLP,BF-SAC-MLP,24,0.065637,404
XAM-N6,BF-SAC-MLP,BF-SAC-MLP,25,0.065637,404
XAM-N6,BF-SAC-MLP,BF-SAC-MLP,26,0.065637,404
XAM-N6,BF-SAC-MLP,BF-SAC-MLP,27,0.065637,404
XAM-N6,BF-SAC-MLP,BF-SAC-MLP,28,0.065637,404
XAM-N6,BF-SAC-MLP,BF-SAC-MLP,29,0.065637,404
XAM-N6,BF-SAC-MLP,BF-SAC-MLP,30,0.065637,404
XAM-N6,BF-SAC-MLP,BF-SAC-MLP,31,0.065637,404
XAM-N6,BF-SAC-MLP,BF-SAC-MLP,32,0.065637,404
XAM-N6,BF-SAC-MLP,BF-SAC-MLP,33,0.065637,404
XAM-N6,BF-SAC-MLP,BF-SAC-MLP,34,0.065637,404
XAM-N6,BF-SAC-MLP,BF-SAC-MLP,35,0.065637,404
XAM-N6,BF-SAC-MLP,BF-SAC-MLP,36,0.065637,404
XAM-N6,BF-SAC-MLP,BF-SAC-MLP,37,0.065637,404
XAM-N6,BF-SAC-MLP,BF-SAC-MLP,38,0.065637,404
XAM-N6,BF-SAC-MLP,BF-SAC-MLP,39,0.059858,404
XAM-N6,BF-SAC-MLP,BF-SAC-MLP,40,0.059858,404
XAM-N6,BF-SAC-MLP,BF-SAC-MLP,41,0.059858,404
XAM-N6,BF-SAC-MLP,BF-SAC-MLP,42,0.059858,404
XAM-N6,BF-SAC-MLP,BF-SAC-MLP,43,0.059858,404
XAM-N6,BF-SAC-MLP,BF-SAC-MLP,44,0.059858,404
XAM-N6,BF-SAC-MLP,BF-SAC-MLP,45,0.059858,404
XAM-N6,BF-SAC-MLP,BF-SAC-MLP,46,0.059858,404
XAM-N6,BF-SAC-MLP,BF-SAC-MLP,47,0.059858,404
XAM-N6,BF-SAC-MLP,BF-SAC-MLP,48,0.059858,404
XAM-N6,BF-SAC-MLP,BF-SAC-MLP,49,0.059858,404
XAM-N6,BF-SAC-MLP,BF-SAC-MLP,50,0.059858,404
XAM-N6,BF-SAC-MLP,BF-SAC-MLP,51,0.059858,404
XAM-N6,BF-SAC-MLP,BF-SAC-MLP,52,0.059858,404
XAM-N6,BF-SAC-MLP,BF-SAC-MLP,53,0.059858,404
XAM-N6,BF-SAC-MLP,BF-SAC-MLP,54,0.059858,404
XAM-N6,BF-SAC-MLP,BF-SAC-MLP,55,0.059858,404
XAM-N6,BF-SAC-MLP,BF-SAC-MLP,56,0.059858,404
XAM-N6,BF-SAC-MLP,BF-SAC-MLP,57,0.059858,404
XAM-N6,BF-SAC-MLP,BF-SAC-MLP,58,0.059858,404
XAM-N6,BF-SAC-MLP,BF-SAC-MLP,59,0.059858,404
XAM-N6,BF-SAC-MLP,BF-SAC-MLP,60,0.059858,404
XAM-N6,BF-SAC-MLP,BF-SAC-MLP,61,0.059858,404
XAM-N6,BF-SAC-MLP,BF-SAC-MLP,62,0.059858,404
XAM-N6,BF-SAC-MLP,BF-SAC-MLP,63,0.059858,404
XAM-N6,BF-SAC-MLP,BF-SAC-MLP,64,0.059858,404
XAM-N6,BF-SAC-MLP,BF-SAC-MLP,65,0.059858,404
XAM-N6,BF-SAC-MLP,BF-SAC-MLP,66,0.059858,404
XAM-N6,BF-SAC-MLP,BF-SAC-MLP,67,0.059858,404
XAM-N6,BF-SAC-MLP,BF-SAC-MLP,68,0.059858,404
XAM-N6,BF-SAC-MLP,BF-SAC-MLP,69,0.059858,404
XAM-N6,BF-SAC-MLP,BF-SAC-MLP,70,0.059858,404
XAM-N6,BF-SAC-MLP,BF-SAC-MLP,71,0.059858,404
XAM-N6,BF-SAC-MLP,BF-SAC-MLP,72,0.059858,404
XAM-N6,BF-SAC-MLP,BF-SAC-MLP,73,0.059858,404
XAM-N6,BF-SAC-MLP,BF-SAC-MLP,74,0.059858,404
XAM-N6,BF-SAC-MLP,BF-SAC-MLP,75,0.059858,404
XAM-N6,BF-SAC-MLP,BF-SAC-MLP,76,0.059858,404
XAM-N6,BF-SAC-MLP,BF-SAC-MLP,77,0.059858,404
XAM-N6,BF-SAC-MLP,BF-SAC-MLP,78,0.054223,404
XAM-N6,BF-SAC-MLP,BF-SAC-MLP,79,0.054223,404
XAM-N6,BF-SAC-MLP,BF-SAC-MLP,80,0.054223,404
XAM-N6,BF-SAC-MLP,BF-SAC-MLP,81,0.054223,404
XAM-N6,BF-SAC-MLP,BF-SAC-MLP,82,0.054223,404
XAM-N6,BF-SAC-MLP,BF-SAC-MLP,83,0.054223,404
XAM-N6,BF-SAC-MLP,BF-SAC-MLP,84,0.054223,404
XAM-N6,BF-SAC-MLP,BF-SAC-MLP,85,0.054223,404
XAM-N6,BF-SAC-MLP,BF-SAC-MLP,86,0.054223,404
XAM-N6,BF-SAC-MLP,BF-SAC-MLP,87,0.054223,404
XAM-N6,BF-SAC-MLP,BF-SAC-MLP,88,0.054223,404
XAM-N6,BF-SAC-MLP,BF-SAC-MLP,89,0.054223,404
XAM-N6,BF-SAC-MLP,BF-SAC-MLP,90,0.054223,404
XAM-N6,BF-SAC-MLP,BF-SAC-MLP,91,0.054223,404
XAM-N6,BF-SAC-MLP,BF-SAC-MLP,92,0.035232,404
XAM-N6,BF-SAC-MLP,BF-SAC-MLP,93,0.035232,404
XAM-N6,BF-SAC-MLP,BF-SAC-MLP,94,0.035232,404
XAM-N6,BF-SAC-MLP,BF-SAC-MLP,95,0.035232,404
XAM-N6,BF-SAC-MLP,BF-SAC-MLP,96,0.035232,404
XAM-N6,BF-SAC-MLP,BF-SAC-MLP,97,0.035232,404
XAM-N6,BF-SAC-MLP,BF-SAC-MLP,98,0.035232,404
XAM-N6,BF-SAC-MLP,BF-SAC-MLP,99,0.035232,404
XAM-N6,BF-SAC-MLP,BF-SAC-MLP,100,0.035232,404
XAM-N6,BF-SAC-RF,BF-SAC-RF,1,0.262012,42
XAM-N6,BF-SAC-RF,BF-SAC-RF,2,0.118502,42
XAM-N6,BF-SAC-RF,BF-SAC-RF,3,0.118502,42
XAM-N6,BF-SAC-RF,BF-SAC-RF,4,0.118502,42
XAM-N6,BF-SAC-RF,BF-SAC-RF,5,0.118502,42
XAM-N6,BF-SAC-RF,BF-SAC-RF,6,0.072918,42
XAM-N6,BF-SAC-RF,BF-SAC-RF,7,0.072918,42
XAM-N6,BF-SAC-RF,BF-SAC-RF,8,0.072918,42
XAM-N6,BF-SAC-RF,BF-SAC-RF,9,0.072918,42
XAM-N6,BF-SAC-RF,BF-SAC-RF,10,0.072918,42
XAM-N6,BF-SAC-RF,BF-SAC-RF,11,0.072918,42
XAM-N6,BF-SAC-RF,BF-SAC-RF,12,0.072918,42
XAM-N6,BF-SAC-RF,BF-SAC-RF,13,0.072918,42
XAM-N6,BF-SAC-RF,BF-SAC-RF,14,0.072918,42
XAM-N6,BF-SAC-RF,BF-SAC-RF,15,0.072918,42
XAM-N6,BF-SAC-RF,BF-SAC-RF,16,0.072918,42
XAM-N6,BF-SAC-RF,BF-SAC-RF,17,0.072918,42
XAM-N6,BF-SAC-RF,BF-SAC-RF,18,0.072918,42
XAM-N6,BF-SAC-RF,BF-SAC-RF,19,0.072918,42
XAM-N6,BF-SAC-RF,BF-SAC-RF,20,0.072918,42
XAM-N6,BF-SAC-RF,BF-SAC-RF,21,0.072918,42
XAM-N6,BF-SAC-RF,BF-SAC-RF,22,0.072918,42
XAM-N6,BF-SAC-RF,BF-SAC-RF,23,0.072918,42
XAM-N6,BF-SAC-RF,BF-SAC-RF,24,0.072918,42
XAM-N6,BF-SAC-RF,BF-SAC-RF,25,0.072918,42
XAM-N6,BF-SAC-RF,BF-SAC-RF,26,0.072918,42
XAM-N6,BF-SAC-RF,BF-SAC-RF,27,0.072918,42
XAM-N6,BF-SAC-RF,BF-SAC-RF,28,0.072918,42
XAM-N6,BF-SAC-RF,BF-SAC-RF,29,0.072918,42
XAM-N6,BF-SAC-RF,BF-SAC-RF,30,0.072918,42
XAM-N6,BF-SAC-RF,BF-SAC-RF,31,0.072918,42
XAM-N6,BF-SAC-RF,BF-SAC-RF,32,0.072918,42
XAM-N6,BF-SAC-RF,BF-SAC-RF,33,0.072918,42
XAM-N6,BF-SAC-RF,BF-SAC-RF,34,0.072918,42
XAM-N6,BF-SAC-RF,BF-SAC-RF,35,0.072918,42
XAM-N6,BF-SAC-RF,BF-SAC-RF,36,0.072918,42
XAM-N6,BF-SAC-RF,BF-SAC-RF,37,0.072918,42
XAM-N6,BF-SAC-RF,BF-SAC-RF,38,0.072918,42
XAM-N6,BF-SAC-RF,BF-SAC-RF,39,0.072918,42
XAM-N6,BF-SAC-RF,BF-SAC-RF,40,0.072918,42
XAM-N6,BF-SAC-RF,BF-SAC-RF,41,0.072918,42
XAM-N6,BF-SAC-RF,BF-SAC-RF,42,0.072918,42
XAM-N6,BF-SAC-RF,BF-SAC-RF,43,0.072918,42
XAM-N6,BF-SAC-RF,BF-SAC-RF,44,0.072918,42
XAM-N6,BF-SAC-RF,BF-SAC-RF,45,0.072918,42
XAM-N6,BF-SAC-RF,BF-SAC-RF,46,0.072918,42
XAM-N6,BF-SAC-RF,BF-SAC-RF,47,0.072918,42
XAM-N6,BF-SAC-RF,BF-SAC-RF,48,0.072918,42
XAM-N6,BF-SAC-RF,BF-SAC-RF,49,0.072918,42
XAM-N6,BF-SAC-RF,BF-SAC-RF,50,0.072918,42
XAM-N6,BF-SAC-RF,BF-SAC-RF,51,0.072918,42
XAM-N6,BF-SAC-RF,BF-SAC-RF,52,0.072918,42
XAM-N6,BF-SAC-RF,BF-SAC-RF,53,0.072918,42
XAM-N6,BF-SAC-RF,BF-SAC-RF,54,0.072918,42
XAM-N6,BF-SAC-RF,BF-SAC-RF,55,0.072918,42
XAM-N6,BF-SAC-RF,BF-SAC-RF,56,0.072918,42
XAM-N6,BF-SAC-RF,BF-SAC-RF,57,0.072918,42
XAM-N6,BF-SAC-RF,BF-SAC-RF,58,0.072918,42
XAM-N6,BF-SAC-RF,BF-SAC-RF,59,0.072918,42
XAM-N6,BF-SAC-RF,BF-SAC-RF,60,0.072918,42
XAM-N6,BF-SAC-RF,BF-SAC-RF,61,0.072918,42
XAM-N6,BF-SAC-RF,BF-SAC-RF,62,0.072918,42
XAM-N6,BF-SAC-RF,BF-SAC-RF,63,0.072918,42
XAM-N6,BF-SAC-RF,BF-SAC-RF,64,0.072918,42
XAM-N6,BF-SAC-RF,BF-SAC-RF,65,0.072918,42
XAM-N6,BF-SAC-RF,BF-SAC-RF,66,0.072918,42
XAM-N6,BF-SAC-RF,BF-SAC-RF,67,0.072918,42
XAM-N6,BF-SAC-RF,BF-SAC-RF,68,0.072918,42
XAM-N6,BF-SAC-RF,BF-SAC-RF,69,0.072918,42
XAM-N6,BF-SAC-RF,BF-SAC-RF,70,0.0675,42
XAM-N6,BF-SAC-RF,BF-SAC-RF,71,0.0675,42
XAM-N6,BF-SAC-RF,BF-SAC-RF,72,0.0675,42
XAM-N6,BF-SAC-RF,BF-SAC-RF,73,0.0675,42
XAM-N6,BF-SAC-RF,BF-SAC-RF,74,0.0675,42
XAM-N6,BF-SAC-RF,BF-SAC-RF,75,0.0675,42
XAM-N6,BF-SAC-RF,BF-SAC-RF,76,0.0675,42
XAM-N6,BF-SAC-RF,BF-SAC-RF,77,0.057128,42
XAM-N6,BF-SAC-RF,BF-SAC-RF,78,0.057128,42
XAM-N6,BF-SAC-RF,BF-SAC-RF,79,0.057128,42
XAM-N6,BF-SAC-RF,BF-SAC-RF,80,0.057128,42
XAM-N6,BF-SAC-RF,BF-SAC-RF,81,0.057128,42
XAM-N6,BF-SAC-RF,BF-SAC-RF,82,0.057128,42
XAM-N6,BF-SAC-RF,BF-SAC-RF,83,0.057128,42
XAM-N6,BF-SAC-RF,BF-SAC-RF,84,0.057128,42
XAM-N6,BF-SAC-RF,BF-SAC-RF,85,0.057128,42
XAM-N6,BF-SAC-RF,BF-SAC-RF,86,0.057128,42
XAM-N6,BF-SAC-RF,BF-SAC-RF,87,0.057128,42
XAM-N6,BF-SAC-RF,BF-SAC-RF,88,0.057128,42
XAM-N6,BF-SAC-RF,BF-SAC-RF,89,0.057128,42
XAM-N6,BF-SAC-RF,BF-SAC-RF,90,0.057128,42
XAM-N6,BF-SAC-RF,BF-SAC-RF,91,0.057128,42
XAM-N6,BF-SAC-RF,BF-SAC-RF,92,0.057128,42
XAM-N6,BF-SAC-RF,BF-SAC-RF,93,0.057128,42
XAM-N6,BF-SAC-RF,BF-SAC-RF,94,0.057128,42
XAM-N6,BF-SAC-RF,BF-SAC-RF,95,0.057128,42
XAM-N6,BF-SAC-RF,BF-SAC-RF,96,0.057128,42
XAM-N6,BF-SAC-RF,BF-SAC-RF,97,0.057128,42
XAM-N6,BF-SAC-RF,BF-SAC-RF,98,0.057128,42
XAM-N6,BF-SAC-RF,BF-SAC-RF,99,0.057128,42
XAM-N6,BF-SAC-RF,BF-SAC-RF,100,0.057128,42
XAM-N6,BF-SAC-RF,BF-SAC-RF,1,0.284304,101
XAM-N6,BF-SAC-RF,BF-SAC-RF,2,0.284304,101
XAM-N6,BF-SAC-RF,BF-SAC-RF,3,0.156312,101
XAM-N6,BF-SAC-RF,BF-SAC-RF,4,0.137199,101
XAM-N6,BF-SAC-RF,BF-SAC-RF,5,0.137199,101
XAM-N6,BF-SAC-RF,BF-SAC-RF,6,0.137199,101
XAM-N6,BF-SAC-RF,BF-SAC-RF,7,0.083697,101
XAM-N6,BF-SAC-RF,BF-SAC-RF,8,0.083697,101
XAM-N6,BF-SAC-RF,BF-SAC-RF,9,0.083697,101
XAM-N6,BF-SAC-RF,BF-SAC-RF,10,0.083697,101
XAM-N6,BF-SAC-RF,BF-SAC-RF,11,0.083697,101
XAM-N6,BF-SAC-RF,BF-SAC-RF,12,0.083697,101
XAM-N6,BF-SAC-RF,BF-SAC-RF,13,0.083697,101
XAM-N6,BF-SAC-RF,BF-SAC-RF,14,0.083697,101
XAM-N6,BF-SAC-RF,BF-SAC-RF,15,0.083697,101
XAM-N6,BF-SAC-RF,BF-SAC-RF,16,0.083697,101
XAM-N6,BF-SAC-RF,BF-SAC-RF,17,0.083697,101
XAM-N6,BF-SAC-RF,BF-SAC-RF,18,0.083697,101
XAM-N6,BF-SAC-RF,BF-SAC-RF,19,0.083697,101
XAM-N6,BF-SAC-RF,BF-SAC-RF,20,0.083697,101
XAM-N6,BF-SAC-RF,BF-SAC-RF,21,0.083697,101
XAM-N6,BF-SAC-RF,BF-SAC-RF,22,0.083697,101
XAM-N6,BF-SAC-RF,BF-SAC-RF,23,0.083697,101
XAM-N6,BF-SAC-RF,BF-SAC-RF,24,0.083697,101
XAM-N6,BF-SAC-RF,BF-SAC-RF,25,0.083697,101
XAM-N6,BF-SAC-RF,BF-SAC-RF,26,0.083697,101
XAM-N6,BF-SAC-RF,BF-SAC-RF,27,0.083697,101
XAM-N6,BF-SAC-RF,BF-SAC-RF,28,0.083697,101
XAM-N6,BF-SAC-RF,BF-SAC-RF,29,0.083697,101
XAM-N6,BF-SAC-RF,BF-SAC-RF,30,0.083697,101
XAM-N6,BF-SAC-RF,BF-SAC-RF,31,0.083697,101
XAM-N6,BF-SAC-RF,BF-SAC-RF,32,0.083697,101
XAM-N6,BF-SAC-RF,BF-SAC-RF,33,0.083697,101
XAM-N6,BF-SAC-RF,BF-SAC-RF,34,0.083697,101
XAM-N6,BF-SAC-RF,BF-SAC-RF,35,0.083697,101
XAM-N6,BF-SAC-RF,BF-SAC-RF,36,0.083697,101
XAM-N6,BF-SAC-RF,BF-SAC-RF,37,0.083697,101
XAM-N6,BF-SAC-RF,BF-SAC-RF,38,0.083697,101
XAM-N6,BF-SAC-RF,BF-SAC-RF,39,0.083697,101
XAM-N6,BF-SAC-RF,BF-SAC-RF,40,0.083697,101
XAM-N6,BF-SAC-RF,BF-SAC-RF,41,0.068695,101
XAM-N6,BF-SAC-RF,BF-SAC-RF,42,0.068695,101
XAM-N6,BF-SAC-RF,BF-SAC-RF,43,0.068695,101
XAM-N6,BF-SAC-RF,BF-SAC-RF,44,0.068695,101
XAM-N6,BF-SAC-RF,BF-SAC-RF,45,0.068695,101
XAM-N6,BF-SAC-RF,BF-SAC-RF,46,0.068695,101
XAM-N6,BF-SAC-RF,BF-SAC-RF,47,0.068695,101
XAM-N6,BF-SAC-RF,BF-SAC-RF,48,0.068695,101
XAM-N6,BF-SAC-RF,BF-SAC-RF,49,0.068695,101
XAM-N6,BF-SAC-RF,BF-SAC-RF,50,0.068695,101
XAM-N6,BF-SAC-RF,BF-SAC-RF,51,0.052874,101
XAM-N6,BF-SAC-RF,BF-SAC-RF,52,0.052874,101
XAM-N6,BF-SAC-RF,BF-SAC-RF,53,0.052874,101
XAM-N6,BF-SAC-RF,BF-SAC-RF,54,0.052874,101
XAM-N6,BF-SAC-RF,BF-SAC-RF,55,0.052874,101
XAM-N6,BF-SAC-RF,BF-SAC-RF,56,0.052874,101
XAM-N6,BF-SAC-RF,BF-SAC-RF,57,0.052874,101
XAM-N6,BF-SAC-RF,BF-SAC-RF,58,0.052874,101
XAM-N6,BF-SAC-RF,BF-SAC-RF,59,0.052874,101
XAM-N6,BF-SAC-RF,BF-SAC-RF,60,0.052874,101
XAM-N6,BF-SAC-RF,BF-SAC-RF,61,0.052874,101
XAM-N6,BF-SAC-RF,BF-SAC-RF,62,0.052874,101
XAM-N6,BF-SAC-RF,BF-SAC-RF,63,0.052874,101
XAM-N6,BF-SAC-RF,BF-SAC-RF,64,0.052874,101
XAM-N6,BF-SAC-RF,BF-SAC-RF,65,0.052874,101
XAM-N6,BF-SAC-RF,BF-SAC-RF,66,0.052874,101
XAM-N6,BF-SAC-RF,BF-SAC-RF,67,0.052874,101
XAM-N6,BF-SAC-RF,BF-SAC-RF,68,0.052874,101
XAM-N6,BF-SAC-RF,BF-SAC-RF,69,0.052874,101
XAM-N6,BF-SAC-RF,BF-SAC-RF,70,0.052874,101
XAM-N6,BF-SAC-RF,BF-SAC-RF,71,0.052874,101
XAM-N6,BF-SAC-RF,BF-SAC-RF,72,0.052874,101
XAM-N6,BF-SAC-RF,BF-SAC-RF,73,0.052874,101
XAM-N6,BF-SAC-RF,BF-SAC-RF,74,0.052874,101
XAM-N6,BF-SAC-RF,BF-SAC-RF,75,0.052874,101
XAM-N6,BF-SAC-RF,BF-SAC-RF,76,0.052874,101
XAM-N6,BF-SAC-RF,BF-SAC-RF,77,0.052874,101
XAM-N6,BF-SAC-RF,BF-SAC-RF,78,0.052874,101
XAM-N6,BF-SAC-RF,BF-SAC-RF,79,0.052874,101
XAM-N6,BF-SAC-RF,BF-SAC-RF,80,0.052874,101
XAM-N6,BF-SAC-RF,BF-SAC-RF,81,0.052874,101
XAM-N6,BF-SAC-RF,BF-SAC-RF,82,0.052874,101
XAM-N6,BF-SAC-RF,BF-SAC-RF,83,0.052874,101
XAM-N6,BF-SAC-RF,BF-SAC-RF,84,0.052874,101
XAM-N6,BF-SAC-RF,BF-SAC-RF,85,0.052874,101
XAM-N6,BF-SAC-RF,BF-SAC-RF,86,0.052874,101
XAM-N6,BF-SAC-RF,BF-SAC-RF,87,0.052874,101
XAM-N6,BF-SAC-RF,BF-SAC-RF,88,0.051305,101
XAM-N6,BF-SAC-RF,BF-SAC-RF,89,0.051305,101
XAM-N6,BF-SAC-RF,BF-SAC-RF,90,0.051305,101
XAM-N6,BF-SAC-RF,BF-SAC-RF,91,0.046772,101
XAM-N6,BF-SAC-RF,BF-SAC-RF,92,0.046772,101
XAM-N6,BF-SAC-RF,BF-SAC-RF,93,0.046772,101
XAM-N6,BF-SAC-RF,BF-SAC-RF,94,0.046472,101
XAM-N6,BF-SAC-RF,BF-SAC-RF,95,0.046472,101
XAM-N6,BF-SAC-RF,BF-SAC-RF,96,0.046472,101
XAM-N6,BF-SAC-RF,BF-SAC-RF,97,0.046472,101
XAM-N6,BF-SAC-RF,BF-SAC-RF,98,0.046472,101
XAM-N6,BF-SAC-RF,BF-SAC-RF,99,0.046472,101
XAM-N6,BF-SAC-RF,BF-SAC-RF,100,0.046472,101
XAM-N6,BF-SAC-RF,BF-SAC-RF,1,0.207396,202
XAM-N6,BF-SAC-RF,BF-SAC-RF,2,0.207396,202
XAM-N6,BF-SAC-RF,BF-SAC-RF,3,0.207396,202
XAM-N6,BF-SAC-RF,BF-SAC-RF,4,0.207396,202
XAM-N6,BF-SAC-RF,BF-SAC-RF,5,0.207396,202
XAM-N6,BF-SAC-RF,BF-SAC-RF,6,0.207396,202
XAM-N6,BF-SAC-RF,BF-SAC-RF,7,0.207396,202
XAM-N6,BF-SAC-RF,BF-SAC-RF,8,0.207396,202
XAM-N6,BF-SAC-RF,BF-SAC-RF,9,0.147607,202
XAM-N6,BF-SAC-RF,BF-SAC-RF,10,0.147607,202
XAM-N6,BF-SAC-RF,BF-SAC-RF,11,0.147607,202
XAM-N6,BF-SAC-RF,BF-SAC-RF,12,0.147607,202
XAM-N6,BF-SAC-RF,BF-SAC-RF,13,0.147607,202
XAM-N6,BF-SAC-RF,BF-SAC-RF,14,0.147607,202
XAM-N6,BF-SAC-RF,BF-SAC-RF,15,0.147607,202
XAM-N6,BF-SAC-RF,BF-SAC-RF,16,0.147607,202
XAM-N6,BF-SAC-RF,BF-SAC-RF,17,0.147607,202
XAM-N6,BF-SAC-RF,BF-SAC-RF,18,0.147607,202
XAM-N6,BF-SAC-RF,BF-SAC-RF,19,0.147607,202
XAM-N6,BF-SAC-RF,BF-SAC-RF,20,0.147607,202
XAM-N6,BF-SAC-RF,BF-SAC-RF,21,0.147607,202
XAM-N6,BF-SAC-RF,BF-SAC-RF,22,0.147607,202
XAM-N6,BF-SAC-RF,BF-SAC-RF,23,0.147607,202
XAM-N6,BF-SAC-RF,BF-SAC-RF,24,0.091384,202
XAM-N6,BF-SAC-RF,BF-SAC-RF,25,0.091384,202
XAM-N6,BF-SAC-RF,BF-SAC-RF,26,0.091384,202
XAM-N6,BF-SAC-RF,BF-SAC-RF,27,0.091384,202
XAM-N6,BF-SAC-RF,BF-SAC-RF,28,0.091384,202
XAM-N6,BF-SAC-RF,BF-SAC-RF,29,0.091384,202
XAM-N6,BF-SAC-RF,BF-SAC-RF,30,0.091384,202
XAM-N6,BF-SAC-RF,BF-SAC-RF,31,0.091384,202
XAM-N6,BF-SAC-RF,BF-SAC-RF,32,0.091384,202
XAM-N6,BF-SAC-RF,BF-SAC-RF,33,0.091384,202
XAM-N6,BF-SAC-RF,BF-SAC-RF,34,0.091384,202
XAM-N6,BF-SAC-RF,BF-SAC-RF,35,0.051043,202
XAM-N6,BF-SAC-RF,BF-SAC-RF,36,0.051043,202
XAM-N6,BF-SAC-RF,BF-SAC-RF,37,0.051043,202
XAM-N6,BF-SAC-RF,BF-SAC-RF,38,0.051043,202
XAM-N6,BF-SAC-RF,BF-SAC-RF,39,0.051043,202
XAM-N6,BF-SAC-RF,BF-SAC-RF,40,0.051043,202
XAM-N6,BF-SAC-RF,BF-SAC-RF,41,0.051043,202
XAM-N6,BF-SAC-RF,BF-SAC-RF,42,0.051043,202
XAM-N6,BF-SAC-RF,BF-SAC-RF,43,0.046289,202
XAM-N6,BF-SAC-RF,BF-SAC-RF,44,0.046289,202
XAM-N6,BF-SAC-RF,BF-SAC-RF,45,0.046289,202
XAM-N6,BF-SAC-RF,BF-SAC-RF,46,0.046289,202
XAM-N6,BF-SAC-RF,BF-SAC-RF,47,0.046289,202
XAM-N6,BF-SAC-RF,BF-SAC-RF,48,0.046289,202
XAM-N6,BF-SAC-RF,BF-SAC-RF,49,0.046289,202
XAM-N6,BF-SAC-RF,BF-SAC-RF,50,0.046289,202
XAM-N6,BF-SAC-RF,BF-SAC-RF,51,0.046289,202
XAM-N6,BF-SAC-RF,BF-SAC-RF,52,0.046289,202
XAM-N6,BF-SAC-RF,BF-SAC-RF,53,0.046289,202
XAM-N6,BF-SAC-RF,BF-SAC-RF,54,0.046289,202
XAM-N6,BF-SAC-RF,BF-SAC-RF,55,0.046289,202
XAM-N6,BF-SAC-RF,BF-SAC-RF,56,0.046289,202
XAM-N6,BF-SAC-RF,BF-SAC-RF,57,0.046289,202
XAM-N6,BF-SAC-RF,BF-SAC-RF,58,0.046289,202
XAM-N6,BF-SAC-RF,BF-SAC-RF,59,0.046289,202
XAM-N6,BF-SAC-RF,BF-SAC-RF,60,0.046289,202
XAM-N6,BF-SAC-RF,BF-SAC-RF,61,0.046289,202
XAM-N6,BF-SAC-RF,BF-SAC-RF,62,0.046289,202
XAM-N6,BF-SAC-RF,BF-SAC-RF,63,0.046289,202
XAM-N6,BF-SAC-RF,BF-SAC-RF,64,0.046289,202
XAM-N6,BF-SAC-RF,BF-SAC-RF,65,0.046289,202
XAM-N6,BF-SAC-RF,BF-SAC-RF,66,0.046289,202
XAM-N6,BF-SAC-RF,BF-SAC-RF,67,0.046289,202
XAM-N6,BF-SAC-RF,BF-SAC-RF,68,0.046289,202
XAM-N6,BF-SAC-RF,BF-SAC-RF,69,0.046289,202
XAM-N6,BF-SAC-RF,BF-SAC-RF,70,0.046289,202
XAM-N6,BF-SAC-RF,BF-SAC-RF,71,0.046289,202
XAM-N6,BF-SAC-RF,BF-SAC-RF,72,0.046289,202
XAM-N6,BF-SAC-RF,BF-SAC-RF,73,0.04444,202
XAM-N6,BF-SAC-RF,BF-SAC-RF,74,0.04444,202
XAM-N6,BF-SAC-RF,BF-SAC-RF,75,0.04444,202
XAM-N6,BF-SAC-RF,BF-SAC-RF,76,0.04444,202
XAM-N6,BF-SAC-RF,BF-SAC-RF,77,0.04444,202
XAM-N6,BF-SAC-RF,BF-SAC-RF,78,0.04444,202
XAM-N6,BF-SAC-RF,BF-SAC-RF,79,0.04444,202
XAM-N6,BF-SAC-RF,BF-SAC-RF,80,0.04444,202
XAM-N6,BF-SAC-RF,BF-SAC-RF,81,0.04444,202
XAM-N6,BF-SAC-RF,BF-SAC-RF,82,0.04444,202
XAM-N6,BF-SAC-RF,BF-SAC-RF,83,0.04444,202
XAM-N6,BF-SAC-RF,BF-SAC-RF,84,0.04444,202
XAM-N6,BF-SAC-RF,BF-SAC-RF,85,0.04444,202
XAM-N6,BF-SAC-RF,BF-SAC-RF,86,0.04444,202
XAM-N6,BF-SAC-RF,BF-SAC-RF,87,0.04444,202
XAM-N6,BF-SAC-RF,BF-SAC-RF,88,0.040551,202
XAM-N6,BF-SAC-RF,BF-SAC-RF,89,0.040551,202
XAM-N6,BF-SAC-RF,BF-SAC-RF,90,0.040551,202
XAM-N6,BF-SAC-RF,BF-SAC-RF,91,0.040551,202
XAM-N6,BF-SAC-RF,BF-SAC-RF,92,0.040551,202
XAM-N6,BF-SAC-RF,BF-SAC-RF,93,0.040551,202
XAM-N6,BF-SAC-RF,BF-SAC-RF,94,0.040551,202
XAM-N6,BF-SAC-RF,BF-SAC-RF,95,0.040551,202
XAM-N6,BF-SAC-RF,BF-SAC-RF,96,0.040551,202
XAM-N6,BF-SAC-RF,BF-SAC-RF,97,0.040551,202
XAM-N6,BF-SAC-RF,BF-SAC-RF,98,0.040551,202
XAM-N6,BF-SAC-RF,BF-SAC-RF,99,0.040551,202
XAM-N6,BF-SAC-RF,BF-SAC-RF,100,0.040551,202
XAM-N6,BF-SAC-RF,BF-SAC-RF,1,0.308834,303
XAM-N6,BF-SAC-RF,BF-SAC-RF,2,0.09581,303
XAM-N6,BF-SAC-RF,BF-SAC-RF,3,0.09581,303
XAM-N6,BF-SAC-RF,BF-SAC-RF,4,0.09581,303
XAM-N6,BF-SAC-RF,BF-SAC-RF,5,0.09581,303
XAM-N6,BF-SAC-RF,BF-SAC-RF,6,0.086004,303
XAM-N6,BF-SAC-RF,BF-SAC-RF,7,0.086004,303
XAM-N6,BF-SAC-RF,BF-SAC-RF,8,0.086004,303
XAM-N6,BF-SAC-RF,BF-SAC-RF,9,0.086004,303
XAM-N6,BF-SAC-RF,BF-SAC-RF,10,0.065941,303
XAM-N6,BF-SAC-RF,BF-SAC-RF,11,0.065941,303
XAM-N6,BF-SAC-RF,BF-SAC-RF,12,0.065941,303
XAM-N6,BF-SAC-RF,BF-SAC-RF,13,0.065941,303
XAM-N6,BF-SAC-RF,BF-SAC-RF,14,0.065941,303
XAM-N6,BF-SAC-RF,BF-SAC-RF,15,0.065941,303
XAM-N6,BF-SAC-RF,BF-SAC-RF,16,0.065941,303
XAM-N6,BF-SAC-RF,BF-SAC-RF,17,0.065941,303
XAM-N6,BF-SAC-RF,BF-SAC-RF,18,0.065941,303
XAM-N6,BF-SAC-RF,BF-SAC-RF,19,0.065941,303
XAM-N6,BF-SAC-RF,BF-SAC-RF,20,0.065941,303
XAM-N6,BF-SAC-RF,BF-SAC-RF,21,0.065941,303
XAM-N6,BF-SAC-RF,BF-SAC-RF,22,0.065941,303
XAM-N6,BF-SAC-RF,BF-SAC-RF,23,0.065941,303
XAM-N6,BF-SAC-RF,BF-SAC-RF,24,0.065941,303
XAM-N6,BF-SAC-RF,BF-SAC-RF,25,0.065941,303
XAM-N6,BF-SAC-RF,BF-SAC-RF,26,0.065941,303
XAM-N6,BF-SAC-RF,BF-SAC-RF,27,0.065941,303
XAM-N6,BF-SAC-RF,BF-SAC-RF,28,0.065941,303
XAM-N6,BF-SAC-RF,BF-SAC-RF,29,0.065941,303
XAM-N6,BF-SAC-RF,BF-SAC-RF,30,0.065941,303
XAM-N6,BF-SAC-RF,BF-SAC-RF,31,0.065941,303
XAM-N6,BF-SAC-RF,BF-SAC-RF,32,0.065941,303
XAM-N6,BF-SAC-RF,BF-SAC-RF,33,0.065941,303
XAM-N6,BF-SAC-RF,BF-SAC-RF,34,0.065941,303
XAM-N6,BF-SAC-RF,BF-SAC-RF,35,0.065941,303
XAM-N6,BF-SAC-RF,BF-SAC-RF,36,0.065941,303
XAM-N6,BF-SAC-RF,BF-SAC-RF,37,0.065941,303
XAM-N6,BF-SAC-RF,BF-SAC-RF,38,0.065941,303
XAM-N6,BF-SAC-RF,BF-SAC-RF,39,0.065941,303
XAM-N6,BF-SAC-RF,BF-SAC-RF,40,0.065941,303
XAM-N6,BF-SAC-RF,BF-SAC-RF,41,0.065941,303
XAM-N6,BF-SAC-RF,BF-SAC-RF,42,0.065941,303
XAM-N6,BF-SAC-RF,BF-SAC-RF,43,0.065941,303
XAM-N6,BF-SAC-RF,BF-SAC-RF,44,0.065941,303
XAM-N6,BF-SAC-RF,BF-SAC-RF,45,0.05232,303
XAM-N6,BF-SAC-RF,BF-SAC-RF,46,0.05232,303
XAM-N6,BF-SAC-RF,BF-SAC-RF,47,0.05232,303
XAM-N6,BF-SAC-RF,BF-SAC-RF,48,0.05232,303
XAM-N6,BF-SAC-RF,BF-SAC-RF,49,0.05232,303
XAM-N6,BF-SAC-RF,BF-SAC-RF,50,0.05232,303
XAM-N6,BF-SAC-RF,BF-SAC-RF,51,0.05232,303
XAM-N6,BF-SAC-RF,BF-SAC-RF,52,0.05232,303
XAM-N6,BF-SAC-RF,BF-SAC-RF,53,0.05232,303
XAM-N6,BF-SAC-RF,BF-SAC-RF,54,0.05232,303
XAM-N6,BF-SAC-RF,BF-SAC-RF,55,0.05232,303
XAM-N6,BF-SAC-RF,BF-SAC-RF,56,0.05232,303
XAM-N6,BF-SAC-RF,BF-SAC-RF,57,0.05232,303
XAM-N6,BF-SAC-RF,BF-SAC-RF,58,0.05232,303
XAM-N6,BF-SAC-RF,BF-SAC-RF,59,0.05232,303
XAM-N6,BF-SAC-RF,BF-SAC-RF,60,0.05232,303
XAM-N6,BF-SAC-RF,BF-SAC-RF,61,0.05232,303
XAM-N6,BF-SAC-RF,BF-SAC-RF,62,0.05232,303
XAM-N6,BF-SAC-RF,BF-SAC-RF,63,0.05232,303
XAM-N6,BF-SAC-RF,BF-SAC-RF,64,0.05232,303
XAM-N6,BF-SAC-RF,BF-SAC-RF,65,0.05232,303
XAM-N6,BF-SAC-RF,BF-SAC-RF,66,0.05232,303
XAM-N6,BF-SAC-RF,BF-SAC-RF,67,0.041008,303
XAM-N6,BF-SAC-RF,BF-SAC-RF,68,0.041008,303
XAM-N6,BF-SAC-RF,BF-SAC-RF,69,0.041008,303
XAM-N6,BF-SAC-RF,BF-SAC-RF,70,0.041008,303
XAM-N6,BF-SAC-RF,BF-SAC-RF,71,0.041008,303
XAM-N6,BF-SAC-RF,BF-SAC-RF,72,0.041008,303
XAM-N6,BF-SAC-RF,BF-SAC-RF,73,0.041008,303
XAM-N6,BF-SAC-RF,BF-SAC-RF,74,0.041008,303
XAM-N6,BF-SAC-RF,BF-SAC-RF,75,0.041008,303
XAM-N6,BF-SAC-RF,BF-SAC-RF,76,0.041008,303
XAM-N6,BF-SAC-RF,BF-SAC-RF,77,0.041008,303
XAM-N6,BF-SAC-RF,BF-SAC-RF,78,0.041008,303
XAM-N6,BF-SAC-RF,BF-SAC-RF,79,0.041008,303
XAM-N6,BF-SAC-RF,BF-SAC-RF,80,0.041008,303
XAM-N6,BF-SAC-RF,BF-SAC-RF,81,0.041008,303
XAM-N6,BF-SAC-RF,BF-SAC-RF,82,0.041008,303
XAM-N6,BF-SAC-RF,BF-SAC-RF,83,0.041008,303
XAM-N6,BF-SAC-RF,BF-SAC-RF,84,0.041008,303
XAM-N6,BF-SAC-RF,BF-SAC-RF,85,0.041008,303
XAM-N6,BF-SAC-RF,BF-SAC-RF,86,0.041008,303
XAM-N6,BF-SAC-RF,BF-SAC-RF,87,0.041008,303
XAM-N6,BF-SAC-RF,BF-SAC-RF,88,0.036346,303
XAM-N6,BF-SAC-RF,BF-SAC-RF,89,0.036346,303
XAM-N6,BF-SAC-RF,BF-SAC-RF,90,0.036346,303
XAM-N6,BF-SAC-RF,BF-SAC-RF,91,0.036346,303
XAM-N6,BF-SAC-RF,BF-SAC-RF,92,0.036346,303
XAM-N6,BF-SAC-RF,BF-SAC-RF,93,0.036346,303
XAM-N6,BF-SAC-RF,BF-SAC-RF,94,0.036346,303
XAM-N6,BF-SAC-RF,BF-SAC-RF,95,0.036346,303
XAM-N6,BF-SAC-RF,BF-SAC-RF,96,0.036346,303
XAM-N6,BF-SAC-RF,BF-SAC-RF,97,0.036346,303
XAM-N6,BF-SAC-RF,BF-SAC-RF,98,0.036346,303
XAM-N6,BF-SAC-RF,BF-SAC-RF,99,0.036346,303
XAM-N6,BF-SAC-RF,BF-SAC-RF,100,0.036346,303
XAM-N6,BF-SAC-RF,BF-SAC-RF,1,0.263994,404
XAM-N6,BF-SAC-RF,BF-SAC-RF,2,0.263994,404
XAM-N6,BF-SAC-RF,BF-SAC-RF,3,0.167516,404
XAM-N6,BF-SAC-RF,BF-SAC-RF,4,0.086327,404
XAM-N6,BF-SAC-RF,BF-SAC-RF,5,0.08086,404
XAM-N6,BF-SAC-RF,BF-SAC-RF,6,0.062179,404
XAM-N6,BF-SAC-RF,BF-SAC-RF,7,0.062179,404
XAM-N6,BF-SAC-RF,BF-SAC-RF,8,0.062179,404
XAM-N6,BF-SAC-RF,BF-SAC-RF,9,0.062179,404
XAM-N6,BF-SAC-RF,BF-SAC-RF,10,0.062179,404
XAM-N6,BF-SAC-RF,BF-SAC-RF,11,0.062179,404
XAM-N6,BF-SAC-RF,BF-SAC-RF,12,0.062179,404
XAM-N6,BF-SAC-RF,BF-SAC-RF,13,0.062179,404
XAM-N6,BF-SAC-RF,BF-SAC-RF,14,0.062179,404
XAM-N6,BF-SAC-RF,BF-SAC-RF,15,0.062179,404
XAM-N6,BF-SAC-RF,BF-SAC-RF,16,0.062179,404
XAM-N6,BF-SAC-RF,BF-SAC-RF,17,0.062179,404
XAM-N6,BF-SAC-RF,BF-SAC-RF,18,0.062179,404
XAM-N6,BF-SAC-RF,BF-SAC-RF,19,0.062179,404
XAM-N6,BF-SAC-RF,BF-SAC-RF,20,0.062179,404
XAM-N6,BF-SAC-RF,BF-SAC-RF,21,0.062179,404
XAM-N6,BF-SAC-RF,BF-SAC-RF,22,0.062179,404
XAM-N6,BF-SAC-RF,BF-SAC-RF,23,0.062179,404
XAM-N6,BF-SAC-RF,BF-SAC-RF,24,0.062179,404
XAM-N6,BF-SAC-RF,BF-SAC-RF,25,0.062179,404
XAM-N6,BF-SAC-RF,BF-SAC-RF,26,0.062179,404
XAM-N6,BF-SAC-RF,BF-SAC-RF,27,0.062179,404
XAM-N6,BF-SAC-RF,BF-SAC-RF,28,0.062179,404
XAM-N6,BF-SAC-RF,BF-SAC-RF,29,0.062179,404
XAM-N6,BF-SAC-RF,BF-SAC-RF,30,0.062179,404
XAM-N6,BF-SAC-RF,BF-SAC-RF,31,0.062179,404
XAM-N6,BF-SAC-RF,BF-SAC-RF,32,0.062179,404
XAM-N6,BF-SAC-RF,BF-SAC-RF,33,0.062179,404
XAM-N6,BF-SAC-RF,BF-SAC-RF,34,0.062179,404
XAM-N6,BF-SAC-RF,BF-SAC-RF,35,0.062179,404
XAM-N6,BF-SAC-RF,BF-SAC-RF,36,0.062179,404
XAM-N6,BF-SAC-RF,BF-SAC-RF,37,0.062179,404
XAM-N6,BF-SAC-RF,BF-SAC-RF,38,0.062179,404
XAM-N6,BF-SAC-RF,BF-SAC-RF,39,0.056211,404
XAM-N6,BF-SAC-RF,BF-SAC-RF,40,0.056211,404
XAM-N6,BF-SAC-RF,BF-SAC-RF,41,0.056211,404
XAM-N6,BF-SAC-RF,BF-SAC-RF,42,0.056211,404
XAM-N6,BF-SAC-RF,BF-SAC-RF,43,0.056211,404
XAM-N6,BF-SAC-RF,BF-SAC-RF,44,0.056211,404
XAM-N6,BF-SAC-RF,BF-SAC-RF,45,0.056211,404
XAM-N6,BF-SAC-RF,BF-SAC-RF,46,0.056211,404
XAM-N6,BF-SAC-RF,BF-SAC-RF,47,0.056211,404
XAM-N6,BF-SAC-RF,BF-SAC-RF,48,0.056211,404
XAM-N6,BF-SAC-RF,BF-SAC-RF,49,0.056211,404
XAM-N6,BF-SAC-RF,BF-SAC-RF,50,0.056211,404
XAM-N6,BF-SAC-RF,BF-SAC-RF,51,0.056211,404
XAM-N6,BF-SAC-RF,BF-SAC-RF,52,0.056211,404
XAM-N6,BF-SAC-RF,BF-SAC-RF,53,0.056211,404
XAM-N6,BF-SAC-RF,BF-SAC-RF,54,0.056211,404
XAM-N6,BF-SAC-RF,BF-SAC-RF,55,0.056211,404
XAM-N6,BF-SAC-RF,BF-SAC-RF,56,0.056211,404
XAM-N6,BF-SAC-RF,BF-SAC-RF,57,0.056211,404
XAM-N6,BF-SAC-RF,BF-SAC-RF,58,0.056211,404
XAM-N6,BF-SAC-RF,BF-SAC-RF,59,0.056211,404
XAM-N6,BF-SAC-RF,BF-SAC-RF,60,0.04867,404
XAM-N6,BF-SAC-RF,BF-SAC-RF,61,0.04867,404
XAM-N6,BF-SAC-RF,BF-SAC-RF,62,0.04867,404
XAM-N6,BF-SAC-RF,BF-SAC-RF,63,0.04867,404
XAM-N6,BF-SAC-RF,BF-SAC-RF,64,0.04867,404
XAM-N6,BF-SAC-RF,BF-SAC-RF,65,0.04867,404
XAM-N6,BF-SAC-RF,BF-SAC-RF,66,0.04867,404
XAM-N6,BF-SAC-RF,BF-SAC-RF,67,0.04867,404
XAM-N6,BF-SAC-RF,BF-SAC-RF,68,0.04867,404
XAM-N6,BF-SAC-RF,BF-SAC-RF,69,0.04867,404
XAM-N6,BF-SAC-RF,BF-SAC-RF,70,0.04867,404
XAM-N6,BF-SAC-RF,BF-SAC-RF,71,0.04867,404
XAM-N6,BF-SAC-RF,BF-SAC-RF,72,0.04867,404
XAM-N6,BF-SAC-RF,BF-SAC-RF,73,0.04867,404
XAM-N6,BF-SAC-RF,BF-SAC-RF,74,0.04867,404
XAM-N6,BF-SAC-RF,BF-SAC-RF,75,0.04867,404
XAM-N6,BF-SAC-RF,BF-SAC-RF,76,0.04867,404
XAM-N6,BF-SAC-RF,BF-SAC-RF,77,0.04867,404
XAM-N6,BF-SAC-RF,BF-SAC-RF,78,0.04867,404
XAM-N6,BF-SAC-RF,BF-SAC-RF,79,0.041914,404
XAM-N6,BF-SAC-RF,BF-SAC-RF,80,0.041914,404
XAM-N6,BF-SAC-RF,BF-SAC-RF,81,0.041914,404
XAM-N6,BF-SAC-RF,BF-SAC-RF,82,0.041914,404
XAM-N6,BF-SAC-RF,BF-SAC-RF,83,0.041914,404
XAM-N6,BF-SAC-RF,BF-SAC-RF,84,0.038124,404
XAM-N6,BF-SAC-RF,BF-SAC-RF,85,0.038124,404
XAM-N6,BF-SAC-RF,BF-SAC-RF,86,0.038124,404
XAM-N6,BF-SAC-RF,BF-SAC-RF,87,0.038124,404
XAM-N6,BF-SAC-RF,BF-SAC-RF,88,0.038124,404
XAM-N6,BF-SAC-RF,BF-SAC-RF,89,0.038124,404
XAM-N6,BF-SAC-RF,BF-SAC-RF,90,0.038124,404
XAM-N6,BF-SAC-RF,BF-SAC-RF,91,0.038124,404
XAM-N6,BF-SAC-RF,BF-SAC-RF,92,0.038124,404
XAM-N6,BF-SAC-RF,BF-SAC-RF,93,0.038124,404
XAM-N6,BF-SAC-RF,BF-SAC-RF,94,0.038124,404
XAM-N6,BF-SAC-RF,BF-SAC-RF,95,0.038124,404
XAM-N6,BF-SAC-RF,BF-SAC-RF,96,0.038124,404
XAM-N6,BF-SAC-RF,BF-SAC-RF,97,0.038124,404
XAM-N6,BF-SAC-RF,BF-SAC-RF,98,0.038124,404
XAM-N6,BF-SAC-RF,BF-SAC-RF,99,0.038124,404
XAM-N6,BF-SAC-RF,BF-SAC-RF,100,0.038124,404
XAM-N6,CMA-ES,CMA-ES,1,0.145571860776213,42
XAM-N6,CMA-ES,CMA-ES,2,0.0850424019926647,42
XAM-N6,CMA-ES,CMA-ES,3,0.0850424019926647,42
XAM-N6,CMA-ES,CMA-ES,4,0.0850424019926647,42
XAM-N6,CMA-ES,CMA-ES,5,0.0850424019926647,42
XAM-N6,CMA-ES,CMA-ES,6,0.0850424019926647,42
XAM-N6,CMA-ES,CMA-ES,7,0.061327050346799986,42
XAM-N6,CMA-ES,CMA-ES,8,0.061327050346799986,42
XAM-N6,CMA-ES,CMA-ES,9,0.061327050346799986,42
XAM-N6,CMA-ES,CMA-ES,10,0.061327050346799986,42
XAM-N6,CMA-ES,CMA-ES,11,0.061327050346799986,42
XAM-N6,CMA-ES,CMA-ES,12,0.061327050346799986,42
XAM-N6,CMA-ES,CMA-ES,13,0.061327050346799986,42
XAM-N6,CMA-ES,CMA-ES,14,0.061327050346799986,42
XAM-N6,CMA-ES,CMA-ES,15,0.061327050346799986,42
XAM-N6,CMA-ES,CMA-ES,16,0.061327050346799986,42
XAM-N6,CMA-ES,CMA-ES,17,0.061327050346799986,42
XAM-N6,CMA-ES,CMA-ES,18,0.061327050346799986,42
XAM-N6,CMA-ES,CMA-ES,19,0.061327050346799986,42
XAM-N6,CMA-ES,CMA-ES,20,0.061327050346799986,42
XAM-N6,CMA-ES,CMA-ES,21,0.061327050346799986,42
XAM-N6,CMA-ES,CMA-ES,22,0.061327050346799986,42
XAM-N6,CMA-ES,CMA-ES,23,0.061327050346799986,42
XAM-N6,CMA-ES,CMA-ES,24,0.061327050346799986,42
XAM-N6,CMA-ES,CMA-ES,25,0.061327050346799986,42
XAM-N6,CMA-ES,CMA-ES,26,0.061327050346799986,42
XAM-N6,CMA-ES,CMA-ES,27,0.061327050346799986,42
XAM-N6,CMA-ES,CMA-ES,28,0.061327050346799986,42
XAM-N6,CMA-ES,CMA-ES,29,0.061327050346799986,42
XAM-N6,CMA-ES,CMA-ES,30,0.061327050346799986,42
XAM-N6,CMA-ES,CMA-ES,31,0.061327050346799986,42
XAM-N6,CMA-ES,CMA-ES,32,0.061327050346799986,42
XAM-N6,CMA-ES,CMA-ES,33,0.061327050346799986,42
XAM-N6,CMA-ES,CMA-ES,34,0.061327050346799986,42
XAM-N6,CMA-ES,CMA-ES,35,0.061327050346799986,42
XAM-N6,CMA-ES,CMA-ES,36,0.061327050346799986,42
XAM-N6,CMA-ES,CMA-ES,37,0.061327050346799986,42
XAM-N6,CMA-ES,CMA-ES,38,0.061327050346799986,42
XAM-N6,CMA-ES,CMA-ES,39,0.061327050346799986,42
XAM-N6,CMA-ES,CMA-ES,40,0.061327050346799986,42
XAM-N6,CMA-ES,CMA-ES,41,0.061327050346799986,42
XAM-N6,CMA-ES,CMA-ES,42,0.061327050346799986,42
XAM-N6,CMA-ES,CMA-ES,43,0.061327050346799986,42
XAM-N6,CMA-ES,CMA-ES,44,0.061327050346799986,42
XAM-N6,CMA-ES,CMA-ES,45,0.061327050346799986,42
XAM-N6,CMA-ES,CMA-ES,46,0.061327050346799986,42
XAM-N6,CMA-ES,CMA-ES,47,0.061327050346799986,42
XAM-N6,CMA-ES,CMA-ES,48,0.061327050346799986,42
XAM-N6,CMA-ES,CMA-ES,49,0.061327050346799986,42
XAM-N6,CMA-ES,CMA-ES,50,0.061327050346799986,42
XAM-N6,CMA-ES,CMA-ES,51,0.061327050346799986,42
XAM-N6,CMA-ES,CMA-ES,52,0.061327050346799986,42
XAM-N6,CMA-ES,CMA-ES,53,0.061327050346799986,42
XAM-N6,CMA-ES,CMA-ES,54,0.061327050346799986,42
XAM-N6,CMA-ES,CMA-ES,55,0.061327050346799986,42
XAM-N6,CMA-ES,CMA-ES,56,0.061327050346799986,42
XAM-N6,CMA-ES,CMA-ES,57,0.061327050346799986,42
XAM-N6,CMA-ES,CMA-ES,58,0.061327050346799986,42
XAM-N6,CMA-ES,CMA-ES,59,0.061327050346799986,42
XAM-N6,CMA-ES,CMA-ES,60,0.061327050346799986,42
XAM-N6,CMA-ES,CMA-ES,61,0.061327050346799986,42
XAM-N6,CMA-ES,CMA-ES,62,0.061327050346799986,42
XAM-N6,CMA-ES,CMA-ES,63,0.061327050346799986,42
XAM-N6,CMA-ES,CMA-ES,64,0.061327050346799986,42
XAM-N6,CMA-ES,CMA-ES,65,0.061327050346799986,42
XAM-N6,CMA-ES,CMA-ES,66,0.061327050346799986,42
XAM-N6,CMA-ES,CMA-ES,67,0.061327050346799986,42
XAM-N6,CMA-ES,CMA-ES,68,0.061327050346799986,42
XAM-N6,CMA-ES,CMA-ES,69,0.061327050346799986,42
XAM-N6,CMA-ES,CMA-ES,70,0.061327050346799986,42
XAM-N6,CMA-ES,CMA-ES,71,0.061327050346799986,42
XAM-N6,CMA-ES,CMA-ES,72,0.061327050346799986,42
XAM-N6,CMA-ES,CMA-ES,73,0.061327050346799986,42
XAM-N6,CMA-ES,CMA-ES,74,0.061327050346799986,42
XAM-N6,CMA-ES,CMA-ES,75,0.061327050346799986,42
XAM-N6,CMA-ES,CMA-ES,76,0.061327050346799986,42
XAM-N6,CMA-ES,CMA-ES,77,0.061327050346799986,42
XAM-N6,CMA-ES,CMA-ES,78,0.061327050346799986,42
XAM-N6,CMA-ES,CMA-ES,79,0.061327050346799986,42
XAM-N6,CMA-ES,CMA-ES,80,0.061327050346799986,42
XAM-N6,CMA-ES,CMA-ES,81,0.061327050346799986,42
XAM-N6,CMA-ES,CMA-ES,82,0.061327050346799986,42
XAM-N6,CMA-ES,CMA-ES,83,0.061327050346799986,42
XAM-N6,CMA-ES,CMA-ES,84,0.061327050346799986,42
XAM-N6,CMA-ES,CMA-ES,85,0.061327050346799986,42
XAM-N6,CMA-ES,CMA-ES,86,0.061327050346799986,42
XAM-N6,CMA-ES,CMA-ES,87,0.061327050346799986,42
XAM-N6,CMA-ES,CMA-ES,88,0.061327050346799986,42
XAM-N6,CMA-ES,CMA-ES,89,0.06000211748330595,42
XAM-N6,CMA-ES,CMA-ES,90,0.06000211748330595,42
XAM-N6,CMA-ES,CMA-ES,91,0.06000211748330595,42
XAM-N6,CMA-ES,CMA-ES,92,0.06000211748330595,42
XAM-N6,CMA-ES,CMA-ES,93,0.06000211748330595,42
XAM-N6,CMA-ES,CMA-ES,94,0.06000211748330595,42
XAM-N6,CMA-ES,CMA-ES,95,0.06000211748330595,42
XAM-N6,CMA-ES,CMA-ES,96,0.06000211748330595,42
XAM-N6,CMA-ES,CMA-ES,97,0.06000211748330595,42
XAM-N6,CMA-ES,CMA-ES,98,0.06000211748330595,42
XAM-N6,CMA-ES,CMA-ES,99,0.06000211748330595,42
XAM-N6,CMA-ES,CMA-ES,100,0.06000211748330595,42
XAM-N6,CMA-ES,CMA-ES,1,0.38182231334338235,101
XAM-N6,CMA-ES,CMA-ES,2,0.38182231334338235,101
XAM-N6,CMA-ES,CMA-ES,3,0.38182231334338235,101
XAM-N6,CMA-ES,CMA-ES,4,0.25166070585217887,101
XAM-N6,CMA-ES,CMA-ES,5,0.25166070585217887,101
XAM-N6,CMA-ES,CMA-ES,6,0.25166070585217887,101
XAM-N6,CMA-ES,CMA-ES,7,0.25166070585217887,101
XAM-N6,CMA-ES,CMA-ES,8,0.25166070585217887,101
XAM-N6,CMA-ES,CMA-ES,9,0.22266566152867526,101
XAM-N6,CMA-ES,CMA-ES,10,0.22266566152867526,101
XAM-N6,CMA-ES,CMA-ES,11,0.22266566152867526,101
XAM-N6,CMA-ES,CMA-ES,12,0.22266566152867526,101
XAM-N6,CMA-ES,CMA-ES,13,0.2056106530761428,101
XAM-N6,CMA-ES,CMA-ES,14,0.2056106530761428,101
XAM-N6,CMA-ES,CMA-ES,15,0.19788912440874723,101
XAM-N6,CMA-ES,CMA-ES,16,0.15129485705071466,101
XAM-N6,CMA-ES,CMA-ES,17,0.15129485705071466,101
XAM-N6,CMA-ES,CMA-ES,18,0.15129485705071466,101
XAM-N6,CMA-ES,CMA-ES,19,0.15129485705071466,101
XAM-N6,CMA-ES,CMA-ES,20,0.15129485705071466,101
XAM-N6,CMA-ES,CMA-ES,21,0.15129485705071466,101
XAM-N6,CMA-ES,CMA-ES,22,0.09178191323353609,101
XAM-N6,CMA-ES,CMA-ES,23,0.09178191323353609,101
XAM-N6,CMA-ES,CMA-ES,24,0.09178191323353609,101
XAM-N6,CMA-ES,CMA-ES,25,0.09178191323353609,101
XAM-N6,CMA-ES,CMA-ES,26,0.09178191323353609,101
XAM-N6,CMA-ES,CMA-ES,27,0.09178191323353609,101
XAM-N6,CMA-ES,CMA-ES,28,0.09178191323353609,101
XAM-N6,CMA-ES,CMA-ES,29,0.09178191323353609,101
XAM-N6,CMA-ES,CMA-ES,30,0.09178191323353609,101
XAM-N6,CMA-ES,CMA-ES,31,0.09178191323353609,101
XAM-N6,CMA-ES,CMA-ES,32,0.09178191323353609,101
XAM-N6,CMA-ES,CMA-ES,33,0.09178191323353609,101
XAM-N6,CMA-ES,CMA-ES,34,0.09178191323353609,101
XAM-N6,CMA-ES,CMA-ES,35,0.09178191323353609,101
XAM-N6,CMA-ES,CMA-ES,36,0.09178191323353609,101
XAM-N6,CMA-ES,CMA-ES,37,0.09178191323353609,101
XAM-N6,CMA-ES,CMA-ES,38,0.09178191323353609,101
XAM-N6,CMA-ES,CMA-ES,39,0.09178191323353609,101
XAM-N6,CMA-ES,CMA-ES,40,0.09178191323353609,101
XAM-N6,CMA-ES,CMA-ES,41,0.0635079922061651,101
XAM-N6,CMA-ES,CMA-ES,42,0.0635079922061651,101
XAM-N6,CMA-ES,CMA-ES,43,0.0635079922061651,101
XAM-N6,CMA-ES,CMA-ES,44,0.0635079922061651,101
XAM-N6,CMA-ES,CMA-ES,45,0.0635079922061651,101
XAM-N6,CMA-ES,CMA-ES,46,0.0635079922061651,101
XAM-N6,CMA-ES,CMA-ES,47,0.0635079922061651,101
XAM-N6,CMA-ES,CMA-ES,48,0.0635079922061651,101
XAM-N6,CMA-ES,CMA-ES,49,0.0635079922061651,101
XAM-N6,CMA-ES,CMA-ES,50,0.0635079922061651,101
XAM-N6,CMA-ES,CMA-ES,51,0.0635079922061651,101
XAM-N6,CMA-ES,CMA-ES,52,0.0635079922061651,101
XAM-N6,CMA-ES,CMA-ES,53,0.0635079922061651,101
XAM-N6,CMA-ES,CMA-ES,54,0.0635079922061651,101
XAM-N6,CMA-ES,CMA-ES,55,0.0635079922061651,101
XAM-N6,CMA-ES,CMA-ES,56,0.0635079922061651,101
XAM-N6,CMA-ES,CMA-ES,57,0.0635079922061651,101
XAM-N6,CMA-ES,CMA-ES,58,0.0635079922061651,101
XAM-N6,CMA-ES,CMA-ES,59,0.0635079922061651,101
XAM-N6,CMA-ES,CMA-ES,60,0.0635079922061651,101
XAM-N6,CMA-ES,CMA-ES,61,0.0635079922061651,101
XAM-N6,CMA-ES,CMA-ES,62,0.0635079922061651,101
XAM-N6,CMA-ES,CMA-ES,63,0.0635079922061651,101
XAM-N6,CMA-ES,CMA-ES,64,0.0635079922061651,101
XAM-N6,CMA-ES,CMA-ES,65,0.0635079922061651,101
XAM-N6,CMA-ES,CMA-ES,66,0.0635079922061651,101
XAM-N6,CMA-ES,CMA-ES,67,0.0635079922061651,101
XAM-N6,CMA-ES,CMA-ES,68,0.0635079922061651,101
XAM-N6,CMA-ES,CMA-ES,69,0.0635079922061651,101
XAM-N6,CMA-ES,CMA-ES,70,0.0635079922061651,101
XAM-N6,CMA-ES,CMA-ES,71,0.0635079922061651,101
XAM-N6,CMA-ES,CMA-ES,72,0.0635079922061651,101
XAM-N6,CMA-ES,CMA-ES,73,0.04880416718122119,101
XAM-N6,CMA-ES,CMA-ES,74,0.04880416718122119,101
XAM-N6,CMA-ES,CMA-ES,75,0.04880416718122119,101
XAM-N6,CMA-ES,CMA-ES,76,0.04880416718122119,101
XAM-N6,CMA-ES,CMA-ES,77,0.04880416718122119,101
XAM-N6,CMA-ES,CMA-ES,78,0.04880416718122119,101
XAM-N6,CMA-ES,CMA-ES,79,0.04880416718122119,101
XAM-N6,CMA-ES,CMA-ES,80,0.04880416718122119,101
XAM-N6,CMA-ES,CMA-ES,81,0.04880416718122119,101
XAM-N6,CMA-ES,CMA-ES,82,0.04880416718122119,101
XAM-N6,CMA-ES,CMA-ES,83,0.04880416718122119,101
XAM-N6,CMA-ES,CMA-ES,84,0.04880416718122119,101
XAM-N6,CMA-ES,CMA-ES,85,0.04880416718122119,101
XAM-N6,CMA-ES,CMA-ES,86,0.04880416718122119,101
XAM-N6,CMA-ES,CMA-ES,87,0.04880416718122119,101
XAM-N6,CMA-ES,CMA-ES,88,0.04880416718122119,101
XAM-N6,CMA-ES,CMA-ES,89,0.04880416718122119,101
XAM-N6,CMA-ES,CMA-ES,90,0.04880416718122119,101
XAM-N6,CMA-ES,CMA-ES,91,0.04880416718122119,101
XAM-N6,CMA-ES,CMA-ES,92,0.04880416718122119,101
XAM-N6,CMA-ES,CMA-ES,93,0.04880416718122119,101
XAM-N6,CMA-ES,CMA-ES,94,0.04880416718122119,101
XAM-N6,CMA-ES,CMA-ES,95,0.04880416718122119,101
XAM-N6,CMA-ES,CMA-ES,96,0.04880416718122119,101
XAM-N6,CMA-ES,CMA-ES,97,0.04880416718122119,101
XAM-N6,CMA-ES,CMA-ES,98,0.04880416718122119,101
XAM-N6,CMA-ES,CMA-ES,99,0.04880416718122119,101
XAM-N6,CMA-ES,CMA-ES,100,0.04880416718122119,101
XAM-N6,CMA-ES,CMA-ES,1,0.2882952660158148,202
XAM-N6,CMA-ES,CMA-ES,2,0.2882952660158148,202
XAM-N6,CMA-ES,CMA-ES,3,0.19055874885305482,202
XAM-N6,CMA-ES,CMA-ES,4,0.19055874885305482,202
XAM-N6,CMA-ES,CMA-ES,5,0.19055874885305482,202
XAM-N6,CMA-ES,CMA-ES,6,0.08343436131774842,202
XAM-N6,CMA-ES,CMA-ES,7,0.08343436131774842,202
XAM-N6,CMA-ES,CMA-ES,8,0.08343436131774842,202
XAM-N6,CMA-ES,CMA-ES,9,0.08343436131774842,202
XAM-N6,CMA-ES,CMA-ES,10,0.08343436131774842,202
XAM-N6,CMA-ES,CMA-ES,11,0.08343436131774842,202
XAM-N6,CMA-ES,CMA-ES,12,0.08343436131774842,202
XAM-N6,CMA-ES,CMA-ES,13,0.08343436131774842,202
XAM-N6,CMA-ES,CMA-ES,14,0.08343436131774842,202
XAM-N6,CMA-ES,CMA-ES,15,0.08343436131774842,202
XAM-N6,CMA-ES,CMA-ES,16,0.08343436131774842,202
XAM-N6,CMA-ES,CMA-ES,17,0.08343436131774842,202
XAM-N6,CMA-ES,CMA-ES,18,0.08343436131774842,202
XAM-N6,CMA-ES,CMA-ES,19,0.08343436131774842,202
XAM-N6,CMA-ES,CMA-ES,20,0.08343436131774842,202
XAM-N6,CMA-ES,CMA-ES,21,0.08343436131774842,202
XAM-N6,CMA-ES,CMA-ES,22,0.08343436131774842,202
XAM-N6,CMA-ES,CMA-ES,23,0.08343436131774842,202
XAM-N6,CMA-ES,CMA-ES,24,0.08343436131774842,202
XAM-N6,CMA-ES,CMA-ES,25,0.08343436131774842,202
XAM-N6,CMA-ES,CMA-ES,26,0.08343436131774842,202
XAM-N6,CMA-ES,CMA-ES,27,0.08343436131774842,202
XAM-N6,CMA-ES,CMA-ES,28,0.08343436131774842,202
XAM-N6,CMA-ES,CMA-ES,29,0.08343436131774842,202
XAM-N6,CMA-ES,CMA-ES,30,0.08343436131774842,202
XAM-N6,CMA-ES,CMA-ES,31,0.08343436131774842,202
XAM-N6,CMA-ES,CMA-ES,32,0.08343436131774842,202
XAM-N6,CMA-ES,CMA-ES,33,0.08343436131774842,202
XAM-N6,CMA-ES,CMA-ES,34,0.08343436131774842,202
XAM-N6,CMA-ES,CMA-ES,35,0.08343436131774842,202
XAM-N6,CMA-ES,CMA-ES,36,0.08343436131774842,202
XAM-N6,CMA-ES,CMA-ES,37,0.08343436131774842,202
XAM-N6,CMA-ES,CMA-ES,38,0.07729525945687017,202
XAM-N6,CMA-ES,CMA-ES,39,0.07729525945687017,202
XAM-N6,CMA-ES,CMA-ES,40,0.07729525945687017,202
XAM-N6,CMA-ES,CMA-ES,41,0.07729525945687017,202
XAM-N6,CMA-ES,CMA-ES,42,0.07729525945687017,202
XAM-N6,CMA-ES,CMA-ES,43,0.07729525945687017,202
XAM-N6,CMA-ES,CMA-ES,44,0.06441440599670328,202
XAM-N6,CMA-ES,CMA-ES,45,0.06441440599670328,202
XAM-N6,CMA-ES,CMA-ES,46,0.06441440599670328,202
XAM-N6,CMA-ES,CMA-ES,47,0.06441440599670328,202
XAM-N6,CMA-ES,CMA-ES,48,0.06441440599670328,202
XAM-N6,CMA-ES,CMA-ES,49,0.06441440599670328,202
XAM-N6,CMA-ES,CMA-ES,50,0.06441440599670328,202
XAM-N6,CMA-ES,CMA-ES,51,0.06441440599670328,202
XAM-N6,CMA-ES,CMA-ES,52,0.06441440599670328,202
XAM-N6,CMA-ES,CMA-ES,53,0.06441440599670328,202
XAM-N6,CMA-ES,CMA-ES,54,0.06441440599670328,202
XAM-N6,CMA-ES,CMA-ES,55,0.06441440599670328,202
XAM-N6,CMA-ES,CMA-ES,56,0.06441440599670328,202
XAM-N6,CMA-ES,CMA-ES,57,0.06441440599670328,202
XAM-N6,CMA-ES,CMA-ES,58,0.06441440599670328,202
XAM-N6,CMA-ES,CMA-ES,59,0.06441440599670328,202
XAM-N6,CMA-ES,CMA-ES,60,0.06441440599670328,202
XAM-N6,CMA-ES,CMA-ES,61,0.06441440599670328,202
XAM-N6,CMA-ES,CMA-ES,62,0.06441440599670328,202
XAM-N6,CMA-ES,CMA-ES,63,0.06441440599670328,202
XAM-N6,CMA-ES,CMA-ES,64,0.06441440599670328,202
XAM-N6,CMA-ES,CMA-ES,65,0.06441440599670328,202
XAM-N6,CMA-ES,CMA-ES,66,0.06441440599670328,202
XAM-N6,CMA-ES,CMA-ES,67,0.06441440599670328,202
XAM-N6,CMA-ES,CMA-ES,68,0.06441440599670328,202
XAM-N6,CMA-ES,CMA-ES,69,0.06441440599670328,202
XAM-N6,CMA-ES,CMA-ES,70,0.06441440599670328,202
XAM-N6,CMA-ES,CMA-ES,71,0.06441440599670328,202
XAM-N6,CMA-ES,CMA-ES,72,0.06441440599670328,202
XAM-N6,CMA-ES,CMA-ES,73,0.06441440599670328,202
XAM-N6,CMA-ES,CMA-ES,74,0.06441440599670328,202
XAM-N6,CMA-ES,CMA-ES,75,0.06253884710756752,202
XAM-N6,CMA-ES,CMA-ES,76,0.06253884710756752,202
XAM-N6,CMA-ES,CMA-ES,77,0.06253884710756752,202
XAM-N6,CMA-ES,CMA-ES,78,0.06253884710756752,202
XAM-N6,CMA-ES,CMA-ES,79,0.06253884710756752,202
XAM-N6,CMA-ES,CMA-ES,80,0.06253884710756752,202
XAM-N6,CMA-ES,CMA-ES,81,0.06253884710756752,202
XAM-N6,CMA-ES,CMA-ES,82,0.06253884710756752,202
XAM-N6,CMA-ES,CMA-ES,83,0.06253884710756752,202
XAM-N6,CMA-ES,CMA-ES,84,0.06253884710756752,202
XAM-N6,CMA-ES,CMA-ES,85,0.06253884710756752,202
XAM-N6,CMA-ES,CMA-ES,86,0.06253884710756752,202
XAM-N6,CMA-ES,CMA-ES,87,0.06253884710756752,202
XAM-N6,CMA-ES,CMA-ES,88,0.06253884710756752,202
XAM-N6,CMA-ES,CMA-ES,89,0.06253884710756752,202
XAM-N6,CMA-ES,CMA-ES,90,0.06253884710756752,202
XAM-N6,CMA-ES,CMA-ES,91,0.06253884710756752,202
XAM-N6,CMA-ES,CMA-ES,92,0.06253884710756752,202
XAM-N6,CMA-ES,CMA-ES,93,0.06253884710756752,202
XAM-N6,CMA-ES,CMA-ES,94,0.06253884710756752,202
XAM-N6,CMA-ES,CMA-ES,95,0.06253884710756752,202
XAM-N6,CMA-ES,CMA-ES,96,0.06253884710756752,202
XAM-N6,CMA-ES,CMA-ES,97,0.06253884710756752,202
XAM-N6,CMA-ES,CMA-ES,98,0.06253884710756752,202
XAM-N6,CMA-ES,CMA-ES,99,0.06253884710756752,202
XAM-N6,CMA-ES,CMA-ES,100,0.06253884710756752,202
XAM-N6,CMA-ES,CMA-ES,1,0.39673598258224274,303
XAM-N6,CMA-ES,CMA-ES,2,0.29584999330711187,303
XAM-N6,CMA-ES,CMA-ES,3,0.29584999330711187,303
XAM-N6,CMA-ES,CMA-ES,4,0.21499006387179434,303
XAM-N6,CMA-ES,CMA-ES,5,0.21499006387179434,303
XAM-N6,CMA-ES,CMA-ES,6,0.21499006387179434,303
XAM-N6,CMA-ES,CMA-ES,7,0.21499006387179434,303
XAM-N6,CMA-ES,CMA-ES,8,0.21499006387179434,303
XAM-N6,CMA-ES,CMA-ES,9,0.21499006387179434,303
XAM-N6,CMA-ES,CMA-ES,10,0.1859955391988911,303
XAM-N6,CMA-ES,CMA-ES,11,0.1859955391988911,303
XAM-N6,CMA-ES,CMA-ES,12,0.1859955391988911,303
XAM-N6,CMA-ES,CMA-ES,13,0.1859955391988911,303
XAM-N6,CMA-ES,CMA-ES,14,0.1859955391988911,303
XAM-N6,CMA-ES,CMA-ES,15,0.1253850945696738,303
XAM-N6,CMA-ES,CMA-ES,16,0.1253850945696738,303
XAM-N6,CMA-ES,CMA-ES,17,0.1253850945696738,303
XAM-N6,CMA-ES,CMA-ES,18,0.1253850945696738,303
XAM-N6,CMA-ES,CMA-ES,19,0.1253850945696738,303
XAM-N6,CMA-ES,CMA-ES,20,0.12356456264202711,303
XAM-N6,CMA-ES,CMA-ES,21,0.12356456264202711,303
XAM-N6,CMA-ES,CMA-ES,22,0.12356456264202711,303
XAM-N6,CMA-ES,CMA-ES,23,0.12356456264202711,303
XAM-N6,CMA-ES,CMA-ES,24,0.12356456264202711,303
XAM-N6,CMA-ES,CMA-ES,25,0.10725368664223105,303
XAM-N6,CMA-ES,CMA-ES,26,0.10725368664223105,303
XAM-N6,CMA-ES,CMA-ES,27,0.10725368664223105,303
XAM-N6,CMA-ES,CMA-ES,28,0.10725368664223105,303
XAM-N6,CMA-ES,CMA-ES,29,0.10725368664223105,303
XAM-N6,CMA-ES,CMA-ES,30,0.10725368664223105,303
XAM-N6,CMA-ES,CMA-ES,31,0.10725368664223105,303
XAM-N6,CMA-ES,CMA-ES,32,0.10725368664223105,303
XAM-N6,CMA-ES,CMA-ES,33,0.10725368664223105,303
XAM-N6,CMA-ES,CMA-ES,34,0.10725368664223105,303
XAM-N6,CMA-ES,CMA-ES,35,0.10725368664223105,303
XAM-N6,CMA-ES,CMA-ES,36,0.10725368664223105,303
XAM-N6,CMA-ES,CMA-ES,37,0.10725368664223105,303
XAM-N6,CMA-ES,CMA-ES,38,0.10725368664223105,303
XAM-N6,CMA-ES,CMA-ES,39,0.10725368664223105,303
XAM-N6,CMA-ES,CMA-ES,40,0.08143587472974637,303
XAM-N6,CMA-ES,CMA-ES,41,0.08143587472974637,303
XAM-N6,CMA-ES,CMA-ES,42,0.06702196783171865,303
XAM-N6,CMA-ES,CMA-ES,43,0.06702196783171865,303
XAM-N6,CMA-ES,CMA-ES,44,0.06702196783171865,303
XAM-N6,CMA-ES,CMA-ES,45,0.06702196783171865,303
XAM-N6,CMA-ES,CMA-ES,46,0.06702196783171865,303
XAM-N6,CMA-ES,CMA-ES,47,0.06702196783171865,303
XAM-N6,CMA-ES,CMA-ES,48,0.06702196783171865,303
XAM-N6,CMA-ES,CMA-ES,49,0.06702196783171865,303
XAM-N6,CMA-ES,CMA-ES,50,0.06702196783171865,303
XAM-N6,CMA-ES,CMA-ES,51,0.06702196783171865,303
XAM-N6,CMA-ES,CMA-ES,52,0.06702196783171865,303
XAM-N6,CMA-ES,CMA-ES,53,0.06702196783171865,303
XAM-N6,CMA-ES,CMA-ES,54,0.06702196783171865,303
XAM-N6,CMA-ES,CMA-ES,55,0.06702196783171865,303
XAM-N6,CMA-ES,CMA-ES,56,0.06702196783171865,303
XAM-N6,CMA-ES,CMA-ES,57,0.06702196783171865,303
XAM-N6,CMA-ES,CMA-ES,58,0.06702196783171865,303
XAM-N6,CMA-ES,CMA-ES,59,0.06702196783171865,303
XAM-N6,CMA-ES,CMA-ES,60,0.06702196783171865,303
XAM-N6,CMA-ES,CMA-ES,61,0.06702196783171865,303
XAM-N6,CMA-ES,CMA-ES,62,0.06702196783171865,303
XAM-N6,CMA-ES,CMA-ES,63,0.05330205777045397,303
XAM-N6,CMA-ES,CMA-ES,64,0.05330205777045397,303
XAM-N6,CMA-ES,CMA-ES,65,0.05330205777045397,303
XAM-N6,CMA-ES,CMA-ES,66,0.05330205777045397,303
XAM-N6,CMA-ES,CMA-ES,67,0.05330205777045397,303
XAM-N6,CMA-ES,CMA-ES,68,0.05330205777045397,303
XAM-N6,CMA-ES,CMA-ES,69,0.05330205777045397,303
XAM-N6,CMA-ES,CMA-ES,70,0.05330205777045397,303
XAM-N6,CMA-ES,CMA-ES,71,0.05330205777045397,303
XAM-N6,CMA-ES,CMA-ES,72,0.05330205777045397,303
XAM-N6,CMA-ES,CMA-ES,73,0.05330205777045397,303
XAM-N6,CMA-ES,CMA-ES,74,0.05330205777045397,303
XAM-N6,CMA-ES,CMA-ES,75,0.05330205777045397,303
XAM-N6,CMA-ES,CMA-ES,76,0.05330205777045397,303
XAM-N6,CMA-ES,CMA-ES,77,0.05330205777045397,303
XAM-N6,CMA-ES,CMA-ES,78,0.05330205777045397,303
XAM-N6,CMA-ES,CMA-ES,79,0.05330205777045397,303
XAM-N6,CMA-ES,CMA-ES,80,0.05330205777045397,303
XAM-N6,CMA-ES,CMA-ES,81,0.05330205777045397,303
XAM-N6,CMA-ES,CMA-ES,82,0.05330205777045397,303
XAM-N6,CMA-ES,CMA-ES,83,0.05330205777045397,303
XAM-N6,CMA-ES,CMA-ES,84,0.05330205777045397,303
XAM-N6,CMA-ES,CMA-ES,85,0.05330205777045397,303
XAM-N6,CMA-ES,CMA-ES,86,0.05330205777045397,303
XAM-N6,CMA-ES,CMA-ES,87,0.05330205777045397,303
XAM-N6,CMA-ES,CMA-ES,88,0.05330205777045397,303
XAM-N6,CMA-ES,CMA-ES,89,0.05330205777045397,303
XAM-N6,CMA-ES,CMA-ES,90,0.05330205777045397,303
XAM-N6,CMA-ES,CMA-ES,91,0.05330205777045397,303
XAM-N6,CMA-ES,CMA-ES,92,0.05330205777045397,303
XAM-N6,CMA-ES,CMA-ES,93,0.05330205777045397,303
XAM-N6,CMA-ES,CMA-ES,94,0.05330205777045397,303
XAM-N6,CMA-ES,CMA-ES,95,0.05330205777045397,303
XAM-N6,CMA-ES,CMA-ES,96,0.05330205777045397,303
XAM-N6,CMA-ES,CMA-ES,97,0.05330205777045397,303
XAM-N6,CMA-ES,CMA-ES,98,0.05330205777045397,303
XAM-N6,CMA-ES,CMA-ES,99,0.05330205777045397,303
XAM-N6,CMA-ES,CMA-ES,100,0.05330205777045397,303
XAM-N6,CMA-ES,CMA-ES,1,0.31178554989266516,404
XAM-N6,CMA-ES,CMA-ES,2,0.20909346756232078,404
XAM-N6,CMA-ES,CMA-ES,3,0.20909346756232078,404
XAM-N6,CMA-ES,CMA-ES,4,0.20909346756232078,404
XAM-N6,CMA-ES,CMA-ES,5,0.20909346756232078,404
XAM-N6,CMA-ES,CMA-ES,6,0.20909346756232078,404
XAM-N6,CMA-ES,CMA-ES,7,0.20909346756232078,404
XAM-N6,CMA-ES,CMA-ES,8,0.20909346756232078,404
XAM-N6,CMA-ES,CMA-ES,9,0.20909346756232078,404
XAM-N6,CMA-ES,CMA-ES,10,0.20909346756232078,404
XAM-N6,CMA-ES,CMA-ES,11,0.20909346756232078,404
XAM-N6,CMA-ES,CMA-ES,12,0.20909346756232078,404
XAM-N6,CMA-ES,CMA-ES,13,0.20909346756232078,404
XAM-N6,CMA-ES,CMA-ES,14,0.20909346756232078,404
XAM-N6,CMA-ES,CMA-ES,15,0.20909346756232078,404
XAM-N6,CMA-ES,CMA-ES,16,0.20909346756232078,404
XAM-N6,CMA-ES,CMA-ES,17,0.20909346756232078,404
XAM-N6,CMA-ES,CMA-ES,18,0.20909346756232078,404
XAM-N6,CMA-ES,CMA-ES,19,0.08457609942429124,404
XAM-N6,CMA-ES,CMA-ES,20,0.08457609942429124,404
XAM-N6,CMA-ES,CMA-ES,21,0.08457609942429124,404
XAM-N6,CMA-ES,CMA-ES,22,0.08457609942429124,404
XAM-N6,CMA-ES,CMA-ES,23,0.08457609942429124,404
XAM-N6,CMA-ES,CMA-ES,24,0.08457609942429124,404
XAM-N6,CMA-ES,CMA-ES,25,0.08457609942429124,404
XAM-N6,CMA-ES,CMA-ES,26,0.08457609942429124,404
XAM-N6,CMA-ES,CMA-ES,27,0.08457609942429124,404
XAM-N6,CMA-ES,CMA-ES,28,0.08457609942429124,404
XAM-N6,CMA-ES,CMA-ES,29,0.08457609942429124,404
XAM-N6,CMA-ES,CMA-ES,30,0.08457609942429124,404
XAM-N6,CMA-ES,CMA-ES,31,0.08457609942429124,404
XAM-N6,CMA-ES,CMA-ES,32,0.08457609942429124,404
XAM-N6,CMA-ES,CMA-ES,33,0.08457609942429124,404
XAM-N6,CMA-ES,CMA-ES,34,0.08457609942429124,404
XAM-N6,CMA-ES,CMA-ES,35,0.08457609942429124,404
XAM-N6,CMA-ES,CMA-ES,36,0.08457609942429124,404
XAM-N6,CMA-ES,CMA-ES,37,0.08457609942429124,404
XAM-N6,CMA-ES,CMA-ES,38,0.08457609942429124,404
XAM-N6,CMA-ES,CMA-ES,39,0.08457609942429124,404
XAM-N6,CMA-ES,CMA-ES,40,0.08457609942429124,404
XAM-N6,CMA-ES,CMA-ES,41,0.08457609942429124,404
XAM-N6,CMA-ES,CMA-ES,42,0.08457609942429124,404
XAM-N6,CMA-ES,CMA-ES,43,0.08457609942429124,404
XAM-N6,CMA-ES,CMA-ES,44,0.08457609942429124,404
XAM-N6,CMA-ES,CMA-ES,45,0.08457609942429124,404
XAM-N6,CMA-ES,CMA-ES,46,0.08457609942429124,404
XAM-N6,CMA-ES,CMA-ES,47,0.08457609942429124,404
XAM-N6,CMA-ES,CMA-ES,48,0.08457609942429124,404
XAM-N6,CMA-ES,CMA-ES,49,0.08457609942429124,404
XAM-N6,CMA-ES,CMA-ES,50,0.08457609942429124,404
XAM-N6,CMA-ES,CMA-ES,51,0.08457609942429124,404
XAM-N6,CMA-ES,CMA-ES,52,0.08457609942429124,404
XAM-N6,CMA-ES,CMA-ES,53,0.08457609942429124,404
XAM-N6,CMA-ES,CMA-ES,54,0.08457609942429124,404
XAM-N6,CMA-ES,CMA-ES,55,0.08457609942429124,404
XAM-N6,CMA-ES,CMA-ES,56,0.08457609942429124,404
XAM-N6,CMA-ES,CMA-ES,57,0.08457609942429124,404
XAM-N6,CMA-ES,CMA-ES,58,0.08457609942429124,404
XAM-N6,CMA-ES,CMA-ES,59,0.08457609942429124,404
XAM-N6,CMA-ES,CMA-ES,60,0.08457609942429124,404
XAM-N6,CMA-ES,CMA-ES,61,0.08457609942429124,404
XAM-N6,CMA-ES,CMA-ES,62,0.08457609942429124,404
XAM-N6,CMA-ES,CMA-ES,63,0.08457609942429124,404
XAM-N6,CMA-ES,CMA-ES,64,0.08457609942429124,404
XAM-N6,CMA-ES,CMA-ES,65,0.08457609942429124,404
XAM-N6,CMA-ES,CMA-ES,66,0.08457609942429124,404
XAM-N6,CMA-ES,CMA-ES,67,0.08457609942429124,404
XAM-N6,CMA-ES,CMA-ES,68,0.08457609942429124,404
XAM-N6,CMA-ES,CMA-ES,69,0.08457609942429124,404
XAM-N6,CMA-ES,CMA-ES,70,0.08457609942429124,404
XAM-N6,CMA-ES,CMA-ES,71,0.08457609942429124,404
XAM-N6,CMA-ES,CMA-ES,72,0.08457609942429124,404
XAM-N6,CMA-ES,CMA-ES,73,0.08344739269717075,404
XAM-N6,CMA-ES,CMA-ES,74,0.08344739269717075,404
XAM-N6,CMA-ES,CMA-ES,75,0.08344739269717075,404
XAM-N6,CMA-ES,CMA-ES,76,0.08344739269717075,404
XAM-N6,CMA-ES,CMA-ES,77,0.08344739269717075,404
XAM-N6,CMA-ES,CMA-ES,78,0.08344739269717075,404
XAM-N6,CMA-ES,CMA-ES,79,0.08344739269717075,404
XAM-N6,CMA-ES,CMA-ES,80,0.08344739269717075,404
XAM-N6,CMA-ES,CMA-ES,81,0.08344739269717075,404
XAM-N6,CMA-ES,CMA-ES,82,0.08344739269717075,404
XAM-N6,CMA-ES,CMA-ES,83,0.08344739269717075,404
XAM-N6,CMA-ES,CMA-ES,84,0.08344739269717075,404
XAM-N6,CMA-ES,CMA-ES,85,0.08344739269717075,404
XAM-N6,CMA-ES,CMA-ES,86,0.08344739269717075,404
XAM-N6,CMA-ES,CMA-ES,87,0.08344739269717075,404
XAM-N6,CMA-ES,CMA-ES,88,0.08344739269717075,404
XAM-N6,CMA-ES,CMA-ES,89,0.08344739269717075,404
XAM-N6,CMA-ES,CMA-ES,90,0.08344739269717075,404
XAM-N6,CMA-ES,CMA-ES,91,0.08344739269717075,404
XAM-N6,CMA-ES,CMA-ES,92,0.08344739269717075,404
XAM-N6,CMA-ES,CMA-ES,93,0.08344739269717075,404
XAM-N6,CMA-ES,CMA-ES,94,0.08344739269717075,404
XAM-N6,CMA-ES,CMA-ES,95,0.08344739269717075,404
XAM-N6,CMA-ES,CMA-ES,96,0.08344739269717075,404
XAM-N6,CMA-ES,CMA-ES,97,0.08344739269717075,404
XAM-N6,CMA-ES,CMA-ES,98,0.08344739269717075,404
XAM-N6,CMA-ES,CMA-ES,99,0.08344739269717075,404
XAM-N6,CMA-ES,CMA-ES,100,0.08344739269717075,404
XAM-N6,遗传算法（GA）,GA,1,0.29524630618769987,42
XAM-N6,遗传算法（GA）,GA,2,0.29524630618769987,42
XAM-N6,遗传算法（GA）,GA,3,0.1528274820995208,42
XAM-N6,遗传算法（GA）,GA,4,0.1528274820995208,42
XAM-N6,遗传算法（GA）,GA,5,0.1528274820995208,42
XAM-N6,遗传算法（GA）,GA,6,0.1528274820995208,42
XAM-N6,遗传算法（GA）,GA,7,0.1528274820995208,42
XAM-N6,遗传算法（GA）,GA,8,0.14812023991499496,42
XAM-N6,遗传算法（GA）,GA,9,0.14812023991499496,42
XAM-N6,遗传算法（GA）,GA,10,0.14812023991499496,42
XAM-N6,遗传算法（GA）,GA,11,0.14812023991499496,42
XAM-N6,遗传算法（GA）,GA,12,0.1454322267632499,42
XAM-N6,遗传算法（GA）,GA,13,0.1454322267632499,42
XAM-N6,遗传算法（GA）,GA,14,0.12267151112561978,42
XAM-N6,遗传算法（GA）,GA,15,0.12267151112561978,42
XAM-N6,遗传算法（GA）,GA,16,0.12267151112561978,42
XAM-N6,遗传算法（GA）,GA,17,0.12267151112561978,42
XAM-N6,遗传算法（GA）,GA,18,0.12267151112561978,42
XAM-N6,遗传算法（GA）,GA,19,0.12267151112561978,42
XAM-N6,遗传算法（GA）,GA,20,0.12267151112561978,42
XAM-N6,遗传算法（GA）,GA,21,0.12267151112561978,42
XAM-N6,遗传算法（GA）,GA,22,0.12267151112561978,42
XAM-N6,遗传算法（GA）,GA,23,0.12267151112561978,42
XAM-N6,遗传算法（GA）,GA,24,0.12267151112561978,42
XAM-N6,遗传算法（GA）,GA,25,0.12267151112561978,42
XAM-N6,遗传算法（GA）,GA,26,0.12267151112561978,42
XAM-N6,遗传算法（GA）,GA,27,0.11016241308950107,42
XAM-N6,遗传算法（GA）,GA,28,0.11016241308950107,42
XAM-N6,遗传算法（GA）,GA,29,0.11016241308950107,42
XAM-N6,遗传算法（GA）,GA,30,0.11016241308950107,42
XAM-N6,遗传算法（GA）,GA,31,0.11016241308950107,42
XAM-N6,遗传算法（GA）,GA,32,0.11016241308950107,42
XAM-N6,遗传算法（GA）,GA,33,0.11016241308950107,42
XAM-N6,遗传算法（GA）,GA,34,0.11016241308950107,42
XAM-N6,遗传算法（GA）,GA,35,0.11016241308950107,42
XAM-N6,遗传算法（GA）,GA,36,0.11016241308950107,42
XAM-N6,遗传算法（GA）,GA,37,0.09832747564200998,42
XAM-N6,遗传算法（GA）,GA,38,0.09832747564200998,42
XAM-N6,遗传算法（GA）,GA,39,0.09832747564200998,42
XAM-N6,遗传算法（GA）,GA,40,0.09832747564200998,42
XAM-N6,遗传算法（GA）,GA,41,0.09832747564200998,42
XAM-N6,遗传算法（GA）,GA,42,0.09832747564200998,42
XAM-N6,遗传算法（GA）,GA,43,0.09832747564200998,42
XAM-N6,遗传算法（GA）,GA,44,0.09832747564200998,42
XAM-N6,遗传算法（GA）,GA,45,0.09832747564200998,42
XAM-N6,遗传算法（GA）,GA,46,0.09832747564200998,42
XAM-N6,遗传算法（GA）,GA,47,0.09832747564200998,42
XAM-N6,遗传算法（GA）,GA,48,0.0815586033368656,42
XAM-N6,遗传算法（GA）,GA,49,0.04879645341256248,42
XAM-N6,遗传算法（GA）,GA,50,0.04879645341256248,42
XAM-N6,遗传算法（GA）,GA,51,0.04879645341256248,42
XAM-N6,遗传算法（GA）,GA,52,0.04879645341256248,42
XAM-N6,遗传算法（GA）,GA,53,0.04879645341256248,42
XAM-N6,遗传算法（GA）,GA,54,0.04879645341256248,42
XAM-N6,遗传算法（GA）,GA,55,0.04879645341256248,42
XAM-N6,遗传算法（GA）,GA,56,0.04879645341256248,42
XAM-N6,遗传算法（GA）,GA,57,0.04879645341256248,42
XAM-N6,遗传算法（GA）,GA,58,0.04879645341256248,42
XAM-N6,遗传算法（GA）,GA,59,0.04879645341256248,42
XAM-N6,遗传算法（GA）,GA,60,0.04879645341256248,42
XAM-N6,遗传算法（GA）,GA,61,0.04879645341256248,42
XAM-N6,遗传算法（GA）,GA,62,0.04879645341256248,42
XAM-N6,遗传算法（GA）,GA,63,0.04879645341256248,42
XAM-N6,遗传算法（GA）,GA,64,0.04879645341256248,42
XAM-N6,遗传算法（GA）,GA,65,0.04879645341256248,42
XAM-N6,遗传算法（GA）,GA,66,0.04879645341256248,42
XAM-N6,遗传算法（GA）,GA,67,0.04879645341256248,42
XAM-N6,遗传算法（GA）,GA,68,0.04879645341256248,42
XAM-N6,遗传算法（GA）,GA,69,0.04879645341256248,42
XAM-N6,遗传算法（GA）,GA,70,0.04879645341256248,42
XAM-N6,遗传算法（GA）,GA,71,0.04879645341256248,42
XAM-N6,遗传算法（GA）,GA,72,0.04879645341256248,42
XAM-N6,遗传算法（GA）,GA,73,0.04879645341256248,42
XAM-N6,遗传算法（GA）,GA,74,0.04879645341256248,42
XAM-N6,遗传算法（GA）,GA,75,0.04879645341256248,42
XAM-N6,遗传算法（GA）,GA,76,0.04879645341256248,42
XAM-N6,遗传算法（GA）,GA,77,0.04879645341256248,42
XAM-N6,遗传算法（GA）,GA,78,0.04879645341256248,42
XAM-N6,遗传算法（GA）,GA,79,0.04879645341256248,42
XAM-N6,遗传算法（GA）,GA,80,0.04879645341256248,42
XAM-N6,遗传算法（GA）,GA,81,0.04879645341256248,42
XAM-N6,遗传算法（GA）,GA,82,0.04879645341256248,42
XAM-N6,遗传算法（GA）,GA,83,0.04879645341256248,42
XAM-N6,遗传算法（GA）,GA,84,0.04879645341256248,42
XAM-N6,遗传算法（GA）,GA,85,0.042937199427090574,42
XAM-N6,遗传算法（GA）,GA,86,0.042937199427090574,42
XAM-N6,遗传算法（GA）,GA,87,0.042937199427090574,42
XAM-N6,遗传算法（GA）,GA,88,0.042937199427090574,42
XAM-N6,遗传算法（GA）,GA,89,0.042937199427090574,42
XAM-N6,遗传算法（GA）,GA,90,0.042937199427090574,42
XAM-N6,遗传算法（GA）,GA,91,0.042937199427090574,42
XAM-N6,遗传算法（GA）,GA,92,0.042937199427090574,42
XAM-N6,遗传算法（GA）,GA,93,0.042937199427090574,42
XAM-N6,遗传算法（GA）,GA,94,0.042937199427090574,42
XAM-N6,遗传算法（GA）,GA,95,0.042937199427090574,42
XAM-N6,遗传算法（GA）,GA,96,0.042937199427090574,42
XAM-N6,遗传算法（GA）,GA,97,0.042937199427090574,42
XAM-N6,遗传算法（GA）,GA,98,0.042937199427090574,42
XAM-N6,遗传算法（GA）,GA,99,0.042937199427090574,42
XAM-N6,遗传算法（GA）,GA,100,0.042937199427090574,42
XAM-N6,遗传算法（GA）,GA,1,0.3889272988917366,101
XAM-N6,遗传算法（GA）,GA,2,0.18178956564325494,101
XAM-N6,遗传算法（GA）,GA,3,0.18178956564325494,101
XAM-N6,遗传算法（GA）,GA,4,0.09874363176884746,101
XAM-N6,遗传算法（GA）,GA,5,0.09874363176884746,101
XAM-N6,遗传算法（GA）,GA,6,0.09874363176884746,101
XAM-N6,遗传算法（GA）,GA,7,0.09874363176884746,101
XAM-N6,遗传算法（GA）,GA,8,0.09874363176884746,101
XAM-N6,遗传算法（GA）,GA,9,0.09874363176884746,101
XAM-N6,遗传算法（GA）,GA,10,0.09874363176884746,101
XAM-N6,遗传算法（GA）,GA,11,0.09874363176884746,101
XAM-N6,遗传算法（GA）,GA,12,0.09874363176884746,101
XAM-N6,遗传算法（GA）,GA,13,0.09874363176884746,101
XAM-N6,遗传算法（GA）,GA,14,0.09874363176884746,101
XAM-N6,遗传算法（GA）,GA,15,0.09874363176884746,101
XAM-N6,遗传算法（GA）,GA,16,0.09874363176884746,101
XAM-N6,遗传算法（GA）,GA,17,0.09874363176884746,101
XAM-N6,遗传算法（GA）,GA,18,0.09874363176884746,101
XAM-N6,遗传算法（GA）,GA,19,0.09874363176884746,101
XAM-N6,遗传算法（GA）,GA,20,0.09874363176884746,101
XAM-N6,遗传算法（GA）,GA,21,0.09874363176884746,101
XAM-N6,遗传算法（GA）,GA,22,0.09874363176884746,101
XAM-N6,遗传算法（GA）,GA,23,0.09874363176884746,101
XAM-N6,遗传算法（GA）,GA,24,0.09874363176884746,101
XAM-N6,遗传算法（GA）,GA,25,0.09874363176884746,101
XAM-N6,遗传算法（GA）,GA,26,0.09874363176884746,101
XAM-N6,遗传算法（GA）,GA,27,0.09874363176884746,101
XAM-N6,遗传算法（GA）,GA,28,0.09874363176884746,101
XAM-N6,遗传算法（GA）,GA,29,0.09874363176884746,101
XAM-N6,遗传算法（GA）,GA,30,0.09874363176884746,101
XAM-N6,遗传算法（GA）,GA,31,0.09874363176884746,101
XAM-N6,遗传算法（GA）,GA,32,0.09874363176884746,101
XAM-N6,遗传算法（GA）,GA,33,0.09874363176884746,101
XAM-N6,遗传算法（GA）,GA,34,0.09874363176884746,101
XAM-N6,遗传算法（GA）,GA,35,0.09874363176884746,101
XAM-N6,遗传算法（GA）,GA,36,0.09874363176884746,101
XAM-N6,遗传算法（GA）,GA,37,0.09874363176884746,101
XAM-N6,遗传算法（GA）,GA,38,0.09874363176884746,101
XAM-N6,遗传算法（GA）,GA,39,0.09874363176884746,101
XAM-N6,遗传算法（GA）,GA,40,0.09874363176884746,101
XAM-N6,遗传算法（GA）,GA,41,0.09757040333395028,101
XAM-N6,遗传算法（GA）,GA,42,0.09757040333395028,101
XAM-N6,遗传算法（GA）,GA,43,0.09757040333395028,101
XAM-N6,遗传算法（GA）,GA,44,0.09404889284147433,101
XAM-N6,遗传算法（GA）,GA,45,0.06522184928700264,101
XAM-N6,遗传算法（GA）,GA,46,0.06522184928700264,101
XAM-N6,遗传算法（GA）,GA,47,0.06522184928700264,101
XAM-N6,遗传算法（GA）,GA,48,0.06522184928700264,101
XAM-N6,遗传算法（GA）,GA,49,0.06522184928700264,101
XAM-N6,遗传算法（GA）,GA,50,0.06522184928700264,101
XAM-N6,遗传算法（GA）,GA,51,0.06522184928700264,101
XAM-N6,遗传算法（GA）,GA,52,0.06522184928700264,101
XAM-N6,遗传算法（GA）,GA,53,0.06522184928700264,101
XAM-N6,遗传算法（GA）,GA,54,0.06522184928700264,101
XAM-N6,遗传算法（GA）,GA,55,0.06522184928700264,101
XAM-N6,遗传算法（GA）,GA,56,0.06522184928700264,101
XAM-N6,遗传算法（GA）,GA,57,0.06522184928700264,101
XAM-N6,遗传算法（GA）,GA,58,0.06522184928700264,101
XAM-N6,遗传算法（GA）,GA,59,0.06522184928700264,101
XAM-N6,遗传算法（GA）,GA,60,0.06522184928700264,101
XAM-N6,遗传算法（GA）,GA,61,0.06522184928700264,101
XAM-N6,遗传算法（GA）,GA,62,0.06522184928700264,101
XAM-N6,遗传算法（GA）,GA,63,0.06522184928700264,101
XAM-N6,遗传算法（GA）,GA,64,0.06522184928700264,101
XAM-N6,遗传算法（GA）,GA,65,0.06522184928700264,101
XAM-N6,遗传算法（GA）,GA,66,0.06522184928700264,101
XAM-N6,遗传算法（GA）,GA,67,0.06522184928700264,101
XAM-N6,遗传算法（GA）,GA,68,0.06522184928700264,101
XAM-N6,遗传算法（GA）,GA,69,0.06522184928700264,101
XAM-N6,遗传算法（GA）,GA,70,0.06522184928700264,101
XAM-N6,遗传算法（GA）,GA,71,0.06522184928700264,101
XAM-N6,遗传算法（GA）,GA,72,0.06522184928700264,101
XAM-N6,遗传算法（GA）,GA,73,0.06522184928700264,101
XAM-N6,遗传算法（GA）,GA,74,0.06522184928700264,101
XAM-N6,遗传算法（GA）,GA,75,0.06522184928700264,101
XAM-N6,遗传算法（GA）,GA,76,0.06522184928700264,101
XAM-N6,遗传算法（GA）,GA,77,0.06522184928700264,101
XAM-N6,遗传算法（GA）,GA,78,0.06522184928700264,101
XAM-N6,遗传算法（GA）,GA,79,0.06522184928700264,101
XAM-N6,遗传算法（GA）,GA,80,0.06522184928700264,101
XAM-N6,遗传算法（GA）,GA,81,0.06522184928700264,101
XAM-N6,遗传算法（GA）,GA,82,0.06522184928700264,101
XAM-N6,遗传算法（GA）,GA,83,0.06522184928700264,101
XAM-N6,遗传算法（GA）,GA,84,0.06522184928700264,101
XAM-N6,遗传算法（GA）,GA,85,0.06522184928700264,101
XAM-N6,遗传算法（GA）,GA,86,0.06522184928700264,101
XAM-N6,遗传算法（GA）,GA,87,0.06522184928700264,101
XAM-N6,遗传算法（GA）,GA,88,0.06522184928700264,101
XAM-N6,遗传算法（GA）,GA,89,0.06522184928700264,101
XAM-N6,遗传算法（GA）,GA,90,0.06522184928700264,101
XAM-N6,遗传算法（GA）,GA,91,0.06522184928700264,101
XAM-N6,遗传算法（GA）,GA,92,0.06522184928700264,101
XAM-N6,遗传算法（GA）,GA,93,0.05409481250436374,101
XAM-N6,遗传算法（GA）,GA,94,0.05409481250436374,101
XAM-N6,遗传算法（GA）,GA,95,0.05409481250436374,101
XAM-N6,遗传算法（GA）,GA,96,0.05409481250436374,101
XAM-N6,遗传算法（GA）,GA,97,0.05409481250436374,101
XAM-N6,遗传算法（GA）,GA,98,0.05409481250436374,101
XAM-N6,遗传算法（GA）,GA,99,0.05409481250436374,101
XAM-N6,遗传算法（GA）,GA,100,0.05409481250436374,101
XAM-N6,遗传算法（GA）,GA,1,0.2930432030455506,202
XAM-N6,遗传算法（GA）,GA,2,0.14642827048606413,202
XAM-N6,遗传算法（GA）,GA,3,0.14642827048606413,202
XAM-N6,遗传算法（GA）,GA,4,0.14642827048606413,202
XAM-N6,遗传算法（GA）,GA,5,0.14642827048606413,202
XAM-N6,遗传算法（GA）,GA,6,0.14642827048606413,202
XAM-N6,遗传算法（GA）,GA,7,0.08852921470867167,202
XAM-N6,遗传算法（GA）,GA,8,0.08852921470867167,202
XAM-N6,遗传算法（GA）,GA,9,0.08852921470867167,202
XAM-N6,遗传算法（GA）,GA,10,0.08852921470867167,202
XAM-N6,遗传算法（GA）,GA,11,0.04800656811362092,202
XAM-N6,遗传算法（GA）,GA,12,0.04800656811362092,202
XAM-N6,遗传算法（GA）,GA,13,0.04800656811362092,202
XAM-N6,遗传算法（GA）,GA,14,0.04800656811362092,202
XAM-N6,遗传算法（GA）,GA,15,0.04800656811362092,202
XAM-N6,遗传算法（GA）,GA,16,0.04800656811362092,202
XAM-N6,遗传算法（GA）,GA,17,0.04800656811362092,202
XAM-N6,遗传算法（GA）,GA,18,0.04800656811362092,202
XAM-N6,遗传算法（GA）,GA,19,0.04800656811362092,202
XAM-N6,遗传算法（GA）,GA,20,0.04800656811362092,202
XAM-N6,遗传算法（GA）,GA,21,0.04800656811362092,202
XAM-N6,遗传算法（GA）,GA,22,0.04800656811362092,202
XAM-N6,遗传算法（GA）,GA,23,0.04800656811362092,202
XAM-N6,遗传算法（GA）,GA,24,0.04800656811362092,202
XAM-N6,遗传算法（GA）,GA,25,0.04800656811362092,202
XAM-N6,遗传算法（GA）,GA,26,0.04800656811362092,202
XAM-N6,遗传算法（GA）,GA,27,0.04800656811362092,202
XAM-N6,遗传算法（GA）,GA,28,0.04800656811362092,202
XAM-N6,遗传算法（GA）,GA,29,0.04800656811362092,202
XAM-N6,遗传算法（GA）,GA,30,0.04800656811362092,202
XAM-N6,遗传算法（GA）,GA,31,0.04800656811362092,202
XAM-N6,遗传算法（GA）,GA,32,0.04800656811362092,202
XAM-N6,遗传算法（GA）,GA,33,0.04800656811362092,202
XAM-N6,遗传算法（GA）,GA,34,0.04800656811362092,202
XAM-N6,遗传算法（GA）,GA,35,0.04800656811362092,202
XAM-N6,遗传算法（GA）,GA,36,0.04800656811362092,202
XAM-N6,遗传算法（GA）,GA,37,0.04800656811362092,202
XAM-N6,遗传算法（GA）,GA,38,0.04800656811362092,202
XAM-N6,遗传算法（GA）,GA,39,0.04800656811362092,202
XAM-N6,遗传算法（GA）,GA,40,0.04800656811362092,202
XAM-N6,遗传算法（GA）,GA,41,0.04800656811362092,202
XAM-N6,遗传算法（GA）,GA,42,0.04800656811362092,202
XAM-N6,遗传算法（GA）,GA,43,0.04800656811362092,202
XAM-N6,遗传算法（GA）,GA,44,0.04800656811362092,202
XAM-N6,遗传算法（GA）,GA,45,0.04800656811362092,202
XAM-N6,遗传算法（GA）,GA,46,0.04800656811362092,202
XAM-N6,遗传算法（GA）,GA,47,0.04800656811362092,202
XAM-N6,遗传算法（GA）,GA,48,0.04800656811362092,202
XAM-N6,遗传算法（GA）,GA,49,0.04800656811362092,202
XAM-N6,遗传算法（GA）,GA,50,0.04800656811362092,202
XAM-N6,遗传算法（GA）,GA,51,0.04800656811362092,202
XAM-N6,遗传算法（GA）,GA,52,0.04800656811362092,202
XAM-N6,遗传算法（GA）,GA,53,0.04800656811362092,202
XAM-N6,遗传算法（GA）,GA,54,0.04800656811362092,202
XAM-N6,遗传算法（GA）,GA,55,0.04800656811362092,202
XAM-N6,遗传算法（GA）,GA,56,0.04800656811362092,202
XAM-N6,遗传算法（GA）,GA,57,0.04800656811362092,202
XAM-N6,遗传算法（GA）,GA,58,0.04800656811362092,202
XAM-N6,遗传算法（GA）,GA,59,0.04800656811362092,202
XAM-N6,遗传算法（GA）,GA,60,0.04800656811362092,202
XAM-N6,遗传算法（GA）,GA,61,0.04800656811362092,202
XAM-N6,遗传算法（GA）,GA,62,0.04800656811362092,202
XAM-N6,遗传算法（GA）,GA,63,0.04800656811362092,202
XAM-N6,遗传算法（GA）,GA,64,0.04800656811362092,202
XAM-N6,遗传算法（GA）,GA,65,0.04800656811362092,202
XAM-N6,遗传算法（GA）,GA,66,0.04800656811362092,202
XAM-N6,遗传算法（GA）,GA,67,0.04800656811362092,202
XAM-N6,遗传算法（GA）,GA,68,0.04800656811362092,202
XAM-N6,遗传算法（GA）,GA,69,0.04800656811362092,202
XAM-N6,遗传算法（GA）,GA,70,0.04800656811362092,202
XAM-N6,遗传算法（GA）,GA,71,0.04800656811362092,202
XAM-N6,遗传算法（GA）,GA,72,0.04800656811362092,202
XAM-N6,遗传算法（GA）,GA,73,0.04800656811362092,202
XAM-N6,遗传算法（GA）,GA,74,0.04800656811362092,202
XAM-N6,遗传算法（GA）,GA,75,0.04800656811362092,202
XAM-N6,遗传算法（GA）,GA,76,0.04800656811362092,202
XAM-N6,遗传算法（GA）,GA,77,0.04800656811362092,202
XAM-N6,遗传算法（GA）,GA,78,0.04800656811362092,202
XAM-N6,遗传算法（GA）,GA,79,0.04800656811362092,202
XAM-N6,遗传算法（GA）,GA,80,0.04800656811362092,202
XAM-N6,遗传算法（GA）,GA,81,0.04800656811362092,202
XAM-N6,遗传算法（GA）,GA,82,0.04800656811362092,202
XAM-N6,遗传算法（GA）,GA,83,0.04800656811362092,202
XAM-N6,遗传算法（GA）,GA,84,0.04800656811362092,202
XAM-N6,遗传算法（GA）,GA,85,0.04800656811362092,202
XAM-N6,遗传算法（GA）,GA,86,0.04800656811362092,202
XAM-N6,遗传算法（GA）,GA,87,0.04800656811362092,202
XAM-N6,遗传算法（GA）,GA,88,0.04800656811362092,202
XAM-N6,遗传算法（GA）,GA,89,0.04800656811362092,202
XAM-N6,遗传算法（GA）,GA,90,0.04800656811362092,202
XAM-N6,遗传算法（GA）,GA,91,0.04800656811362092,202
XAM-N6,遗传算法（GA）,GA,92,0.04800656811362092,202
XAM-N6,遗传算法（GA）,GA,93,0.04800656811362092,202
XAM-N6,遗传算法（GA）,GA,94,0.04800656811362092,202
XAM-N6,遗传算法（GA）,GA,95,0.04800656811362092,202
XAM-N6,遗传算法（GA）,GA,96,0.04800656811362092,202
XAM-N6,遗传算法（GA）,GA,97,0.04800656811362092,202
XAM-N6,遗传算法（GA）,GA,98,0.04800656811362092,202
XAM-N6,遗传算法（GA）,GA,99,0.04800656811362092,202
XAM-N6,遗传算法（GA）,GA,100,0.04800656811362092,202
XAM-N6,遗传算法（GA）,GA,1,0.5341160304631123,303
XAM-N6,遗传算法（GA）,GA,2,0.1683168465334408,303
XAM-N6,遗传算法（GA）,GA,3,0.1683168465334408,303
XAM-N6,遗传算法（GA）,GA,4,0.1683168465334408,303
XAM-N6,遗传算法（GA）,GA,5,0.1683168465334408,303
XAM-N6,遗传算法（GA）,GA,6,0.14801719901535249,303
XAM-N6,遗传算法（GA）,GA,7,0.14801719901535249,303
XAM-N6,遗传算法（GA）,GA,8,0.14801719901535249,303
XAM-N6,遗传算法（GA）,GA,9,0.14801719901535249,303
XAM-N6,遗传算法（GA）,GA,10,0.14072696444438532,303
XAM-N6,遗传算法（GA）,GA,11,0.14072696444438532,303
XAM-N6,遗传算法（GA）,GA,12,0.14072696444438532,303
XAM-N6,遗传算法（GA）,GA,13,0.1328488968080685,303
XAM-N6,遗传算法（GA）,GA,14,0.1328488968080685,303
XAM-N6,遗传算法（GA）,GA,15,0.1328488968080685,303
XAM-N6,遗传算法（GA）,GA,16,0.1328488968080685,303
XAM-N6,遗传算法（GA）,GA,17,0.1328488968080685,303
XAM-N6,遗传算法（GA）,GA,18,0.1328488968080685,303
XAM-N6,遗传算法（GA）,GA,19,0.1328488968080685,303
XAM-N6,遗传算法（GA）,GA,20,0.1328488968080685,303
XAM-N6,遗传算法（GA）,GA,21,0.08258831459727523,303
XAM-N6,遗传算法（GA）,GA,22,0.08258831459727523,303
XAM-N6,遗传算法（GA）,GA,23,0.08258831459727523,303
XAM-N6,遗传算法（GA）,GA,24,0.08258831459727523,303
XAM-N6,遗传算法（GA）,GA,25,0.08258831459727523,303
XAM-N6,遗传算法（GA）,GA,26,0.08258831459727523,303
XAM-N6,遗传算法（GA）,GA,27,0.08258831459727523,303
XAM-N6,遗传算法（GA）,GA,28,0.08258831459727523,303
XAM-N6,遗传算法（GA）,GA,29,0.08258831459727523,303
XAM-N6,遗传算法（GA）,GA,30,0.08258831459727523,303
XAM-N6,遗传算法（GA）,GA,31,0.0796306219992656,303
XAM-N6,遗传算法（GA）,GA,32,0.0796306219992656,303
XAM-N6,遗传算法（GA）,GA,33,0.0796306219992656,303
XAM-N6,遗传算法（GA）,GA,34,0.0796306219992656,303
XAM-N6,遗传算法（GA）,GA,35,0.0796306219992656,303
XAM-N6,遗传算法（GA）,GA,36,0.0796306219992656,303
XAM-N6,遗传算法（GA）,GA,37,0.0796306219992656,303
XAM-N6,遗传算法（GA）,GA,38,0.0796306219992656,303
XAM-N6,遗传算法（GA）,GA,39,0.0796306219992656,303
XAM-N6,遗传算法（GA）,GA,40,0.0796306219992656,303
XAM-N6,遗传算法（GA）,GA,41,0.0796306219992656,303
XAM-N6,遗传算法（GA）,GA,42,0.0796306219992656,303
XAM-N6,遗传算法（GA）,GA,43,0.07072898226309689,303
XAM-N6,遗传算法（GA）,GA,44,0.07072898226309689,303
XAM-N6,遗传算法（GA）,GA,45,0.07072898226309689,303
XAM-N6,遗传算法（GA）,GA,46,0.07072898226309689,303
XAM-N6,遗传算法（GA）,GA,47,0.07072898226309689,303
XAM-N6,遗传算法（GA）,GA,48,0.07072898226309689,303
XAM-N6,遗传算法（GA）,GA,49,0.07072898226309689,303
XAM-N6,遗传算法（GA）,GA,50,0.07072898226309689,303
XAM-N6,遗传算法（GA）,GA,51,0.07072898226309689,303
XAM-N6,遗传算法（GA）,GA,52,0.06801031280664267,303
XAM-N6,遗传算法（GA）,GA,53,0.06738965458631567,303
XAM-N6,遗传算法（GA）,GA,54,0.06738965458631567,303
XAM-N6,遗传算法（GA）,GA,55,0.037808880405105855,303
XAM-N6,遗传算法（GA）,GA,56,0.037808880405105855,303
XAM-N6,遗传算法（GA）,GA,57,0.037808880405105855,303
XAM-N6,遗传算法（GA）,GA,58,0.037808880405105855,303
XAM-N6,遗传算法（GA）,GA,59,0.037808880405105855,303
XAM-N6,遗传算法（GA）,GA,60,0.037808880405105855,303
XAM-N6,遗传算法（GA）,GA,61,0.037808880405105855,303
XAM-N6,遗传算法（GA）,GA,62,0.037808880405105855,303
XAM-N6,遗传算法（GA）,GA,63,0.037808880405105855,303
XAM-N6,遗传算法（GA）,GA,64,0.037808880405105855,303
XAM-N6,遗传算法（GA）,GA,65,0.037808880405105855,303
XAM-N6,遗传算法（GA）,GA,66,0.037808880405105855,303
XAM-N6,遗传算法（GA）,GA,67,0.037808880405105855,303
XAM-N6,遗传算法（GA）,GA,68,0.037808880405105855,303
XAM-N6,遗传算法（GA）,GA,69,0.037808880405105855,303
XAM-N6,遗传算法（GA）,GA,70,0.037808880405105855,303
XAM-N6,遗传算法（GA）,GA,71,0.037808880405105855,303
XAM-N6,遗传算法（GA）,GA,72,0.037808880405105855,303
XAM-N6,遗传算法（GA）,GA,73,0.037808880405105855,303
XAM-N6,遗传算法（GA）,GA,74,0.037808880405105855,303
XAM-N6,遗传算法（GA）,GA,75,0.037808880405105855,303
XAM-N6,遗传算法（GA）,GA,76,0.037808880405105855,303
XAM-N6,遗传算法（GA）,GA,77,0.037808880405105855,303
XAM-N6,遗传算法（GA）,GA,78,0.037808880405105855,303
XAM-N6,遗传算法（GA）,GA,79,0.037808880405105855,303
XAM-N6,遗传算法（GA）,GA,80,0.037808880405105855,303
XAM-N6,遗传算法（GA）,GA,81,0.037808880405105855,303
XAM-N6,遗传算法（GA）,GA,82,0.037808880405105855,303
XAM-N6,遗传算法（GA）,GA,83,0.037808880405105855,303
XAM-N6,遗传算法（GA）,GA,84,0.037808880405105855,303
XAM-N6,遗传算法（GA）,GA,85,0.037808880405105855,303
XAM-N6,遗传算法（GA）,GA,86,0.037808880405105855,303
XAM-N6,遗传算法（GA）,GA,87,0.037808880405105855,303
XAM-N6,遗传算法（GA）,GA,88,0.037808880405105855,303
XAM-N6,遗传算法（GA）,GA,89,0.037808880405105855,303
XAM-N6,遗传算法（GA）,GA,90,0.037808880405105855,303
XAM-N6,遗传算法（GA）,GA,91,0.037808880405105855,303
XAM-N6,遗传算法（GA）,GA,92,0.037808880405105855,303
XAM-N6,遗传算法（GA）,GA,93,0.037808880405105855,303
XAM-N6,遗传算法（GA）,GA,94,0.037808880405105855,303
XAM-N6,遗传算法（GA）,GA,95,0.037808880405105855,303
XAM-N6,遗传算法（GA）,GA,96,0.037808880405105855,303
XAM-N6,遗传算法（GA）,GA,97,0.037808880405105855,303
XAM-N6,遗传算法（GA）,GA,98,0.037808880405105855,303
XAM-N6,遗传算法（GA）,GA,99,0.037808880405105855,303
XAM-N6,遗传算法（GA）,GA,100,0.037808880405105855,303
XAM-N6,遗传算法（GA）,GA,1,0.18084046057945405,404
XAM-N6,遗传算法（GA）,GA,2,0.10404562629277506,404
XAM-N6,遗传算法（GA）,GA,3,0.10404562629277506,404
XAM-N6,遗传算法（GA）,GA,4,0.10404562629277506,404
XAM-N6,遗传算法（GA）,GA,5,0.10404562629277506,404
XAM-N6,遗传算法（GA）,GA,6,0.10404562629277506,404
XAM-N6,遗传算法（GA）,GA,7,0.10404562629277506,404
XAM-N6,遗传算法（GA）,GA,8,0.10404562629277506,404
XAM-N6,遗传算法（GA）,GA,9,0.10404562629277506,404
XAM-N6,遗传算法（GA）,GA,10,0.10404562629277506,404
XAM-N6,遗传算法（GA）,GA,11,0.10404562629277506,404
XAM-N6,遗传算法（GA）,GA,12,0.10404562629277506,404
XAM-N6,遗传算法（GA）,GA,13,0.10404562629277506,404
XAM-N6,遗传算法（GA）,GA,14,0.10404562629277506,404
XAM-N6,遗传算法（GA）,GA,15,0.10404562629277506,404
XAM-N6,遗传算法（GA）,GA,16,0.09054892957825131,404
XAM-N6,遗传算法（GA）,GA,17,0.09054892957825131,404
XAM-N6,遗传算法（GA）,GA,18,0.09054892957825131,404
XAM-N6,遗传算法（GA）,GA,19,0.09054892957825131,404
XAM-N6,遗传算法（GA）,GA,20,0.09054892957825131,404
XAM-N6,遗传算法（GA）,GA,21,0.09054892957825131,404
XAM-N6,遗传算法（GA）,GA,22,0.09054892957825131,404
XAM-N6,遗传算法（GA）,GA,23,0.09054892957825131,404
XAM-N6,遗传算法（GA）,GA,24,0.09054892957825131,404
XAM-N6,遗传算法（GA）,GA,25,0.08849618590111087,404
XAM-N6,遗传算法（GA）,GA,26,0.08849618590111087,404
XAM-N6,遗传算法（GA）,GA,27,0.08849618590111087,404
XAM-N6,遗传算法（GA）,GA,28,0.08849618590111087,404
XAM-N6,遗传算法（GA）,GA,29,0.08849618590111087,404
XAM-N6,遗传算法（GA）,GA,30,0.08849618590111087,404
XAM-N6,遗传算法（GA）,GA,31,0.05251702026279072,404
XAM-N6,遗传算法（GA）,GA,32,0.05251702026279072,404
XAM-N6,遗传算法（GA）,GA,33,0.05251702026279072,404
XAM-N6,遗传算法（GA）,GA,34,0.05251702026279072,404
XAM-N6,遗传算法（GA）,GA,35,0.05251702026279072,404
XAM-N6,遗传算法（GA）,GA,36,0.05251702026279072,404
XAM-N6,遗传算法（GA）,GA,37,0.05251702026279072,404
XAM-N6,遗传算法（GA）,GA,38,0.05251702026279072,404
XAM-N6,遗传算法（GA）,GA,39,0.05251702026279072,404
XAM-N6,遗传算法（GA）,GA,40,0.05251702026279072,404
XAM-N6,遗传算法（GA）,GA,41,0.05251702026279072,404
XAM-N6,遗传算法（GA）,GA,42,0.05251702026279072,404
XAM-N6,遗传算法（GA）,GA,43,0.05251702026279072,404
XAM-N6,遗传算法（GA）,GA,44,0.05251702026279072,404
XAM-N6,遗传算法（GA）,GA,45,0.05251702026279072,404
XAM-N6,遗传算法（GA）,GA,46,0.05251702026279072,404
XAM-N6,遗传算法（GA）,GA,47,0.05251702026279072,404
XAM-N6,遗传算法（GA）,GA,48,0.05251702026279072,404
XAM-N6,遗传算法（GA）,GA,49,0.05251702026279072,404
XAM-N6,遗传算法（GA）,GA,50,0.05251702026279072,404
XAM-N6,遗传算法（GA）,GA,51,0.05251702026279072,404
XAM-N6,遗传算法（GA）,GA,52,0.05251702026279072,404
XAM-N6,遗传算法（GA）,GA,53,0.05251702026279072,404
XAM-N6,遗传算法（GA）,GA,54,0.05251702026279072,404
XAM-N6,遗传算法（GA）,GA,55,0.05251702026279072,404
XAM-N6,遗传算法（GA）,GA,56,0.05251702026279072,404
XAM-N6,遗传算法（GA）,GA,57,0.05251702026279072,404
XAM-N6,遗传算法（GA）,GA,58,0.05251702026279072,404
XAM-N6,遗传算法（GA）,GA,59,0.05251702026279072,404
XAM-N6,遗传算法（GA）,GA,60,0.05251702026279072,404
XAM-N6,遗传算法（GA）,GA,61,0.05251702026279072,404
XAM-N6,遗传算法（GA）,GA,62,0.044522920077141655,404
XAM-N6,遗传算法（GA）,GA,63,0.044522920077141655,404
XAM-N6,遗传算法（GA）,GA,64,0.044522920077141655,404
XAM-N6,遗传算法（GA）,GA,65,0.044522920077141655,404
XAM-N6,遗传算法（GA）,GA,66,0.044522920077141655,404
XAM-N6,遗传算法（GA）,GA,67,0.044522920077141655,404
XAM-N6,遗传算法（GA）,GA,68,0.044522920077141655,404
XAM-N6,遗传算法（GA）,GA,69,0.044522920077141655,404
XAM-N6,遗传算法（GA）,GA,70,0.044522920077141655,404
XAM-N6,遗传算法（GA）,GA,71,0.044522920077141655,404
XAM-N6,遗传算法（GA）,GA,72,0.044522920077141655,404
XAM-N6,遗传算法（GA）,GA,73,0.044522920077141655,404
XAM-N6,遗传算法（GA）,GA,74,0.044522920077141655,404
XAM-N6,遗传算法（GA）,GA,75,0.044522920077141655,404
XAM-N6,遗传算法（GA）,GA,76,0.044522920077141655,404
XAM-N6,遗传算法（GA）,GA,77,0.044522920077141655,404
XAM-N6,遗传算法（GA）,GA,78,0.044522920077141655,404
XAM-N6,遗传算法（GA）,GA,79,0.044522920077141655,404
XAM-N6,遗传算法（GA）,GA,80,0.044522920077141655,404
XAM-N6,遗传算法（GA）,GA,81,0.044522920077141655,404
XAM-N6,遗传算法（GA）,GA,82,0.044522920077141655,404
XAM-N6,遗传算法（GA）,GA,83,0.044522920077141655,404
XAM-N6,遗传算法（GA）,GA,84,0.044522920077141655,404
XAM-N6,遗传算法（GA）,GA,85,0.044522920077141655,404
XAM-N6,遗传算法（GA）,GA,86,0.044522920077141655,404
XAM-N6,遗传算法（GA）,GA,87,0.044522920077141655,404
XAM-N6,遗传算法（GA）,GA,88,0.044522920077141655,404
XAM-N6,遗传算法（GA）,GA,89,0.044522920077141655,404
XAM-N6,遗传算法（GA）,GA,90,0.044522920077141655,404
XAM-N6,遗传算法（GA）,GA,91,0.044522920077141655,404
XAM-N6,遗传算法（GA）,GA,92,0.044522920077141655,404
XAM-N6,遗传算法（GA）,GA,93,0.044522920077141655,404
XAM-N6,遗传算法（GA）,GA,94,0.044522920077141655,404
XAM-N6,遗传算法（GA）,GA,95,0.044522920077141655,404
XAM-N6,遗传算法（GA）,GA,96,0.044522920077141655,404
XAM-N6,遗传算法（GA）,GA,97,0.044522920077141655,404
XAM-N6,遗传算法（GA）,GA,98,0.044522920077141655,404
XAM-N6,遗传算法（GA）,GA,99,0.044522920077141655,404
XAM-N6,遗传算法（GA）,GA,100,0.044522920077141655,404
XAM-N6,SPSA,SPSA,1,0.17417023216948255,42
XAM-N6,SPSA,SPSA,2,0.17417023216948255,42
XAM-N6,SPSA,SPSA,3,0.09697716536489914,42
XAM-N6,SPSA,SPSA,4,0.09697716536489914,42
XAM-N6,SPSA,SPSA,5,0.09697716536489914,42
XAM-N6,SPSA,SPSA,6,0.09697716536489914,42
XAM-N6,SPSA,SPSA,7,0.09697716536489914,42
XAM-N6,SPSA,SPSA,8,0.09697716536489914,42
XAM-N6,SPSA,SPSA,9,0.09697716536489914,42
XAM-N6,SPSA,SPSA,10,0.09697716536489914,42
XAM-N6,SPSA,SPSA,11,0.09697716536489914,42
XAM-N6,SPSA,SPSA,12,0.09697716536489914,42
XAM-N6,SPSA,SPSA,13,0.09697716536489914,42
XAM-N6,SPSA,SPSA,14,0.09697716536489914,42
XAM-N6,SPSA,SPSA,15,0.09697716536489914,42
XAM-N6,SPSA,SPSA,16,0.09697716536489914,42
XAM-N6,SPSA,SPSA,17,0.09697716536489914,42
XAM-N6,SPSA,SPSA,18,0.09697716536489914,42
XAM-N6,SPSA,SPSA,19,0.09697716536489914,42
XAM-N6,SPSA,SPSA,20,0.09697716536489914,42
XAM-N6,SPSA,SPSA,21,0.09697716536489914,42
XAM-N6,SPSA,SPSA,22,0.09697716536489914,42
XAM-N6,SPSA,SPSA,23,0.09697716536489914,42
XAM-N6,SPSA,SPSA,24,0.09697716536489914,42
XAM-N6,SPSA,SPSA,25,0.09697716536489914,42
XAM-N6,SPSA,SPSA,26,0.09697716536489914,42
XAM-N6,SPSA,SPSA,27,0.09697716536489914,42
XAM-N6,SPSA,SPSA,28,0.09697716536489914,42
XAM-N6,SPSA,SPSA,29,0.09697716536489914,42
XAM-N6,SPSA,SPSA,30,0.09697716536489914,42
XAM-N6,SPSA,SPSA,31,0.09697716536489914,42
XAM-N6,SPSA,SPSA,32,0.09697716536489914,42
XAM-N6,SPSA,SPSA,33,0.09697716536489914,42
XAM-N6,SPSA,SPSA,34,0.09697716536489914,42
XAM-N6,SPSA,SPSA,35,0.08546702286538574,42
XAM-N6,SPSA,SPSA,36,0.08546702286538574,42
XAM-N6,SPSA,SPSA,37,0.08546702286538574,42
XAM-N6,SPSA,SPSA,38,0.08546702286538574,42
XAM-N6,SPSA,SPSA,39,0.08546702286538574,42
XAM-N6,SPSA,SPSA,40,0.08546702286538574,42
XAM-N6,SPSA,SPSA,41,0.08546702286538574,42
XAM-N6,SPSA,SPSA,42,0.08546702286538574,42
XAM-N6,SPSA,SPSA,43,0.08546702286538574,42
XAM-N6,SPSA,SPSA,44,0.08546702286538574,42
XAM-N6,SPSA,SPSA,45,0.08546702286538574,42
XAM-N6,SPSA,SPSA,46,0.08546702286538574,42
XAM-N6,SPSA,SPSA,47,0.08546702286538574,42
XAM-N6,SPSA,SPSA,48,0.08546702286538574,42
XAM-N6,SPSA,SPSA,49,0.08546702286538574,42
XAM-N6,SPSA,SPSA,50,0.08546702286538574,42
XAM-N6,SPSA,SPSA,51,0.08546702286538574,42
XAM-N6,SPSA,SPSA,52,0.08546702286538574,42
XAM-N6,SPSA,SPSA,53,0.08546702286538574,42
XAM-N6,SPSA,SPSA,54,0.08546702286538574,42
XAM-N6,SPSA,SPSA,55,0.08546702286538574,42
XAM-N6,SPSA,SPSA,56,0.08546702286538574,42
XAM-N6,SPSA,SPSA,57,0.08546702286538574,42
XAM-N6,SPSA,SPSA,58,0.08546702286538574,42
XAM-N6,SPSA,SPSA,59,0.08546702286538574,42
XAM-N6,SPSA,SPSA,60,0.08546702286538574,42
XAM-N6,SPSA,SPSA,61,0.08546702286538574,42
XAM-N6,SPSA,SPSA,62,0.08546702286538574,42
XAM-N6,SPSA,SPSA,63,0.08546702286538574,42
XAM-N6,SPSA,SPSA,64,0.08546702286538574,42
XAM-N6,SPSA,SPSA,65,0.08546702286538574,42
XAM-N6,SPSA,SPSA,66,0.08546702286538574,42
XAM-N6,SPSA,SPSA,67,0.08546702286538574,42
XAM-N6,SPSA,SPSA,68,0.08546702286538574,42
XAM-N6,SPSA,SPSA,69,0.08546702286538574,42
XAM-N6,SPSA,SPSA,70,0.08546702286538574,42
XAM-N6,SPSA,SPSA,71,0.08546702286538574,42
XAM-N6,SPSA,SPSA,72,0.08546702286538574,42
XAM-N6,SPSA,SPSA,73,0.08546702286538574,42
XAM-N6,SPSA,SPSA,74,0.08546702286538574,42
XAM-N6,SPSA,SPSA,75,0.08546702286538574,42
XAM-N6,SPSA,SPSA,76,0.08546702286538574,42
XAM-N6,SPSA,SPSA,77,0.07491092224787142,42
XAM-N6,SPSA,SPSA,78,0.07491092224787142,42
XAM-N6,SPSA,SPSA,79,0.07491092224787142,42
XAM-N6,SPSA,SPSA,80,0.07491092224787142,42
XAM-N6,SPSA,SPSA,81,0.07491092224787142,42
XAM-N6,SPSA,SPSA,82,0.07491092224787142,42
XAM-N6,SPSA,SPSA,83,0.07491092224787142,42
XAM-N6,SPSA,SPSA,84,0.07491092224787142,42
XAM-N6,SPSA,SPSA,85,0.07491092224787142,42
XAM-N6,SPSA,SPSA,86,0.07491092224787142,42
XAM-N6,SPSA,SPSA,87,0.07491092224787142,42
XAM-N6,SPSA,SPSA,88,0.07491092224787142,42
XAM-N6,SPSA,SPSA,89,0.07491092224787142,42
XAM-N6,SPSA,SPSA,90,0.07491092224787142,42
XAM-N6,SPSA,SPSA,91,0.07491092224787142,42
XAM-N6,SPSA,SPSA,92,0.07491092224787142,42
XAM-N6,SPSA,SPSA,93,0.07491092224787142,42
XAM-N6,SPSA,SPSA,94,0.07491092224787142,42
XAM-N6,SPSA,SPSA,95,0.07491092224787142,42
XAM-N6,SPSA,SPSA,96,0.07491092224787142,42
XAM-N6,SPSA,SPSA,97,0.07491092224787142,42
XAM-N6,SPSA,SPSA,98,0.07491092224787142,42
XAM-N6,SPSA,SPSA,99,0.07491092224787142,42
XAM-N6,SPSA,SPSA,100,0.07491092224787142,42
XAM-N6,SPSA,SPSA,1,0.5348313440574525,101
XAM-N6,SPSA,SPSA,2,0.5104971111377632,101
XAM-N6,SPSA,SPSA,3,0.5104971111377632,101
XAM-N6,SPSA,SPSA,4,0.5104971111377632,101
XAM-N6,SPSA,SPSA,5,0.48356930068591875,101
XAM-N6,SPSA,SPSA,6,0.48356930068591875,101
XAM-N6,SPSA,SPSA,7,0.48356930068591875,101
XAM-N6,SPSA,SPSA,8,0.48356930068591875,101
XAM-N6,SPSA,SPSA,9,0.48356930068591875,101
XAM-N6,SPSA,SPSA,10,0.4252414255425082,101
XAM-N6,SPSA,SPSA,11,0.4252414255425082,101
XAM-N6,SPSA,SPSA,12,0.4252414255425082,101
XAM-N6,SPSA,SPSA,13,0.4252414255425082,101
XAM-N6,SPSA,SPSA,14,0.4252414255425082,101
XAM-N6,SPSA,SPSA,15,0.4252414255425082,101
XAM-N6,SPSA,SPSA,16,0.4252414255425082,101
XAM-N6,SPSA,SPSA,17,0.4252414255425082,101
XAM-N6,SPSA,SPSA,18,0.4252414255425082,101
XAM-N6,SPSA,SPSA,19,0.4252414255425082,101
XAM-N6,SPSA,SPSA,20,0.4252414255425082,101
XAM-N6,SPSA,SPSA,21,0.4252414255425082,101
XAM-N6,SPSA,SPSA,22,0.4252414255425082,101
XAM-N6,SPSA,SPSA,23,0.42151884741314954,101
XAM-N6,SPSA,SPSA,24,0.42151884741314954,101
XAM-N6,SPSA,SPSA,25,0.41829892314086675,101
XAM-N6,SPSA,SPSA,26,0.41829892314086675,101
XAM-N6,SPSA,SPSA,27,0.41829892314086675,101
XAM-N6,SPSA,SPSA,28,0.41829892314086675,101
XAM-N6,SPSA,SPSA,29,0.41829892314086675,101
XAM-N6,SPSA,SPSA,30,0.41829892314086675,101
XAM-N6,SPSA,SPSA,31,0.41829892314086675,101
XAM-N6,SPSA,SPSA,32,0.3911209250460464,101
XAM-N6,SPSA,SPSA,33,0.3911209250460464,101
XAM-N6,SPSA,SPSA,34,0.3911209250460464,101
XAM-N6,SPSA,SPSA,35,0.3911209250460464,101
XAM-N6,SPSA,SPSA,36,0.3911209250460464,101
XAM-N6,SPSA,SPSA,37,0.3911209250460464,101
XAM-N6,SPSA,SPSA,38,0.3911209250460464,101
XAM-N6,SPSA,SPSA,39,0.3911209250460464,101
XAM-N6,SPSA,SPSA,40,0.3911209250460464,101
XAM-N6,SPSA,SPSA,41,0.3911209250460464,101
XAM-N6,SPSA,SPSA,42,0.3911209250460464,101
XAM-N6,SPSA,SPSA,43,0.3911209250460464,101
XAM-N6,SPSA,SPSA,44,0.3911209250460464,101
XAM-N6,SPSA,SPSA,45,0.3911209250460464,101
XAM-N6,SPSA,SPSA,46,0.3911209250460464,101
XAM-N6,SPSA,SPSA,47,0.3911209250460464,101
XAM-N6,SPSA,SPSA,48,0.3911209250460464,101
XAM-N6,SPSA,SPSA,49,0.3911209250460464,101
XAM-N6,SPSA,SPSA,50,0.38310811274986534,101
XAM-N6,SPSA,SPSA,51,0.38310811274986534,101
XAM-N6,SPSA,SPSA,52,0.38310811274986534,101
XAM-N6,SPSA,SPSA,53,0.38310811274986534,101
XAM-N6,SPSA,SPSA,54,0.38310811274986534,101
XAM-N6,SPSA,SPSA,55,0.35392083100912913,101
XAM-N6,SPSA,SPSA,56,0.35392083100912913,101
XAM-N6,SPSA,SPSA,57,0.35392083100912913,101
XAM-N6,SPSA,SPSA,58,0.35392083100912913,101
XAM-N6,SPSA,SPSA,59,0.35392083100912913,101
XAM-N6,SPSA,SPSA,60,0.35392083100912913,101
XAM-N6,SPSA,SPSA,61,0.35392083100912913,101
XAM-N6,SPSA,SPSA,62,0.35392083100912913,101
XAM-N6,SPSA,SPSA,63,0.35392083100912913,101
XAM-N6,SPSA,SPSA,64,0.35392083100912913,101
XAM-N6,SPSA,SPSA,65,0.35392083100912913,101
XAM-N6,SPSA,SPSA,66,0.33620771837761276,101
XAM-N6,SPSA,SPSA,67,0.33620771837761276,101
XAM-N6,SPSA,SPSA,68,0.33620771837761276,101
XAM-N6,SPSA,SPSA,69,0.32773082861932845,101
XAM-N6,SPSA,SPSA,70,0.32773082861932845,101
XAM-N6,SPSA,SPSA,71,0.32773082861932845,101
XAM-N6,SPSA,SPSA,72,0.32773082861932845,101
XAM-N6,SPSA,SPSA,73,0.32773082861932845,101
XAM-N6,SPSA,SPSA,74,0.32773082861932845,101
XAM-N6,SPSA,SPSA,75,0.32773082861932845,101
XAM-N6,SPSA,SPSA,76,0.32585269216042195,101
XAM-N6,SPSA,SPSA,77,0.32585269216042195,101
XAM-N6,SPSA,SPSA,78,0.32585269216042195,101
XAM-N6,SPSA,SPSA,79,0.32585269216042195,101
XAM-N6,SPSA,SPSA,80,0.32585269216042195,101
XAM-N6,SPSA,SPSA,81,0.32585269216042195,101
XAM-N6,SPSA,SPSA,82,0.32585269216042195,101
XAM-N6,SPSA,SPSA,83,0.32585269216042195,101
XAM-N6,SPSA,SPSA,84,0.32585269216042195,101
XAM-N6,SPSA,SPSA,85,0.30732851267726335,101
XAM-N6,SPSA,SPSA,86,0.30732851267726335,101
XAM-N6,SPSA,SPSA,87,0.30732851267726335,101
XAM-N6,SPSA,SPSA,88,0.30732851267726335,101
XAM-N6,SPSA,SPSA,89,0.30732851267726335,101
XAM-N6,SPSA,SPSA,90,0.30732851267726335,101
XAM-N6,SPSA,SPSA,91,0.30732851267726335,101
XAM-N6,SPSA,SPSA,92,0.30732851267726335,101
XAM-N6,SPSA,SPSA,93,0.30732851267726335,101
XAM-N6,SPSA,SPSA,94,0.30732851267726335,101
XAM-N6,SPSA,SPSA,95,0.30732851267726335,101
XAM-N6,SPSA,SPSA,96,0.30732851267726335,101
XAM-N6,SPSA,SPSA,97,0.30732851267726335,101
XAM-N6,SPSA,SPSA,98,0.30732851267726335,101
XAM-N6,SPSA,SPSA,99,0.30732851267726335,101
XAM-N6,SPSA,SPSA,100,0.30732851267726335,101
XAM-N6,SPSA,SPSA,1,0.2050609236585958,202
XAM-N6,SPSA,SPSA,2,0.2050609236585958,202
XAM-N6,SPSA,SPSA,3,0.18237783168042845,202
XAM-N6,SPSA,SPSA,4,0.18237783168042845,202
XAM-N6,SPSA,SPSA,5,0.18237783168042845,202
XAM-N6,SPSA,SPSA,6,0.16308076849790937,202
XAM-N6,SPSA,SPSA,7,0.16308076849790937,202
XAM-N6,SPSA,SPSA,8,0.16308076849790937,202
XAM-N6,SPSA,SPSA,9,0.16308076849790937,202
XAM-N6,SPSA,SPSA,10,0.16308076849790937,202
XAM-N6,SPSA,SPSA,11,0.16308076849790937,202
XAM-N6,SPSA,SPSA,12,0.16308076849790937,202
XAM-N6,SPSA,SPSA,13,0.16308076849790937,202
XAM-N6,SPSA,SPSA,14,0.16308076849790937,202
XAM-N6,SPSA,SPSA,15,0.16308076849790937,202
XAM-N6,SPSA,SPSA,16,0.16308076849790937,202
XAM-N6,SPSA,SPSA,17,0.16308076849790937,202
XAM-N6,SPSA,SPSA,18,0.16308076849790937,202
XAM-N6,SPSA,SPSA,19,0.16308076849790937,202
XAM-N6,SPSA,SPSA,20,0.16308076849790937,202
XAM-N6,SPSA,SPSA,21,0.16308076849790937,202
XAM-N6,SPSA,SPSA,22,0.16308076849790937,202
XAM-N6,SPSA,SPSA,23,0.16308076849790937,202
XAM-N6,SPSA,SPSA,24,0.16308076849790937,202
XAM-N6,SPSA,SPSA,25,0.16308076849790937,202
XAM-N6,SPSA,SPSA,26,0.16308076849790937,202
XAM-N6,SPSA,SPSA,27,0.16308076849790937,202
XAM-N6,SPSA,SPSA,28,0.16308076849790937,202
XAM-N6,SPSA,SPSA,29,0.16308076849790937,202
XAM-N6,SPSA,SPSA,30,0.16308076849790937,202
XAM-N6,SPSA,SPSA,31,0.16308076849790937,202
XAM-N6,SPSA,SPSA,32,0.16308076849790937,202
XAM-N6,SPSA,SPSA,33,0.16308076849790937,202
XAM-N6,SPSA,SPSA,34,0.16308076849790937,202
XAM-N6,SPSA,SPSA,35,0.16308076849790937,202
XAM-N6,SPSA,SPSA,36,0.1601210096341749,202
XAM-N6,SPSA,SPSA,37,0.1601210096341749,202
XAM-N6,SPSA,SPSA,38,0.1601210096341749,202
XAM-N6,SPSA,SPSA,39,0.1601210096341749,202
XAM-N6,SPSA,SPSA,40,0.1601210096341749,202
XAM-N6,SPSA,SPSA,41,0.1601210096341749,202
XAM-N6,SPSA,SPSA,42,0.1601210096341749,202
XAM-N6,SPSA,SPSA,43,0.1601210096341749,202
XAM-N6,SPSA,SPSA,44,0.1588142194212017,202
XAM-N6,SPSA,SPSA,45,0.1588142194212017,202
XAM-N6,SPSA,SPSA,46,0.1588142194212017,202
XAM-N6,SPSA,SPSA,47,0.1588142194212017,202
XAM-N6,SPSA,SPSA,48,0.1588142194212017,202
XAM-N6,SPSA,SPSA,49,0.15210982964849398,202
XAM-N6,SPSA,SPSA,50,0.15210982964849398,202
XAM-N6,SPSA,SPSA,51,0.1516296037477885,202
XAM-N6,SPSA,SPSA,52,0.1516296037477885,202
XAM-N6,SPSA,SPSA,53,0.1516296037477885,202
XAM-N6,SPSA,SPSA,54,0.14344827226801815,202
XAM-N6,SPSA,SPSA,55,0.14344827226801815,202
XAM-N6,SPSA,SPSA,56,0.14344827226801815,202
XAM-N6,SPSA,SPSA,57,0.14344827226801815,202
XAM-N6,SPSA,SPSA,58,0.14344827226801815,202
XAM-N6,SPSA,SPSA,59,0.14344827226801815,202
XAM-N6,SPSA,SPSA,60,0.14344827226801815,202
XAM-N6,SPSA,SPSA,61,0.14344827226801815,202
XAM-N6,SPSA,SPSA,62,0.13304546200383255,202
XAM-N6,SPSA,SPSA,63,0.13304546200383255,202
XAM-N6,SPSA,SPSA,64,0.13304546200383255,202
XAM-N6,SPSA,SPSA,65,0.13304546200383255,202
XAM-N6,SPSA,SPSA,66,0.13304546200383255,202
XAM-N6,SPSA,SPSA,67,0.13304546200383255,202
XAM-N6,SPSA,SPSA,68,0.13304546200383255,202
XAM-N6,SPSA,SPSA,69,0.13304546200383255,202
XAM-N6,SPSA,SPSA,70,0.13304546200383255,202
XAM-N6,SPSA,SPSA,71,0.13304546200383255,202
XAM-N6,SPSA,SPSA,72,0.13304546200383255,202
XAM-N6,SPSA,SPSA,73,0.13304546200383255,202
XAM-N6,SPSA,SPSA,74,0.13304546200383255,202
XAM-N6,SPSA,SPSA,75,0.13304546200383255,202
XAM-N6,SPSA,SPSA,76,0.13171250263789552,202
XAM-N6,SPSA,SPSA,77,0.13171250263789552,202
XAM-N6,SPSA,SPSA,78,0.13171250263789552,202
XAM-N6,SPSA,SPSA,79,0.13171250263789552,202
XAM-N6,SPSA,SPSA,80,0.13171250263789552,202
XAM-N6,SPSA,SPSA,81,0.13171250263789552,202
XAM-N6,SPSA,SPSA,82,0.13171250263789552,202
XAM-N6,SPSA,SPSA,83,0.13171250263789552,202
XAM-N6,SPSA,SPSA,84,0.13171250263789552,202
XAM-N6,SPSA,SPSA,85,0.13171250263789552,202
XAM-N6,SPSA,SPSA,86,0.13171250263789552,202
XAM-N6,SPSA,SPSA,87,0.13171250263789552,202
XAM-N6,SPSA,SPSA,88,0.13171250263789552,202
XAM-N6,SPSA,SPSA,89,0.13171250263789552,202
XAM-N6,SPSA,SPSA,90,0.13171250263789552,202
XAM-N6,SPSA,SPSA,91,0.13171250263789552,202
XAM-N6,SPSA,SPSA,92,0.13171250263789552,202
XAM-N6,SPSA,SPSA,93,0.13171250263789552,202
XAM-N6,SPSA,SPSA,94,0.13171250263789552,202
XAM-N6,SPSA,SPSA,95,0.13171250263789552,202
XAM-N6,SPSA,SPSA,96,0.13171250263789552,202
XAM-N6,SPSA,SPSA,97,0.1270438831890725,202
XAM-N6,SPSA,SPSA,98,0.1270438831890725,202
XAM-N6,SPSA,SPSA,99,0.12306971990051843,202
XAM-N6,SPSA,SPSA,100,0.12306971990051843,202
XAM-N6,SPSA,SPSA,1,0.31213266205646817,303
XAM-N6,SPSA,SPSA,2,0.31213266205646817,303
XAM-N6,SPSA,SPSA,3,0.31213266205646817,303
XAM-N6,SPSA,SPSA,4,0.31213266205646817,303
XAM-N6,SPSA,SPSA,5,0.31213266205646817,303
XAM-N6,SPSA,SPSA,6,0.31213266205646817,303
XAM-N6,SPSA,SPSA,7,0.31213266205646817,303
XAM-N6,SPSA,SPSA,8,0.31213266205646817,303
XAM-N6,SPSA,SPSA,9,0.30438159253853947,303
XAM-N6,SPSA,SPSA,10,0.2755489317903438,303
XAM-N6,SPSA,SPSA,11,0.2755489317903438,303
XAM-N6,SPSA,SPSA,12,0.2755489317903438,303
XAM-N6,SPSA,SPSA,13,0.2755489317903438,303
XAM-N6,SPSA,SPSA,14,0.2755489317903438,303
XAM-N6,SPSA,SPSA,15,0.2755489317903438,303
XAM-N6,SPSA,SPSA,16,0.2755489317903438,303
XAM-N6,SPSA,SPSA,17,0.2755489317903438,303
XAM-N6,SPSA,SPSA,18,0.2755489317903438,303
XAM-N6,SPSA,SPSA,19,0.2755489317903438,303
XAM-N6,SPSA,SPSA,20,0.2755489317903438,303
XAM-N6,SPSA,SPSA,21,0.2755489317903438,303
XAM-N6,SPSA,SPSA,22,0.2755489317903438,303
XAM-N6,SPSA,SPSA,23,0.2755489317903438,303
XAM-N6,SPSA,SPSA,24,0.2755489317903438,303
XAM-N6,SPSA,SPSA,25,0.2755489317903438,303
XAM-N6,SPSA,SPSA,26,0.2755489317903438,303
XAM-N6,SPSA,SPSA,27,0.2755489317903438,303
XAM-N6,SPSA,SPSA,28,0.2755489317903438,303
XAM-N6,SPSA,SPSA,29,0.2755489317903438,303
XAM-N6,SPSA,SPSA,30,0.2755489317903438,303
XAM-N6,SPSA,SPSA,31,0.2755489317903438,303
XAM-N6,SPSA,SPSA,32,0.2755489317903438,303
XAM-N6,SPSA,SPSA,33,0.27361828858677706,303
XAM-N6,SPSA,SPSA,34,0.27361828858677706,303
XAM-N6,SPSA,SPSA,35,0.27361828858677706,303
XAM-N6,SPSA,SPSA,36,0.27361828858677706,303
XAM-N6,SPSA,SPSA,37,0.27361828858677706,303
XAM-N6,SPSA,SPSA,38,0.27361828858677706,303
XAM-N6,SPSA,SPSA,39,0.27361828858677706,303
XAM-N6,SPSA,SPSA,40,0.27361828858677706,303
XAM-N6,SPSA,SPSA,41,0.27361828858677706,303
XAM-N6,SPSA,SPSA,42,0.27361828858677706,303
XAM-N6,SPSA,SPSA,43,0.2545703172786653,303
XAM-N6,SPSA,SPSA,44,0.2545703172786653,303
XAM-N6,SPSA,SPSA,45,0.2545703172786653,303
XAM-N6,SPSA,SPSA,46,0.2545703172786653,303
XAM-N6,SPSA,SPSA,47,0.2545703172786653,303
XAM-N6,SPSA,SPSA,48,0.2545703172786653,303
XAM-N6,SPSA,SPSA,49,0.2545703172786653,303
XAM-N6,SPSA,SPSA,50,0.2545703172786653,303
XAM-N6,SPSA,SPSA,51,0.2545703172786653,303
XAM-N6,SPSA,SPSA,52,0.2545703172786653,303
XAM-N6,SPSA,SPSA,53,0.2545703172786653,303
XAM-N6,SPSA,SPSA,54,0.2545703172786653,303
XAM-N6,SPSA,SPSA,55,0.2545703172786653,303
XAM-N6,SPSA,SPSA,56,0.2545703172786653,303
XAM-N6,SPSA,SPSA,57,0.2545703172786653,303
XAM-N6,SPSA,SPSA,58,0.2545703172786653,303
XAM-N6,SPSA,SPSA,59,0.2545703172786653,303
XAM-N6,SPSA,SPSA,60,0.2545703172786653,303
XAM-N6,SPSA,SPSA,61,0.2545703172786653,303
XAM-N6,SPSA,SPSA,62,0.2545703172786653,303
XAM-N6,SPSA,SPSA,63,0.2545703172786653,303
XAM-N6,SPSA,SPSA,64,0.2545703172786653,303
XAM-N6,SPSA,SPSA,65,0.2545703172786653,303
XAM-N6,SPSA,SPSA,66,0.2545703172786653,303
XAM-N6,SPSA,SPSA,67,0.2545703172786653,303
XAM-N6,SPSA,SPSA,68,0.2545703172786653,303
XAM-N6,SPSA,SPSA,69,0.2545703172786653,303
XAM-N6,SPSA,SPSA,70,0.2545703172786653,303
XAM-N6,SPSA,SPSA,71,0.2545703172786653,303
XAM-N6,SPSA,SPSA,72,0.2545703172786653,303
XAM-N6,SPSA,SPSA,73,0.2545703172786653,303
XAM-N6,SPSA,SPSA,74,0.2545703172786653,303
XAM-N6,SPSA,SPSA,75,0.2545703172786653,303
XAM-N6,SPSA,SPSA,76,0.2545703172786653,303
XAM-N6,SPSA,SPSA,77,0.2545703172786653,303
XAM-N6,SPSA,SPSA,78,0.2545703172786653,303
XAM-N6,SPSA,SPSA,79,0.2545703172786653,303
XAM-N6,SPSA,SPSA,80,0.2545703172786653,303
XAM-N6,SPSA,SPSA,81,0.2545703172786653,303
XAM-N6,SPSA,SPSA,82,0.2545703172786653,303
XAM-N6,SPSA,SPSA,83,0.2545703172786653,303
XAM-N6,SPSA,SPSA,84,0.2545703172786653,303
XAM-N6,SPSA,SPSA,85,0.2545703172786653,303
XAM-N6,SPSA,SPSA,86,0.2545703172786653,303
XAM-N6,SPSA,SPSA,87,0.2545703172786653,303
XAM-N6,SPSA,SPSA,88,0.2545703172786653,303
XAM-N6,SPSA,SPSA,89,0.2545703172786653,303
XAM-N6,SPSA,SPSA,90,0.2545703172786653,303
XAM-N6,SPSA,SPSA,91,0.2545703172786653,303
XAM-N6,SPSA,SPSA,92,0.2545703172786653,303
XAM-N6,SPSA,SPSA,93,0.2545703172786653,303
XAM-N6,SPSA,SPSA,94,0.2545703172786653,303
XAM-N6,SPSA,SPSA,95,0.2545703172786653,303
XAM-N6,SPSA,SPSA,96,0.2545703172786653,303
XAM-N6,SPSA,SPSA,97,0.2545703172786653,303
XAM-N6,SPSA,SPSA,98,0.2545703172786653,303
XAM-N6,SPSA,SPSA,99,0.2545703172786653,303
XAM-N6,SPSA,SPSA,100,0.2545703172786653,303
XAM-N6,SPSA,SPSA,1,0.20181736250616875,404
XAM-N6,SPSA,SPSA,2,0.20181736250616875,404
XAM-N6,SPSA,SPSA,3,0.08284444580345746,404
XAM-N6,SPSA,SPSA,4,0.07728286415826495,404
XAM-N6,SPSA,SPSA,5,0.07728286415826495,404
XAM-N6,SPSA,SPSA,6,0.07728286415826495,404
XAM-N6,SPSA,SPSA,7,0.07728286415826495,404
XAM-N6,SPSA,SPSA,8,0.07728286415826495,404
XAM-N6,SPSA,SPSA,9,0.07728286415826495,404
XAM-N6,SPSA,SPSA,10,0.07728286415826495,404
XAM-N6,SPSA,SPSA,11,0.07728286415826495,404
XAM-N6,SPSA,SPSA,12,0.07728286415826495,404
XAM-N6,SPSA,SPSA,13,0.07728286415826495,404
XAM-N6,SPSA,SPSA,14,0.07728286415826495,404
XAM-N6,SPSA,SPSA,15,0.07728286415826495,404
XAM-N6,SPSA,SPSA,16,0.07728286415826495,404
XAM-N6,SPSA,SPSA,17,0.07728286415826495,404
XAM-N6,SPSA,SPSA,18,0.07728286415826495,404
XAM-N6,SPSA,SPSA,19,0.07728286415826495,404
XAM-N6,SPSA,SPSA,20,0.07728286415826495,404
XAM-N6,SPSA,SPSA,21,0.06671063509620309,404
XAM-N6,SPSA,SPSA,22,0.06671063509620309,404
XAM-N6,SPSA,SPSA,23,0.06671063509620309,404
XAM-N6,SPSA,SPSA,24,0.06671063509620309,404
XAM-N6,SPSA,SPSA,25,0.06671063509620309,404
XAM-N6,SPSA,SPSA,26,0.06671063509620309,404
XAM-N6,SPSA,SPSA,27,0.06671063509620309,404
XAM-N6,SPSA,SPSA,28,0.06671063509620309,404
XAM-N6,SPSA,SPSA,29,0.06671063509620309,404
XAM-N6,SPSA,SPSA,30,0.06671063509620309,404
XAM-N6,SPSA,SPSA,31,0.06671063509620309,404
XAM-N6,SPSA,SPSA,32,0.06671063509620309,404
XAM-N6,SPSA,SPSA,33,0.06671063509620309,404
XAM-N6,SPSA,SPSA,34,0.0659718516860316,404
XAM-N6,SPSA,SPSA,35,0.0659718516860316,404
XAM-N6,SPSA,SPSA,36,0.05689925406341482,404
XAM-N6,SPSA,SPSA,37,0.05689925406341482,404
XAM-N6,SPSA,SPSA,38,0.05689925406341482,404
XAM-N6,SPSA,SPSA,39,0.05689925406341482,404
XAM-N6,SPSA,SPSA,40,0.05689925406341482,404
XAM-N6,SPSA,SPSA,41,0.05689925406341482,404
XAM-N6,SPSA,SPSA,42,0.05689925406341482,404
XAM-N6,SPSA,SPSA,43,0.05689925406341482,404
XAM-N6,SPSA,SPSA,44,0.05689925406341482,404
XAM-N6,SPSA,SPSA,45,0.05689925406341482,404
XAM-N6,SPSA,SPSA,46,0.05689925406341482,404
XAM-N6,SPSA,SPSA,47,0.05689925406341482,404
XAM-N6,SPSA,SPSA,48,0.05689925406341482,404
XAM-N6,SPSA,SPSA,49,0.05514480642573775,404
XAM-N6,SPSA,SPSA,50,0.05514480642573775,404
XAM-N6,SPSA,SPSA,51,0.05514480642573775,404
XAM-N6,SPSA,SPSA,52,0.05514480642573775,404
XAM-N6,SPSA,SPSA,53,0.05514480642573775,404
XAM-N6,SPSA,SPSA,54,0.05158641287271258,404
XAM-N6,SPSA,SPSA,55,0.05158641287271258,404
XAM-N6,SPSA,SPSA,56,0.05158641287271258,404
XAM-N6,SPSA,SPSA,57,0.05158641287271258,404
XAM-N6,SPSA,SPSA,58,0.05158641287271258,404
XAM-N6,SPSA,SPSA,59,0.05158641287271258,404
XAM-N6,SPSA,SPSA,60,0.05158641287271258,404
XAM-N6,SPSA,SPSA,61,0.05158641287271258,404
XAM-N6,SPSA,SPSA,62,0.05158641287271258,404
XAM-N6,SPSA,SPSA,63,0.05158641287271258,404
XAM-N6,SPSA,SPSA,64,0.05158641287271258,404
XAM-N6,SPSA,SPSA,65,0.05158641287271258,404
XAM-N6,SPSA,SPSA,66,0.05158641287271258,404
XAM-N6,SPSA,SPSA,67,0.05158641287271258,404
XAM-N6,SPSA,SPSA,68,0.05158641287271258,404
XAM-N6,SPSA,SPSA,69,0.05158641287271258,404
XAM-N6,SPSA,SPSA,70,0.05158641287271258,404
XAM-N6,SPSA,SPSA,71,0.05158641287271258,404
XAM-N6,SPSA,SPSA,72,0.05158641287271258,404
XAM-N6,SPSA,SPSA,73,0.05158641287271258,404
XAM-N6,SPSA,SPSA,74,0.05158641287271258,404
XAM-N6,SPSA,SPSA,75,0.05158641287271258,404
XAM-N6,SPSA,SPSA,76,0.05158641287271258,404
XAM-N6,SPSA,SPSA,77,0.05158641287271258,404
XAM-N6,SPSA,SPSA,78,0.05158641287271258,404
XAM-N6,SPSA,SPSA,79,0.05158641287271258,404
XAM-N6,SPSA,SPSA,80,0.05158641287271258,404
XAM-N6,SPSA,SPSA,81,0.05158641287271258,404
XAM-N6,SPSA,SPSA,82,0.05158641287271258,404
XAM-N6,SPSA,SPSA,83,0.05158641287271258,404
XAM-N6,SPSA,SPSA,84,0.05158641287271258,404
XAM-N6,SPSA,SPSA,85,0.05158641287271258,404
XAM-N6,SPSA,SPSA,86,0.04805172544784557,404
XAM-N6,SPSA,SPSA,87,0.04805172544784557,404
XAM-N6,SPSA,SPSA,88,0.04805172544784557,404
XAM-N6,SPSA,SPSA,89,0.04805172544784557,404
XAM-N6,SPSA,SPSA,90,0.04805172544784557,404
XAM-N6,SPSA,SPSA,91,0.04805172544784557,404
XAM-N6,SPSA,SPSA,92,0.04805172544784557,404
XAM-N6,SPSA,SPSA,93,0.04805172544784557,404
XAM-N6,SPSA,SPSA,94,0.04805172544784557,404
XAM-N6,SPSA,SPSA,95,0.04805172544784557,404
XAM-N6,SPSA,SPSA,96,0.04805172544784557,404
XAM-N6,SPSA,SPSA,97,0.04805172544784557,404
XAM-N6,SPSA,SPSA,98,0.04805172544784557,404
XAM-N6,SPSA,SPSA,99,0.04805172544784557,404
XAM-N6,SPSA,SPSA,100,0.04805172544784557,404
XAM-N6,TPE,TPE,1,0.44150647997435444,42
XAM-N6,TPE,TPE,2,0.2956094488100522,42
XAM-N6,TPE,TPE,3,0.2956094488100522,42
XAM-N6,TPE,TPE,4,0.196094498859287,42
XAM-N6,TPE,TPE,5,0.196094498859287,42
XAM-N6,TPE,TPE,6,0.16925495234036134,42
XAM-N6,TPE,TPE,7,0.10741365777213924,42
XAM-N6,TPE,TPE,8,0.10741365777213924,42
XAM-N6,TPE,TPE,9,0.10741365777213924,42
XAM-N6,TPE,TPE,10,0.10741365777213924,42
XAM-N6,TPE,TPE,11,0.10741365777213924,42
XAM-N6,TPE,TPE,12,0.10741365777213924,42
XAM-N6,TPE,TPE,13,0.10421597842193585,42
XAM-N6,TPE,TPE,14,0.09206884343933704,42
XAM-N6,TPE,TPE,15,0.09206884343933704,42
XAM-N6,TPE,TPE,16,0.09206884343933704,42
XAM-N6,TPE,TPE,17,0.09206884343933704,42
XAM-N6,TPE,TPE,18,0.09206884343933704,42
XAM-N6,TPE,TPE,19,0.0821642556103813,42
XAM-N6,TPE,TPE,20,0.0821642556103813,42
XAM-N6,TPE,TPE,21,0.0821642556103813,42
XAM-N6,TPE,TPE,22,0.0821642556103813,42
XAM-N6,TPE,TPE,23,0.0821642556103813,42
XAM-N6,TPE,TPE,24,0.0821642556103813,42
XAM-N6,TPE,TPE,25,0.0821642556103813,42
XAM-N6,TPE,TPE,26,0.0821642556103813,42
XAM-N6,TPE,TPE,27,0.0821642556103813,42
XAM-N6,TPE,TPE,28,0.0821642556103813,42
XAM-N6,TPE,TPE,29,0.0821642556103813,42
XAM-N6,TPE,TPE,30,0.0821642556103813,42
XAM-N6,TPE,TPE,31,0.0821642556103813,42
XAM-N6,TPE,TPE,32,0.0821642556103813,42
XAM-N6,TPE,TPE,33,0.07667431767693293,42
XAM-N6,TPE,TPE,34,0.07667431767693293,42
XAM-N6,TPE,TPE,35,0.07667431767693293,42
XAM-N6,TPE,TPE,36,0.07667431767693293,42
XAM-N6,TPE,TPE,37,0.07667431767693293,42
XAM-N6,TPE,TPE,38,0.07667431767693293,42
XAM-N6,TPE,TPE,39,0.07667431767693293,42
XAM-N6,TPE,TPE,40,0.07667431767693293,42
XAM-N6,TPE,TPE,41,0.07667431767693293,42
XAM-N6,TPE,TPE,42,0.07667431767693293,42
XAM-N6,TPE,TPE,43,0.06682770882033422,42
XAM-N6,TPE,TPE,44,0.06682770882033422,42
XAM-N6,TPE,TPE,45,0.06221183928907038,42
XAM-N6,TPE,TPE,46,0.06221183928907038,42
XAM-N6,TPE,TPE,47,0.06221183928907038,42
XAM-N6,TPE,TPE,48,0.06221183928907038,42
XAM-N6,TPE,TPE,49,0.06221183928907038,42
XAM-N6,TPE,TPE,50,0.06221183928907038,42
XAM-N6,TPE,TPE,51,0.06221183928907038,42
XAM-N6,TPE,TPE,52,0.06221183928907038,42
XAM-N6,TPE,TPE,53,0.06221183928907038,42
XAM-N6,TPE,TPE,54,0.06221183928907038,42
XAM-N6,TPE,TPE,55,0.06221183928907038,42
XAM-N6,TPE,TPE,56,0.06221183928907038,42
XAM-N6,TPE,TPE,57,0.06221183928907038,42
XAM-N6,TPE,TPE,58,0.06221183928907038,42
XAM-N6,TPE,TPE,59,0.06221183928907038,42
XAM-N6,TPE,TPE,60,0.06221183928907038,42
XAM-N6,TPE,TPE,61,0.06221183928907038,42
XAM-N6,TPE,TPE,62,0.06221183928907038,42
XAM-N6,TPE,TPE,63,0.06221183928907038,42
XAM-N6,TPE,TPE,64,0.06221183928907038,42
XAM-N6,TPE,TPE,65,0.06221183928907038,42
XAM-N6,TPE,TPE,66,0.06221183928907038,42
XAM-N6,TPE,TPE,67,0.06221183928907038,42
XAM-N6,TPE,TPE,68,0.06221183928907038,42
XAM-N6,TPE,TPE,69,0.06221183928907038,42
XAM-N6,TPE,TPE,70,0.06221183928907038,42
XAM-N6,TPE,TPE,71,0.06221183928907038,42
XAM-N6,TPE,TPE,72,0.06221183928907038,42
XAM-N6,TPE,TPE,73,0.06221183928907038,42
XAM-N6,TPE,TPE,74,0.06221183928907038,42
XAM-N6,TPE,TPE,75,0.06221183928907038,42
XAM-N6,TPE,TPE,76,0.06221183928907038,42
XAM-N6,TPE,TPE,77,0.06221183928907038,42
XAM-N6,TPE,TPE,78,0.06221183928907038,42
XAM-N6,TPE,TPE,79,0.06221183928907038,42
XAM-N6,TPE,TPE,80,0.06221183928907038,42
XAM-N6,TPE,TPE,81,0.06221183928907038,42
XAM-N6,TPE,TPE,82,0.06221183928907038,42
XAM-N6,TPE,TPE,83,0.06221183928907038,42
XAM-N6,TPE,TPE,84,0.0560875621098641,42
XAM-N6,TPE,TPE,85,0.0560875621098641,42
XAM-N6,TPE,TPE,86,0.0560875621098641,42
XAM-N6,TPE,TPE,87,0.0560875621098641,42
XAM-N6,TPE,TPE,88,0.0560875621098641,42
XAM-N6,TPE,TPE,89,0.0560875621098641,42
XAM-N6,TPE,TPE,90,0.0560875621098641,42
XAM-N6,TPE,TPE,91,0.0560875621098641,42
XAM-N6,TPE,TPE,92,0.0560875621098641,42
XAM-N6,TPE,TPE,93,0.0560875621098641,42
XAM-N6,TPE,TPE,94,0.0560875621098641,42
XAM-N6,TPE,TPE,95,0.0560875621098641,42
XAM-N6,TPE,TPE,96,0.0560875621098641,42
XAM-N6,TPE,TPE,97,0.0560875621098641,42
XAM-N6,TPE,TPE,98,0.0560875621098641,42
XAM-N6,TPE,TPE,99,0.0560875621098641,42
XAM-N6,TPE,TPE,100,0.0560875621098641,42
XAM-N6,TPE,TPE,1,0.24281495212194368,101
XAM-N6,TPE,TPE,2,0.24281495212194368,101
XAM-N6,TPE,TPE,3,0.24281495212194368,101
XAM-N6,TPE,TPE,4,0.24281495212194368,101
XAM-N6,TPE,TPE,5,0.1551706971323097,101
XAM-N6,TPE,TPE,6,0.1551706971323097,101
XAM-N6,TPE,TPE,7,0.12498483352547418,101
XAM-N6,TPE,TPE,8,0.054714871571959874,101
XAM-N6,TPE,TPE,9,0.054714871571959874,101
XAM-N6,TPE,TPE,10,0.054714871571959874,101
XAM-N6,TPE,TPE,11,0.054714871571959874,101
XAM-N6,TPE,TPE,12,0.054714871571959874,101
XAM-N6,TPE,TPE,13,0.054714871571959874,101
XAM-N6,TPE,TPE,14,0.054714871571959874,101
XAM-N6,TPE,TPE,15,0.054714871571959874,101
XAM-N6,TPE,TPE,16,0.054714871571959874,101
XAM-N6,TPE,TPE,17,0.054714871571959874,101
XAM-N6,TPE,TPE,18,0.054714871571959874,101
XAM-N6,TPE,TPE,19,0.054714871571959874,101
XAM-N6,TPE,TPE,20,0.054714871571959874,101
XAM-N6,TPE,TPE,21,0.054714871571959874,101
XAM-N6,TPE,TPE,22,0.054714871571959874,101
XAM-N6,TPE,TPE,23,0.054714871571959874,101
XAM-N6,TPE,TPE,24,0.054714871571959874,101
XAM-N6,TPE,TPE,25,0.054714871571959874,101
XAM-N6,TPE,TPE,26,0.054714871571959874,101
XAM-N6,TPE,TPE,27,0.054714871571959874,101
XAM-N6,TPE,TPE,28,0.054714871571959874,101
XAM-N6,TPE,TPE,29,0.054714871571959874,101
XAM-N6,TPE,TPE,30,0.054714871571959874,101
XAM-N6,TPE,TPE,31,0.054714871571959874,101
XAM-N6,TPE,TPE,32,0.054714871571959874,101
XAM-N6,TPE,TPE,33,0.054714871571959874,101
XAM-N6,TPE,TPE,34,0.054714871571959874,101
XAM-N6,TPE,TPE,35,0.054714871571959874,101
XAM-N6,TPE,TPE,36,0.054714871571959874,101
XAM-N6,TPE,TPE,37,0.054714871571959874,101
XAM-N6,TPE,TPE,38,0.054714871571959874,101
XAM-N6,TPE,TPE,39,0.054714871571959874,101
XAM-N6,TPE,TPE,40,0.054714871571959874,101
XAM-N6,TPE,TPE,41,0.054714871571959874,101
XAM-N6,TPE,TPE,42,0.054714871571959874,101
XAM-N6,TPE,TPE,43,0.054714871571959874,101
XAM-N6,TPE,TPE,44,0.054714871571959874,101
XAM-N6,TPE,TPE,45,0.054714871571959874,101
XAM-N6,TPE,TPE,46,0.054714871571959874,101
XAM-N6,TPE,TPE,47,0.054714871571959874,101
XAM-N6,TPE,TPE,48,0.04328002804270352,101
XAM-N6,TPE,TPE,49,0.04328002804270352,101
XAM-N6,TPE,TPE,50,0.04328002804270352,101
XAM-N6,TPE,TPE,51,0.04328002804270352,101
XAM-N6,TPE,TPE,52,0.04328002804270352,101
XAM-N6,TPE,TPE,53,0.04328002804270352,101
XAM-N6,TPE,TPE,54,0.04328002804270352,101
XAM-N6,TPE,TPE,55,0.04328002804270352,101
XAM-N6,TPE,TPE,56,0.04328002804270352,101
XAM-N6,TPE,TPE,57,0.04328002804270352,101
XAM-N6,TPE,TPE,58,0.04328002804270352,101
XAM-N6,TPE,TPE,59,0.04328002804270352,101
XAM-N6,TPE,TPE,60,0.04328002804270352,101
XAM-N6,TPE,TPE,61,0.04328002804270352,101
XAM-N6,TPE,TPE,62,0.04328002804270352,101
XAM-N6,TPE,TPE,63,0.04328002804270352,101
XAM-N6,TPE,TPE,64,0.04328002804270352,101
XAM-N6,TPE,TPE,65,0.04328002804270352,101
XAM-N6,TPE,TPE,66,0.04328002804270352,101
XAM-N6,TPE,TPE,67,0.04328002804270352,101
XAM-N6,TPE,TPE,68,0.04328002804270352,101
XAM-N6,TPE,TPE,69,0.04328002804270352,101
XAM-N6,TPE,TPE,70,0.04328002804270352,101
XAM-N6,TPE,TPE,71,0.04328002804270352,101
XAM-N6,TPE,TPE,72,0.04328002804270352,101
XAM-N6,TPE,TPE,73,0.04328002804270352,101
XAM-N6,TPE,TPE,74,0.04328002804270352,101
XAM-N6,TPE,TPE,75,0.04328002804270352,101
XAM-N6,TPE,TPE,76,0.04328002804270352,101
XAM-N6,TPE,TPE,77,0.04328002804270352,101
XAM-N6,TPE,TPE,78,0.04328002804270352,101
XAM-N6,TPE,TPE,79,0.04328002804270352,101
XAM-N6,TPE,TPE,80,0.04328002804270352,101
XAM-N6,TPE,TPE,81,0.04328002804270352,101
XAM-N6,TPE,TPE,82,0.04328002804270352,101
XAM-N6,TPE,TPE,83,0.04328002804270352,101
XAM-N6,TPE,TPE,84,0.04328002804270352,101
XAM-N6,TPE,TPE,85,0.04328002804270352,101
XAM-N6,TPE,TPE,86,0.04328002804270352,101
XAM-N6,TPE,TPE,87,0.04328002804270352,101
XAM-N6,TPE,TPE,88,0.04328002804270352,101
XAM-N6,TPE,TPE,89,0.04328002804270352,101
XAM-N6,TPE,TPE,90,0.04328002804270352,101
XAM-N6,TPE,TPE,91,0.04328002804270352,101
XAM-N6,TPE,TPE,92,0.04328002804270352,101
XAM-N6,TPE,TPE,93,0.04328002804270352,101
XAM-N6,TPE,TPE,94,0.04328002804270352,101
XAM-N6,TPE,TPE,95,0.04328002804270352,101
XAM-N6,TPE,TPE,96,0.04328002804270352,101
XAM-N6,TPE,TPE,97,0.04328002804270352,101
XAM-N6,TPE,TPE,98,0.04328002804270352,101
XAM-N6,TPE,TPE,99,0.04328002804270352,101
XAM-N6,TPE,TPE,100,0.04328002804270352,101
XAM-N6,TPE,TPE,1,0.1460095795814367,202
XAM-N6,TPE,TPE,2,0.1460095795814367,202
XAM-N6,TPE,TPE,3,0.13094667397228357,202
XAM-N6,TPE,TPE,4,0.13094667397228357,202
XAM-N6,TPE,TPE,5,0.13094667397228357,202
XAM-N6,TPE,TPE,6,0.13094667397228357,202
XAM-N6,TPE,TPE,7,0.13094667397228357,202
XAM-N6,TPE,TPE,8,0.13094667397228357,202
XAM-N6,TPE,TPE,9,0.13094667397228357,202
XAM-N6,TPE,TPE,10,0.13094667397228357,202
XAM-N6,TPE,TPE,11,0.13094667397228357,202
XAM-N6,TPE,TPE,12,0.13094667397228357,202
XAM-N6,TPE,TPE,13,0.13094667397228357,202
XAM-N6,TPE,TPE,14,0.13094667397228357,202
XAM-N6,TPE,TPE,15,0.13094667397228357,202
XAM-N6,TPE,TPE,16,0.13094667397228357,202
XAM-N6,TPE,TPE,17,0.13094667397228357,202
XAM-N6,TPE,TPE,18,0.13094667397228357,202
XAM-N6,TPE,TPE,19,0.13094667397228357,202
XAM-N6,TPE,TPE,20,0.13094667397228357,202
XAM-N6,TPE,TPE,21,0.13094667397228357,202
XAM-N6,TPE,TPE,22,0.12835328108884997,202
XAM-N6,TPE,TPE,23,0.12835328108884997,202
XAM-N6,TPE,TPE,24,0.12119960470063046,202
XAM-N6,TPE,TPE,25,0.12119960470063046,202
XAM-N6,TPE,TPE,26,0.12119960470063046,202
XAM-N6,TPE,TPE,27,0.12119960470063046,202
XAM-N6,TPE,TPE,28,0.12119960470063046,202
XAM-N6,TPE,TPE,29,0.12119960470063046,202
XAM-N6,TPE,TPE,30,0.12119960470063046,202
XAM-N6,TPE,TPE,31,0.12119960470063046,202
XAM-N6,TPE,TPE,32,0.12119960470063046,202
XAM-N6,TPE,TPE,33,0.12119960470063046,202
XAM-N6,TPE,TPE,34,0.12119960470063046,202
XAM-N6,TPE,TPE,35,0.12119960470063046,202
XAM-N6,TPE,TPE,36,0.0873768672994546,202
XAM-N6,TPE,TPE,37,0.0873768672994546,202
XAM-N6,TPE,TPE,38,0.0873768672994546,202
XAM-N6,TPE,TPE,39,0.0873768672994546,202
XAM-N6,TPE,TPE,40,0.0873768672994546,202
XAM-N6,TPE,TPE,41,0.06140062554469054,202
XAM-N6,TPE,TPE,42,0.06140062554469054,202
XAM-N6,TPE,TPE,43,0.06140062554469054,202
XAM-N6,TPE,TPE,44,0.06140062554469054,202
XAM-N6,TPE,TPE,45,0.06140062554469054,202
XAM-N6,TPE,TPE,46,0.06140062554469054,202
XAM-N6,TPE,TPE,47,0.06140062554469054,202
XAM-N6,TPE,TPE,48,0.06140062554469054,202
XAM-N6,TPE,TPE,49,0.06140062554469054,202
XAM-N6,TPE,TPE,50,0.06140062554469054,202
XAM-N6,TPE,TPE,51,0.05714774954437391,202
XAM-N6,TPE,TPE,52,0.05714774954437391,202
XAM-N6,TPE,TPE,53,0.05714774954437391,202
XAM-N6,TPE,TPE,54,0.05714774954437391,202
XAM-N6,TPE,TPE,55,0.05714774954437391,202
XAM-N6,TPE,TPE,56,0.05714774954437391,202
XAM-N6,TPE,TPE,57,0.05714774954437391,202
XAM-N6,TPE,TPE,58,0.05714774954437391,202
XAM-N6,TPE,TPE,59,0.05714774954437391,202
XAM-N6,TPE,TPE,60,0.05714774954437391,202
XAM-N6,TPE,TPE,61,0.05714774954437391,202
XAM-N6,TPE,TPE,62,0.05714774954437391,202
XAM-N6,TPE,TPE,63,0.05714774954437391,202
XAM-N6,TPE,TPE,64,0.054272747014207486,202
XAM-N6,TPE,TPE,65,0.054272747014207486,202
XAM-N6,TPE,TPE,66,0.054272747014207486,202
XAM-N6,TPE,TPE,67,0.054272747014207486,202
XAM-N6,TPE,TPE,68,0.054272747014207486,202
XAM-N6,TPE,TPE,69,0.054272747014207486,202
XAM-N6,TPE,TPE,70,0.054272747014207486,202
XAM-N6,TPE,TPE,71,0.054272747014207486,202
XAM-N6,TPE,TPE,72,0.054272747014207486,202
XAM-N6,TPE,TPE,73,0.054272747014207486,202
XAM-N6,TPE,TPE,74,0.054272747014207486,202
XAM-N6,TPE,TPE,75,0.054272747014207486,202
XAM-N6,TPE,TPE,76,0.054272747014207486,202
XAM-N6,TPE,TPE,77,0.054272747014207486,202
XAM-N6,TPE,TPE,78,0.054272747014207486,202
XAM-N6,TPE,TPE,79,0.054272747014207486,202
XAM-N6,TPE,TPE,80,0.054272747014207486,202
XAM-N6,TPE,TPE,81,0.054272747014207486,202
XAM-N6,TPE,TPE,82,0.054272747014207486,202
XAM-N6,TPE,TPE,83,0.054272747014207486,202
XAM-N6,TPE,TPE,84,0.054272747014207486,202
XAM-N6,TPE,TPE,85,0.054272747014207486,202
XAM-N6,TPE,TPE,86,0.054272747014207486,202
XAM-N6,TPE,TPE,87,0.054272747014207486,202
XAM-N6,TPE,TPE,88,0.054272747014207486,202
XAM-N6,TPE,TPE,89,0.054272747014207486,202
XAM-N6,TPE,TPE,90,0.054272747014207486,202
XAM-N6,TPE,TPE,91,0.054272747014207486,202
XAM-N6,TPE,TPE,92,0.054272747014207486,202
XAM-N6,TPE,TPE,93,0.054272747014207486,202
XAM-N6,TPE,TPE,94,0.054272747014207486,202
XAM-N6,TPE,TPE,95,0.054272747014207486,202
XAM-N6,TPE,TPE,96,0.054272747014207486,202
XAM-N6,TPE,TPE,97,0.054272747014207486,202
XAM-N6,TPE,TPE,98,0.054272747014207486,202
XAM-N6,TPE,TPE,99,0.054272747014207486,202
XAM-N6,TPE,TPE,100,0.054272747014207486,202
XAM-N6,TPE,TPE,1,0.36146554388988383,303
XAM-N6,TPE,TPE,2,0.037122375130113947,303
XAM-N6,TPE,TPE,3,0.037122375130113947,303
XAM-N6,TPE,TPE,4,0.037122375130113947,303
XAM-N6,TPE,TPE,5,0.037122375130113947,303
XAM-N6,TPE,TPE,6,0.037122375130113947,303
XAM-N6,TPE,TPE,7,0.037122375130113947,303
XAM-N6,TPE,TPE,8,0.037122375130113947,303
XAM-N6,TPE,TPE,9,0.037122375130113947,303
XAM-N6,TPE,TPE,10,0.037122375130113947,303
XAM-N6,TPE,TPE,11,0.037122375130113947,303
XAM-N6,TPE,TPE,12,0.037122375130113947,303
XAM-N6,TPE,TPE,13,0.037122375130113947,303
XAM-N6,TPE,TPE,14,0.037122375130113947,303
XAM-N6,TPE,TPE,15,0.037122375130113947,303
XAM-N6,TPE,TPE,16,0.037122375130113947,303
XAM-N6,TPE,TPE,17,0.037122375130113947,303
XAM-N6,TPE,TPE,18,0.037122375130113947,303
XAM-N6,TPE,TPE,19,0.037122375130113947,303
XAM-N6,TPE,TPE,20,0.037122375130113947,303
XAM-N6,TPE,TPE,21,0.037122375130113947,303
XAM-N6,TPE,TPE,22,0.037122375130113947,303
XAM-N6,TPE,TPE,23,0.037122375130113947,303
XAM-N6,TPE,TPE,24,0.037122375130113947,303
XAM-N6,TPE,TPE,25,0.037122375130113947,303
XAM-N6,TPE,TPE,26,0.037122375130113947,303
XAM-N6,TPE,TPE,27,0.037122375130113947,303
XAM-N6,TPE,TPE,28,0.037122375130113947,303
XAM-N6,TPE,TPE,29,0.037122375130113947,303
XAM-N6,TPE,TPE,30,0.037122375130113947,303
XAM-N6,TPE,TPE,31,0.037122375130113947,303
XAM-N6,TPE,TPE,32,0.037122375130113947,303
XAM-N6,TPE,TPE,33,0.037122375130113947,303
XAM-N6,TPE,TPE,34,0.037122375130113947,303
XAM-N6,TPE,TPE,35,0.037122375130113947,303
XAM-N6,TPE,TPE,36,0.037122375130113947,303
XAM-N6,TPE,TPE,37,0.037122375130113947,303
XAM-N6,TPE,TPE,38,0.037122375130113947,303
XAM-N6,TPE,TPE,39,0.037122375130113947,303
XAM-N6,TPE,TPE,40,0.037122375130113947,303
XAM-N6,TPE,TPE,41,0.037122375130113947,303
XAM-N6,TPE,TPE,42,0.037122375130113947,303
XAM-N6,TPE,TPE,43,0.037122375130113947,303
XAM-N6,TPE,TPE,44,0.037122375130113947,303
XAM-N6,TPE,TPE,45,0.037122375130113947,303
XAM-N6,TPE,TPE,46,0.037122375130113947,303
XAM-N6,TPE,TPE,47,0.037122375130113947,303
XAM-N6,TPE,TPE,48,0.037122375130113947,303
XAM-N6,TPE,TPE,49,0.037122375130113947,303
XAM-N6,TPE,TPE,50,0.037122375130113947,303
XAM-N6,TPE,TPE,51,0.037122375130113947,303
XAM-N6,TPE,TPE,52,0.037122375130113947,303
XAM-N6,TPE,TPE,53,0.037122375130113947,303
XAM-N6,TPE,TPE,54,0.037122375130113947,303
XAM-N6,TPE,TPE,55,0.037122375130113947,303
XAM-N6,TPE,TPE,56,0.037122375130113947,303
XAM-N6,TPE,TPE,57,0.037122375130113947,303
XAM-N6,TPE,TPE,58,0.037122375130113947,303
XAM-N6,TPE,TPE,59,0.037122375130113947,303
XAM-N6,TPE,TPE,60,0.037122375130113947,303
XAM-N6,TPE,TPE,61,0.037122375130113947,303
XAM-N6,TPE,TPE,62,0.037122375130113947,303
XAM-N6,TPE,TPE,63,0.037122375130113947,303
XAM-N6,TPE,TPE,64,0.037122375130113947,303
XAM-N6,TPE,TPE,65,0.037122375130113947,303
XAM-N6,TPE,TPE,66,0.037122375130113947,303
XAM-N6,TPE,TPE,67,0.037122375130113947,303
XAM-N6,TPE,TPE,68,0.037122375130113947,303
XAM-N6,TPE,TPE,69,0.037122375130113947,303
XAM-N6,TPE,TPE,70,0.037122375130113947,303
XAM-N6,TPE,TPE,71,0.037122375130113947,303
XAM-N6,TPE,TPE,72,0.037122375130113947,303
XAM-N6,TPE,TPE,73,0.037122375130113947,303
XAM-N6,TPE,TPE,74,0.037122375130113947,303
XAM-N6,TPE,TPE,75,0.037122375130113947,303
XAM-N6,TPE,TPE,76,0.037122375130113947,303
XAM-N6,TPE,TPE,77,0.037122375130113947,303
XAM-N6,TPE,TPE,78,0.037122375130113947,303
XAM-N6,TPE,TPE,79,0.037122375130113947,303
XAM-N6,TPE,TPE,80,0.037122375130113947,303
XAM-N6,TPE,TPE,81,0.037122375130113947,303
XAM-N6,TPE,TPE,82,0.037122375130113947,303
XAM-N6,TPE,TPE,83,0.037122375130113947,303
XAM-N6,TPE,TPE,84,0.037122375130113947,303
XAM-N6,TPE,TPE,85,0.037122375130113947,303
XAM-N6,TPE,TPE,86,0.037122375130113947,303
XAM-N6,TPE,TPE,87,0.037122375130113947,303
XAM-N6,TPE,TPE,88,0.037122375130113947,303
XAM-N6,TPE,TPE,89,0.037122375130113947,303
XAM-N6,TPE,TPE,90,0.037122375130113947,303
XAM-N6,TPE,TPE,91,0.037122375130113947,303
XAM-N6,TPE,TPE,92,0.037122375130113947,303
XAM-N6,TPE,TPE,93,0.037122375130113947,303
XAM-N6,TPE,TPE,94,0.037122375130113947,303
XAM-N6,TPE,TPE,95,0.037122375130113947,303
XAM-N6,TPE,TPE,96,0.037122375130113947,303
XAM-N6,TPE,TPE,97,0.037122375130113947,303
XAM-N6,TPE,TPE,98,0.037122375130113947,303
XAM-N6,TPE,TPE,99,0.037122375130113947,303
XAM-N6,TPE,TPE,100,0.037122375130113947,303
XAM-N6,TPE,TPE,1,0.31641324178601704,404
XAM-N6,TPE,TPE,2,0.30084992160812607,404
XAM-N6,TPE,TPE,3,0.30084992160812607,404
XAM-N6,TPE,TPE,4,0.30084992160812607,404
XAM-N6,TPE,TPE,5,0.1415858791424679,404
XAM-N6,TPE,TPE,6,0.1415858791424679,404
XAM-N6,TPE,TPE,7,0.13697034668011637,404
XAM-N6,TPE,TPE,8,0.13697034668011637,404
XAM-N6,TPE,TPE,9,0.13697034668011637,404
XAM-N6,TPE,TPE,10,0.13697034668011637,404
XAM-N6,TPE,TPE,11,0.13697034668011637,404
XAM-N6,TPE,TPE,12,0.13697034668011637,404
XAM-N6,TPE,TPE,13,0.13697034668011637,404
XAM-N6,TPE,TPE,14,0.13697034668011637,404
XAM-N6,TPE,TPE,15,0.1105659144656619,404
XAM-N6,TPE,TPE,16,0.1105659144656619,404
XAM-N6,TPE,TPE,17,0.07718721800897745,404
XAM-N6,TPE,TPE,18,0.07718721800897745,404
XAM-N6,TPE,TPE,19,0.07718721800897745,404
XAM-N6,TPE,TPE,20,0.07718721800897745,404
XAM-N6,TPE,TPE,21,0.07718721800897745,404
XAM-N6,TPE,TPE,22,0.07420623212537092,404
XAM-N6,TPE,TPE,23,0.07420623212537092,404
XAM-N6,TPE,TPE,24,0.07420623212537092,404
XAM-N6,TPE,TPE,25,0.07420623212537092,404
XAM-N6,TPE,TPE,26,0.07420623212537092,404
XAM-N6,TPE,TPE,27,0.07420623212537092,404
XAM-N6,TPE,TPE,28,0.07420623212537092,404
XAM-N6,TPE,TPE,29,0.07420623212537092,404
XAM-N6,TPE,TPE,30,0.07420623212537092,404
XAM-N6,TPE,TPE,31,0.07420623212537092,404
XAM-N6,TPE,TPE,32,0.07420623212537092,404
XAM-N6,TPE,TPE,33,0.07420623212537092,404
XAM-N6,TPE,TPE,34,0.07420623212537092,404
XAM-N6,TPE,TPE,35,0.07420623212537092,404
XAM-N6,TPE,TPE,36,0.07420623212537092,404
XAM-N6,TPE,TPE,37,0.07420623212537092,404
XAM-N6,TPE,TPE,38,0.07420623212537092,404
XAM-N6,TPE,TPE,39,0.07420623212537092,404
XAM-N6,TPE,TPE,40,0.07420623212537092,404
XAM-N6,TPE,TPE,41,0.07420623212537092,404
XAM-N6,TPE,TPE,42,0.07420623212537092,404
XAM-N6,TPE,TPE,43,0.07420623212537092,404
XAM-N6,TPE,TPE,44,0.07420623212537092,404
XAM-N6,TPE,TPE,45,0.07420623212537092,404
XAM-N6,TPE,TPE,46,0.07420623212537092,404
XAM-N6,TPE,TPE,47,0.07420623212537092,404
XAM-N6,TPE,TPE,48,0.07420623212537092,404
XAM-N6,TPE,TPE,49,0.07420623212537092,404
XAM-N6,TPE,TPE,50,0.07420623212537092,404
XAM-N6,TPE,TPE,51,0.07420623212537092,404
XAM-N6,TPE,TPE,52,0.07420623212537092,404
XAM-N6,TPE,TPE,53,0.07291806102295331,404
XAM-N6,TPE,TPE,54,0.06506703678444178,404
XAM-N6,TPE,TPE,55,0.04614302767698672,404
XAM-N6,TPE,TPE,56,0.04614302767698672,404
XAM-N6,TPE,TPE,57,0.04614302767698672,404
XAM-N6,TPE,TPE,58,0.04614302767698672,404
XAM-N6,TPE,TPE,59,0.04614302767698672,404
XAM-N6,TPE,TPE,60,0.04614302767698672,404
XAM-N6,TPE,TPE,61,0.04614302767698672,404
XAM-N6,TPE,TPE,62,0.04614302767698672,404
XAM-N6,TPE,TPE,63,0.04614302767698672,404
XAM-N6,TPE,TPE,64,0.04614302767698672,404
XAM-N6,TPE,TPE,65,0.04614302767698672,404
XAM-N6,TPE,TPE,66,0.04614302767698672,404
XAM-N6,TPE,TPE,67,0.04614302767698672,404
XAM-N6,TPE,TPE,68,0.04614302767698672,404
XAM-N6,TPE,TPE,69,0.04614302767698672,404
XAM-N6,TPE,TPE,70,0.04614302767698672,404
XAM-N6,TPE,TPE,71,0.04614302767698672,404
XAM-N6,TPE,TPE,72,0.04614302767698672,404
XAM-N6,TPE,TPE,73,0.04614302767698672,404
XAM-N6,TPE,TPE,74,0.04614302767698672,404
XAM-N6,TPE,TPE,75,0.04614302767698672,404
XAM-N6,TPE,TPE,76,0.04614302767698672,404
XAM-N6,TPE,TPE,77,0.04614302767698672,404
XAM-N6,TPE,TPE,78,0.04614302767698672,404
XAM-N6,TPE,TPE,79,0.04614302767698672,404
XAM-N6,TPE,TPE,80,0.04614302767698672,404
XAM-N6,TPE,TPE,81,0.04614302767698672,404
XAM-N6,TPE,TPE,82,0.04614302767698672,404
XAM-N6,TPE,TPE,83,0.04614302767698672,404
XAM-N6,TPE,TPE,84,0.04614302767698672,404
XAM-N6,TPE,TPE,85,0.04614302767698672,404
XAM-N6,TPE,TPE,86,0.04614302767698672,404
XAM-N6,TPE,TPE,87,0.04614302767698672,404
XAM-N6,TPE,TPE,88,0.04614302767698672,404
XAM-N6,TPE,TPE,89,0.04614302767698672,404
XAM-N6,TPE,TPE,90,0.04614302767698672,404
XAM-N6,TPE,TPE,91,0.04614302767698672,404
XAM-N6,TPE,TPE,92,0.04614302767698672,404
XAM-N6,TPE,TPE,93,0.04614302767698672,404
XAM-N6,TPE,TPE,94,0.04614302767698672,404
XAM-N6,TPE,TPE,95,0.04572125631221424,404
XAM-N6,TPE,TPE,96,0.04572125631221424,404
XAM-N6,TPE,TPE,97,0.04572125631221424,404
XAM-N6,TPE,TPE,98,0.04572125631221424,404
XAM-N6,TPE,TPE,99,0.04572125631221424,404
XAM-N6,TPE,TPE,100,0.04572125631221424,404
Xian,BF-SAC-GP,BF-SAC-GP,1,0.573195,42
Xian,BF-SAC-GP,BF-SAC-GP,2,0.573195,42
Xian,BF-SAC-GP,BF-SAC-GP,3,0.493472,42
Xian,BF-SAC-GP,BF-SAC-GP,4,0.493472,42
Xian,BF-SAC-GP,BF-SAC-GP,5,0.493472,42
Xian,BF-SAC-GP,BF-SAC-GP,6,0.472285,42
Xian,BF-SAC-GP,BF-SAC-GP,7,0.472285,42
Xian,BF-SAC-GP,BF-SAC-GP,8,0.472285,42
Xian,BF-SAC-GP,BF-SAC-GP,9,0.472285,42
Xian,BF-SAC-GP,BF-SAC-GP,10,0.472285,42
Xian,BF-SAC-GP,BF-SAC-GP,11,0.472285,42
Xian,BF-SAC-GP,BF-SAC-GP,12,0.472285,42
Xian,BF-SAC-GP,BF-SAC-GP,13,0.472285,42
Xian,BF-SAC-GP,BF-SAC-GP,14,0.472285,42
Xian,BF-SAC-GP,BF-SAC-GP,15,0.472285,42
Xian,BF-SAC-GP,BF-SAC-GP,16,0.472285,42
Xian,BF-SAC-GP,BF-SAC-GP,17,0.472285,42
Xian,BF-SAC-GP,BF-SAC-GP,18,0.472285,42
Xian,BF-SAC-GP,BF-SAC-GP,19,0.472285,42
Xian,BF-SAC-GP,BF-SAC-GP,20,0.472285,42
Xian,BF-SAC-GP,BF-SAC-GP,21,0.472285,42
Xian,BF-SAC-GP,BF-SAC-GP,22,0.472285,42
Xian,BF-SAC-GP,BF-SAC-GP,23,0.472285,42
Xian,BF-SAC-GP,BF-SAC-GP,24,0.472285,42
Xian,BF-SAC-GP,BF-SAC-GP,25,0.472285,42
Xian,BF-SAC-GP,BF-SAC-GP,26,0.472285,42
Xian,BF-SAC-GP,BF-SAC-GP,27,0.472285,42
Xian,BF-SAC-GP,BF-SAC-GP,28,0.472285,42
Xian,BF-SAC-GP,BF-SAC-GP,29,0.472285,42
Xian,BF-SAC-GP,BF-SAC-GP,30,0.472285,42
Xian,BF-SAC-GP,BF-SAC-GP,31,0.472285,42
Xian,BF-SAC-GP,BF-SAC-GP,32,0.472285,42
Xian,BF-SAC-GP,BF-SAC-GP,33,0.472285,42
Xian,BF-SAC-GP,BF-SAC-GP,34,0.472285,42
Xian,BF-SAC-GP,BF-SAC-GP,35,0.472285,42
Xian,BF-SAC-GP,BF-SAC-GP,36,0.472285,42
Xian,BF-SAC-GP,BF-SAC-GP,37,0.472285,42
Xian,BF-SAC-GP,BF-SAC-GP,38,0.472285,42
Xian,BF-SAC-GP,BF-SAC-GP,39,0.472285,42
Xian,BF-SAC-GP,BF-SAC-GP,40,0.472285,42
Xian,BF-SAC-GP,BF-SAC-GP,41,0.471461,42
Xian,BF-SAC-GP,BF-SAC-GP,42,0.471461,42
Xian,BF-SAC-GP,BF-SAC-GP,43,0.471461,42
Xian,BF-SAC-GP,BF-SAC-GP,44,0.471461,42
Xian,BF-SAC-GP,BF-SAC-GP,45,0.469517,42
Xian,BF-SAC-GP,BF-SAC-GP,46,0.469517,42
Xian,BF-SAC-GP,BF-SAC-GP,47,0.469517,42
Xian,BF-SAC-GP,BF-SAC-GP,48,0.469517,42
Xian,BF-SAC-GP,BF-SAC-GP,49,0.448741,42
Xian,BF-SAC-GP,BF-SAC-GP,50,0.448741,42
Xian,BF-SAC-GP,BF-SAC-GP,51,0.448741,42
Xian,BF-SAC-GP,BF-SAC-GP,52,0.448741,42
Xian,BF-SAC-GP,BF-SAC-GP,53,0.448741,42
Xian,BF-SAC-GP,BF-SAC-GP,54,0.448741,42
Xian,BF-SAC-GP,BF-SAC-GP,55,0.448741,42
Xian,BF-SAC-GP,BF-SAC-GP,56,0.448741,42
Xian,BF-SAC-GP,BF-SAC-GP,57,0.448741,42
Xian,BF-SAC-GP,BF-SAC-GP,58,0.448517,42
Xian,BF-SAC-GP,BF-SAC-GP,59,0.448517,42
Xian,BF-SAC-GP,BF-SAC-GP,60,0.448517,42
Xian,BF-SAC-GP,BF-SAC-GP,61,0.43972,42
Xian,BF-SAC-GP,BF-SAC-GP,62,0.43972,42
Xian,BF-SAC-GP,BF-SAC-GP,63,0.43972,42
Xian,BF-SAC-GP,BF-SAC-GP,64,0.43972,42
Xian,BF-SAC-GP,BF-SAC-GP,65,0.43972,42
Xian,BF-SAC-GP,BF-SAC-GP,66,0.43972,42
Xian,BF-SAC-GP,BF-SAC-GP,67,0.43972,42
Xian,BF-SAC-GP,BF-SAC-GP,68,0.43972,42
Xian,BF-SAC-GP,BF-SAC-GP,69,0.43972,42
Xian,BF-SAC-GP,BF-SAC-GP,70,0.43972,42
Xian,BF-SAC-GP,BF-SAC-GP,71,0.43972,42
Xian,BF-SAC-GP,BF-SAC-GP,72,0.43972,42
Xian,BF-SAC-GP,BF-SAC-GP,73,0.43972,42
Xian,BF-SAC-GP,BF-SAC-GP,74,0.43972,42
Xian,BF-SAC-GP,BF-SAC-GP,75,0.43972,42
Xian,BF-SAC-GP,BF-SAC-GP,76,0.43972,42
Xian,BF-SAC-GP,BF-SAC-GP,77,0.43972,42
Xian,BF-SAC-GP,BF-SAC-GP,78,0.43972,42
Xian,BF-SAC-GP,BF-SAC-GP,79,0.43972,42
Xian,BF-SAC-GP,BF-SAC-GP,80,0.43972,42
Xian,BF-SAC-GP,BF-SAC-GP,81,0.43972,42
Xian,BF-SAC-GP,BF-SAC-GP,82,0.43972,42
Xian,BF-SAC-GP,BF-SAC-GP,83,0.438611,42
Xian,BF-SAC-GP,BF-SAC-GP,84,0.438611,42
Xian,BF-SAC-GP,BF-SAC-GP,85,0.438611,42
Xian,BF-SAC-GP,BF-SAC-GP,86,0.438611,42
Xian,BF-SAC-GP,BF-SAC-GP,87,0.438611,42
Xian,BF-SAC-GP,BF-SAC-GP,88,0.438611,42
Xian,BF-SAC-GP,BF-SAC-GP,89,0.438611,42
Xian,BF-SAC-GP,BF-SAC-GP,90,0.438611,42
Xian,BF-SAC-GP,BF-SAC-GP,91,0.438611,42
Xian,BF-SAC-GP,BF-SAC-GP,92,0.438611,42
Xian,BF-SAC-GP,BF-SAC-GP,93,0.438611,42
Xian,BF-SAC-GP,BF-SAC-GP,94,0.438611,42
Xian,BF-SAC-GP,BF-SAC-GP,95,0.435685,42
Xian,BF-SAC-GP,BF-SAC-GP,96,0.435685,42
Xian,BF-SAC-GP,BF-SAC-GP,97,0.435685,42
Xian,BF-SAC-GP,BF-SAC-GP,98,0.435685,42
Xian,BF-SAC-GP,BF-SAC-GP,99,0.435685,42
Xian,BF-SAC-GP,BF-SAC-GP,100,0.435685,42
Xian,BF-SAC-GP,BF-SAC-GP,1,0.498732,101
Xian,BF-SAC-GP,BF-SAC-GP,2,0.498732,101
Xian,BF-SAC-GP,BF-SAC-GP,3,0.489417,101
Xian,BF-SAC-GP,BF-SAC-GP,4,0.489417,101
Xian,BF-SAC-GP,BF-SAC-GP,5,0.489417,101
Xian,BF-SAC-GP,BF-SAC-GP,6,0.489417,101
Xian,BF-SAC-GP,BF-SAC-GP,7,0.489417,101
Xian,BF-SAC-GP,BF-SAC-GP,8,0.489417,101
Xian,BF-SAC-GP,BF-SAC-GP,9,0.489417,101
Xian,BF-SAC-GP,BF-SAC-GP,10,0.489417,101
Xian,BF-SAC-GP,BF-SAC-GP,11,0.489417,101
Xian,BF-SAC-GP,BF-SAC-GP,12,0.489417,101
Xian,BF-SAC-GP,BF-SAC-GP,13,0.489417,101
Xian,BF-SAC-GP,BF-SAC-GP,14,0.489417,101
Xian,BF-SAC-GP,BF-SAC-GP,15,0.484259,101
Xian,BF-SAC-GP,BF-SAC-GP,16,0.484259,101
Xian,BF-SAC-GP,BF-SAC-GP,17,0.484259,101
Xian,BF-SAC-GP,BF-SAC-GP,18,0.484259,101
Xian,BF-SAC-GP,BF-SAC-GP,19,0.484259,101
Xian,BF-SAC-GP,BF-SAC-GP,20,0.484259,101
Xian,BF-SAC-GP,BF-SAC-GP,21,0.484259,101
Xian,BF-SAC-GP,BF-SAC-GP,22,0.484259,101
Xian,BF-SAC-GP,BF-SAC-GP,23,0.484259,101
Xian,BF-SAC-GP,BF-SAC-GP,24,0.484259,101
Xian,BF-SAC-GP,BF-SAC-GP,25,0.484259,101
Xian,BF-SAC-GP,BF-SAC-GP,26,0.484259,101
Xian,BF-SAC-GP,BF-SAC-GP,27,0.484259,101
Xian,BF-SAC-GP,BF-SAC-GP,28,0.484259,101
Xian,BF-SAC-GP,BF-SAC-GP,29,0.484259,101
Xian,BF-SAC-GP,BF-SAC-GP,30,0.484259,101
Xian,BF-SAC-GP,BF-SAC-GP,31,0.465102,101
Xian,BF-SAC-GP,BF-SAC-GP,32,0.465102,101
Xian,BF-SAC-GP,BF-SAC-GP,33,0.465102,101
Xian,BF-SAC-GP,BF-SAC-GP,34,0.465102,101
Xian,BF-SAC-GP,BF-SAC-GP,35,0.465102,101
Xian,BF-SAC-GP,BF-SAC-GP,36,0.465102,101
Xian,BF-SAC-GP,BF-SAC-GP,37,0.465102,101
Xian,BF-SAC-GP,BF-SAC-GP,38,0.465102,101
Xian,BF-SAC-GP,BF-SAC-GP,39,0.465102,101
Xian,BF-SAC-GP,BF-SAC-GP,40,0.465102,101
Xian,BF-SAC-GP,BF-SAC-GP,41,0.465102,101
Xian,BF-SAC-GP,BF-SAC-GP,42,0.465102,101
Xian,BF-SAC-GP,BF-SAC-GP,43,0.465102,101
Xian,BF-SAC-GP,BF-SAC-GP,44,0.465102,101
Xian,BF-SAC-GP,BF-SAC-GP,45,0.465102,101
Xian,BF-SAC-GP,BF-SAC-GP,46,0.465102,101
Xian,BF-SAC-GP,BF-SAC-GP,47,0.465102,101
Xian,BF-SAC-GP,BF-SAC-GP,48,0.465102,101
Xian,BF-SAC-GP,BF-SAC-GP,49,0.465102,101
Xian,BF-SAC-GP,BF-SAC-GP,50,0.465102,101
Xian,BF-SAC-GP,BF-SAC-GP,51,0.465102,101
Xian,BF-SAC-GP,BF-SAC-GP,52,0.465102,101
Xian,BF-SAC-GP,BF-SAC-GP,53,0.45676,101
Xian,BF-SAC-GP,BF-SAC-GP,54,0.45676,101
Xian,BF-SAC-GP,BF-SAC-GP,55,0.45676,101
Xian,BF-SAC-GP,BF-SAC-GP,56,0.45676,101
Xian,BF-SAC-GP,BF-SAC-GP,57,0.45676,101
Xian,BF-SAC-GP,BF-SAC-GP,58,0.45676,101
Xian,BF-SAC-GP,BF-SAC-GP,59,0.45676,101
Xian,BF-SAC-GP,BF-SAC-GP,60,0.45676,101
Xian,BF-SAC-GP,BF-SAC-GP,61,0.45676,101
Xian,BF-SAC-GP,BF-SAC-GP,62,0.45676,101
Xian,BF-SAC-GP,BF-SAC-GP,63,0.45676,101
Xian,BF-SAC-GP,BF-SAC-GP,64,0.45676,101
Xian,BF-SAC-GP,BF-SAC-GP,65,0.45676,101
Xian,BF-SAC-GP,BF-SAC-GP,66,0.45676,101
Xian,BF-SAC-GP,BF-SAC-GP,67,0.45676,101
Xian,BF-SAC-GP,BF-SAC-GP,68,0.45676,101
Xian,BF-SAC-GP,BF-SAC-GP,69,0.45676,101
Xian,BF-SAC-GP,BF-SAC-GP,70,0.409244,101
Xian,BF-SAC-GP,BF-SAC-GP,71,0.409244,101
Xian,BF-SAC-GP,BF-SAC-GP,72,0.409244,101
Xian,BF-SAC-GP,BF-SAC-GP,73,0.409244,101
Xian,BF-SAC-GP,BF-SAC-GP,74,0.409244,101
Xian,BF-SAC-GP,BF-SAC-GP,75,0.409244,101
Xian,BF-SAC-GP,BF-SAC-GP,76,0.409244,101
Xian,BF-SAC-GP,BF-SAC-GP,77,0.409244,101
Xian,BF-SAC-GP,BF-SAC-GP,78,0.409244,101
Xian,BF-SAC-GP,BF-SAC-GP,79,0.409244,101
Xian,BF-SAC-GP,BF-SAC-GP,80,0.409244,101
Xian,BF-SAC-GP,BF-SAC-GP,81,0.409244,101
Xian,BF-SAC-GP,BF-SAC-GP,82,0.409244,101
Xian,BF-SAC-GP,BF-SAC-GP,83,0.409244,101
Xian,BF-SAC-GP,BF-SAC-GP,84,0.409244,101
Xian,BF-SAC-GP,BF-SAC-GP,85,0.409244,101
Xian,BF-SAC-GP,BF-SAC-GP,86,0.409244,101
Xian,BF-SAC-GP,BF-SAC-GP,87,0.409244,101
Xian,BF-SAC-GP,BF-SAC-GP,88,0.409244,101
Xian,BF-SAC-GP,BF-SAC-GP,89,0.409244,101
Xian,BF-SAC-GP,BF-SAC-GP,90,0.409244,101
Xian,BF-SAC-GP,BF-SAC-GP,91,0.409244,101
Xian,BF-SAC-GP,BF-SAC-GP,92,0.409244,101
Xian,BF-SAC-GP,BF-SAC-GP,93,0.409244,101
Xian,BF-SAC-GP,BF-SAC-GP,94,0.409244,101
Xian,BF-SAC-GP,BF-SAC-GP,95,0.409244,101
Xian,BF-SAC-GP,BF-SAC-GP,96,0.409244,101
Xian,BF-SAC-GP,BF-SAC-GP,97,0.409244,101
Xian,BF-SAC-GP,BF-SAC-GP,98,0.409244,101
Xian,BF-SAC-GP,BF-SAC-GP,99,0.409244,101
Xian,BF-SAC-GP,BF-SAC-GP,100,0.409244,101
Xian,BF-SAC-GP,BF-SAC-GP,1,0.55187,202
Xian,BF-SAC-GP,BF-SAC-GP,2,0.511373,202
Xian,BF-SAC-GP,BF-SAC-GP,3,0.511373,202
Xian,BF-SAC-GP,BF-SAC-GP,4,0.511373,202
Xian,BF-SAC-GP,BF-SAC-GP,5,0.511373,202
Xian,BF-SAC-GP,BF-SAC-GP,6,0.508101,202
Xian,BF-SAC-GP,BF-SAC-GP,7,0.466493,202
Xian,BF-SAC-GP,BF-SAC-GP,8,0.466493,202
Xian,BF-SAC-GP,BF-SAC-GP,9,0.466493,202
Xian,BF-SAC-GP,BF-SAC-GP,10,0.466493,202
Xian,BF-SAC-GP,BF-SAC-GP,11,0.466493,202
Xian,BF-SAC-GP,BF-SAC-GP,12,0.466493,202
Xian,BF-SAC-GP,BF-SAC-GP,13,0.466493,202
Xian,BF-SAC-GP,BF-SAC-GP,14,0.466493,202
Xian,BF-SAC-GP,BF-SAC-GP,15,0.466493,202
Xian,BF-SAC-GP,BF-SAC-GP,16,0.466493,202
Xian,BF-SAC-GP,BF-SAC-GP,17,0.466493,202
Xian,BF-SAC-GP,BF-SAC-GP,18,0.466493,202
Xian,BF-SAC-GP,BF-SAC-GP,19,0.466493,202
Xian,BF-SAC-GP,BF-SAC-GP,20,0.466493,202
Xian,BF-SAC-GP,BF-SAC-GP,21,0.466493,202
Xian,BF-SAC-GP,BF-SAC-GP,22,0.466493,202
Xian,BF-SAC-GP,BF-SAC-GP,23,0.466493,202
Xian,BF-SAC-GP,BF-SAC-GP,24,0.466493,202
Xian,BF-SAC-GP,BF-SAC-GP,25,0.466493,202
Xian,BF-SAC-GP,BF-SAC-GP,26,0.466493,202
Xian,BF-SAC-GP,BF-SAC-GP,27,0.466493,202
Xian,BF-SAC-GP,BF-SAC-GP,28,0.466493,202
Xian,BF-SAC-GP,BF-SAC-GP,29,0.466493,202
Xian,BF-SAC-GP,BF-SAC-GP,30,0.466493,202
Xian,BF-SAC-GP,BF-SAC-GP,31,0.466493,202
Xian,BF-SAC-GP,BF-SAC-GP,32,0.466493,202
Xian,BF-SAC-GP,BF-SAC-GP,33,0.466493,202
Xian,BF-SAC-GP,BF-SAC-GP,34,0.466493,202
Xian,BF-SAC-GP,BF-SAC-GP,35,0.466493,202
Xian,BF-SAC-GP,BF-SAC-GP,36,0.466493,202
Xian,BF-SAC-GP,BF-SAC-GP,37,0.466493,202
Xian,BF-SAC-GP,BF-SAC-GP,38,0.466493,202
Xian,BF-SAC-GP,BF-SAC-GP,39,0.463019,202
Xian,BF-SAC-GP,BF-SAC-GP,40,0.463019,202
Xian,BF-SAC-GP,BF-SAC-GP,41,0.431318,202
Xian,BF-SAC-GP,BF-SAC-GP,42,0.431318,202
Xian,BF-SAC-GP,BF-SAC-GP,43,0.431318,202
Xian,BF-SAC-GP,BF-SAC-GP,44,0.431318,202
Xian,BF-SAC-GP,BF-SAC-GP,45,0.431318,202
Xian,BF-SAC-GP,BF-SAC-GP,46,0.431318,202
Xian,BF-SAC-GP,BF-SAC-GP,47,0.431318,202
Xian,BF-SAC-GP,BF-SAC-GP,48,0.431318,202
Xian,BF-SAC-GP,BF-SAC-GP,49,0.431318,202
Xian,BF-SAC-GP,BF-SAC-GP,50,0.431318,202
Xian,BF-SAC-GP,BF-SAC-GP,51,0.431318,202
Xian,BF-SAC-GP,BF-SAC-GP,52,0.431318,202
Xian,BF-SAC-GP,BF-SAC-GP,53,0.431318,202
Xian,BF-SAC-GP,BF-SAC-GP,54,0.431318,202
Xian,BF-SAC-GP,BF-SAC-GP,55,0.431318,202
Xian,BF-SAC-GP,BF-SAC-GP,56,0.431318,202
Xian,BF-SAC-GP,BF-SAC-GP,57,0.431318,202
Xian,BF-SAC-GP,BF-SAC-GP,58,0.431318,202
Xian,BF-SAC-GP,BF-SAC-GP,59,0.431318,202
Xian,BF-SAC-GP,BF-SAC-GP,60,0.431318,202
Xian,BF-SAC-GP,BF-SAC-GP,61,0.431318,202
Xian,BF-SAC-GP,BF-SAC-GP,62,0.431318,202
Xian,BF-SAC-GP,BF-SAC-GP,63,0.431318,202
Xian,BF-SAC-GP,BF-SAC-GP,64,0.431318,202
Xian,BF-SAC-GP,BF-SAC-GP,65,0.431318,202
Xian,BF-SAC-GP,BF-SAC-GP,66,0.431318,202
Xian,BF-SAC-GP,BF-SAC-GP,67,0.431318,202
Xian,BF-SAC-GP,BF-SAC-GP,68,0.431318,202
Xian,BF-SAC-GP,BF-SAC-GP,69,0.431318,202
Xian,BF-SAC-GP,BF-SAC-GP,70,0.431318,202
Xian,BF-SAC-GP,BF-SAC-GP,71,0.431318,202
Xian,BF-SAC-GP,BF-SAC-GP,72,0.431318,202
Xian,BF-SAC-GP,BF-SAC-GP,73,0.431318,202
Xian,BF-SAC-GP,BF-SAC-GP,74,0.431318,202
Xian,BF-SAC-GP,BF-SAC-GP,75,0.431318,202
Xian,BF-SAC-GP,BF-SAC-GP,76,0.431318,202
Xian,BF-SAC-GP,BF-SAC-GP,77,0.431318,202
Xian,BF-SAC-GP,BF-SAC-GP,78,0.431318,202
Xian,BF-SAC-GP,BF-SAC-GP,79,0.431318,202
Xian,BF-SAC-GP,BF-SAC-GP,80,0.431318,202
Xian,BF-SAC-GP,BF-SAC-GP,81,0.431318,202
Xian,BF-SAC-GP,BF-SAC-GP,82,0.431318,202
Xian,BF-SAC-GP,BF-SAC-GP,83,0.431318,202
Xian,BF-SAC-GP,BF-SAC-GP,84,0.431318,202
Xian,BF-SAC-GP,BF-SAC-GP,85,0.431318,202
Xian,BF-SAC-GP,BF-SAC-GP,86,0.431318,202
Xian,BF-SAC-GP,BF-SAC-GP,87,0.431318,202
Xian,BF-SAC-GP,BF-SAC-GP,88,0.431318,202
Xian,BF-SAC-GP,BF-SAC-GP,89,0.431318,202
Xian,BF-SAC-GP,BF-SAC-GP,90,0.431318,202
Xian,BF-SAC-GP,BF-SAC-GP,91,0.431318,202
Xian,BF-SAC-GP,BF-SAC-GP,92,0.431318,202
Xian,BF-SAC-GP,BF-SAC-GP,93,0.431318,202
Xian,BF-SAC-GP,BF-SAC-GP,94,0.431318,202
Xian,BF-SAC-GP,BF-SAC-GP,95,0.416133,202
Xian,BF-SAC-GP,BF-SAC-GP,96,0.416133,202
Xian,BF-SAC-GP,BF-SAC-GP,97,0.416133,202
Xian,BF-SAC-GP,BF-SAC-GP,98,0.416133,202
Xian,BF-SAC-GP,BF-SAC-GP,99,0.416133,202
Xian,BF-SAC-GP,BF-SAC-GP,100,0.416133,202
Xian,BF-SAC-GP,BF-SAC-GP,1,0.517242,303
Xian,BF-SAC-GP,BF-SAC-GP,2,0.517242,303
Xian,BF-SAC-GP,BF-SAC-GP,3,0.517242,303
Xian,BF-SAC-GP,BF-SAC-GP,4,0.517242,303
Xian,BF-SAC-GP,BF-SAC-GP,5,0.517242,303
Xian,BF-SAC-GP,BF-SAC-GP,6,0.517242,303
Xian,BF-SAC-GP,BF-SAC-GP,7,0.439151,303
Xian,BF-SAC-GP,BF-SAC-GP,8,0.439151,303
Xian,BF-SAC-GP,BF-SAC-GP,9,0.439151,303
Xian,BF-SAC-GP,BF-SAC-GP,10,0.439151,303
Xian,BF-SAC-GP,BF-SAC-GP,11,0.439151,303
Xian,BF-SAC-GP,BF-SAC-GP,12,0.439151,303
Xian,BF-SAC-GP,BF-SAC-GP,13,0.439151,303
Xian,BF-SAC-GP,BF-SAC-GP,14,0.439151,303
Xian,BF-SAC-GP,BF-SAC-GP,15,0.439151,303
Xian,BF-SAC-GP,BF-SAC-GP,16,0.439151,303
Xian,BF-SAC-GP,BF-SAC-GP,17,0.439151,303
Xian,BF-SAC-GP,BF-SAC-GP,18,0.439151,303
Xian,BF-SAC-GP,BF-SAC-GP,19,0.439151,303
Xian,BF-SAC-GP,BF-SAC-GP,20,0.439151,303
Xian,BF-SAC-GP,BF-SAC-GP,21,0.439151,303
Xian,BF-SAC-GP,BF-SAC-GP,22,0.439151,303
Xian,BF-SAC-GP,BF-SAC-GP,23,0.439151,303
Xian,BF-SAC-GP,BF-SAC-GP,24,0.439151,303
Xian,BF-SAC-GP,BF-SAC-GP,25,0.439151,303
Xian,BF-SAC-GP,BF-SAC-GP,26,0.439151,303
Xian,BF-SAC-GP,BF-SAC-GP,27,0.439151,303
Xian,BF-SAC-GP,BF-SAC-GP,28,0.439151,303
Xian,BF-SAC-GP,BF-SAC-GP,29,0.439151,303
Xian,BF-SAC-GP,BF-SAC-GP,30,0.439151,303
Xian,BF-SAC-GP,BF-SAC-GP,31,0.439151,303
Xian,BF-SAC-GP,BF-SAC-GP,32,0.439151,303
Xian,BF-SAC-GP,BF-SAC-GP,33,0.439151,303
Xian,BF-SAC-GP,BF-SAC-GP,34,0.439151,303
Xian,BF-SAC-GP,BF-SAC-GP,35,0.439151,303
Xian,BF-SAC-GP,BF-SAC-GP,36,0.439151,303
Xian,BF-SAC-GP,BF-SAC-GP,37,0.439151,303
Xian,BF-SAC-GP,BF-SAC-GP,38,0.439151,303
Xian,BF-SAC-GP,BF-SAC-GP,39,0.439151,303
Xian,BF-SAC-GP,BF-SAC-GP,40,0.439151,303
Xian,BF-SAC-GP,BF-SAC-GP,41,0.439151,303
Xian,BF-SAC-GP,BF-SAC-GP,42,0.439151,303
Xian,BF-SAC-GP,BF-SAC-GP,43,0.439151,303
Xian,BF-SAC-GP,BF-SAC-GP,44,0.439151,303
Xian,BF-SAC-GP,BF-SAC-GP,45,0.439151,303
Xian,BF-SAC-GP,BF-SAC-GP,46,0.439151,303
Xian,BF-SAC-GP,BF-SAC-GP,47,0.439151,303
Xian,BF-SAC-GP,BF-SAC-GP,48,0.439151,303
Xian,BF-SAC-GP,BF-SAC-GP,49,0.439151,303
Xian,BF-SAC-GP,BF-SAC-GP,50,0.439151,303
Xian,BF-SAC-GP,BF-SAC-GP,51,0.439151,303
Xian,BF-SAC-GP,BF-SAC-GP,52,0.439151,303
Xian,BF-SAC-GP,BF-SAC-GP,53,0.439151,303
Xian,BF-SAC-GP,BF-SAC-GP,54,0.439151,303
Xian,BF-SAC-GP,BF-SAC-GP,55,0.439151,303
Xian,BF-SAC-GP,BF-SAC-GP,56,0.439151,303
Xian,BF-SAC-GP,BF-SAC-GP,57,0.439151,303
Xian,BF-SAC-GP,BF-SAC-GP,58,0.439151,303
Xian,BF-SAC-GP,BF-SAC-GP,59,0.439151,303
Xian,BF-SAC-GP,BF-SAC-GP,60,0.439151,303
Xian,BF-SAC-GP,BF-SAC-GP,61,0.439151,303
Xian,BF-SAC-GP,BF-SAC-GP,62,0.439151,303
Xian,BF-SAC-GP,BF-SAC-GP,63,0.439151,303
Xian,BF-SAC-GP,BF-SAC-GP,64,0.439151,303
Xian,BF-SAC-GP,BF-SAC-GP,65,0.439151,303
Xian,BF-SAC-GP,BF-SAC-GP,66,0.439151,303
Xian,BF-SAC-GP,BF-SAC-GP,67,0.439151,303
Xian,BF-SAC-GP,BF-SAC-GP,68,0.439151,303
Xian,BF-SAC-GP,BF-SAC-GP,69,0.439151,303
Xian,BF-SAC-GP,BF-SAC-GP,70,0.439151,303
Xian,BF-SAC-GP,BF-SAC-GP,71,0.439151,303
Xian,BF-SAC-GP,BF-SAC-GP,72,0.439151,303
Xian,BF-SAC-GP,BF-SAC-GP,73,0.439151,303
Xian,BF-SAC-GP,BF-SAC-GP,74,0.439151,303
Xian,BF-SAC-GP,BF-SAC-GP,75,0.436984,303
Xian,BF-SAC-GP,BF-SAC-GP,76,0.430981,303
Xian,BF-SAC-GP,BF-SAC-GP,77,0.430981,303
Xian,BF-SAC-GP,BF-SAC-GP,78,0.430981,303
Xian,BF-SAC-GP,BF-SAC-GP,79,0.430981,303
Xian,BF-SAC-GP,BF-SAC-GP,80,0.430981,303
Xian,BF-SAC-GP,BF-SAC-GP,81,0.430981,303
Xian,BF-SAC-GP,BF-SAC-GP,82,0.430981,303
Xian,BF-SAC-GP,BF-SAC-GP,83,0.417901,303
Xian,BF-SAC-GP,BF-SAC-GP,84,0.417901,303
Xian,BF-SAC-GP,BF-SAC-GP,85,0.417901,303
Xian,BF-SAC-GP,BF-SAC-GP,86,0.417901,303
Xian,BF-SAC-GP,BF-SAC-GP,87,0.417901,303
Xian,BF-SAC-GP,BF-SAC-GP,88,0.417901,303
Xian,BF-SAC-GP,BF-SAC-GP,89,0.417901,303
Xian,BF-SAC-GP,BF-SAC-GP,90,0.417901,303
Xian,BF-SAC-GP,BF-SAC-GP,91,0.417901,303
Xian,BF-SAC-GP,BF-SAC-GP,92,0.417901,303
Xian,BF-SAC-GP,BF-SAC-GP,93,0.417901,303
Xian,BF-SAC-GP,BF-SAC-GP,94,0.417901,303
Xian,BF-SAC-GP,BF-SAC-GP,95,0.417901,303
Xian,BF-SAC-GP,BF-SAC-GP,96,0.417901,303
Xian,BF-SAC-GP,BF-SAC-GP,97,0.417901,303
Xian,BF-SAC-GP,BF-SAC-GP,98,0.417901,303
Xian,BF-SAC-GP,BF-SAC-GP,99,0.417901,303
Xian,BF-SAC-GP,BF-SAC-GP,100,0.417901,303
Xian,BF-SAC-GP,BF-SAC-GP,1,0.519051,404
Xian,BF-SAC-GP,BF-SAC-GP,2,0.495732,404
Xian,BF-SAC-GP,BF-SAC-GP,3,0.495732,404
Xian,BF-SAC-GP,BF-SAC-GP,4,0.495732,404
Xian,BF-SAC-GP,BF-SAC-GP,5,0.495732,404
Xian,BF-SAC-GP,BF-SAC-GP,6,0.495732,404
Xian,BF-SAC-GP,BF-SAC-GP,7,0.495732,404
Xian,BF-SAC-GP,BF-SAC-GP,8,0.495732,404
Xian,BF-SAC-GP,BF-SAC-GP,9,0.495732,404
Xian,BF-SAC-GP,BF-SAC-GP,10,0.495732,404
Xian,BF-SAC-GP,BF-SAC-GP,11,0.495732,404
Xian,BF-SAC-GP,BF-SAC-GP,12,0.495732,404
Xian,BF-SAC-GP,BF-SAC-GP,13,0.495732,404
Xian,BF-SAC-GP,BF-SAC-GP,14,0.495732,404
Xian,BF-SAC-GP,BF-SAC-GP,15,0.495732,404
Xian,BF-SAC-GP,BF-SAC-GP,16,0.495732,404
Xian,BF-SAC-GP,BF-SAC-GP,17,0.495732,404
Xian,BF-SAC-GP,BF-SAC-GP,18,0.484402,404
Xian,BF-SAC-GP,BF-SAC-GP,19,0.484402,404
Xian,BF-SAC-GP,BF-SAC-GP,20,0.484402,404
Xian,BF-SAC-GP,BF-SAC-GP,21,0.484402,404
Xian,BF-SAC-GP,BF-SAC-GP,22,0.445982,404
Xian,BF-SAC-GP,BF-SAC-GP,23,0.445982,404
Xian,BF-SAC-GP,BF-SAC-GP,24,0.445982,404
Xian,BF-SAC-GP,BF-SAC-GP,25,0.445982,404
Xian,BF-SAC-GP,BF-SAC-GP,26,0.445982,404
Xian,BF-SAC-GP,BF-SAC-GP,27,0.445982,404
Xian,BF-SAC-GP,BF-SAC-GP,28,0.445982,404
Xian,BF-SAC-GP,BF-SAC-GP,29,0.445982,404
Xian,BF-SAC-GP,BF-SAC-GP,30,0.445982,404
Xian,BF-SAC-GP,BF-SAC-GP,31,0.445982,404
Xian,BF-SAC-GP,BF-SAC-GP,32,0.445982,404
Xian,BF-SAC-GP,BF-SAC-GP,33,0.445982,404
Xian,BF-SAC-GP,BF-SAC-GP,34,0.445982,404
Xian,BF-SAC-GP,BF-SAC-GP,35,0.445982,404
Xian,BF-SAC-GP,BF-SAC-GP,36,0.445982,404
Xian,BF-SAC-GP,BF-SAC-GP,37,0.445982,404
Xian,BF-SAC-GP,BF-SAC-GP,38,0.445982,404
Xian,BF-SAC-GP,BF-SAC-GP,39,0.445982,404
Xian,BF-SAC-GP,BF-SAC-GP,40,0.445982,404
Xian,BF-SAC-GP,BF-SAC-GP,41,0.445982,404
Xian,BF-SAC-GP,BF-SAC-GP,42,0.445982,404
Xian,BF-SAC-GP,BF-SAC-GP,43,0.445982,404
Xian,BF-SAC-GP,BF-SAC-GP,44,0.445982,404
Xian,BF-SAC-GP,BF-SAC-GP,45,0.445982,404
Xian,BF-SAC-GP,BF-SAC-GP,46,0.436028,404
Xian,BF-SAC-GP,BF-SAC-GP,47,0.436028,404
Xian,BF-SAC-GP,BF-SAC-GP,48,0.436028,404
Xian,BF-SAC-GP,BF-SAC-GP,49,0.436028,404
Xian,BF-SAC-GP,BF-SAC-GP,50,0.436028,404
Xian,BF-SAC-GP,BF-SAC-GP,51,0.436028,404
Xian,BF-SAC-GP,BF-SAC-GP,52,0.42552,404
Xian,BF-SAC-GP,BF-SAC-GP,53,0.42552,404
Xian,BF-SAC-GP,BF-SAC-GP,54,0.42552,404
Xian,BF-SAC-GP,BF-SAC-GP,55,0.42552,404
Xian,BF-SAC-GP,BF-SAC-GP,56,0.42552,404
Xian,BF-SAC-GP,BF-SAC-GP,57,0.42552,404
Xian,BF-SAC-GP,BF-SAC-GP,58,0.42552,404
Xian,BF-SAC-GP,BF-SAC-GP,59,0.42552,404
Xian,BF-SAC-GP,BF-SAC-GP,60,0.411697,404
Xian,BF-SAC-GP,BF-SAC-GP,61,0.411697,404
Xian,BF-SAC-GP,BF-SAC-GP,62,0.411697,404
Xian,BF-SAC-GP,BF-SAC-GP,63,0.411697,404
Xian,BF-SAC-GP,BF-SAC-GP,64,0.411697,404
Xian,BF-SAC-GP,BF-SAC-GP,65,0.411697,404
Xian,BF-SAC-GP,BF-SAC-GP,66,0.411697,404
Xian,BF-SAC-GP,BF-SAC-GP,67,0.411697,404
Xian,BF-SAC-GP,BF-SAC-GP,68,0.411697,404
Xian,BF-SAC-GP,BF-SAC-GP,69,0.411697,404
Xian,BF-SAC-GP,BF-SAC-GP,70,0.411697,404
Xian,BF-SAC-GP,BF-SAC-GP,71,0.411697,404
Xian,BF-SAC-GP,BF-SAC-GP,72,0.411697,404
Xian,BF-SAC-GP,BF-SAC-GP,73,0.411697,404
Xian,BF-SAC-GP,BF-SAC-GP,74,0.411697,404
Xian,BF-SAC-GP,BF-SAC-GP,75,0.411697,404
Xian,BF-SAC-GP,BF-SAC-GP,76,0.411697,404
Xian,BF-SAC-GP,BF-SAC-GP,77,0.411697,404
Xian,BF-SAC-GP,BF-SAC-GP,78,0.411697,404
Xian,BF-SAC-GP,BF-SAC-GP,79,0.411697,404
Xian,BF-SAC-GP,BF-SAC-GP,80,0.411697,404
Xian,BF-SAC-GP,BF-SAC-GP,81,0.411697,404
Xian,BF-SAC-GP,BF-SAC-GP,82,0.411697,404
Xian,BF-SAC-GP,BF-SAC-GP,83,0.411697,404
Xian,BF-SAC-GP,BF-SAC-GP,84,0.411697,404
Xian,BF-SAC-GP,BF-SAC-GP,85,0.411697,404
Xian,BF-SAC-GP,BF-SAC-GP,86,0.411697,404
Xian,BF-SAC-GP,BF-SAC-GP,87,0.411697,404
Xian,BF-SAC-GP,BF-SAC-GP,88,0.411697,404
Xian,BF-SAC-GP,BF-SAC-GP,89,0.411697,404
Xian,BF-SAC-GP,BF-SAC-GP,90,0.411697,404
Xian,BF-SAC-GP,BF-SAC-GP,91,0.411697,404
Xian,BF-SAC-GP,BF-SAC-GP,92,0.411697,404
Xian,BF-SAC-GP,BF-SAC-GP,93,0.411697,404
Xian,BF-SAC-GP,BF-SAC-GP,94,0.411697,404
Xian,BF-SAC-GP,BF-SAC-GP,95,0.411697,404
Xian,BF-SAC-GP,BF-SAC-GP,96,0.411697,404
Xian,BF-SAC-GP,BF-SAC-GP,97,0.411697,404
Xian,BF-SAC-GP,BF-SAC-GP,98,0.411697,404
Xian,BF-SAC-GP,BF-SAC-GP,99,0.411697,404
Xian,BF-SAC-GP,BF-SAC-GP,100,0.411697,404
Xian,BF-SAC-MLP,BF-SAC-MLP,1,0.488063,42
Xian,BF-SAC-MLP,BF-SAC-MLP,2,0.488063,42
Xian,BF-SAC-MLP,BF-SAC-MLP,3,0.482166,42
Xian,BF-SAC-MLP,BF-SAC-MLP,4,0.482166,42
Xian,BF-SAC-MLP,BF-SAC-MLP,5,0.482166,42
Xian,BF-SAC-MLP,BF-SAC-MLP,6,0.482166,42
Xian,BF-SAC-MLP,BF-SAC-MLP,7,0.481373,42
Xian,BF-SAC-MLP,BF-SAC-MLP,8,0.481373,42
Xian,BF-SAC-MLP,BF-SAC-MLP,9,0.481373,42
Xian,BF-SAC-MLP,BF-SAC-MLP,10,0.481373,42
Xian,BF-SAC-MLP,BF-SAC-MLP,11,0.481373,42
Xian,BF-SAC-MLP,BF-SAC-MLP,12,0.481373,42
Xian,BF-SAC-MLP,BF-SAC-MLP,13,0.481373,42
Xian,BF-SAC-MLP,BF-SAC-MLP,14,0.481373,42
Xian,BF-SAC-MLP,BF-SAC-MLP,15,0.481373,42
Xian,BF-SAC-MLP,BF-SAC-MLP,16,0.481373,42
Xian,BF-SAC-MLP,BF-SAC-MLP,17,0.481373,42
Xian,BF-SAC-MLP,BF-SAC-MLP,18,0.481373,42
Xian,BF-SAC-MLP,BF-SAC-MLP,19,0.481373,42
Xian,BF-SAC-MLP,BF-SAC-MLP,20,0.481373,42
Xian,BF-SAC-MLP,BF-SAC-MLP,21,0.481373,42
Xian,BF-SAC-MLP,BF-SAC-MLP,22,0.453934,42
Xian,BF-SAC-MLP,BF-SAC-MLP,23,0.453934,42
Xian,BF-SAC-MLP,BF-SAC-MLP,24,0.453934,42
Xian,BF-SAC-MLP,BF-SAC-MLP,25,0.453934,42
Xian,BF-SAC-MLP,BF-SAC-MLP,26,0.453934,42
Xian,BF-SAC-MLP,BF-SAC-MLP,27,0.453934,42
Xian,BF-SAC-MLP,BF-SAC-MLP,28,0.453934,42
Xian,BF-SAC-MLP,BF-SAC-MLP,29,0.453934,42
Xian,BF-SAC-MLP,BF-SAC-MLP,30,0.453934,42
Xian,BF-SAC-MLP,BF-SAC-MLP,31,0.453934,42
Xian,BF-SAC-MLP,BF-SAC-MLP,32,0.453934,42
Xian,BF-SAC-MLP,BF-SAC-MLP,33,0.453934,42
Xian,BF-SAC-MLP,BF-SAC-MLP,34,0.453934,42
Xian,BF-SAC-MLP,BF-SAC-MLP,35,0.453934,42
Xian,BF-SAC-MLP,BF-SAC-MLP,36,0.453934,42
Xian,BF-SAC-MLP,BF-SAC-MLP,37,0.453934,42
Xian,BF-SAC-MLP,BF-SAC-MLP,38,0.453934,42
Xian,BF-SAC-MLP,BF-SAC-MLP,39,0.453934,42
Xian,BF-SAC-MLP,BF-SAC-MLP,40,0.453934,42
Xian,BF-SAC-MLP,BF-SAC-MLP,41,0.453934,42
Xian,BF-SAC-MLP,BF-SAC-MLP,42,0.453934,42
Xian,BF-SAC-MLP,BF-SAC-MLP,43,0.453934,42
Xian,BF-SAC-MLP,BF-SAC-MLP,44,0.453934,42
Xian,BF-SAC-MLP,BF-SAC-MLP,45,0.453934,42
Xian,BF-SAC-MLP,BF-SAC-MLP,46,0.453934,42
Xian,BF-SAC-MLP,BF-SAC-MLP,47,0.453934,42
Xian,BF-SAC-MLP,BF-SAC-MLP,48,0.453934,42
Xian,BF-SAC-MLP,BF-SAC-MLP,49,0.453934,42
Xian,BF-SAC-MLP,BF-SAC-MLP,50,0.453934,42
Xian,BF-SAC-MLP,BF-SAC-MLP,51,0.453934,42
Xian,BF-SAC-MLP,BF-SAC-MLP,52,0.453934,42
Xian,BF-SAC-MLP,BF-SAC-MLP,53,0.453934,42
Xian,BF-SAC-MLP,BF-SAC-MLP,54,0.453934,42
Xian,BF-SAC-MLP,BF-SAC-MLP,55,0.453934,42
Xian,BF-SAC-MLP,BF-SAC-MLP,56,0.453934,42
Xian,BF-SAC-MLP,BF-SAC-MLP,57,0.453934,42
Xian,BF-SAC-MLP,BF-SAC-MLP,58,0.453934,42
Xian,BF-SAC-MLP,BF-SAC-MLP,59,0.453934,42
Xian,BF-SAC-MLP,BF-SAC-MLP,60,0.448072,42
Xian,BF-SAC-MLP,BF-SAC-MLP,61,0.448072,42
Xian,BF-SAC-MLP,BF-SAC-MLP,62,0.448072,42
Xian,BF-SAC-MLP,BF-SAC-MLP,63,0.420034,42
Xian,BF-SAC-MLP,BF-SAC-MLP,64,0.420034,42
Xian,BF-SAC-MLP,BF-SAC-MLP,65,0.420034,42
Xian,BF-SAC-MLP,BF-SAC-MLP,66,0.420034,42
Xian,BF-SAC-MLP,BF-SAC-MLP,67,0.420034,42
Xian,BF-SAC-MLP,BF-SAC-MLP,68,0.420034,42
Xian,BF-SAC-MLP,BF-SAC-MLP,69,0.420034,42
Xian,BF-SAC-MLP,BF-SAC-MLP,70,0.420034,42
Xian,BF-SAC-MLP,BF-SAC-MLP,71,0.420034,42
Xian,BF-SAC-MLP,BF-SAC-MLP,72,0.420034,42
Xian,BF-SAC-MLP,BF-SAC-MLP,73,0.420034,42
Xian,BF-SAC-MLP,BF-SAC-MLP,74,0.420034,42
Xian,BF-SAC-MLP,BF-SAC-MLP,75,0.420034,42
Xian,BF-SAC-MLP,BF-SAC-MLP,76,0.420034,42
Xian,BF-SAC-MLP,BF-SAC-MLP,77,0.420034,42
Xian,BF-SAC-MLP,BF-SAC-MLP,78,0.420034,42
Xian,BF-SAC-MLP,BF-SAC-MLP,79,0.420034,42
Xian,BF-SAC-MLP,BF-SAC-MLP,80,0.420034,42
Xian,BF-SAC-MLP,BF-SAC-MLP,81,0.420034,42
Xian,BF-SAC-MLP,BF-SAC-MLP,82,0.420034,42
Xian,BF-SAC-MLP,BF-SAC-MLP,83,0.420034,42
Xian,BF-SAC-MLP,BF-SAC-MLP,84,0.420034,42
Xian,BF-SAC-MLP,BF-SAC-MLP,85,0.420034,42
Xian,BF-SAC-MLP,BF-SAC-MLP,86,0.420034,42
Xian,BF-SAC-MLP,BF-SAC-MLP,87,0.420034,42
Xian,BF-SAC-MLP,BF-SAC-MLP,88,0.420034,42
Xian,BF-SAC-MLP,BF-SAC-MLP,89,0.420034,42
Xian,BF-SAC-MLP,BF-SAC-MLP,90,0.420034,42
Xian,BF-SAC-MLP,BF-SAC-MLP,91,0.420034,42
Xian,BF-SAC-MLP,BF-SAC-MLP,92,0.420034,42
Xian,BF-SAC-MLP,BF-SAC-MLP,93,0.420034,42
Xian,BF-SAC-MLP,BF-SAC-MLP,94,0.420034,42
Xian,BF-SAC-MLP,BF-SAC-MLP,95,0.420034,42
Xian,BF-SAC-MLP,BF-SAC-MLP,96,0.420034,42
Xian,BF-SAC-MLP,BF-SAC-MLP,97,0.420034,42
Xian,BF-SAC-MLP,BF-SAC-MLP,98,0.420034,42
Xian,BF-SAC-MLP,BF-SAC-MLP,99,0.420034,42
Xian,BF-SAC-MLP,BF-SAC-MLP,100,0.420034,42
Xian,BF-SAC-MLP,BF-SAC-MLP,1,0.528574,101
Xian,BF-SAC-MLP,BF-SAC-MLP,2,0.528574,101
Xian,BF-SAC-MLP,BF-SAC-MLP,3,0.52776,101
Xian,BF-SAC-MLP,BF-SAC-MLP,4,0.504394,101
Xian,BF-SAC-MLP,BF-SAC-MLP,5,0.504394,101
Xian,BF-SAC-MLP,BF-SAC-MLP,6,0.504394,101
Xian,BF-SAC-MLP,BF-SAC-MLP,7,0.477807,101
Xian,BF-SAC-MLP,BF-SAC-MLP,8,0.477807,101
Xian,BF-SAC-MLP,BF-SAC-MLP,9,0.477807,101
Xian,BF-SAC-MLP,BF-SAC-MLP,10,0.457778,101
Xian,BF-SAC-MLP,BF-SAC-MLP,11,0.457778,101
Xian,BF-SAC-MLP,BF-SAC-MLP,12,0.457778,101
Xian,BF-SAC-MLP,BF-SAC-MLP,13,0.457778,101
Xian,BF-SAC-MLP,BF-SAC-MLP,14,0.457778,101
Xian,BF-SAC-MLP,BF-SAC-MLP,15,0.457778,101
Xian,BF-SAC-MLP,BF-SAC-MLP,16,0.457778,101
Xian,BF-SAC-MLP,BF-SAC-MLP,17,0.457778,101
Xian,BF-SAC-MLP,BF-SAC-MLP,18,0.457778,101
Xian,BF-SAC-MLP,BF-SAC-MLP,19,0.457778,101
Xian,BF-SAC-MLP,BF-SAC-MLP,20,0.457778,101
Xian,BF-SAC-MLP,BF-SAC-MLP,21,0.457778,101
Xian,BF-SAC-MLP,BF-SAC-MLP,22,0.457778,101
Xian,BF-SAC-MLP,BF-SAC-MLP,23,0.457778,101
Xian,BF-SAC-MLP,BF-SAC-MLP,24,0.457778,101
Xian,BF-SAC-MLP,BF-SAC-MLP,25,0.457778,101
Xian,BF-SAC-MLP,BF-SAC-MLP,26,0.457778,101
Xian,BF-SAC-MLP,BF-SAC-MLP,27,0.457778,101
Xian,BF-SAC-MLP,BF-SAC-MLP,28,0.457778,101
Xian,BF-SAC-MLP,BF-SAC-MLP,29,0.457778,101
Xian,BF-SAC-MLP,BF-SAC-MLP,30,0.457778,101
Xian,BF-SAC-MLP,BF-SAC-MLP,31,0.457778,101
Xian,BF-SAC-MLP,BF-SAC-MLP,32,0.457778,101
Xian,BF-SAC-MLP,BF-SAC-MLP,33,0.457778,101
Xian,BF-SAC-MLP,BF-SAC-MLP,34,0.457778,101
Xian,BF-SAC-MLP,BF-SAC-MLP,35,0.457778,101
Xian,BF-SAC-MLP,BF-SAC-MLP,36,0.457778,101
Xian,BF-SAC-MLP,BF-SAC-MLP,37,0.457778,101
Xian,BF-SAC-MLP,BF-SAC-MLP,38,0.457778,101
Xian,BF-SAC-MLP,BF-SAC-MLP,39,0.457778,101
Xian,BF-SAC-MLP,BF-SAC-MLP,40,0.457778,101
Xian,BF-SAC-MLP,BF-SAC-MLP,41,0.451121,101
Xian,BF-SAC-MLP,BF-SAC-MLP,42,0.451121,101
Xian,BF-SAC-MLP,BF-SAC-MLP,43,0.451121,101
Xian,BF-SAC-MLP,BF-SAC-MLP,44,0.422621,101
Xian,BF-SAC-MLP,BF-SAC-MLP,45,0.422621,101
Xian,BF-SAC-MLP,BF-SAC-MLP,46,0.422621,101
Xian,BF-SAC-MLP,BF-SAC-MLP,47,0.422621,101
Xian,BF-SAC-MLP,BF-SAC-MLP,48,0.422621,101
Xian,BF-SAC-MLP,BF-SAC-MLP,49,0.422621,101
Xian,BF-SAC-MLP,BF-SAC-MLP,50,0.422621,101
Xian,BF-SAC-MLP,BF-SAC-MLP,51,0.422621,101
Xian,BF-SAC-MLP,BF-SAC-MLP,52,0.422621,101
Xian,BF-SAC-MLP,BF-SAC-MLP,53,0.422621,101
Xian,BF-SAC-MLP,BF-SAC-MLP,54,0.422621,101
Xian,BF-SAC-MLP,BF-SAC-MLP,55,0.422621,101
Xian,BF-SAC-MLP,BF-SAC-MLP,56,0.422621,101
Xian,BF-SAC-MLP,BF-SAC-MLP,57,0.422621,101
Xian,BF-SAC-MLP,BF-SAC-MLP,58,0.422621,101
Xian,BF-SAC-MLP,BF-SAC-MLP,59,0.422621,101
Xian,BF-SAC-MLP,BF-SAC-MLP,60,0.422621,101
Xian,BF-SAC-MLP,BF-SAC-MLP,61,0.422621,101
Xian,BF-SAC-MLP,BF-SAC-MLP,62,0.422621,101
Xian,BF-SAC-MLP,BF-SAC-MLP,63,0.422621,101
Xian,BF-SAC-MLP,BF-SAC-MLP,64,0.422621,101
Xian,BF-SAC-MLP,BF-SAC-MLP,65,0.422621,101
Xian,BF-SAC-MLP,BF-SAC-MLP,66,0.422621,101
Xian,BF-SAC-MLP,BF-SAC-MLP,67,0.422621,101
Xian,BF-SAC-MLP,BF-SAC-MLP,68,0.422621,101
Xian,BF-SAC-MLP,BF-SAC-MLP,69,0.422621,101
Xian,BF-SAC-MLP,BF-SAC-MLP,70,0.422621,101
Xian,BF-SAC-MLP,BF-SAC-MLP,71,0.422621,101
Xian,BF-SAC-MLP,BF-SAC-MLP,72,0.422621,101
Xian,BF-SAC-MLP,BF-SAC-MLP,73,0.422621,101
Xian,BF-SAC-MLP,BF-SAC-MLP,74,0.422621,101
Xian,BF-SAC-MLP,BF-SAC-MLP,75,0.422621,101
Xian,BF-SAC-MLP,BF-SAC-MLP,76,0.422621,101
Xian,BF-SAC-MLP,BF-SAC-MLP,77,0.422621,101
Xian,BF-SAC-MLP,BF-SAC-MLP,78,0.422621,101
Xian,BF-SAC-MLP,BF-SAC-MLP,79,0.422621,101
Xian,BF-SAC-MLP,BF-SAC-MLP,80,0.422621,101
Xian,BF-SAC-MLP,BF-SAC-MLP,81,0.422621,101
Xian,BF-SAC-MLP,BF-SAC-MLP,82,0.422621,101
Xian,BF-SAC-MLP,BF-SAC-MLP,83,0.422621,101
Xian,BF-SAC-MLP,BF-SAC-MLP,84,0.422621,101
Xian,BF-SAC-MLP,BF-SAC-MLP,85,0.422621,101
Xian,BF-SAC-MLP,BF-SAC-MLP,86,0.422621,101
Xian,BF-SAC-MLP,BF-SAC-MLP,87,0.422621,101
Xian,BF-SAC-MLP,BF-SAC-MLP,88,0.422621,101
Xian,BF-SAC-MLP,BF-SAC-MLP,89,0.422621,101
Xian,BF-SAC-MLP,BF-SAC-MLP,90,0.422621,101
Xian,BF-SAC-MLP,BF-SAC-MLP,91,0.422621,101
Xian,BF-SAC-MLP,BF-SAC-MLP,92,0.422621,101
Xian,BF-SAC-MLP,BF-SAC-MLP,93,0.422621,101
Xian,BF-SAC-MLP,BF-SAC-MLP,94,0.422621,101
Xian,BF-SAC-MLP,BF-SAC-MLP,95,0.422621,101
Xian,BF-SAC-MLP,BF-SAC-MLP,96,0.422621,101
Xian,BF-SAC-MLP,BF-SAC-MLP,97,0.422621,101
Xian,BF-SAC-MLP,BF-SAC-MLP,98,0.422621,101
Xian,BF-SAC-MLP,BF-SAC-MLP,99,0.422621,101
Xian,BF-SAC-MLP,BF-SAC-MLP,100,0.422621,101
Xian,BF-SAC-MLP,BF-SAC-MLP,1,0.595161,202
Xian,BF-SAC-MLP,BF-SAC-MLP,2,0.512138,202
Xian,BF-SAC-MLP,BF-SAC-MLP,3,0.512138,202
Xian,BF-SAC-MLP,BF-SAC-MLP,4,0.512138,202
Xian,BF-SAC-MLP,BF-SAC-MLP,5,0.512138,202
Xian,BF-SAC-MLP,BF-SAC-MLP,6,0.512138,202
Xian,BF-SAC-MLP,BF-SAC-MLP,7,0.483376,202
Xian,BF-SAC-MLP,BF-SAC-MLP,8,0.483376,202
Xian,BF-SAC-MLP,BF-SAC-MLP,9,0.483376,202
Xian,BF-SAC-MLP,BF-SAC-MLP,10,0.483376,202
Xian,BF-SAC-MLP,BF-SAC-MLP,11,0.483376,202
Xian,BF-SAC-MLP,BF-SAC-MLP,12,0.483376,202
Xian,BF-SAC-MLP,BF-SAC-MLP,13,0.483376,202
Xian,BF-SAC-MLP,BF-SAC-MLP,14,0.483376,202
Xian,BF-SAC-MLP,BF-SAC-MLP,15,0.47422,202
Xian,BF-SAC-MLP,BF-SAC-MLP,16,0.47422,202
Xian,BF-SAC-MLP,BF-SAC-MLP,17,0.47422,202
Xian,BF-SAC-MLP,BF-SAC-MLP,18,0.47422,202
Xian,BF-SAC-MLP,BF-SAC-MLP,19,0.47422,202
Xian,BF-SAC-MLP,BF-SAC-MLP,20,0.47422,202
Xian,BF-SAC-MLP,BF-SAC-MLP,21,0.45977,202
Xian,BF-SAC-MLP,BF-SAC-MLP,22,0.45977,202
Xian,BF-SAC-MLP,BF-SAC-MLP,23,0.45977,202
Xian,BF-SAC-MLP,BF-SAC-MLP,24,0.45977,202
Xian,BF-SAC-MLP,BF-SAC-MLP,25,0.43483,202
Xian,BF-SAC-MLP,BF-SAC-MLP,26,0.43483,202
Xian,BF-SAC-MLP,BF-SAC-MLP,27,0.43483,202
Xian,BF-SAC-MLP,BF-SAC-MLP,28,0.43483,202
Xian,BF-SAC-MLP,BF-SAC-MLP,29,0.43483,202
Xian,BF-SAC-MLP,BF-SAC-MLP,30,0.43483,202
Xian,BF-SAC-MLP,BF-SAC-MLP,31,0.43483,202
Xian,BF-SAC-MLP,BF-SAC-MLP,32,0.43483,202
Xian,BF-SAC-MLP,BF-SAC-MLP,33,0.43483,202
Xian,BF-SAC-MLP,BF-SAC-MLP,34,0.43483,202
Xian,BF-SAC-MLP,BF-SAC-MLP,35,0.43483,202
Xian,BF-SAC-MLP,BF-SAC-MLP,36,0.43483,202
Xian,BF-SAC-MLP,BF-SAC-MLP,37,0.43483,202
Xian,BF-SAC-MLP,BF-SAC-MLP,38,0.43483,202
Xian,BF-SAC-MLP,BF-SAC-MLP,39,0.43483,202
Xian,BF-SAC-MLP,BF-SAC-MLP,40,0.43483,202
Xian,BF-SAC-MLP,BF-SAC-MLP,41,0.43483,202
Xian,BF-SAC-MLP,BF-SAC-MLP,42,0.43483,202
Xian,BF-SAC-MLP,BF-SAC-MLP,43,0.43483,202
Xian,BF-SAC-MLP,BF-SAC-MLP,44,0.43483,202
Xian,BF-SAC-MLP,BF-SAC-MLP,45,0.432716,202
Xian,BF-SAC-MLP,BF-SAC-MLP,46,0.432716,202
Xian,BF-SAC-MLP,BF-SAC-MLP,47,0.432716,202
Xian,BF-SAC-MLP,BF-SAC-MLP,48,0.432716,202
Xian,BF-SAC-MLP,BF-SAC-MLP,49,0.432716,202
Xian,BF-SAC-MLP,BF-SAC-MLP,50,0.432716,202
Xian,BF-SAC-MLP,BF-SAC-MLP,51,0.432716,202
Xian,BF-SAC-MLP,BF-SAC-MLP,52,0.432716,202
Xian,BF-SAC-MLP,BF-SAC-MLP,53,0.432716,202
Xian,BF-SAC-MLP,BF-SAC-MLP,54,0.423838,202
Xian,BF-SAC-MLP,BF-SAC-MLP,55,0.423838,202
Xian,BF-SAC-MLP,BF-SAC-MLP,56,0.423838,202
Xian,BF-SAC-MLP,BF-SAC-MLP,57,0.423838,202
Xian,BF-SAC-MLP,BF-SAC-MLP,58,0.423838,202
Xian,BF-SAC-MLP,BF-SAC-MLP,59,0.423838,202
Xian,BF-SAC-MLP,BF-SAC-MLP,60,0.423838,202
Xian,BF-SAC-MLP,BF-SAC-MLP,61,0.423838,202
Xian,BF-SAC-MLP,BF-SAC-MLP,62,0.423838,202
Xian,BF-SAC-MLP,BF-SAC-MLP,63,0.423838,202
Xian,BF-SAC-MLP,BF-SAC-MLP,64,0.423838,202
Xian,BF-SAC-MLP,BF-SAC-MLP,65,0.423838,202
Xian,BF-SAC-MLP,BF-SAC-MLP,66,0.423838,202
Xian,BF-SAC-MLP,BF-SAC-MLP,67,0.423838,202
Xian,BF-SAC-MLP,BF-SAC-MLP,68,0.423838,202
Xian,BF-SAC-MLP,BF-SAC-MLP,69,0.423838,202
Xian,BF-SAC-MLP,BF-SAC-MLP,70,0.423838,202
Xian,BF-SAC-MLP,BF-SAC-MLP,71,0.423838,202
Xian,BF-SAC-MLP,BF-SAC-MLP,72,0.423838,202
Xian,BF-SAC-MLP,BF-SAC-MLP,73,0.423838,202
Xian,BF-SAC-MLP,BF-SAC-MLP,74,0.423838,202
Xian,BF-SAC-MLP,BF-SAC-MLP,75,0.423838,202
Xian,BF-SAC-MLP,BF-SAC-MLP,76,0.423838,202
Xian,BF-SAC-MLP,BF-SAC-MLP,77,0.423838,202
Xian,BF-SAC-MLP,BF-SAC-MLP,78,0.423838,202
Xian,BF-SAC-MLP,BF-SAC-MLP,79,0.423838,202
Xian,BF-SAC-MLP,BF-SAC-MLP,80,0.423838,202
Xian,BF-SAC-MLP,BF-SAC-MLP,81,0.423838,202
Xian,BF-SAC-MLP,BF-SAC-MLP,82,0.423838,202
Xian,BF-SAC-MLP,BF-SAC-MLP,83,0.423838,202
Xian,BF-SAC-MLP,BF-SAC-MLP,84,0.423838,202
Xian,BF-SAC-MLP,BF-SAC-MLP,85,0.423838,202
Xian,BF-SAC-MLP,BF-SAC-MLP,86,0.423838,202
Xian,BF-SAC-MLP,BF-SAC-MLP,87,0.423838,202
Xian,BF-SAC-MLP,BF-SAC-MLP,88,0.423838,202
Xian,BF-SAC-MLP,BF-SAC-MLP,89,0.423838,202
Xian,BF-SAC-MLP,BF-SAC-MLP,90,0.423838,202
Xian,BF-SAC-MLP,BF-SAC-MLP,91,0.423838,202
Xian,BF-SAC-MLP,BF-SAC-MLP,92,0.423838,202
Xian,BF-SAC-MLP,BF-SAC-MLP,93,0.423838,202
Xian,BF-SAC-MLP,BF-SAC-MLP,94,0.423838,202
Xian,BF-SAC-MLP,BF-SAC-MLP,95,0.423838,202
Xian,BF-SAC-MLP,BF-SAC-MLP,96,0.423838,202
Xian,BF-SAC-MLP,BF-SAC-MLP,97,0.423838,202
Xian,BF-SAC-MLP,BF-SAC-MLP,98,0.423838,202
Xian,BF-SAC-MLP,BF-SAC-MLP,99,0.423838,202
Xian,BF-SAC-MLP,BF-SAC-MLP,100,0.423838,202
Xian,BF-SAC-MLP,BF-SAC-MLP,1,0.51668,303
Xian,BF-SAC-MLP,BF-SAC-MLP,2,0.51668,303
Xian,BF-SAC-MLP,BF-SAC-MLP,3,0.51668,303
Xian,BF-SAC-MLP,BF-SAC-MLP,4,0.51668,303
Xian,BF-SAC-MLP,BF-SAC-MLP,5,0.51668,303
Xian,BF-SAC-MLP,BF-SAC-MLP,6,0.51668,303
Xian,BF-SAC-MLP,BF-SAC-MLP,7,0.495863,303
Xian,BF-SAC-MLP,BF-SAC-MLP,8,0.495863,303
Xian,BF-SAC-MLP,BF-SAC-MLP,9,0.495863,303
Xian,BF-SAC-MLP,BF-SAC-MLP,10,0.495863,303
Xian,BF-SAC-MLP,BF-SAC-MLP,11,0.495863,303
Xian,BF-SAC-MLP,BF-SAC-MLP,12,0.489623,303
Xian,BF-SAC-MLP,BF-SAC-MLP,13,0.486379,303
Xian,BF-SAC-MLP,BF-SAC-MLP,14,0.486379,303
Xian,BF-SAC-MLP,BF-SAC-MLP,15,0.480753,303
Xian,BF-SAC-MLP,BF-SAC-MLP,16,0.480753,303
Xian,BF-SAC-MLP,BF-SAC-MLP,17,0.480753,303
Xian,BF-SAC-MLP,BF-SAC-MLP,18,0.458305,303
Xian,BF-SAC-MLP,BF-SAC-MLP,19,0.458305,303
Xian,BF-SAC-MLP,BF-SAC-MLP,20,0.458305,303
Xian,BF-SAC-MLP,BF-SAC-MLP,21,0.458305,303
Xian,BF-SAC-MLP,BF-SAC-MLP,22,0.458305,303
Xian,BF-SAC-MLP,BF-SAC-MLP,23,0.458305,303
Xian,BF-SAC-MLP,BF-SAC-MLP,24,0.458305,303
Xian,BF-SAC-MLP,BF-SAC-MLP,25,0.458305,303
Xian,BF-SAC-MLP,BF-SAC-MLP,26,0.458305,303
Xian,BF-SAC-MLP,BF-SAC-MLP,27,0.458305,303
Xian,BF-SAC-MLP,BF-SAC-MLP,28,0.458305,303
Xian,BF-SAC-MLP,BF-SAC-MLP,29,0.458305,303
Xian,BF-SAC-MLP,BF-SAC-MLP,30,0.458305,303
Xian,BF-SAC-MLP,BF-SAC-MLP,31,0.458305,303
Xian,BF-SAC-MLP,BF-SAC-MLP,32,0.458305,303
Xian,BF-SAC-MLP,BF-SAC-MLP,33,0.458305,303
Xian,BF-SAC-MLP,BF-SAC-MLP,34,0.458305,303
Xian,BF-SAC-MLP,BF-SAC-MLP,35,0.458305,303
Xian,BF-SAC-MLP,BF-SAC-MLP,36,0.458305,303
Xian,BF-SAC-MLP,BF-SAC-MLP,37,0.458305,303
Xian,BF-SAC-MLP,BF-SAC-MLP,38,0.458305,303
Xian,BF-SAC-MLP,BF-SAC-MLP,39,0.458305,303
Xian,BF-SAC-MLP,BF-SAC-MLP,40,0.458305,303
Xian,BF-SAC-MLP,BF-SAC-MLP,41,0.458305,303
Xian,BF-SAC-MLP,BF-SAC-MLP,42,0.458305,303
Xian,BF-SAC-MLP,BF-SAC-MLP,43,0.449986,303
Xian,BF-SAC-MLP,BF-SAC-MLP,44,0.449986,303
Xian,BF-SAC-MLP,BF-SAC-MLP,45,0.446017,303
Xian,BF-SAC-MLP,BF-SAC-MLP,46,0.446017,303
Xian,BF-SAC-MLP,BF-SAC-MLP,47,0.446017,303
Xian,BF-SAC-MLP,BF-SAC-MLP,48,0.446017,303
Xian,BF-SAC-MLP,BF-SAC-MLP,49,0.446017,303
Xian,BF-SAC-MLP,BF-SAC-MLP,50,0.446017,303
Xian,BF-SAC-MLP,BF-SAC-MLP,51,0.446017,303
Xian,BF-SAC-MLP,BF-SAC-MLP,52,0.446017,303
Xian,BF-SAC-MLP,BF-SAC-MLP,53,0.446017,303
Xian,BF-SAC-MLP,BF-SAC-MLP,54,0.446017,303
Xian,BF-SAC-MLP,BF-SAC-MLP,55,0.446017,303
Xian,BF-SAC-MLP,BF-SAC-MLP,56,0.446017,303
Xian,BF-SAC-MLP,BF-SAC-MLP,57,0.446017,303
Xian,BF-SAC-MLP,BF-SAC-MLP,58,0.446017,303
Xian,BF-SAC-MLP,BF-SAC-MLP,59,0.446017,303
Xian,BF-SAC-MLP,BF-SAC-MLP,60,0.446017,303
Xian,BF-SAC-MLP,BF-SAC-MLP,61,0.446017,303
Xian,BF-SAC-MLP,BF-SAC-MLP,62,0.446017,303
Xian,BF-SAC-MLP,BF-SAC-MLP,63,0.446017,303
Xian,BF-SAC-MLP,BF-SAC-MLP,64,0.446017,303
Xian,BF-SAC-MLP,BF-SAC-MLP,65,0.436661,303
Xian,BF-SAC-MLP,BF-SAC-MLP,66,0.436661,303
Xian,BF-SAC-MLP,BF-SAC-MLP,67,0.436661,303
Xian,BF-SAC-MLP,BF-SAC-MLP,68,0.436661,303
Xian,BF-SAC-MLP,BF-SAC-MLP,69,0.436661,303
Xian,BF-SAC-MLP,BF-SAC-MLP,70,0.436661,303
Xian,BF-SAC-MLP,BF-SAC-MLP,71,0.436661,303
Xian,BF-SAC-MLP,BF-SAC-MLP,72,0.435212,303
Xian,BF-SAC-MLP,BF-SAC-MLP,73,0.435212,303
Xian,BF-SAC-MLP,BF-SAC-MLP,74,0.432325,303
Xian,BF-SAC-MLP,BF-SAC-MLP,75,0.432325,303
Xian,BF-SAC-MLP,BF-SAC-MLP,76,0.432325,303
Xian,BF-SAC-MLP,BF-SAC-MLP,77,0.432325,303
Xian,BF-SAC-MLP,BF-SAC-MLP,78,0.432325,303
Xian,BF-SAC-MLP,BF-SAC-MLP,79,0.432325,303
Xian,BF-SAC-MLP,BF-SAC-MLP,80,0.432325,303
Xian,BF-SAC-MLP,BF-SAC-MLP,81,0.432325,303
Xian,BF-SAC-MLP,BF-SAC-MLP,82,0.432325,303
Xian,BF-SAC-MLP,BF-SAC-MLP,83,0.432325,303
Xian,BF-SAC-MLP,BF-SAC-MLP,84,0.432325,303
Xian,BF-SAC-MLP,BF-SAC-MLP,85,0.432325,303
Xian,BF-SAC-MLP,BF-SAC-MLP,86,0.432325,303
Xian,BF-SAC-MLP,BF-SAC-MLP,87,0.432325,303
Xian,BF-SAC-MLP,BF-SAC-MLP,88,0.432325,303
Xian,BF-SAC-MLP,BF-SAC-MLP,89,0.432325,303
Xian,BF-SAC-MLP,BF-SAC-MLP,90,0.432325,303
Xian,BF-SAC-MLP,BF-SAC-MLP,91,0.432325,303
Xian,BF-SAC-MLP,BF-SAC-MLP,92,0.432325,303
Xian,BF-SAC-MLP,BF-SAC-MLP,93,0.432325,303
Xian,BF-SAC-MLP,BF-SAC-MLP,94,0.432325,303
Xian,BF-SAC-MLP,BF-SAC-MLP,95,0.432325,303
Xian,BF-SAC-MLP,BF-SAC-MLP,96,0.432325,303
Xian,BF-SAC-MLP,BF-SAC-MLP,97,0.432325,303
Xian,BF-SAC-MLP,BF-SAC-MLP,98,0.432325,303
Xian,BF-SAC-MLP,BF-SAC-MLP,99,0.432325,303
Xian,BF-SAC-MLP,BF-SAC-MLP,100,0.432325,303
Xian,BF-SAC-MLP,BF-SAC-MLP,1,0.490093,404
Xian,BF-SAC-MLP,BF-SAC-MLP,2,0.490093,404
Xian,BF-SAC-MLP,BF-SAC-MLP,3,0.490093,404
Xian,BF-SAC-MLP,BF-SAC-MLP,4,0.490093,404
Xian,BF-SAC-MLP,BF-SAC-MLP,5,0.490093,404
Xian,BF-SAC-MLP,BF-SAC-MLP,6,0.485582,404
Xian,BF-SAC-MLP,BF-SAC-MLP,7,0.485582,404
Xian,BF-SAC-MLP,BF-SAC-MLP,8,0.485582,404
Xian,BF-SAC-MLP,BF-SAC-MLP,9,0.485582,404
Xian,BF-SAC-MLP,BF-SAC-MLP,10,0.485582,404
Xian,BF-SAC-MLP,BF-SAC-MLP,11,0.485582,404
Xian,BF-SAC-MLP,BF-SAC-MLP,12,0.485582,404
Xian,BF-SAC-MLP,BF-SAC-MLP,13,0.485582,404
Xian,BF-SAC-MLP,BF-SAC-MLP,14,0.474605,404
Xian,BF-SAC-MLP,BF-SAC-MLP,15,0.474605,404
Xian,BF-SAC-MLP,BF-SAC-MLP,16,0.474605,404
Xian,BF-SAC-MLP,BF-SAC-MLP,17,0.474605,404
Xian,BF-SAC-MLP,BF-SAC-MLP,18,0.474605,404
Xian,BF-SAC-MLP,BF-SAC-MLP,19,0.474605,404
Xian,BF-SAC-MLP,BF-SAC-MLP,20,0.474605,404
Xian,BF-SAC-MLP,BF-SAC-MLP,21,0.474605,404
Xian,BF-SAC-MLP,BF-SAC-MLP,22,0.463428,404
Xian,BF-SAC-MLP,BF-SAC-MLP,23,0.463428,404
Xian,BF-SAC-MLP,BF-SAC-MLP,24,0.463428,404
Xian,BF-SAC-MLP,BF-SAC-MLP,25,0.463428,404
Xian,BF-SAC-MLP,BF-SAC-MLP,26,0.463428,404
Xian,BF-SAC-MLP,BF-SAC-MLP,27,0.463428,404
Xian,BF-SAC-MLP,BF-SAC-MLP,28,0.463428,404
Xian,BF-SAC-MLP,BF-SAC-MLP,29,0.463428,404
Xian,BF-SAC-MLP,BF-SAC-MLP,30,0.463428,404
Xian,BF-SAC-MLP,BF-SAC-MLP,31,0.463428,404
Xian,BF-SAC-MLP,BF-SAC-MLP,32,0.463428,404
Xian,BF-SAC-MLP,BF-SAC-MLP,33,0.463428,404
Xian,BF-SAC-MLP,BF-SAC-MLP,34,0.463428,404
Xian,BF-SAC-MLP,BF-SAC-MLP,35,0.441813,404
Xian,BF-SAC-MLP,BF-SAC-MLP,36,0.441813,404
Xian,BF-SAC-MLP,BF-SAC-MLP,37,0.441813,404
Xian,BF-SAC-MLP,BF-SAC-MLP,38,0.441813,404
Xian,BF-SAC-MLP,BF-SAC-MLP,39,0.441813,404
Xian,BF-SAC-MLP,BF-SAC-MLP,40,0.441813,404
Xian,BF-SAC-MLP,BF-SAC-MLP,41,0.441813,404
Xian,BF-SAC-MLP,BF-SAC-MLP,42,0.441813,404
Xian,BF-SAC-MLP,BF-SAC-MLP,43,0.441813,404
Xian,BF-SAC-MLP,BF-SAC-MLP,44,0.441813,404
Xian,BF-SAC-MLP,BF-SAC-MLP,45,0.441813,404
Xian,BF-SAC-MLP,BF-SAC-MLP,46,0.441813,404
Xian,BF-SAC-MLP,BF-SAC-MLP,47,0.440379,404
Xian,BF-SAC-MLP,BF-SAC-MLP,48,0.440379,404
Xian,BF-SAC-MLP,BF-SAC-MLP,49,0.440379,404
Xian,BF-SAC-MLP,BF-SAC-MLP,50,0.440379,404
Xian,BF-SAC-MLP,BF-SAC-MLP,51,0.440379,404
Xian,BF-SAC-MLP,BF-SAC-MLP,52,0.440379,404
Xian,BF-SAC-MLP,BF-SAC-MLP,53,0.440379,404
Xian,BF-SAC-MLP,BF-SAC-MLP,54,0.440379,404
Xian,BF-SAC-MLP,BF-SAC-MLP,55,0.440379,404
Xian,BF-SAC-MLP,BF-SAC-MLP,56,0.440379,404
Xian,BF-SAC-MLP,BF-SAC-MLP,57,0.440379,404
Xian,BF-SAC-MLP,BF-SAC-MLP,58,0.440379,404
Xian,BF-SAC-MLP,BF-SAC-MLP,59,0.440379,404
Xian,BF-SAC-MLP,BF-SAC-MLP,60,0.440379,404
Xian,BF-SAC-MLP,BF-SAC-MLP,61,0.440379,404
Xian,BF-SAC-MLP,BF-SAC-MLP,62,0.440379,404
Xian,BF-SAC-MLP,BF-SAC-MLP,63,0.440379,404
Xian,BF-SAC-MLP,BF-SAC-MLP,64,0.440379,404
Xian,BF-SAC-MLP,BF-SAC-MLP,65,0.440379,404
Xian,BF-SAC-MLP,BF-SAC-MLP,66,0.440379,404
Xian,BF-SAC-MLP,BF-SAC-MLP,67,0.440379,404
Xian,BF-SAC-MLP,BF-SAC-MLP,68,0.440379,404
Xian,BF-SAC-MLP,BF-SAC-MLP,69,0.440379,404
Xian,BF-SAC-MLP,BF-SAC-MLP,70,0.440379,404
Xian,BF-SAC-MLP,BF-SAC-MLP,71,0.440379,404
Xian,BF-SAC-MLP,BF-SAC-MLP,72,0.440379,404
Xian,BF-SAC-MLP,BF-SAC-MLP,73,0.426639,404
Xian,BF-SAC-MLP,BF-SAC-MLP,74,0.426639,404
Xian,BF-SAC-MLP,BF-SAC-MLP,75,0.426639,404
Xian,BF-SAC-MLP,BF-SAC-MLP,76,0.426639,404
Xian,BF-SAC-MLP,BF-SAC-MLP,77,0.426639,404
Xian,BF-SAC-MLP,BF-SAC-MLP,78,0.426639,404
Xian,BF-SAC-MLP,BF-SAC-MLP,79,0.426639,404
Xian,BF-SAC-MLP,BF-SAC-MLP,80,0.426639,404
Xian,BF-SAC-MLP,BF-SAC-MLP,81,0.426639,404
Xian,BF-SAC-MLP,BF-SAC-MLP,82,0.426639,404
Xian,BF-SAC-MLP,BF-SAC-MLP,83,0.426639,404
Xian,BF-SAC-MLP,BF-SAC-MLP,84,0.426639,404
Xian,BF-SAC-MLP,BF-SAC-MLP,85,0.426639,404
Xian,BF-SAC-MLP,BF-SAC-MLP,86,0.426639,404
Xian,BF-SAC-MLP,BF-SAC-MLP,87,0.426639,404
Xian,BF-SAC-MLP,BF-SAC-MLP,88,0.426639,404
Xian,BF-SAC-MLP,BF-SAC-MLP,89,0.426639,404
Xian,BF-SAC-MLP,BF-SAC-MLP,90,0.426639,404
Xian,BF-SAC-MLP,BF-SAC-MLP,91,0.426639,404
Xian,BF-SAC-MLP,BF-SAC-MLP,92,0.426639,404
Xian,BF-SAC-MLP,BF-SAC-MLP,93,0.426639,404
Xian,BF-SAC-MLP,BF-SAC-MLP,94,0.426639,404
Xian,BF-SAC-MLP,BF-SAC-MLP,95,0.426639,404
Xian,BF-SAC-MLP,BF-SAC-MLP,96,0.426639,404
Xian,BF-SAC-MLP,BF-SAC-MLP,97,0.426639,404
Xian,BF-SAC-MLP,BF-SAC-MLP,98,0.426639,404
Xian,BF-SAC-MLP,BF-SAC-MLP,99,0.426639,404
Xian,BF-SAC-MLP,BF-SAC-MLP,100,0.426639,404
Xian,BF-SAC-RF,BF-SAC-RF,1,0.473801,42
Xian,BF-SAC-RF,BF-SAC-RF,2,0.472842,42
Xian,BF-SAC-RF,BF-SAC-RF,3,0.472842,42
Xian,BF-SAC-RF,BF-SAC-RF,4,0.472842,42
Xian,BF-SAC-RF,BF-SAC-RF,5,0.472842,42
Xian,BF-SAC-RF,BF-SAC-RF,6,0.472842,42
Xian,BF-SAC-RF,BF-SAC-RF,7,0.461772,42
Xian,BF-SAC-RF,BF-SAC-RF,8,0.461772,42
Xian,BF-SAC-RF,BF-SAC-RF,9,0.461772,42
Xian,BF-SAC-RF,BF-SAC-RF,10,0.461772,42
Xian,BF-SAC-RF,BF-SAC-RF,11,0.461772,42
Xian,BF-SAC-RF,BF-SAC-RF,12,0.461772,42
Xian,BF-SAC-RF,BF-SAC-RF,13,0.461772,42
Xian,BF-SAC-RF,BF-SAC-RF,14,0.461772,42
Xian,BF-SAC-RF,BF-SAC-RF,15,0.461772,42
Xian,BF-SAC-RF,BF-SAC-RF,16,0.461772,42
Xian,BF-SAC-RF,BF-SAC-RF,17,0.461772,42
Xian,BF-SAC-RF,BF-SAC-RF,18,0.461238,42
Xian,BF-SAC-RF,BF-SAC-RF,19,0.461238,42
Xian,BF-SAC-RF,BF-SAC-RF,20,0.461238,42
Xian,BF-SAC-RF,BF-SAC-RF,21,0.461238,42
Xian,BF-SAC-RF,BF-SAC-RF,22,0.461238,42
Xian,BF-SAC-RF,BF-SAC-RF,23,0.461238,42
Xian,BF-SAC-RF,BF-SAC-RF,24,0.461238,42
Xian,BF-SAC-RF,BF-SAC-RF,25,0.461238,42
Xian,BF-SAC-RF,BF-SAC-RF,26,0.461238,42
Xian,BF-SAC-RF,BF-SAC-RF,27,0.461238,42
Xian,BF-SAC-RF,BF-SAC-RF,28,0.453094,42
Xian,BF-SAC-RF,BF-SAC-RF,29,0.453094,42
Xian,BF-SAC-RF,BF-SAC-RF,30,0.453094,42
Xian,BF-SAC-RF,BF-SAC-RF,31,0.453094,42
Xian,BF-SAC-RF,BF-SAC-RF,32,0.453094,42
Xian,BF-SAC-RF,BF-SAC-RF,33,0.453094,42
Xian,BF-SAC-RF,BF-SAC-RF,34,0.453094,42
Xian,BF-SAC-RF,BF-SAC-RF,35,0.453094,42
Xian,BF-SAC-RF,BF-SAC-RF,36,0.453094,42
Xian,BF-SAC-RF,BF-SAC-RF,37,0.453094,42
Xian,BF-SAC-RF,BF-SAC-RF,38,0.453094,42
Xian,BF-SAC-RF,BF-SAC-RF,39,0.453094,42
Xian,BF-SAC-RF,BF-SAC-RF,40,0.453094,42
Xian,BF-SAC-RF,BF-SAC-RF,41,0.453094,42
Xian,BF-SAC-RF,BF-SAC-RF,42,0.453094,42
Xian,BF-SAC-RF,BF-SAC-RF,43,0.453094,42
Xian,BF-SAC-RF,BF-SAC-RF,44,0.453094,42
Xian,BF-SAC-RF,BF-SAC-RF,45,0.453094,42
Xian,BF-SAC-RF,BF-SAC-RF,46,0.453094,42
Xian,BF-SAC-RF,BF-SAC-RF,47,0.453094,42
Xian,BF-SAC-RF,BF-SAC-RF,48,0.437749,42
Xian,BF-SAC-RF,BF-SAC-RF,49,0.437749,42
Xian,BF-SAC-RF,BF-SAC-RF,50,0.437749,42
Xian,BF-SAC-RF,BF-SAC-RF,51,0.437749,42
Xian,BF-SAC-RF,BF-SAC-RF,52,0.437749,42
Xian,BF-SAC-RF,BF-SAC-RF,53,0.437749,42
Xian,BF-SAC-RF,BF-SAC-RF,54,0.437749,42
Xian,BF-SAC-RF,BF-SAC-RF,55,0.437749,42
Xian,BF-SAC-RF,BF-SAC-RF,56,0.437749,42
Xian,BF-SAC-RF,BF-SAC-RF,57,0.437749,42
Xian,BF-SAC-RF,BF-SAC-RF,58,0.437749,42
Xian,BF-SAC-RF,BF-SAC-RF,59,0.437749,42
Xian,BF-SAC-RF,BF-SAC-RF,60,0.437749,42
Xian,BF-SAC-RF,BF-SAC-RF,61,0.437749,42
Xian,BF-SAC-RF,BF-SAC-RF,62,0.437749,42
Xian,BF-SAC-RF,BF-SAC-RF,63,0.437749,42
Xian,BF-SAC-RF,BF-SAC-RF,64,0.437749,42
Xian,BF-SAC-RF,BF-SAC-RF,65,0.437749,42
Xian,BF-SAC-RF,BF-SAC-RF,66,0.437749,42
Xian,BF-SAC-RF,BF-SAC-RF,67,0.437749,42
Xian,BF-SAC-RF,BF-SAC-RF,68,0.437749,42
Xian,BF-SAC-RF,BF-SAC-RF,69,0.437749,42
Xian,BF-SAC-RF,BF-SAC-RF,70,0.437749,42
Xian,BF-SAC-RF,BF-SAC-RF,71,0.437749,42
Xian,BF-SAC-RF,BF-SAC-RF,72,0.437749,42
Xian,BF-SAC-RF,BF-SAC-RF,73,0.437749,42
Xian,BF-SAC-RF,BF-SAC-RF,74,0.437749,42
Xian,BF-SAC-RF,BF-SAC-RF,75,0.437749,42
Xian,BF-SAC-RF,BF-SAC-RF,76,0.437749,42
Xian,BF-SAC-RF,BF-SAC-RF,77,0.437749,42
Xian,BF-SAC-RF,BF-SAC-RF,78,0.437749,42
Xian,BF-SAC-RF,BF-SAC-RF,79,0.437749,42
Xian,BF-SAC-RF,BF-SAC-RF,80,0.425441,42
Xian,BF-SAC-RF,BF-SAC-RF,81,0.425441,42
Xian,BF-SAC-RF,BF-SAC-RF,82,0.425441,42
Xian,BF-SAC-RF,BF-SAC-RF,83,0.425441,42
Xian,BF-SAC-RF,BF-SAC-RF,84,0.425441,42
Xian,BF-SAC-RF,BF-SAC-RF,85,0.425441,42
Xian,BF-SAC-RF,BF-SAC-RF,86,0.425441,42
Xian,BF-SAC-RF,BF-SAC-RF,87,0.425441,42
Xian,BF-SAC-RF,BF-SAC-RF,88,0.425441,42
Xian,BF-SAC-RF,BF-SAC-RF,89,0.425441,42
Xian,BF-SAC-RF,BF-SAC-RF,90,0.425441,42
Xian,BF-SAC-RF,BF-SAC-RF,91,0.425441,42
Xian,BF-SAC-RF,BF-SAC-RF,92,0.425441,42
Xian,BF-SAC-RF,BF-SAC-RF,93,0.425441,42
Xian,BF-SAC-RF,BF-SAC-RF,94,0.425441,42
Xian,BF-SAC-RF,BF-SAC-RF,95,0.425441,42
Xian,BF-SAC-RF,BF-SAC-RF,96,0.425441,42
Xian,BF-SAC-RF,BF-SAC-RF,97,0.425441,42
Xian,BF-SAC-RF,BF-SAC-RF,98,0.425441,42
Xian,BF-SAC-RF,BF-SAC-RF,99,0.425441,42
Xian,BF-SAC-RF,BF-SAC-RF,100,0.425441,42
Xian,BF-SAC-RF,BF-SAC-RF,1,0.541294,101
Xian,BF-SAC-RF,BF-SAC-RF,2,0.541294,101
Xian,BF-SAC-RF,BF-SAC-RF,3,0.507135,101
Xian,BF-SAC-RF,BF-SAC-RF,4,0.507135,101
Xian,BF-SAC-RF,BF-SAC-RF,5,0.507135,101
Xian,BF-SAC-RF,BF-SAC-RF,6,0.507135,101
Xian,BF-SAC-RF,BF-SAC-RF,7,0.507135,101
Xian,BF-SAC-RF,BF-SAC-RF,8,0.507135,101
Xian,BF-SAC-RF,BF-SAC-RF,9,0.507135,101
Xian,BF-SAC-RF,BF-SAC-RF,10,0.507135,101
Xian,BF-SAC-RF,BF-SAC-RF,11,0.507135,101
Xian,BF-SAC-RF,BF-SAC-RF,12,0.457505,101
Xian,BF-SAC-RF,BF-SAC-RF,13,0.457505,101
Xian,BF-SAC-RF,BF-SAC-RF,14,0.457505,101
Xian,BF-SAC-RF,BF-SAC-RF,15,0.457505,101
Xian,BF-SAC-RF,BF-SAC-RF,16,0.457505,101
Xian,BF-SAC-RF,BF-SAC-RF,17,0.457505,101
Xian,BF-SAC-RF,BF-SAC-RF,18,0.457505,101
Xian,BF-SAC-RF,BF-SAC-RF,19,0.457505,101
Xian,BF-SAC-RF,BF-SAC-RF,20,0.457505,101
Xian,BF-SAC-RF,BF-SAC-RF,21,0.457505,101
Xian,BF-SAC-RF,BF-SAC-RF,22,0.457505,101
Xian,BF-SAC-RF,BF-SAC-RF,23,0.457505,101
Xian,BF-SAC-RF,BF-SAC-RF,24,0.457505,101
Xian,BF-SAC-RF,BF-SAC-RF,25,0.457505,101
Xian,BF-SAC-RF,BF-SAC-RF,26,0.457505,101
Xian,BF-SAC-RF,BF-SAC-RF,27,0.457505,101
Xian,BF-SAC-RF,BF-SAC-RF,28,0.457505,101
Xian,BF-SAC-RF,BF-SAC-RF,29,0.457505,101
Xian,BF-SAC-RF,BF-SAC-RF,30,0.457505,101
Xian,BF-SAC-RF,BF-SAC-RF,31,0.457505,101
Xian,BF-SAC-RF,BF-SAC-RF,32,0.457505,101
Xian,BF-SAC-RF,BF-SAC-RF,33,0.457505,101
Xian,BF-SAC-RF,BF-SAC-RF,34,0.457505,101
Xian,BF-SAC-RF,BF-SAC-RF,35,0.457505,101
Xian,BF-SAC-RF,BF-SAC-RF,36,0.457505,101
Xian,BF-SAC-RF,BF-SAC-RF,37,0.457505,101
Xian,BF-SAC-RF,BF-SAC-RF,38,0.457505,101
Xian,BF-SAC-RF,BF-SAC-RF,39,0.457505,101
Xian,BF-SAC-RF,BF-SAC-RF,40,0.457505,101
Xian,BF-SAC-RF,BF-SAC-RF,41,0.457505,101
Xian,BF-SAC-RF,BF-SAC-RF,42,0.457505,101
Xian,BF-SAC-RF,BF-SAC-RF,43,0.457505,101
Xian,BF-SAC-RF,BF-SAC-RF,44,0.457505,101
Xian,BF-SAC-RF,BF-SAC-RF,45,0.457505,101
Xian,BF-SAC-RF,BF-SAC-RF,46,0.457505,101
Xian,BF-SAC-RF,BF-SAC-RF,47,0.457505,101
Xian,BF-SAC-RF,BF-SAC-RF,48,0.457505,101
Xian,BF-SAC-RF,BF-SAC-RF,49,0.457505,101
Xian,BF-SAC-RF,BF-SAC-RF,50,0.457505,101
Xian,BF-SAC-RF,BF-SAC-RF,51,0.457505,101
Xian,BF-SAC-RF,BF-SAC-RF,52,0.457505,101
Xian,BF-SAC-RF,BF-SAC-RF,53,0.457505,101
Xian,BF-SAC-RF,BF-SAC-RF,54,0.457505,101
Xian,BF-SAC-RF,BF-SAC-RF,55,0.457505,101
Xian,BF-SAC-RF,BF-SAC-RF,56,0.457505,101
Xian,BF-SAC-RF,BF-SAC-RF,57,0.457505,101
Xian,BF-SAC-RF,BF-SAC-RF,58,0.457505,101
Xian,BF-SAC-RF,BF-SAC-RF,59,0.457505,101
Xian,BF-SAC-RF,BF-SAC-RF,60,0.457505,101
Xian,BF-SAC-RF,BF-SAC-RF,61,0.452251,101
Xian,BF-SAC-RF,BF-SAC-RF,62,0.452251,101
Xian,BF-SAC-RF,BF-SAC-RF,63,0.452251,101
Xian,BF-SAC-RF,BF-SAC-RF,64,0.452251,101
Xian,BF-SAC-RF,BF-SAC-RF,65,0.437478,101
Xian,BF-SAC-RF,BF-SAC-RF,66,0.437478,101
Xian,BF-SAC-RF,BF-SAC-RF,67,0.437478,101
Xian,BF-SAC-RF,BF-SAC-RF,68,0.437478,101
Xian,BF-SAC-RF,BF-SAC-RF,69,0.437478,101
Xian,BF-SAC-RF,BF-SAC-RF,70,0.437478,101
Xian,BF-SAC-RF,BF-SAC-RF,71,0.437478,101
Xian,BF-SAC-RF,BF-SAC-RF,72,0.437478,101
Xian,BF-SAC-RF,BF-SAC-RF,73,0.437478,101
Xian,BF-SAC-RF,BF-SAC-RF,74,0.437478,101
Xian,BF-SAC-RF,BF-SAC-RF,75,0.437478,101
Xian,BF-SAC-RF,BF-SAC-RF,76,0.437478,101
Xian,BF-SAC-RF,BF-SAC-RF,77,0.437478,101
Xian,BF-SAC-RF,BF-SAC-RF,78,0.437478,101
Xian,BF-SAC-RF,BF-SAC-RF,79,0.437478,101
Xian,BF-SAC-RF,BF-SAC-RF,80,0.437478,101
Xian,BF-SAC-RF,BF-SAC-RF,81,0.437478,101
Xian,BF-SAC-RF,BF-SAC-RF,82,0.437478,101
Xian,BF-SAC-RF,BF-SAC-RF,83,0.437478,101
Xian,BF-SAC-RF,BF-SAC-RF,84,0.437478,101
Xian,BF-SAC-RF,BF-SAC-RF,85,0.437478,101
Xian,BF-SAC-RF,BF-SAC-RF,86,0.437478,101
Xian,BF-SAC-RF,BF-SAC-RF,87,0.437478,101
Xian,BF-SAC-RF,BF-SAC-RF,88,0.437478,101
Xian,BF-SAC-RF,BF-SAC-RF,89,0.437478,101
Xian,BF-SAC-RF,BF-SAC-RF,90,0.437478,101
Xian,BF-SAC-RF,BF-SAC-RF,91,0.437478,101
Xian,BF-SAC-RF,BF-SAC-RF,92,0.437478,101
Xian,BF-SAC-RF,BF-SAC-RF,93,0.437478,101
Xian,BF-SAC-RF,BF-SAC-RF,94,0.437478,101
Xian,BF-SAC-RF,BF-SAC-RF,95,0.437478,101
Xian,BF-SAC-RF,BF-SAC-RF,96,0.437478,101
Xian,BF-SAC-RF,BF-SAC-RF,97,0.437478,101
Xian,BF-SAC-RF,BF-SAC-RF,98,0.437478,101
Xian,BF-SAC-RF,BF-SAC-RF,99,0.437478,101
Xian,BF-SAC-RF,BF-SAC-RF,100,0.437478,101
Xian,BF-SAC-RF,BF-SAC-RF,1,0.574727,202
Xian,BF-SAC-RF,BF-SAC-RF,2,0.520972,202
Xian,BF-SAC-RF,BF-SAC-RF,3,0.520972,202
Xian,BF-SAC-RF,BF-SAC-RF,4,0.520972,202
Xian,BF-SAC-RF,BF-SAC-RF,5,0.520972,202
Xian,BF-SAC-RF,BF-SAC-RF,6,0.467124,202
Xian,BF-SAC-RF,BF-SAC-RF,7,0.467124,202
Xian,BF-SAC-RF,BF-SAC-RF,8,0.467124,202
Xian,BF-SAC-RF,BF-SAC-RF,9,0.467124,202
Xian,BF-SAC-RF,BF-SAC-RF,10,0.467124,202
Xian,BF-SAC-RF,BF-SAC-RF,11,0.467124,202
Xian,BF-SAC-RF,BF-SAC-RF,12,0.467124,202
Xian,BF-SAC-RF,BF-SAC-RF,13,0.467124,202
Xian,BF-SAC-RF,BF-SAC-RF,14,0.467124,202
Xian,BF-SAC-RF,BF-SAC-RF,15,0.467124,202
Xian,BF-SAC-RF,BF-SAC-RF,16,0.467124,202
Xian,BF-SAC-RF,BF-SAC-RF,17,0.467124,202
Xian,BF-SAC-RF,BF-SAC-RF,18,0.467124,202
Xian,BF-SAC-RF,BF-SAC-RF,19,0.467124,202
Xian,BF-SAC-RF,BF-SAC-RF,20,0.467124,202
Xian,BF-SAC-RF,BF-SAC-RF,21,0.453118,202
Xian,BF-SAC-RF,BF-SAC-RF,22,0.453118,202
Xian,BF-SAC-RF,BF-SAC-RF,23,0.453118,202
Xian,BF-SAC-RF,BF-SAC-RF,24,0.453118,202
Xian,BF-SAC-RF,BF-SAC-RF,25,0.453118,202
Xian,BF-SAC-RF,BF-SAC-RF,26,0.453118,202
Xian,BF-SAC-RF,BF-SAC-RF,27,0.453118,202
Xian,BF-SAC-RF,BF-SAC-RF,28,0.453118,202
Xian,BF-SAC-RF,BF-SAC-RF,29,0.453118,202
Xian,BF-SAC-RF,BF-SAC-RF,30,0.453118,202
Xian,BF-SAC-RF,BF-SAC-RF,31,0.453118,202
Xian,BF-SAC-RF,BF-SAC-RF,32,0.453118,202
Xian,BF-SAC-RF,BF-SAC-RF,33,0.453118,202
Xian,BF-SAC-RF,BF-SAC-RF,34,0.453118,202
Xian,BF-SAC-RF,BF-SAC-RF,35,0.453118,202
Xian,BF-SAC-RF,BF-SAC-RF,36,0.453118,202
Xian,BF-SAC-RF,BF-SAC-RF,37,0.453118,202
Xian,BF-SAC-RF,BF-SAC-RF,38,0.453118,202
Xian,BF-SAC-RF,BF-SAC-RF,39,0.453118,202
Xian,BF-SAC-RF,BF-SAC-RF,40,0.453118,202
Xian,BF-SAC-RF,BF-SAC-RF,41,0.453118,202
Xian,BF-SAC-RF,BF-SAC-RF,42,0.453118,202
Xian,BF-SAC-RF,BF-SAC-RF,43,0.453118,202
Xian,BF-SAC-RF,BF-SAC-RF,44,0.453118,202
Xian,BF-SAC-RF,BF-SAC-RF,45,0.453118,202
Xian,BF-SAC-RF,BF-SAC-RF,46,0.453118,202
Xian,BF-SAC-RF,BF-SAC-RF,47,0.453118,202
Xian,BF-SAC-RF,BF-SAC-RF,48,0.453118,202
Xian,BF-SAC-RF,BF-SAC-RF,49,0.453118,202
Xian,BF-SAC-RF,BF-SAC-RF,50,0.453118,202
Xian,BF-SAC-RF,BF-SAC-RF,51,0.453118,202
Xian,BF-SAC-RF,BF-SAC-RF,52,0.453118,202
Xian,BF-SAC-RF,BF-SAC-RF,53,0.453118,202
Xian,BF-SAC-RF,BF-SAC-RF,54,0.453118,202
Xian,BF-SAC-RF,BF-SAC-RF,55,0.44423,202
Xian,BF-SAC-RF,BF-SAC-RF,56,0.44423,202
Xian,BF-SAC-RF,BF-SAC-RF,57,0.44423,202
Xian,BF-SAC-RF,BF-SAC-RF,58,0.44423,202
Xian,BF-SAC-RF,BF-SAC-RF,59,0.44423,202
Xian,BF-SAC-RF,BF-SAC-RF,60,0.44423,202
Xian,BF-SAC-RF,BF-SAC-RF,61,0.44423,202
Xian,BF-SAC-RF,BF-SAC-RF,62,0.44423,202
Xian,BF-SAC-RF,BF-SAC-RF,63,0.44423,202
Xian,BF-SAC-RF,BF-SAC-RF,64,0.44423,202
Xian,BF-SAC-RF,BF-SAC-RF,65,0.44423,202
Xian,BF-SAC-RF,BF-SAC-RF,66,0.44423,202
Xian,BF-SAC-RF,BF-SAC-RF,67,0.44423,202
Xian,BF-SAC-RF,BF-SAC-RF,68,0.44423,202
Xian,BF-SAC-RF,BF-SAC-RF,69,0.433441,202
Xian,BF-SAC-RF,BF-SAC-RF,70,0.433441,202
Xian,BF-SAC-RF,BF-SAC-RF,71,0.433441,202
Xian,BF-SAC-RF,BF-SAC-RF,72,0.433441,202
Xian,BF-SAC-RF,BF-SAC-RF,73,0.433441,202
Xian,BF-SAC-RF,BF-SAC-RF,74,0.433441,202
Xian,BF-SAC-RF,BF-SAC-RF,75,0.433441,202
Xian,BF-SAC-RF,BF-SAC-RF,76,0.433441,202
Xian,BF-SAC-RF,BF-SAC-RF,77,0.433441,202
Xian,BF-SAC-RF,BF-SAC-RF,78,0.433441,202
Xian,BF-SAC-RF,BF-SAC-RF,79,0.433441,202
Xian,BF-SAC-RF,BF-SAC-RF,80,0.433441,202
Xian,BF-SAC-RF,BF-SAC-RF,81,0.433441,202
Xian,BF-SAC-RF,BF-SAC-RF,82,0.433441,202
Xian,BF-SAC-RF,BF-SAC-RF,83,0.433441,202
Xian,BF-SAC-RF,BF-SAC-RF,84,0.433441,202
Xian,BF-SAC-RF,BF-SAC-RF,85,0.433441,202
Xian,BF-SAC-RF,BF-SAC-RF,86,0.433441,202
Xian,BF-SAC-RF,BF-SAC-RF,87,0.433441,202
Xian,BF-SAC-RF,BF-SAC-RF,88,0.433441,202
Xian,BF-SAC-RF,BF-SAC-RF,89,0.433441,202
Xian,BF-SAC-RF,BF-SAC-RF,90,0.433441,202
Xian,BF-SAC-RF,BF-SAC-RF,91,0.433441,202
Xian,BF-SAC-RF,BF-SAC-RF,92,0.433441,202
Xian,BF-SAC-RF,BF-SAC-RF,93,0.433441,202
Xian,BF-SAC-RF,BF-SAC-RF,94,0.433441,202
Xian,BF-SAC-RF,BF-SAC-RF,95,0.433441,202
Xian,BF-SAC-RF,BF-SAC-RF,96,0.433441,202
Xian,BF-SAC-RF,BF-SAC-RF,97,0.433441,202
Xian,BF-SAC-RF,BF-SAC-RF,98,0.433441,202
Xian,BF-SAC-RF,BF-SAC-RF,99,0.433441,202
Xian,BF-SAC-RF,BF-SAC-RF,100,0.43179,202
Xian,BF-SAC-RF,BF-SAC-RF,1,0.521913,303
Xian,BF-SAC-RF,BF-SAC-RF,2,0.521913,303
Xian,BF-SAC-RF,BF-SAC-RF,3,0.521913,303
Xian,BF-SAC-RF,BF-SAC-RF,4,0.521913,303
Xian,BF-SAC-RF,BF-SAC-RF,5,0.521913,303
Xian,BF-SAC-RF,BF-SAC-RF,6,0.521913,303
Xian,BF-SAC-RF,BF-SAC-RF,7,0.521913,303
Xian,BF-SAC-RF,BF-SAC-RF,8,0.521913,303
Xian,BF-SAC-RF,BF-SAC-RF,9,0.521913,303
Xian,BF-SAC-RF,BF-SAC-RF,10,0.489676,303
Xian,BF-SAC-RF,BF-SAC-RF,11,0.489676,303
Xian,BF-SAC-RF,BF-SAC-RF,12,0.45588,303
Xian,BF-SAC-RF,BF-SAC-RF,13,0.45588,303
Xian,BF-SAC-RF,BF-SAC-RF,14,0.45588,303
Xian,BF-SAC-RF,BF-SAC-RF,15,0.45588,303
Xian,BF-SAC-RF,BF-SAC-RF,16,0.45588,303
Xian,BF-SAC-RF,BF-SAC-RF,17,0.45588,303
Xian,BF-SAC-RF,BF-SAC-RF,18,0.45588,303
Xian,BF-SAC-RF,BF-SAC-RF,19,0.45588,303
Xian,BF-SAC-RF,BF-SAC-RF,20,0.45588,303
Xian,BF-SAC-RF,BF-SAC-RF,21,0.45588,303
Xian,BF-SAC-RF,BF-SAC-RF,22,0.45588,303
Xian,BF-SAC-RF,BF-SAC-RF,23,0.45588,303
Xian,BF-SAC-RF,BF-SAC-RF,24,0.45588,303
Xian,BF-SAC-RF,BF-SAC-RF,25,0.45588,303
Xian,BF-SAC-RF,BF-SAC-RF,26,0.45588,303
Xian,BF-SAC-RF,BF-SAC-RF,27,0.45588,303
Xian,BF-SAC-RF,BF-SAC-RF,28,0.45588,303
Xian,BF-SAC-RF,BF-SAC-RF,29,0.45588,303
Xian,BF-SAC-RF,BF-SAC-RF,30,0.45588,303
Xian,BF-SAC-RF,BF-SAC-RF,31,0.45588,303
Xian,BF-SAC-RF,BF-SAC-RF,32,0.45588,303
Xian,BF-SAC-RF,BF-SAC-RF,33,0.45588,303
Xian,BF-SAC-RF,BF-SAC-RF,34,0.447655,303
Xian,BF-SAC-RF,BF-SAC-RF,35,0.447655,303
Xian,BF-SAC-RF,BF-SAC-RF,36,0.447655,303
Xian,BF-SAC-RF,BF-SAC-RF,37,0.447655,303
Xian,BF-SAC-RF,BF-SAC-RF,38,0.447655,303
Xian,BF-SAC-RF,BF-SAC-RF,39,0.447655,303
Xian,BF-SAC-RF,BF-SAC-RF,40,0.447655,303
Xian,BF-SAC-RF,BF-SAC-RF,41,0.447655,303
Xian,BF-SAC-RF,BF-SAC-RF,42,0.447655,303
Xian,BF-SAC-RF,BF-SAC-RF,43,0.447655,303
Xian,BF-SAC-RF,BF-SAC-RF,44,0.447655,303
Xian,BF-SAC-RF,BF-SAC-RF,45,0.447655,303
Xian,BF-SAC-RF,BF-SAC-RF,46,0.447655,303
Xian,BF-SAC-RF,BF-SAC-RF,47,0.447655,303
Xian,BF-SAC-RF,BF-SAC-RF,48,0.447655,303
Xian,BF-SAC-RF,BF-SAC-RF,49,0.447655,303
Xian,BF-SAC-RF,BF-SAC-RF,50,0.447655,303
Xian,BF-SAC-RF,BF-SAC-RF,51,0.447655,303
Xian,BF-SAC-RF,BF-SAC-RF,52,0.447655,303
Xian,BF-SAC-RF,BF-SAC-RF,53,0.447102,303
Xian,BF-SAC-RF,BF-SAC-RF,54,0.447102,303
Xian,BF-SAC-RF,BF-SAC-RF,55,0.447102,303
Xian,BF-SAC-RF,BF-SAC-RF,56,0.447102,303
Xian,BF-SAC-RF,BF-SAC-RF,57,0.447102,303
Xian,BF-SAC-RF,BF-SAC-RF,58,0.447102,303
Xian,BF-SAC-RF,BF-SAC-RF,59,0.447102,303
Xian,BF-SAC-RF,BF-SAC-RF,60,0.447102,303
Xian,BF-SAC-RF,BF-SAC-RF,61,0.434389,303
Xian,BF-SAC-RF,BF-SAC-RF,62,0.434389,303
Xian,BF-SAC-RF,BF-SAC-RF,63,0.434389,303
Xian,BF-SAC-RF,BF-SAC-RF,64,0.434389,303
Xian,BF-SAC-RF,BF-SAC-RF,65,0.434389,303
Xian,BF-SAC-RF,BF-SAC-RF,66,0.434389,303
Xian,BF-SAC-RF,BF-SAC-RF,67,0.425485,303
Xian,BF-SAC-RF,BF-SAC-RF,68,0.425485,303
Xian,BF-SAC-RF,BF-SAC-RF,69,0.425485,303
Xian,BF-SAC-RF,BF-SAC-RF,70,0.425485,303
Xian,BF-SAC-RF,BF-SAC-RF,71,0.425485,303
Xian,BF-SAC-RF,BF-SAC-RF,72,0.425485,303
Xian,BF-SAC-RF,BF-SAC-RF,73,0.425485,303
Xian,BF-SAC-RF,BF-SAC-RF,74,0.425485,303
Xian,BF-SAC-RF,BF-SAC-RF,75,0.425485,303
Xian,BF-SAC-RF,BF-SAC-RF,76,0.425485,303
Xian,BF-SAC-RF,BF-SAC-RF,77,0.425485,303
Xian,BF-SAC-RF,BF-SAC-RF,78,0.425485,303
Xian,BF-SAC-RF,BF-SAC-RF,79,0.425485,303
Xian,BF-SAC-RF,BF-SAC-RF,80,0.425485,303
Xian,BF-SAC-RF,BF-SAC-RF,81,0.425485,303
Xian,BF-SAC-RF,BF-SAC-RF,82,0.425485,303
Xian,BF-SAC-RF,BF-SAC-RF,83,0.425485,303
Xian,BF-SAC-RF,BF-SAC-RF,84,0.425485,303
Xian,BF-SAC-RF,BF-SAC-RF,85,0.425485,303
Xian,BF-SAC-RF,BF-SAC-RF,86,0.425485,303
Xian,BF-SAC-RF,BF-SAC-RF,87,0.425485,303
Xian,BF-SAC-RF,BF-SAC-RF,88,0.425485,303
Xian,BF-SAC-RF,BF-SAC-RF,89,0.425485,303
Xian,BF-SAC-RF,BF-SAC-RF,90,0.425485,303
Xian,BF-SAC-RF,BF-SAC-RF,91,0.425485,303
Xian,BF-SAC-RF,BF-SAC-RF,92,0.425485,303
Xian,BF-SAC-RF,BF-SAC-RF,93,0.425485,303
Xian,BF-SAC-RF,BF-SAC-RF,94,0.425485,303
Xian,BF-SAC-RF,BF-SAC-RF,95,0.425485,303
Xian,BF-SAC-RF,BF-SAC-RF,96,0.425485,303
Xian,BF-SAC-RF,BF-SAC-RF,97,0.425485,303
Xian,BF-SAC-RF,BF-SAC-RF,98,0.425485,303
Xian,BF-SAC-RF,BF-SAC-RF,99,0.425485,303
Xian,BF-SAC-RF,BF-SAC-RF,100,0.425485,303
Xian,BF-SAC-RF,BF-SAC-RF,1,0.531356,404
Xian,BF-SAC-RF,BF-SAC-RF,2,0.502195,404
Xian,BF-SAC-RF,BF-SAC-RF,3,0.502195,404
Xian,BF-SAC-RF,BF-SAC-RF,4,0.502195,404
Xian,BF-SAC-RF,BF-SAC-RF,5,0.502195,404
Xian,BF-SAC-RF,BF-SAC-RF,6,0.460327,404
Xian,BF-SAC-RF,BF-SAC-RF,7,0.460327,404
Xian,BF-SAC-RF,BF-SAC-RF,8,0.460327,404
Xian,BF-SAC-RF,BF-SAC-RF,9,0.460327,404
Xian,BF-SAC-RF,BF-SAC-RF,10,0.460327,404
Xian,BF-SAC-RF,BF-SAC-RF,11,0.460327,404
Xian,BF-SAC-RF,BF-SAC-RF,12,0.460327,404
Xian,BF-SAC-RF,BF-SAC-RF,13,0.460327,404
Xian,BF-SAC-RF,BF-SAC-RF,14,0.460327,404
Xian,BF-SAC-RF,BF-SAC-RF,15,0.460327,404
Xian,BF-SAC-RF,BF-SAC-RF,16,0.460327,404
Xian,BF-SAC-RF,BF-SAC-RF,17,0.460327,404
Xian,BF-SAC-RF,BF-SAC-RF,18,0.460327,404
Xian,BF-SAC-RF,BF-SAC-RF,19,0.460327,404
Xian,BF-SAC-RF,BF-SAC-RF,20,0.460327,404
Xian,BF-SAC-RF,BF-SAC-RF,21,0.460327,404
Xian,BF-SAC-RF,BF-SAC-RF,22,0.460327,404
Xian,BF-SAC-RF,BF-SAC-RF,23,0.460327,404
Xian,BF-SAC-RF,BF-SAC-RF,24,0.460327,404
Xian,BF-SAC-RF,BF-SAC-RF,25,0.460327,404
Xian,BF-SAC-RF,BF-SAC-RF,26,0.460327,404
Xian,BF-SAC-RF,BF-SAC-RF,27,0.460327,404
Xian,BF-SAC-RF,BF-SAC-RF,28,0.460327,404
Xian,BF-SAC-RF,BF-SAC-RF,29,0.460327,404
Xian,BF-SAC-RF,BF-SAC-RF,30,0.460327,404
Xian,BF-SAC-RF,BF-SAC-RF,31,0.444927,404
Xian,BF-SAC-RF,BF-SAC-RF,32,0.444927,404
Xian,BF-SAC-RF,BF-SAC-RF,33,0.444927,404
Xian,BF-SAC-RF,BF-SAC-RF,34,0.444927,404
Xian,BF-SAC-RF,BF-SAC-RF,35,0.444927,404
Xian,BF-SAC-RF,BF-SAC-RF,36,0.444927,404
Xian,BF-SAC-RF,BF-SAC-RF,37,0.444927,404
Xian,BF-SAC-RF,BF-SAC-RF,38,0.444927,404
Xian,BF-SAC-RF,BF-SAC-RF,39,0.444927,404
Xian,BF-SAC-RF,BF-SAC-RF,40,0.444927,404
Xian,BF-SAC-RF,BF-SAC-RF,41,0.444927,404
Xian,BF-SAC-RF,BF-SAC-RF,42,0.444927,404
Xian,BF-SAC-RF,BF-SAC-RF,43,0.444927,404
Xian,BF-SAC-RF,BF-SAC-RF,44,0.444927,404
Xian,BF-SAC-RF,BF-SAC-RF,45,0.444927,404
Xian,BF-SAC-RF,BF-SAC-RF,46,0.444927,404
Xian,BF-SAC-RF,BF-SAC-RF,47,0.444927,404
Xian,BF-SAC-RF,BF-SAC-RF,48,0.444927,404
Xian,BF-SAC-RF,BF-SAC-RF,49,0.444927,404
Xian,BF-SAC-RF,BF-SAC-RF,50,0.444927,404
Xian,BF-SAC-RF,BF-SAC-RF,51,0.444927,404
Xian,BF-SAC-RF,BF-SAC-RF,52,0.444927,404
Xian,BF-SAC-RF,BF-SAC-RF,53,0.444927,404
Xian,BF-SAC-RF,BF-SAC-RF,54,0.444927,404
Xian,BF-SAC-RF,BF-SAC-RF,55,0.427842,404
Xian,BF-SAC-RF,BF-SAC-RF,56,0.427842,404
Xian,BF-SAC-RF,BF-SAC-RF,57,0.427842,404
Xian,BF-SAC-RF,BF-SAC-RF,58,0.427842,404
Xian,BF-SAC-RF,BF-SAC-RF,59,0.427842,404
Xian,BF-SAC-RF,BF-SAC-RF,60,0.427842,404
Xian,BF-SAC-RF,BF-SAC-RF,61,0.427842,404
Xian,BF-SAC-RF,BF-SAC-RF,62,0.427842,404
Xian,BF-SAC-RF,BF-SAC-RF,63,0.427842,404
Xian,BF-SAC-RF,BF-SAC-RF,64,0.427842,404
Xian,BF-SAC-RF,BF-SAC-RF,65,0.427842,404
Xian,BF-SAC-RF,BF-SAC-RF,66,0.427842,404
Xian,BF-SAC-RF,BF-SAC-RF,67,0.427842,404
Xian,BF-SAC-RF,BF-SAC-RF,68,0.427842,404
Xian,BF-SAC-RF,BF-SAC-RF,69,0.427842,404
Xian,BF-SAC-RF,BF-SAC-RF,70,0.427842,404
Xian,BF-SAC-RF,BF-SAC-RF,71,0.427842,404
Xian,BF-SAC-RF,BF-SAC-RF,72,0.427842,404
Xian,BF-SAC-RF,BF-SAC-RF,73,0.427842,404
Xian,BF-SAC-RF,BF-SAC-RF,74,0.427842,404
Xian,BF-SAC-RF,BF-SAC-RF,75,0.427842,404
Xian,BF-SAC-RF,BF-SAC-RF,76,0.427842,404
Xian,BF-SAC-RF,BF-SAC-RF,77,0.427842,404
Xian,BF-SAC-RF,BF-SAC-RF,78,0.427842,404
Xian,BF-SAC-RF,BF-SAC-RF,79,0.427842,404
Xian,BF-SAC-RF,BF-SAC-RF,80,0.427842,404
Xian,BF-SAC-RF,BF-SAC-RF,81,0.427842,404
Xian,BF-SAC-RF,BF-SAC-RF,82,0.427842,404
Xian,BF-SAC-RF,BF-SAC-RF,83,0.427842,404
Xian,BF-SAC-RF,BF-SAC-RF,84,0.427842,404
Xian,BF-SAC-RF,BF-SAC-RF,85,0.427842,404
Xian,BF-SAC-RF,BF-SAC-RF,86,0.427842,404
Xian,BF-SAC-RF,BF-SAC-RF,87,0.427842,404
Xian,BF-SAC-RF,BF-SAC-RF,88,0.427842,404
Xian,BF-SAC-RF,BF-SAC-RF,89,0.427842,404
Xian,BF-SAC-RF,BF-SAC-RF,90,0.427842,404
Xian,BF-SAC-RF,BF-SAC-RF,91,0.427842,404
Xian,BF-SAC-RF,BF-SAC-RF,92,0.427842,404
Xian,BF-SAC-RF,BF-SAC-RF,93,0.427842,404
Xian,BF-SAC-RF,BF-SAC-RF,94,0.427842,404
Xian,BF-SAC-RF,BF-SAC-RF,95,0.427842,404
Xian,BF-SAC-RF,BF-SAC-RF,96,0.427842,404
Xian,BF-SAC-RF,BF-SAC-RF,97,0.427842,404
Xian,BF-SAC-RF,BF-SAC-RF,98,0.427842,404
Xian,BF-SAC-RF,BF-SAC-RF,99,0.427842,404
Xian,BF-SAC-RF,BF-SAC-RF,100,0.427842,404
Xian,CMA-ES,CMA-ES,1,0.5049532815931088,42
Xian,CMA-ES,CMA-ES,2,0.4862760667113998,42
Xian,CMA-ES,CMA-ES,3,0.4862760667113998,42
Xian,CMA-ES,CMA-ES,4,0.4862760667113998,42
Xian,CMA-ES,CMA-ES,5,0.4862760667113998,42
Xian,CMA-ES,CMA-ES,6,0.4663536693202691,42
Xian,CMA-ES,CMA-ES,7,0.4663536693202691,42
Xian,CMA-ES,CMA-ES,8,0.4663536693202691,42
Xian,CMA-ES,CMA-ES,9,0.4663536693202691,42
Xian,CMA-ES,CMA-ES,10,0.4663536693202691,42
Xian,CMA-ES,CMA-ES,11,0.4663536693202691,42
Xian,CMA-ES,CMA-ES,12,0.4663536693202691,42
Xian,CMA-ES,CMA-ES,13,0.4663536693202691,42
Xian,CMA-ES,CMA-ES,14,0.4663536693202691,42
Xian,CMA-ES,CMA-ES,15,0.4663536693202691,42
Xian,CMA-ES,CMA-ES,16,0.4663536693202691,42
Xian,CMA-ES,CMA-ES,17,0.4663536693202691,42
Xian,CMA-ES,CMA-ES,18,0.4663536693202691,42
Xian,CMA-ES,CMA-ES,19,0.4663536693202691,42
Xian,CMA-ES,CMA-ES,20,0.4663536693202691,42
Xian,CMA-ES,CMA-ES,21,0.4487204300409035,42
Xian,CMA-ES,CMA-ES,22,0.4487204300409035,42
Xian,CMA-ES,CMA-ES,23,0.4487204300409035,42
Xian,CMA-ES,CMA-ES,24,0.4487204300409035,42
Xian,CMA-ES,CMA-ES,25,0.4487204300409035,42
Xian,CMA-ES,CMA-ES,26,0.4487204300409035,42
Xian,CMA-ES,CMA-ES,27,0.4487204300409035,42
Xian,CMA-ES,CMA-ES,28,0.4487204300409035,42
Xian,CMA-ES,CMA-ES,29,0.4487204300409035,42
Xian,CMA-ES,CMA-ES,30,0.4487204300409035,42
Xian,CMA-ES,CMA-ES,31,0.4487204300409035,42
Xian,CMA-ES,CMA-ES,32,0.4487204300409035,42
Xian,CMA-ES,CMA-ES,33,0.4487204300409035,42
Xian,CMA-ES,CMA-ES,34,0.4487204300409035,42
Xian,CMA-ES,CMA-ES,35,0.4487204300409035,42
Xian,CMA-ES,CMA-ES,36,0.4487204300409035,42
Xian,CMA-ES,CMA-ES,37,0.4487204300409035,42
Xian,CMA-ES,CMA-ES,38,0.4487204300409035,42
Xian,CMA-ES,CMA-ES,39,0.4487204300409035,42
Xian,CMA-ES,CMA-ES,40,0.4487204300409035,42
Xian,CMA-ES,CMA-ES,41,0.4487204300409035,42
Xian,CMA-ES,CMA-ES,42,0.4487204300409035,42
Xian,CMA-ES,CMA-ES,43,0.4487204300409035,42
Xian,CMA-ES,CMA-ES,44,0.4487204300409035,42
Xian,CMA-ES,CMA-ES,45,0.4487204300409035,42
Xian,CMA-ES,CMA-ES,46,0.4487204300409035,42
Xian,CMA-ES,CMA-ES,47,0.4487204300409035,42
Xian,CMA-ES,CMA-ES,48,0.4487204300409035,42
Xian,CMA-ES,CMA-ES,49,0.441721839057662,42
Xian,CMA-ES,CMA-ES,50,0.441721839057662,42
Xian,CMA-ES,CMA-ES,51,0.441721839057662,42
Xian,CMA-ES,CMA-ES,52,0.441721839057662,42
Xian,CMA-ES,CMA-ES,53,0.441721839057662,42
Xian,CMA-ES,CMA-ES,54,0.441721839057662,42
Xian,CMA-ES,CMA-ES,55,0.441721839057662,42
Xian,CMA-ES,CMA-ES,56,0.441721839057662,42
Xian,CMA-ES,CMA-ES,57,0.441721839057662,42
Xian,CMA-ES,CMA-ES,58,0.441721839057662,42
Xian,CMA-ES,CMA-ES,59,0.441721839057662,42
Xian,CMA-ES,CMA-ES,60,0.441721839057662,42
Xian,CMA-ES,CMA-ES,61,0.441721839057662,42
Xian,CMA-ES,CMA-ES,62,0.441721839057662,42
Xian,CMA-ES,CMA-ES,63,0.441721839057662,42
Xian,CMA-ES,CMA-ES,64,0.441721839057662,42
Xian,CMA-ES,CMA-ES,65,0.441721839057662,42
Xian,CMA-ES,CMA-ES,66,0.441721839057662,42
Xian,CMA-ES,CMA-ES,67,0.441721839057662,42
Xian,CMA-ES,CMA-ES,68,0.441721839057662,42
Xian,CMA-ES,CMA-ES,69,0.441721839057662,42
Xian,CMA-ES,CMA-ES,70,0.441721839057662,42
Xian,CMA-ES,CMA-ES,71,0.441721839057662,42
Xian,CMA-ES,CMA-ES,72,0.441721839057662,42
Xian,CMA-ES,CMA-ES,73,0.441721839057662,42
Xian,CMA-ES,CMA-ES,74,0.441721839057662,42
Xian,CMA-ES,CMA-ES,75,0.441721839057662,42
Xian,CMA-ES,CMA-ES,76,0.441721839057662,42
Xian,CMA-ES,CMA-ES,77,0.441721839057662,42
Xian,CMA-ES,CMA-ES,78,0.441721839057662,42
Xian,CMA-ES,CMA-ES,79,0.441721839057662,42
Xian,CMA-ES,CMA-ES,80,0.441721839057662,42
Xian,CMA-ES,CMA-ES,81,0.441721839057662,42
Xian,CMA-ES,CMA-ES,82,0.441721839057662,42
Xian,CMA-ES,CMA-ES,83,0.441721839057662,42
Xian,CMA-ES,CMA-ES,84,0.441721839057662,42
Xian,CMA-ES,CMA-ES,85,0.441721839057662,42
Xian,CMA-ES,CMA-ES,86,0.441721839057662,42
Xian,CMA-ES,CMA-ES,87,0.441721839057662,42
Xian,CMA-ES,CMA-ES,88,0.441721839057662,42
Xian,CMA-ES,CMA-ES,89,0.441721839057662,42
Xian,CMA-ES,CMA-ES,90,0.441721839057662,42
Xian,CMA-ES,CMA-ES,91,0.441721839057662,42
Xian,CMA-ES,CMA-ES,92,0.441721839057662,42
Xian,CMA-ES,CMA-ES,93,0.441721839057662,42
Xian,CMA-ES,CMA-ES,94,0.441721839057662,42
Xian,CMA-ES,CMA-ES,95,0.441721839057662,42
Xian,CMA-ES,CMA-ES,96,0.441721839057662,42
Xian,CMA-ES,CMA-ES,97,0.441721839057662,42
Xian,CMA-ES,CMA-ES,98,0.441721839057662,42
Xian,CMA-ES,CMA-ES,99,0.441721839057662,42
Xian,CMA-ES,CMA-ES,100,0.441721839057662,42
Xian,CMA-ES,CMA-ES,1,0.5213433801866667,101
Xian,CMA-ES,CMA-ES,2,0.485220032047908,101
Xian,CMA-ES,CMA-ES,3,0.4655738514519039,101
Xian,CMA-ES,CMA-ES,4,0.4655738514519039,101
Xian,CMA-ES,CMA-ES,5,0.4614769919585593,101
Xian,CMA-ES,CMA-ES,6,0.4614769919585593,101
Xian,CMA-ES,CMA-ES,7,0.4614769919585593,101
Xian,CMA-ES,CMA-ES,8,0.4614769919585593,101
Xian,CMA-ES,CMA-ES,9,0.4614769919585593,101
Xian,CMA-ES,CMA-ES,10,0.4614769919585593,101
Xian,CMA-ES,CMA-ES,11,0.44900718366539205,101
Xian,CMA-ES,CMA-ES,12,0.44900718366539205,101
Xian,CMA-ES,CMA-ES,13,0.44900718366539205,101
Xian,CMA-ES,CMA-ES,14,0.44768660165324087,101
Xian,CMA-ES,CMA-ES,15,0.4340703949381488,101
Xian,CMA-ES,CMA-ES,16,0.4340703949381488,101
Xian,CMA-ES,CMA-ES,17,0.4340703949381488,101
Xian,CMA-ES,CMA-ES,18,0.4340703949381488,101
Xian,CMA-ES,CMA-ES,19,0.4340703949381488,101
Xian,CMA-ES,CMA-ES,20,0.4340703949381488,101
Xian,CMA-ES,CMA-ES,21,0.4340703949381488,101
Xian,CMA-ES,CMA-ES,22,0.4340703949381488,101
Xian,CMA-ES,CMA-ES,23,0.4340703949381488,101
Xian,CMA-ES,CMA-ES,24,0.43369030842279227,101
Xian,CMA-ES,CMA-ES,25,0.43369030842279227,101
Xian,CMA-ES,CMA-ES,26,0.43369030842279227,101
Xian,CMA-ES,CMA-ES,27,0.43369030842279227,101
Xian,CMA-ES,CMA-ES,28,0.43369030842279227,101
Xian,CMA-ES,CMA-ES,29,0.43369030842279227,101
Xian,CMA-ES,CMA-ES,30,0.43369030842279227,101
Xian,CMA-ES,CMA-ES,31,0.43369030842279227,101
Xian,CMA-ES,CMA-ES,32,0.43369030842279227,101
Xian,CMA-ES,CMA-ES,33,0.43369030842279227,101
Xian,CMA-ES,CMA-ES,34,0.43369030842279227,101
Xian,CMA-ES,CMA-ES,35,0.43369030842279227,101
Xian,CMA-ES,CMA-ES,36,0.43369030842279227,101
Xian,CMA-ES,CMA-ES,37,0.43369030842279227,101
Xian,CMA-ES,CMA-ES,38,0.43369030842279227,101
Xian,CMA-ES,CMA-ES,39,0.43369030842279227,101
Xian,CMA-ES,CMA-ES,40,0.43369030842279227,101
Xian,CMA-ES,CMA-ES,41,0.43369030842279227,101
Xian,CMA-ES,CMA-ES,42,0.43369030842279227,101
Xian,CMA-ES,CMA-ES,43,0.43369030842279227,101
Xian,CMA-ES,CMA-ES,44,0.43369030842279227,101
Xian,CMA-ES,CMA-ES,45,0.43369030842279227,101
Xian,CMA-ES,CMA-ES,46,0.43369030842279227,101
Xian,CMA-ES,CMA-ES,47,0.43369030842279227,101
Xian,CMA-ES,CMA-ES,48,0.43369030842279227,101
Xian,CMA-ES,CMA-ES,49,0.43369030842279227,101
Xian,CMA-ES,CMA-ES,50,0.43369030842279227,101
Xian,CMA-ES,CMA-ES,51,0.43369030842279227,101
Xian,CMA-ES,CMA-ES,52,0.43369030842279227,101
Xian,CMA-ES,CMA-ES,53,0.43369030842279227,101
Xian,CMA-ES,CMA-ES,54,0.43369030842279227,101
Xian,CMA-ES,CMA-ES,55,0.43369030842279227,101
Xian,CMA-ES,CMA-ES,56,0.43369030842279227,101
Xian,CMA-ES,CMA-ES,57,0.43369030842279227,101
Xian,CMA-ES,CMA-ES,58,0.43369030842279227,101
Xian,CMA-ES,CMA-ES,59,0.43369030842279227,101
Xian,CMA-ES,CMA-ES,60,0.43369030842279227,101
Xian,CMA-ES,CMA-ES,61,0.43369030842279227,101
Xian,CMA-ES,CMA-ES,62,0.43369030842279227,101
Xian,CMA-ES,CMA-ES,63,0.43369030842279227,101
Xian,CMA-ES,CMA-ES,64,0.43369030842279227,101
Xian,CMA-ES,CMA-ES,65,0.43369030842279227,101
Xian,CMA-ES,CMA-ES,66,0.43369030842279227,101
Xian,CMA-ES,CMA-ES,67,0.43369030842279227,101
Xian,CMA-ES,CMA-ES,68,0.43369030842279227,101
Xian,CMA-ES,CMA-ES,69,0.43369030842279227,101
Xian,CMA-ES,CMA-ES,70,0.43369030842279227,101
Xian,CMA-ES,CMA-ES,71,0.43369030842279227,101
Xian,CMA-ES,CMA-ES,72,0.43369030842279227,101
Xian,CMA-ES,CMA-ES,73,0.43369030842279227,101
Xian,CMA-ES,CMA-ES,74,0.43369030842279227,101
Xian,CMA-ES,CMA-ES,75,0.43369030842279227,101
Xian,CMA-ES,CMA-ES,76,0.43369030842279227,101
Xian,CMA-ES,CMA-ES,77,0.43369030842279227,101
Xian,CMA-ES,CMA-ES,78,0.43369030842279227,101
Xian,CMA-ES,CMA-ES,79,0.43369030842279227,101
Xian,CMA-ES,CMA-ES,80,0.43369030842279227,101
Xian,CMA-ES,CMA-ES,81,0.43369030842279227,101
Xian,CMA-ES,CMA-ES,82,0.43369030842279227,101
Xian,CMA-ES,CMA-ES,83,0.43369030842279227,101
Xian,CMA-ES,CMA-ES,84,0.43369030842279227,101
Xian,CMA-ES,CMA-ES,85,0.43369030842279227,101
Xian,CMA-ES,CMA-ES,86,0.43369030842279227,101
Xian,CMA-ES,CMA-ES,87,0.43369030842279227,101
Xian,CMA-ES,CMA-ES,88,0.43369030842279227,101
Xian,CMA-ES,CMA-ES,89,0.43369030842279227,101
Xian,CMA-ES,CMA-ES,90,0.43369030842279227,101
Xian,CMA-ES,CMA-ES,91,0.43369030842279227,101
Xian,CMA-ES,CMA-ES,92,0.43369030842279227,101
Xian,CMA-ES,CMA-ES,93,0.43369030842279227,101
Xian,CMA-ES,CMA-ES,94,0.43369030842279227,101
Xian,CMA-ES,CMA-ES,95,0.43369030842279227,101
Xian,CMA-ES,CMA-ES,96,0.43369030842279227,101
Xian,CMA-ES,CMA-ES,97,0.43369030842279227,101
Xian,CMA-ES,CMA-ES,98,0.43369030842279227,101
Xian,CMA-ES,CMA-ES,99,0.43369030842279227,101
Xian,CMA-ES,CMA-ES,100,0.43369030842279227,101
Xian,CMA-ES,CMA-ES,1,0.6298543135865209,202
Xian,CMA-ES,CMA-ES,2,0.5483206644912143,202
Xian,CMA-ES,CMA-ES,3,0.5483206644912143,202
Xian,CMA-ES,CMA-ES,4,0.50382742572504,202
Xian,CMA-ES,CMA-ES,5,0.4809644357247649,202
Xian,CMA-ES,CMA-ES,6,0.4809644357247649,202
Xian,CMA-ES,CMA-ES,7,0.4809644357247649,202
Xian,CMA-ES,CMA-ES,8,0.4809644357247649,202
Xian,CMA-ES,CMA-ES,9,0.4809644357247649,202
Xian,CMA-ES,CMA-ES,10,0.4809644357247649,202
Xian,CMA-ES,CMA-ES,11,0.4809644357247649,202
Xian,CMA-ES,CMA-ES,12,0.4809644357247649,202
Xian,CMA-ES,CMA-ES,13,0.4809644357247649,202
Xian,CMA-ES,CMA-ES,14,0.4809644357247649,202
Xian,CMA-ES,CMA-ES,15,0.4809644357247649,202
Xian,CMA-ES,CMA-ES,16,0.4809644357247649,202
Xian,CMA-ES,CMA-ES,17,0.4809644357247649,202
Xian,CMA-ES,CMA-ES,18,0.4809644357247649,202
Xian,CMA-ES,CMA-ES,19,0.4809644357247649,202
Xian,CMA-ES,CMA-ES,20,0.4809644357247649,202
Xian,CMA-ES,CMA-ES,21,0.4809644357247649,202
Xian,CMA-ES,CMA-ES,22,0.4809644357247649,202
Xian,CMA-ES,CMA-ES,23,0.4809644357247649,202
Xian,CMA-ES,CMA-ES,24,0.4809644357247649,202
Xian,CMA-ES,CMA-ES,25,0.4809644357247649,202
Xian,CMA-ES,CMA-ES,26,0.4809644357247649,202
Xian,CMA-ES,CMA-ES,27,0.4809644357247649,202
Xian,CMA-ES,CMA-ES,28,0.4809644357247649,202
Xian,CMA-ES,CMA-ES,29,0.44612233719780436,202
Xian,CMA-ES,CMA-ES,30,0.44612233719780436,202
Xian,CMA-ES,CMA-ES,31,0.44612233719780436,202
Xian,CMA-ES,CMA-ES,32,0.44612233719780436,202
Xian,CMA-ES,CMA-ES,33,0.44612233719780436,202
Xian,CMA-ES,CMA-ES,34,0.44612233719780436,202
Xian,CMA-ES,CMA-ES,35,0.44612233719780436,202
Xian,CMA-ES,CMA-ES,36,0.44612233719780436,202
Xian,CMA-ES,CMA-ES,37,0.44612233719780436,202
Xian,CMA-ES,CMA-ES,38,0.44612233719780436,202
Xian,CMA-ES,CMA-ES,39,0.44612233719780436,202
Xian,CMA-ES,CMA-ES,40,0.44612233719780436,202
Xian,CMA-ES,CMA-ES,41,0.44612233719780436,202
Xian,CMA-ES,CMA-ES,42,0.44612233719780436,202
Xian,CMA-ES,CMA-ES,43,0.44612233719780436,202
Xian,CMA-ES,CMA-ES,44,0.44612233719780436,202
Xian,CMA-ES,CMA-ES,45,0.44612233719780436,202
Xian,CMA-ES,CMA-ES,46,0.44612233719780436,202
Xian,CMA-ES,CMA-ES,47,0.44612233719780436,202
Xian,CMA-ES,CMA-ES,48,0.44612233719780436,202
Xian,CMA-ES,CMA-ES,49,0.44612233719780436,202
Xian,CMA-ES,CMA-ES,50,0.44612233719780436,202
Xian,CMA-ES,CMA-ES,51,0.44612233719780436,202
Xian,CMA-ES,CMA-ES,52,0.44612233719780436,202
Xian,CMA-ES,CMA-ES,53,0.44612233719780436,202
Xian,CMA-ES,CMA-ES,54,0.44612233719780436,202
Xian,CMA-ES,CMA-ES,55,0.44612233719780436,202
Xian,CMA-ES,CMA-ES,56,0.44612233719780436,202
Xian,CMA-ES,CMA-ES,57,0.4326852865010618,202
Xian,CMA-ES,CMA-ES,58,0.4326852865010618,202
Xian,CMA-ES,CMA-ES,59,0.4326852865010618,202
Xian,CMA-ES,CMA-ES,60,0.4326852865010618,202
Xian,CMA-ES,CMA-ES,61,0.4326852865010618,202
Xian,CMA-ES,CMA-ES,62,0.4326852865010618,202
Xian,CMA-ES,CMA-ES,63,0.4326852865010618,202
Xian,CMA-ES,CMA-ES,64,0.4326852865010618,202
Xian,CMA-ES,CMA-ES,65,0.4326852865010618,202
Xian,CMA-ES,CMA-ES,66,0.4326852865010618,202
Xian,CMA-ES,CMA-ES,67,0.4210260417276901,202
Xian,CMA-ES,CMA-ES,68,0.4210260417276901,202
Xian,CMA-ES,CMA-ES,69,0.4210260417276901,202
Xian,CMA-ES,CMA-ES,70,0.4210260417276901,202
Xian,CMA-ES,CMA-ES,71,0.4210260417276901,202
Xian,CMA-ES,CMA-ES,72,0.4210260417276901,202
Xian,CMA-ES,CMA-ES,73,0.4210260417276901,202
Xian,CMA-ES,CMA-ES,74,0.4210260417276901,202
Xian,CMA-ES,CMA-ES,75,0.4210260417276901,202
Xian,CMA-ES,CMA-ES,76,0.4210260417276901,202
Xian,CMA-ES,CMA-ES,77,0.4210260417276901,202
Xian,CMA-ES,CMA-ES,78,0.4210260417276901,202
Xian,CMA-ES,CMA-ES,79,0.4210260417276901,202
Xian,CMA-ES,CMA-ES,80,0.4210260417276901,202
Xian,CMA-ES,CMA-ES,81,0.4210260417276901,202
Xian,CMA-ES,CMA-ES,82,0.4210260417276901,202
Xian,CMA-ES,CMA-ES,83,0.4210260417276901,202
Xian,CMA-ES,CMA-ES,84,0.4210260417276901,202
Xian,CMA-ES,CMA-ES,85,0.4210260417276901,202
Xian,CMA-ES,CMA-ES,86,0.4210260417276901,202
Xian,CMA-ES,CMA-ES,87,0.4210260417276901,202
Xian,CMA-ES,CMA-ES,88,0.4210260417276901,202
Xian,CMA-ES,CMA-ES,89,0.4210260417276901,202
Xian,CMA-ES,CMA-ES,90,0.4210260417276901,202
Xian,CMA-ES,CMA-ES,91,0.4210260417276901,202
Xian,CMA-ES,CMA-ES,92,0.4210260417276901,202
Xian,CMA-ES,CMA-ES,93,0.4210260417276901,202
Xian,CMA-ES,CMA-ES,94,0.4210260417276901,202
Xian,CMA-ES,CMA-ES,95,0.4210260417276901,202
Xian,CMA-ES,CMA-ES,96,0.4210260417276901,202
Xian,CMA-ES,CMA-ES,97,0.4210260417276901,202
Xian,CMA-ES,CMA-ES,98,0.4210260417276901,202
Xian,CMA-ES,CMA-ES,99,0.4210260417276901,202
Xian,CMA-ES,CMA-ES,100,0.4210260417276901,202
Xian,CMA-ES,CMA-ES,1,0.5177718156089018,303
Xian,CMA-ES,CMA-ES,2,0.4817481406870985,303
Xian,CMA-ES,CMA-ES,3,0.4817481406870985,303
Xian,CMA-ES,CMA-ES,4,0.4817481406870985,303
Xian,CMA-ES,CMA-ES,5,0.4817481406870985,303
Xian,CMA-ES,CMA-ES,6,0.4817481406870985,303
Xian,CMA-ES,CMA-ES,7,0.4817481406870985,303
Xian,CMA-ES,CMA-ES,8,0.4817481406870985,303
Xian,CMA-ES,CMA-ES,9,0.4817481406870985,303
Xian,CMA-ES,CMA-ES,10,0.4817481406870985,303
Xian,CMA-ES,CMA-ES,11,0.4817481406870985,303
Xian,CMA-ES,CMA-ES,12,0.44612238307028373,303
Xian,CMA-ES,CMA-ES,13,0.44612238307028373,303
Xian,CMA-ES,CMA-ES,14,0.44612238307028373,303
Xian,CMA-ES,CMA-ES,15,0.44612238307028373,303
Xian,CMA-ES,CMA-ES,16,0.44612238307028373,303
Xian,CMA-ES,CMA-ES,17,0.44612238307028373,303
Xian,CMA-ES,CMA-ES,18,0.44612238307028373,303
Xian,CMA-ES,CMA-ES,19,0.44612238307028373,303
Xian,CMA-ES,CMA-ES,20,0.44612238307028373,303
Xian,CMA-ES,CMA-ES,21,0.44612238307028373,303
Xian,CMA-ES,CMA-ES,22,0.44612238307028373,303
Xian,CMA-ES,CMA-ES,23,0.44612238307028373,303
Xian,CMA-ES,CMA-ES,24,0.44612238307028373,303
Xian,CMA-ES,CMA-ES,25,0.44612238307028373,303
Xian,CMA-ES,CMA-ES,26,0.44612238307028373,303
Xian,CMA-ES,CMA-ES,27,0.44612238307028373,303
Xian,CMA-ES,CMA-ES,28,0.44612238307028373,303
Xian,CMA-ES,CMA-ES,29,0.44612238307028373,303
Xian,CMA-ES,CMA-ES,30,0.44612238307028373,303
Xian,CMA-ES,CMA-ES,31,0.44612238307028373,303
Xian,CMA-ES,CMA-ES,32,0.44612238307028373,303
Xian,CMA-ES,CMA-ES,33,0.44612238307028373,303
Xian,CMA-ES,CMA-ES,34,0.44612238307028373,303
Xian,CMA-ES,CMA-ES,35,0.44612238307028373,303
Xian,CMA-ES,CMA-ES,36,0.44612238307028373,303
Xian,CMA-ES,CMA-ES,37,0.44612238307028373,303
Xian,CMA-ES,CMA-ES,38,0.44612238307028373,303
Xian,CMA-ES,CMA-ES,39,0.44612238307028373,303
Xian,CMA-ES,CMA-ES,40,0.44612238307028373,303
Xian,CMA-ES,CMA-ES,41,0.44612238307028373,303
Xian,CMA-ES,CMA-ES,42,0.44612238307028373,303
Xian,CMA-ES,CMA-ES,43,0.44612238307028373,303
Xian,CMA-ES,CMA-ES,44,0.44612238307028373,303
Xian,CMA-ES,CMA-ES,45,0.44612238307028373,303
Xian,CMA-ES,CMA-ES,46,0.44612238307028373,303
Xian,CMA-ES,CMA-ES,47,0.44612238307028373,303
Xian,CMA-ES,CMA-ES,48,0.44612238307028373,303
Xian,CMA-ES,CMA-ES,49,0.44612238307028373,303
Xian,CMA-ES,CMA-ES,50,0.44612238307028373,303
Xian,CMA-ES,CMA-ES,51,0.44612238307028373,303
Xian,CMA-ES,CMA-ES,52,0.44612238307028373,303
Xian,CMA-ES,CMA-ES,53,0.44612238307028373,303
Xian,CMA-ES,CMA-ES,54,0.44612238307028373,303
Xian,CMA-ES,CMA-ES,55,0.44612238307028373,303
Xian,CMA-ES,CMA-ES,56,0.44612238307028373,303
Xian,CMA-ES,CMA-ES,57,0.44612238307028373,303
Xian,CMA-ES,CMA-ES,58,0.44612238307028373,303
Xian,CMA-ES,CMA-ES,59,0.44612238307028373,303
Xian,CMA-ES,CMA-ES,60,0.44612238307028373,303
Xian,CMA-ES,CMA-ES,61,0.44612238307028373,303
Xian,CMA-ES,CMA-ES,62,0.44612238307028373,303
Xian,CMA-ES,CMA-ES,63,0.44612238307028373,303
Xian,CMA-ES,CMA-ES,64,0.44612238307028373,303
Xian,CMA-ES,CMA-ES,65,0.44612238307028373,303
Xian,CMA-ES,CMA-ES,66,0.44612238307028373,303
Xian,CMA-ES,CMA-ES,67,0.44612238307028373,303
Xian,CMA-ES,CMA-ES,68,0.44612238307028373,303
Xian,CMA-ES,CMA-ES,69,0.44612238307028373,303
Xian,CMA-ES,CMA-ES,70,0.44612238307028373,303
Xian,CMA-ES,CMA-ES,71,0.44612238307028373,303
Xian,CMA-ES,CMA-ES,72,0.44612238307028373,303
Xian,CMA-ES,CMA-ES,73,0.44612238307028373,303
Xian,CMA-ES,CMA-ES,74,0.44612238307028373,303
Xian,CMA-ES,CMA-ES,75,0.44612238307028373,303
Xian,CMA-ES,CMA-ES,76,0.44612238307028373,303
Xian,CMA-ES,CMA-ES,77,0.44612238307028373,303
Xian,CMA-ES,CMA-ES,78,0.44612238307028373,303
Xian,CMA-ES,CMA-ES,79,0.44612238307028373,303
Xian,CMA-ES,CMA-ES,80,0.44612238307028373,303
Xian,CMA-ES,CMA-ES,81,0.44612238307028373,303
Xian,CMA-ES,CMA-ES,82,0.44612238307028373,303
Xian,CMA-ES,CMA-ES,83,0.44612238307028373,303
Xian,CMA-ES,CMA-ES,84,0.44612238307028373,303
Xian,CMA-ES,CMA-ES,85,0.44612238307028373,303
Xian,CMA-ES,CMA-ES,86,0.44612238307028373,303
Xian,CMA-ES,CMA-ES,87,0.44612238307028373,303
Xian,CMA-ES,CMA-ES,88,0.44612238307028373,303
Xian,CMA-ES,CMA-ES,89,0.44095485756160446,303
Xian,CMA-ES,CMA-ES,90,0.44095485756160446,303
Xian,CMA-ES,CMA-ES,91,0.44095485756160446,303
Xian,CMA-ES,CMA-ES,92,0.44095485756160446,303
Xian,CMA-ES,CMA-ES,93,0.44095485756160446,303
Xian,CMA-ES,CMA-ES,94,0.44095485756160446,303
Xian,CMA-ES,CMA-ES,95,0.44095485756160446,303
Xian,CMA-ES,CMA-ES,96,0.44095485756160446,303
Xian,CMA-ES,CMA-ES,97,0.44095485756160446,303
Xian,CMA-ES,CMA-ES,98,0.44095485756160446,303
Xian,CMA-ES,CMA-ES,99,0.44095485756160446,303
Xian,CMA-ES,CMA-ES,100,0.44095485756160446,303
Xian,CMA-ES,CMA-ES,1,0.6072242485020056,404
Xian,CMA-ES,CMA-ES,2,0.6072242485020056,404
Xian,CMA-ES,CMA-ES,3,0.6072242485020056,404
Xian,CMA-ES,CMA-ES,4,0.5797763160680459,404
Xian,CMA-ES,CMA-ES,5,0.5797763160680459,404
Xian,CMA-ES,CMA-ES,6,0.5047576157004383,404
Xian,CMA-ES,CMA-ES,7,0.4945676567894915,404
Xian,CMA-ES,CMA-ES,8,0.48482764193980443,404
Xian,CMA-ES,CMA-ES,9,0.48482764193980443,404
Xian,CMA-ES,CMA-ES,10,0.48482764193980443,404
Xian,CMA-ES,CMA-ES,11,0.48482764193980443,404
Xian,CMA-ES,CMA-ES,12,0.48482764193980443,404
Xian,CMA-ES,CMA-ES,13,0.48482764193980443,404
Xian,CMA-ES,CMA-ES,14,0.476133080334159,404
Xian,CMA-ES,CMA-ES,15,0.476133080334159,404
Xian,CMA-ES,CMA-ES,16,0.476133080334159,404
Xian,CMA-ES,CMA-ES,17,0.476133080334159,404
Xian,CMA-ES,CMA-ES,18,0.476133080334159,404
Xian,CMA-ES,CMA-ES,19,0.476133080334159,404
Xian,CMA-ES,CMA-ES,20,0.4759476576775179,404
Xian,CMA-ES,CMA-ES,21,0.4759476576775179,404
Xian,CMA-ES,CMA-ES,22,0.4759476576775179,404
Xian,CMA-ES,CMA-ES,23,0.4759476576775179,404
Xian,CMA-ES,CMA-ES,24,0.4759476576775179,404
Xian,CMA-ES,CMA-ES,25,0.4759476576775179,404
Xian,CMA-ES,CMA-ES,26,0.4759476576775179,404
Xian,CMA-ES,CMA-ES,27,0.4759476576775179,404
Xian,CMA-ES,CMA-ES,28,0.4461215553579667,404
Xian,CMA-ES,CMA-ES,29,0.4461215553579667,404
Xian,CMA-ES,CMA-ES,30,0.4461215553579667,404
Xian,CMA-ES,CMA-ES,31,0.4461215553579667,404
Xian,CMA-ES,CMA-ES,32,0.4461215553579667,404
Xian,CMA-ES,CMA-ES,33,0.4461215553579667,404
Xian,CMA-ES,CMA-ES,34,0.4461215553579667,404
Xian,CMA-ES,CMA-ES,35,0.4461215553579667,404
Xian,CMA-ES,CMA-ES,36,0.4461215553579667,404
Xian,CMA-ES,CMA-ES,37,0.4461215553579667,404
Xian,CMA-ES,CMA-ES,38,0.4461215553579667,404
Xian,CMA-ES,CMA-ES,39,0.4461215553579667,404
Xian,CMA-ES,CMA-ES,40,0.4461215553579667,404
Xian,CMA-ES,CMA-ES,41,0.4461215553579667,404
Xian,CMA-ES,CMA-ES,42,0.4461215553579667,404
Xian,CMA-ES,CMA-ES,43,0.4461215553579667,404
Xian,CMA-ES,CMA-ES,44,0.4461215553579667,404
Xian,CMA-ES,CMA-ES,45,0.4461215553579667,404
Xian,CMA-ES,CMA-ES,46,0.4461215553579667,404
Xian,CMA-ES,CMA-ES,47,0.4461215553579667,404
Xian,CMA-ES,CMA-ES,48,0.4461215553579667,404
Xian,CMA-ES,CMA-ES,49,0.4461215553579667,404
Xian,CMA-ES,CMA-ES,50,0.4461215553579667,404
Xian,CMA-ES,CMA-ES,51,0.4461215553579667,404
Xian,CMA-ES,CMA-ES,52,0.4461215553579667,404
Xian,CMA-ES,CMA-ES,53,0.4461215553579667,404
Xian,CMA-ES,CMA-ES,54,0.4461215553579667,404
Xian,CMA-ES,CMA-ES,55,0.4461215553579667,404
Xian,CMA-ES,CMA-ES,56,0.4461215553579667,404
Xian,CMA-ES,CMA-ES,57,0.4461215553579667,404
Xian,CMA-ES,CMA-ES,58,0.4461215553579667,404
Xian,CMA-ES,CMA-ES,59,0.4461215553579667,404
Xian,CMA-ES,CMA-ES,60,0.4461215553579667,404
Xian,CMA-ES,CMA-ES,61,0.4461215553579667,404
Xian,CMA-ES,CMA-ES,62,0.4461215553579667,404
Xian,CMA-ES,CMA-ES,63,0.4461215553579667,404
Xian,CMA-ES,CMA-ES,64,0.4461215553579667,404
Xian,CMA-ES,CMA-ES,65,0.4461215553579667,404
Xian,CMA-ES,CMA-ES,66,0.4461215553579667,404
Xian,CMA-ES,CMA-ES,67,0.4461215553579667,404
Xian,CMA-ES,CMA-ES,68,0.4461215553579667,404
Xian,CMA-ES,CMA-ES,69,0.4461215553579667,404
Xian,CMA-ES,CMA-ES,70,0.4461215553579667,404
Xian,CMA-ES,CMA-ES,71,0.4461215553579667,404
Xian,CMA-ES,CMA-ES,72,0.4461215553579667,404
Xian,CMA-ES,CMA-ES,73,0.4461215553579667,404
Xian,CMA-ES,CMA-ES,74,0.4373628108593609,404
Xian,CMA-ES,CMA-ES,75,0.4373628108593609,404
Xian,CMA-ES,CMA-ES,76,0.4373628108593609,404
Xian,CMA-ES,CMA-ES,77,0.4373628108593609,404
Xian,CMA-ES,CMA-ES,78,0.4373628108593609,404
Xian,CMA-ES,CMA-ES,79,0.4373628108593609,404
Xian,CMA-ES,CMA-ES,80,0.4373628108593609,404
Xian,CMA-ES,CMA-ES,81,0.4373628108593609,404
Xian,CMA-ES,CMA-ES,82,0.4373628108593609,404
Xian,CMA-ES,CMA-ES,83,0.4373628108593609,404
Xian,CMA-ES,CMA-ES,84,0.4373628108593609,404
Xian,CMA-ES,CMA-ES,85,0.4373628108593609,404
Xian,CMA-ES,CMA-ES,86,0.4373628108593609,404
Xian,CMA-ES,CMA-ES,87,0.4373628108593609,404
Xian,CMA-ES,CMA-ES,88,0.4373628108593609,404
Xian,CMA-ES,CMA-ES,89,0.4373628108593609,404
Xian,CMA-ES,CMA-ES,90,0.4373628108593609,404
Xian,CMA-ES,CMA-ES,91,0.4373628108593609,404
Xian,CMA-ES,CMA-ES,92,0.4373628108593609,404
Xian,CMA-ES,CMA-ES,93,0.4373628108593609,404
Xian,CMA-ES,CMA-ES,94,0.4373628108593609,404
Xian,CMA-ES,CMA-ES,95,0.4373628108593609,404
Xian,CMA-ES,CMA-ES,96,0.4373628108593609,404
Xian,CMA-ES,CMA-ES,97,0.4373628108593609,404
Xian,CMA-ES,CMA-ES,98,0.4373628108593609,404
Xian,CMA-ES,CMA-ES,99,0.4373628108593609,404
Xian,CMA-ES,CMA-ES,100,0.4373628108593609,404
Xian,遗传算法（GA）,GA,1,0.4747358953760331,42
Xian,遗传算法（GA）,GA,2,0.4747358953760331,42
Xian,遗传算法（GA）,GA,3,0.4747358953760331,42
Xian,遗传算法（GA）,GA,4,0.4747358953760331,42
Xian,遗传算法（GA）,GA,5,0.4747358953760331,42
Xian,遗传算法（GA）,GA,6,0.4747358953760331,42
Xian,遗传算法（GA）,GA,7,0.4747358953760331,42
Xian,遗传算法（GA）,GA,8,0.4747358953760331,42
Xian,遗传算法（GA）,GA,9,0.4747358953760331,42
Xian,遗传算法（GA）,GA,10,0.4747358953760331,42
Xian,遗传算法（GA）,GA,11,0.4747358953760331,42
Xian,遗传算法（GA）,GA,12,0.4747358953760331,42
Xian,遗传算法（GA）,GA,13,0.4747358953760331,42
Xian,遗传算法（GA）,GA,14,0.4747358953760331,42
Xian,遗传算法（GA）,GA,15,0.4747358953760331,42
Xian,遗传算法（GA）,GA,16,0.4747358953760331,42
Xian,遗传算法（GA）,GA,17,0.4747358953760331,42
Xian,遗传算法（GA）,GA,18,0.4747358953760331,42
Xian,遗传算法（GA）,GA,19,0.4747358953760331,42
Xian,遗传算法（GA）,GA,20,0.4747358953760331,42
Xian,遗传算法（GA）,GA,21,0.4747358953760331,42
Xian,遗传算法（GA）,GA,22,0.4747358953760331,42
Xian,遗传算法（GA）,GA,23,0.4747358953760331,42
Xian,遗传算法（GA）,GA,24,0.4747358953760331,42
Xian,遗传算法（GA）,GA,25,0.4747358953760331,42
Xian,遗传算法（GA）,GA,26,0.4747358953760331,42
Xian,遗传算法（GA）,GA,27,0.4747358953760331,42
Xian,遗传算法（GA）,GA,28,0.4747358953760331,42
Xian,遗传算法（GA）,GA,29,0.4747358953760331,42
Xian,遗传算法（GA）,GA,30,0.4747358953760331,42
Xian,遗传算法（GA）,GA,31,0.4695312181363769,42
Xian,遗传算法（GA）,GA,32,0.4695312181363769,42
Xian,遗传算法（GA）,GA,33,0.4695312181363769,42
Xian,遗传算法（GA）,GA,34,0.4695312181363769,42
Xian,遗传算法（GA）,GA,35,0.4695312181363769,42
Xian,遗传算法（GA）,GA,36,0.4695312181363769,42
Xian,遗传算法（GA）,GA,37,0.4695312181363769,42
Xian,遗传算法（GA）,GA,38,0.4695312181363769,42
Xian,遗传算法（GA）,GA,39,0.4695312181363769,42
Xian,遗传算法（GA）,GA,40,0.4695312181363769,42
Xian,遗传算法（GA）,GA,41,0.4695312181363769,42
Xian,遗传算法（GA）,GA,42,0.4695312181363769,42
Xian,遗传算法（GA）,GA,43,0.4695312181363769,42
Xian,遗传算法（GA）,GA,44,0.4695312181363769,42
Xian,遗传算法（GA）,GA,45,0.4695312181363769,42
Xian,遗传算法（GA）,GA,46,0.4695312181363769,42
Xian,遗传算法（GA）,GA,47,0.4695312181363769,42
Xian,遗传算法（GA）,GA,48,0.4695312181363769,42
Xian,遗传算法（GA）,GA,49,0.4695312181363769,42
Xian,遗传算法（GA）,GA,50,0.4695312181363769,42
Xian,遗传算法（GA）,GA,51,0.4695312181363769,42
Xian,遗传算法（GA）,GA,52,0.4695312181363769,42
Xian,遗传算法（GA）,GA,53,0.4695312181363769,42
Xian,遗传算法（GA）,GA,54,0.4695312181363769,42
Xian,遗传算法（GA）,GA,55,0.4695312181363769,42
Xian,遗传算法（GA）,GA,56,0.4695312181363769,42
Xian,遗传算法（GA）,GA,57,0.4695312181363769,42
Xian,遗传算法（GA）,GA,58,0.4695312181363769,42
Xian,遗传算法（GA）,GA,59,0.4695312181363769,42
Xian,遗传算法（GA）,GA,60,0.4695312181363769,42
Xian,遗传算法（GA）,GA,61,0.4695312181363769,42
Xian,遗传算法（GA）,GA,62,0.4695312181363769,42
Xian,遗传算法（GA）,GA,63,0.4695312181363769,42
Xian,遗传算法（GA）,GA,64,0.4695312181363769,42
Xian,遗传算法（GA）,GA,65,0.4695312181363769,42
Xian,遗传算法（GA）,GA,66,0.4695312181363769,42
Xian,遗传算法（GA）,GA,67,0.4695312181363769,42
Xian,遗传算法（GA）,GA,68,0.4695312181363769,42
Xian,遗传算法（GA）,GA,69,0.4695312181363769,42
Xian,遗传算法（GA）,GA,70,0.4695312181363769,42
Xian,遗传算法（GA）,GA,71,0.4695312181363769,42
Xian,遗传算法（GA）,GA,72,0.4695312181363769,42
Xian,遗传算法（GA）,GA,73,0.4695312181363769,42
Xian,遗传算法（GA）,GA,74,0.4695312181363769,42
Xian,遗传算法（GA）,GA,75,0.4695312181363769,42
Xian,遗传算法（GA）,GA,76,0.4695312181363769,42
Xian,遗传算法（GA）,GA,77,0.4695312181363769,42
Xian,遗传算法（GA）,GA,78,0.4695312181363769,42
Xian,遗传算法（GA）,GA,79,0.4695312181363769,42
Xian,遗传算法（GA）,GA,80,0.4695312181363769,42
Xian,遗传算法（GA）,GA,81,0.4695312181363769,42
Xian,遗传算法（GA）,GA,82,0.4695312181363769,42
Xian,遗传算法（GA）,GA,83,0.4695312181363769,42
Xian,遗传算法（GA）,GA,84,0.4695312181363769,42
Xian,遗传算法（GA）,GA,85,0.4695312181363769,42
Xian,遗传算法（GA）,GA,86,0.4695312181363769,42
Xian,遗传算法（GA）,GA,87,0.4695312181363769,42
Xian,遗传算法（GA）,GA,88,0.4695312181363769,42
Xian,遗传算法（GA）,GA,89,0.4695312181363769,42
Xian,遗传算法（GA）,GA,90,0.4695312181363769,42
Xian,遗传算法（GA）,GA,91,0.4695312181363769,42
Xian,遗传算法（GA）,GA,92,0.4695312181363769,42
Xian,遗传算法（GA）,GA,93,0.4695312181363769,42
Xian,遗传算法（GA）,GA,94,0.4695312181363769,42
Xian,遗传算法（GA）,GA,95,0.46645724094684565,42
Xian,遗传算法（GA）,GA,96,0.46645724094684565,42
Xian,遗传算法（GA）,GA,97,0.46645724094684565,42
Xian,遗传算法（GA）,GA,98,0.46645724094684565,42
Xian,遗传算法（GA）,GA,99,0.46645724094684565,42
Xian,遗传算法（GA）,GA,100,0.46645724094684565,42
Xian,遗传算法（GA）,GA,1,0.5715018533465975,101
Xian,遗传算法（GA）,GA,2,0.5080369795905031,101
Xian,遗传算法（GA）,GA,3,0.5080369795905031,101
Xian,遗传算法（GA）,GA,4,0.5080369795905031,101
Xian,遗传算法（GA）,GA,5,0.5080369795905031,101
Xian,遗传算法（GA）,GA,6,0.5063142969403909,101
Xian,遗传算法（GA）,GA,7,0.5054284956660183,101
Xian,遗传算法（GA）,GA,8,0.5054284956660183,101
Xian,遗传算法（GA）,GA,9,0.5054284956660183,101
Xian,遗传算法（GA）,GA,10,0.5054284956660183,101
Xian,遗传算法（GA）,GA,11,0.5054284956660183,101
Xian,遗传算法（GA）,GA,12,0.5054284956660183,101
Xian,遗传算法（GA）,GA,13,0.5054284956660183,101
Xian,遗传算法（GA）,GA,14,0.47733543884779167,101
Xian,遗传算法（GA）,GA,15,0.47733543884779167,101
Xian,遗传算法（GA）,GA,16,0.47733543884779167,101
Xian,遗传算法（GA）,GA,17,0.47733543884779167,101
Xian,遗传算法（GA）,GA,18,0.47733543884779167,101
Xian,遗传算法（GA）,GA,19,0.47733543884779167,101
Xian,遗传算法（GA）,GA,20,0.47733543884779167,101
Xian,遗传算法（GA）,GA,21,0.47733543884779167,101
Xian,遗传算法（GA）,GA,22,0.47733543884779167,101
Xian,遗传算法（GA）,GA,23,0.47733543884779167,101
Xian,遗传算法（GA）,GA,24,0.47733543884779167,101
Xian,遗传算法（GA）,GA,25,0.47733543884779167,101
Xian,遗传算法（GA）,GA,26,0.47733543884779167,101
Xian,遗传算法（GA）,GA,27,0.47733543884779167,101
Xian,遗传算法（GA）,GA,28,0.47733543884779167,101
Xian,遗传算法（GA）,GA,29,0.47733543884779167,101
Xian,遗传算法（GA）,GA,30,0.47733543884779167,101
Xian,遗传算法（GA）,GA,31,0.47733543884779167,101
Xian,遗传算法（GA）,GA,32,0.47733543884779167,101
Xian,遗传算法（GA）,GA,33,0.47733543884779167,101
Xian,遗传算法（GA）,GA,34,0.47733543884779167,101
Xian,遗传算法（GA）,GA,35,0.47733543884779167,101
Xian,遗传算法（GA）,GA,36,0.4561730192624817,101
Xian,遗传算法（GA）,GA,37,0.4561730192624817,101
Xian,遗传算法（GA）,GA,38,0.4561730192624817,101
Xian,遗传算法（GA）,GA,39,0.4561730192624817,101
Xian,遗传算法（GA）,GA,40,0.4561730192624817,101
Xian,遗传算法（GA）,GA,41,0.4561730192624817,101
Xian,遗传算法（GA）,GA,42,0.4561730192624817,101
Xian,遗传算法（GA）,GA,43,0.4561730192624817,101
Xian,遗传算法（GA）,GA,44,0.4561730192624817,101
Xian,遗传算法（GA）,GA,45,0.4561730192624817,101
Xian,遗传算法（GA）,GA,46,0.4561730192624817,101
Xian,遗传算法（GA）,GA,47,0.4561730192624817,101
Xian,遗传算法（GA）,GA,48,0.4561730192624817,101
Xian,遗传算法（GA）,GA,49,0.4561730192624817,101
Xian,遗传算法（GA）,GA,50,0.4561730192624817,101
Xian,遗传算法（GA）,GA,51,0.4561730192624817,101
Xian,遗传算法（GA）,GA,52,0.4561730192624817,101
Xian,遗传算法（GA）,GA,53,0.4561730192624817,101
Xian,遗传算法（GA）,GA,54,0.4561730192624817,101
Xian,遗传算法（GA）,GA,55,0.4561730192624817,101
Xian,遗传算法（GA）,GA,56,0.4561730192624817,101
Xian,遗传算法（GA）,GA,57,0.4561730192624817,101
Xian,遗传算法（GA）,GA,58,0.4561730192624817,101
Xian,遗传算法（GA）,GA,59,0.4561730192624817,101
Xian,遗传算法（GA）,GA,60,0.4561730192624817,101
Xian,遗传算法（GA）,GA,61,0.4561730192624817,101
Xian,遗传算法（GA）,GA,62,0.4561730192624817,101
Xian,遗传算法（GA）,GA,63,0.4561730192624817,101
Xian,遗传算法（GA）,GA,64,0.4561730192624817,101
Xian,遗传算法（GA）,GA,65,0.4561730192624817,101
Xian,遗传算法（GA）,GA,66,0.4561730192624817,101
Xian,遗传算法（GA）,GA,67,0.4561730192624817,101
Xian,遗传算法（GA）,GA,68,0.4561730192624817,101
Xian,遗传算法（GA）,GA,69,0.4561730192624817,101
Xian,遗传算法（GA）,GA,70,0.4561730192624817,101
Xian,遗传算法（GA）,GA,71,0.4561730192624817,101
Xian,遗传算法（GA）,GA,72,0.4561730192624817,101
Xian,遗传算法（GA）,GA,73,0.4561730192624817,101
Xian,遗传算法（GA）,GA,74,0.4561730192624817,101
Xian,遗传算法（GA）,GA,75,0.4561730192624817,101
Xian,遗传算法（GA）,GA,76,0.4561730192624817,101
Xian,遗传算法（GA）,GA,77,0.4561730192624817,101
Xian,遗传算法（GA）,GA,78,0.4561730192624817,101
Xian,遗传算法（GA）,GA,79,0.4561730192624817,101
Xian,遗传算法（GA）,GA,80,0.4561730192624817,101
Xian,遗传算法（GA）,GA,81,0.4561730192624817,101
Xian,遗传算法（GA）,GA,82,0.4561730192624817,101
Xian,遗传算法（GA）,GA,83,0.4561730192624817,101
Xian,遗传算法（GA）,GA,84,0.4561730192624817,101
Xian,遗传算法（GA）,GA,85,0.4561730192624817,101
Xian,遗传算法（GA）,GA,86,0.4561730192624817,101
Xian,遗传算法（GA）,GA,87,0.4561730192624817,101
Xian,遗传算法（GA）,GA,88,0.4561730192624817,101
Xian,遗传算法（GA）,GA,89,0.4561730192624817,101
Xian,遗传算法（GA）,GA,90,0.4561730192624817,101
Xian,遗传算法（GA）,GA,91,0.4561730192624817,101
Xian,遗传算法（GA）,GA,92,0.4561730192624817,101
Xian,遗传算法（GA）,GA,93,0.4561730192624817,101
Xian,遗传算法（GA）,GA,94,0.4561730192624817,101
Xian,遗传算法（GA）,GA,95,0.4561730192624817,101
Xian,遗传算法（GA）,GA,96,0.4561730192624817,101
Xian,遗传算法（GA）,GA,97,0.4561730192624817,101
Xian,遗传算法（GA）,GA,98,0.4561730192624817,101
Xian,遗传算法（GA）,GA,99,0.4561730192624817,101
Xian,遗传算法（GA）,GA,100,0.4561730192624817,101
Xian,遗传算法（GA）,GA,1,0.46754046695743656,202
Xian,遗传算法（GA）,GA,2,0.46754046695743656,202
Xian,遗传算法（GA）,GA,3,0.46754046695743656,202
Xian,遗传算法（GA）,GA,4,0.46754046695743656,202
Xian,遗传算法（GA）,GA,5,0.46754046695743656,202
Xian,遗传算法（GA）,GA,6,0.46754046695743656,202
Xian,遗传算法（GA）,GA,7,0.46754046695743656,202
Xian,遗传算法（GA）,GA,8,0.46754046695743656,202
Xian,遗传算法（GA）,GA,9,0.46754046695743656,202
Xian,遗传算法（GA）,GA,10,0.46754046695743656,202
Xian,遗传算法（GA）,GA,11,0.46754046695743656,202
Xian,遗传算法（GA）,GA,12,0.46754046695743656,202
Xian,遗传算法（GA）,GA,13,0.4344829172520018,202
Xian,遗传算法（GA）,GA,14,0.4344829172520018,202
Xian,遗传算法（GA）,GA,15,0.4344829172520018,202
Xian,遗传算法（GA）,GA,16,0.4344829172520018,202
Xian,遗传算法（GA）,GA,17,0.4344829172520018,202
Xian,遗传算法（GA）,GA,18,0.4344829172520018,202
Xian,遗传算法（GA）,GA,19,0.4344829172520018,202
Xian,遗传算法（GA）,GA,20,0.4344829172520018,202
Xian,遗传算法（GA）,GA,21,0.4344829172520018,202
Xian,遗传算法（GA）,GA,22,0.4344829172520018,202
Xian,遗传算法（GA）,GA,23,0.4344829172520018,202
Xian,遗传算法（GA）,GA,24,0.4344829172520018,202
Xian,遗传算法（GA）,GA,25,0.4344829172520018,202
Xian,遗传算法（GA）,GA,26,0.4344829172520018,202
Xian,遗传算法（GA）,GA,27,0.4344829172520018,202
Xian,遗传算法（GA）,GA,28,0.4344829172520018,202
Xian,遗传算法（GA）,GA,29,0.4344829172520018,202
Xian,遗传算法（GA）,GA,30,0.4344829172520018,202
Xian,遗传算法（GA）,GA,31,0.4344829172520018,202
Xian,遗传算法（GA）,GA,32,0.4344829172520018,202
Xian,遗传算法（GA）,GA,33,0.4344829172520018,202
Xian,遗传算法（GA）,GA,34,0.4344829172520018,202
Xian,遗传算法（GA）,GA,35,0.4344829172520018,202
Xian,遗传算法（GA）,GA,36,0.4344829172520018,202
Xian,遗传算法（GA）,GA,37,0.4344829172520018,202
Xian,遗传算法（GA）,GA,38,0.4344829172520018,202
Xian,遗传算法（GA）,GA,39,0.4344829172520018,202
Xian,遗传算法（GA）,GA,40,0.4344829172520018,202
Xian,遗传算法（GA）,GA,41,0.4344829172520018,202
Xian,遗传算法（GA）,GA,42,0.4344829172520018,202
Xian,遗传算法（GA）,GA,43,0.4344829172520018,202
Xian,遗传算法（GA）,GA,44,0.4344829172520018,202
Xian,遗传算法（GA）,GA,45,0.4344829172520018,202
Xian,遗传算法（GA）,GA,46,0.4344829172520018,202
Xian,遗传算法（GA）,GA,47,0.4344829172520018,202
Xian,遗传算法（GA）,GA,48,0.4344829172520018,202
Xian,遗传算法（GA）,GA,49,0.4344829172520018,202
Xian,遗传算法（GA）,GA,50,0.4344829172520018,202
Xian,遗传算法（GA）,GA,51,0.4253310672228991,202
Xian,遗传算法（GA）,GA,52,0.4253310672228991,202
Xian,遗传算法（GA）,GA,53,0.4253310672228991,202
Xian,遗传算法（GA）,GA,54,0.4253310672228991,202
Xian,遗传算法（GA）,GA,55,0.4253310672228991,202
Xian,遗传算法（GA）,GA,56,0.4253310672228991,202
Xian,遗传算法（GA）,GA,57,0.4253310672228991,202
Xian,遗传算法（GA）,GA,58,0.4253310672228991,202
Xian,遗传算法（GA）,GA,59,0.4253310672228991,202
Xian,遗传算法（GA）,GA,60,0.4253310672228991,202
Xian,遗传算法（GA）,GA,61,0.4253310672228991,202
Xian,遗传算法（GA）,GA,62,0.4253310672228991,202
Xian,遗传算法（GA）,GA,63,0.4253310672228991,202
Xian,遗传算法（GA）,GA,64,0.4253310672228991,202
Xian,遗传算法（GA）,GA,65,0.4253310672228991,202
Xian,遗传算法（GA）,GA,66,0.4253310672228991,202
Xian,遗传算法（GA）,GA,67,0.4253310672228991,202
Xian,遗传算法（GA）,GA,68,0.4253310672228991,202
Xian,遗传算法（GA）,GA,69,0.4253310672228991,202
Xian,遗传算法（GA）,GA,70,0.4253310672228991,202
Xian,遗传算法（GA）,GA,71,0.4253310672228991,202
Xian,遗传算法（GA）,GA,72,0.4253310672228991,202
Xian,遗传算法（GA）,GA,73,0.4253310672228991,202
Xian,遗传算法（GA）,GA,74,0.4253310672228991,202
Xian,遗传算法（GA）,GA,75,0.4253310672228991,202
Xian,遗传算法（GA）,GA,76,0.4253310672228991,202
Xian,遗传算法（GA）,GA,77,0.4253310672228991,202
Xian,遗传算法（GA）,GA,78,0.4253310672228991,202
Xian,遗传算法（GA）,GA,79,0.4253310672228991,202
Xian,遗传算法（GA）,GA,80,0.4253310672228991,202
Xian,遗传算法（GA）,GA,81,0.4253310672228991,202
Xian,遗传算法（GA）,GA,82,0.4253310672228991,202
Xian,遗传算法（GA）,GA,83,0.4253310672228991,202
Xian,遗传算法（GA）,GA,84,0.4253310672228991,202
Xian,遗传算法（GA）,GA,85,0.4253310672228991,202
Xian,遗传算法（GA）,GA,86,0.4253310672228991,202
Xian,遗传算法（GA）,GA,87,0.4253310672228991,202
Xian,遗传算法（GA）,GA,88,0.4253310672228991,202
Xian,遗传算法（GA）,GA,89,0.4253310672228991,202
Xian,遗传算法（GA）,GA,90,0.4253310672228991,202
Xian,遗传算法（GA）,GA,91,0.4253310672228991,202
Xian,遗传算法（GA）,GA,92,0.4253310672228991,202
Xian,遗传算法（GA）,GA,93,0.4253310672228991,202
Xian,遗传算法（GA）,GA,94,0.4253310672228991,202
Xian,遗传算法（GA）,GA,95,0.4253310672228991,202
Xian,遗传算法（GA）,GA,96,0.4253310672228991,202
Xian,遗传算法（GA）,GA,97,0.4253310672228991,202
Xian,遗传算法（GA）,GA,98,0.4253310672228991,202
Xian,遗传算法（GA）,GA,99,0.4253310672228991,202
Xian,遗传算法（GA）,GA,100,0.4253310672228991,202
Xian,遗传算法（GA）,GA,1,0.4926577631393681,303
Xian,遗传算法（GA）,GA,2,0.4926577631393681,303
Xian,遗传算法（GA）,GA,3,0.4926577631393681,303
Xian,遗传算法（GA）,GA,4,0.4926577631393681,303
Xian,遗传算法（GA）,GA,5,0.4926577631393681,303
Xian,遗传算法（GA）,GA,6,0.4926577631393681,303
Xian,遗传算法（GA）,GA,7,0.4926577631393681,303
Xian,遗传算法（GA）,GA,8,0.4926577631393681,303
Xian,遗传算法（GA）,GA,9,0.4926577631393681,303
Xian,遗传算法（GA）,GA,10,0.4926577631393681,303
Xian,遗传算法（GA）,GA,11,0.4926577631393681,303
Xian,遗传算法（GA）,GA,12,0.4926577631393681,303
Xian,遗传算法（GA）,GA,13,0.4926577631393681,303
Xian,遗传算法（GA）,GA,14,0.4926577631393681,303
Xian,遗传算法（GA）,GA,15,0.4926577631393681,303
Xian,遗传算法（GA）,GA,16,0.4926577631393681,303
Xian,遗传算法（GA）,GA,17,0.48481913359137296,303
Xian,遗传算法（GA）,GA,18,0.48481913359137296,303
Xian,遗传算法（GA）,GA,19,0.48481913359137296,303
Xian,遗传算法（GA）,GA,20,0.48481913359137296,303
Xian,遗传算法（GA）,GA,21,0.48481913359137296,303
Xian,遗传算法（GA）,GA,22,0.48481913359137296,303
Xian,遗传算法（GA）,GA,23,0.45705954919491115,303
Xian,遗传算法（GA）,GA,24,0.45705954919491115,303
Xian,遗传算法（GA）,GA,25,0.45705954919491115,303
Xian,遗传算法（GA）,GA,26,0.45705954919491115,303
Xian,遗传算法（GA）,GA,27,0.45705954919491115,303
Xian,遗传算法（GA）,GA,28,0.45705954919491115,303
Xian,遗传算法（GA）,GA,29,0.45705954919491115,303
Xian,遗传算法（GA）,GA,30,0.45705954919491115,303
Xian,遗传算法（GA）,GA,31,0.45705954919491115,303
Xian,遗传算法（GA）,GA,32,0.45705954919491115,303
Xian,遗传算法（GA）,GA,33,0.45705954919491115,303
Xian,遗传算法（GA）,GA,34,0.43516831288258134,303
Xian,遗传算法（GA）,GA,35,0.43516831288258134,303
Xian,遗传算法（GA）,GA,36,0.43516831288258134,303
Xian,遗传算法（GA）,GA,37,0.43516831288258134,303
Xian,遗传算法（GA）,GA,38,0.43516831288258134,303
Xian,遗传算法（GA）,GA,39,0.43516831288258134,303
Xian,遗传算法（GA）,GA,40,0.43516831288258134,303
Xian,遗传算法（GA）,GA,41,0.43516831288258134,303
Xian,遗传算法（GA）,GA,42,0.43516831288258134,303
Xian,遗传算法（GA）,GA,43,0.43516831288258134,303
Xian,遗传算法（GA）,GA,44,0.43516831288258134,303
Xian,遗传算法（GA）,GA,45,0.43516831288258134,303
Xian,遗传算法（GA）,GA,46,0.43516831288258134,303
Xian,遗传算法（GA）,GA,47,0.43516831288258134,303
Xian,遗传算法（GA）,GA,48,0.43516831288258134,303
Xian,遗传算法（GA）,GA,49,0.43516831288258134,303
Xian,遗传算法（GA）,GA,50,0.43516831288258134,303
Xian,遗传算法（GA）,GA,51,0.43516831288258134,303
Xian,遗传算法（GA）,GA,52,0.43516831288258134,303
Xian,遗传算法（GA）,GA,53,0.43516831288258134,303
Xian,遗传算法（GA）,GA,54,0.43516831288258134,303
Xian,遗传算法（GA）,GA,55,0.43516831288258134,303
Xian,遗传算法（GA）,GA,56,0.43516831288258134,303
Xian,遗传算法（GA）,GA,57,0.43516831288258134,303
Xian,遗传算法（GA）,GA,58,0.43516831288258134,303
Xian,遗传算法（GA）,GA,59,0.43516831288258134,303
Xian,遗传算法（GA）,GA,60,0.43516831288258134,303
Xian,遗传算法（GA）,GA,61,0.43516831288258134,303
Xian,遗传算法（GA）,GA,62,0.43516831288258134,303
Xian,遗传算法（GA）,GA,63,0.43516831288258134,303
Xian,遗传算法（GA）,GA,64,0.43516831288258134,303
Xian,遗传算法（GA）,GA,65,0.43516831288258134,303
Xian,遗传算法（GA）,GA,66,0.43516831288258134,303
Xian,遗传算法（GA）,GA,67,0.43516831288258134,303
Xian,遗传算法（GA）,GA,68,0.43516831288258134,303
Xian,遗传算法（GA）,GA,69,0.43516831288258134,303
Xian,遗传算法（GA）,GA,70,0.43516831288258134,303
Xian,遗传算法（GA）,GA,71,0.43516831288258134,303
Xian,遗传算法（GA）,GA,72,0.43516831288258134,303
Xian,遗传算法（GA）,GA,73,0.43516831288258134,303
Xian,遗传算法（GA）,GA,74,0.43516831288258134,303
Xian,遗传算法（GA）,GA,75,0.43516831288258134,303
Xian,遗传算法（GA）,GA,76,0.43516831288258134,303
Xian,遗传算法（GA）,GA,77,0.43516831288258134,303
Xian,遗传算法（GA）,GA,78,0.43516831288258134,303
Xian,遗传算法（GA）,GA,79,0.43516831288258134,303
Xian,遗传算法（GA）,GA,80,0.43516831288258134,303
Xian,遗传算法（GA）,GA,81,0.43516831288258134,303
Xian,遗传算法（GA）,GA,82,0.43516831288258134,303
Xian,遗传算法（GA）,GA,83,0.43516831288258134,303
Xian,遗传算法（GA）,GA,84,0.43516831288258134,303
Xian,遗传算法（GA）,GA,85,0.43516831288258134,303
Xian,遗传算法（GA）,GA,86,0.43516831288258134,303
Xian,遗传算法（GA）,GA,87,0.43516831288258134,303
Xian,遗传算法（GA）,GA,88,0.43516831288258134,303
Xian,遗传算法（GA）,GA,89,0.421743507154011,303
Xian,遗传算法（GA）,GA,90,0.421743507154011,303
Xian,遗传算法（GA）,GA,91,0.421743507154011,303
Xian,遗传算法（GA）,GA,92,0.421743507154011,303
Xian,遗传算法（GA）,GA,93,0.421743507154011,303
Xian,遗传算法（GA）,GA,94,0.421743507154011,303
Xian,遗传算法（GA）,GA,95,0.421743507154011,303
Xian,遗传算法（GA）,GA,96,0.421743507154011,303
Xian,遗传算法（GA）,GA,97,0.421743507154011,303
Xian,遗传算法（GA）,GA,98,0.421743507154011,303
Xian,遗传算法（GA）,GA,99,0.421743507154011,303
Xian,遗传算法（GA）,GA,100,0.421743507154011,303
Xian,遗传算法（GA）,GA,1,0.510502838897387,404
Xian,遗传算法（GA）,GA,2,0.510502838897387,404
Xian,遗传算法（GA）,GA,3,0.510502838897387,404
Xian,遗传算法（GA）,GA,4,0.510502838897387,404
Xian,遗传算法（GA）,GA,5,0.510502838897387,404
Xian,遗传算法（GA）,GA,6,0.43899244819326166,404
Xian,遗传算法（GA）,GA,7,0.43899244819326166,404
Xian,遗传算法（GA）,GA,8,0.43899244819326166,404
Xian,遗传算法（GA）,GA,9,0.43899244819326166,404
Xian,遗传算法（GA）,GA,10,0.43899244819326166,404
Xian,遗传算法（GA）,GA,11,0.43899244819326166,404
Xian,遗传算法（GA）,GA,12,0.43899244819326166,404
Xian,遗传算法（GA）,GA,13,0.43899244819326166,404
Xian,遗传算法（GA）,GA,14,0.43899244819326166,404
Xian,遗传算法（GA）,GA,15,0.43899244819326166,404
Xian,遗传算法（GA）,GA,16,0.43899244819326166,404
Xian,遗传算法（GA）,GA,17,0.43899244819326166,404
Xian,遗传算法（GA）,GA,18,0.43899244819326166,404
Xian,遗传算法（GA）,GA,19,0.43899244819326166,404
Xian,遗传算法（GA）,GA,20,0.43899244819326166,404
Xian,遗传算法（GA）,GA,21,0.43899244819326166,404
Xian,遗传算法（GA）,GA,22,0.43899244819326166,404
Xian,遗传算法（GA）,GA,23,0.43899244819326166,404
Xian,遗传算法（GA）,GA,24,0.43899244819326166,404
Xian,遗传算法（GA）,GA,25,0.43899244819326166,404
Xian,遗传算法（GA）,GA,26,0.43899244819326166,404
Xian,遗传算法（GA）,GA,27,0.43899244819326166,404
Xian,遗传算法（GA）,GA,28,0.43899244819326166,404
Xian,遗传算法（GA）,GA,29,0.43899244819326166,404
Xian,遗传算法（GA）,GA,30,0.43899244819326166,404
Xian,遗传算法（GA）,GA,31,0.43899244819326166,404
Xian,遗传算法（GA）,GA,32,0.43899244819326166,404
Xian,遗传算法（GA）,GA,33,0.43899244819326166,404
Xian,遗传算法（GA）,GA,34,0.43899244819326166,404
Xian,遗传算法（GA）,GA,35,0.43899244819326166,404
Xian,遗传算法（GA）,GA,36,0.43899244819326166,404
Xian,遗传算法（GA）,GA,37,0.43899244819326166,404
Xian,遗传算法（GA）,GA,38,0.43899244819326166,404
Xian,遗传算法（GA）,GA,39,0.43899244819326166,404
Xian,遗传算法（GA）,GA,40,0.43899244819326166,404
Xian,遗传算法（GA）,GA,41,0.43899244819326166,404
Xian,遗传算法（GA）,GA,42,0.43899244819326166,404
Xian,遗传算法（GA）,GA,43,0.43899244819326166,404
Xian,遗传算法（GA）,GA,44,0.43899244819326166,404
Xian,遗传算法（GA）,GA,45,0.43899244819326166,404
Xian,遗传算法（GA）,GA,46,0.43899244819326166,404
Xian,遗传算法（GA）,GA,47,0.43899244819326166,404
Xian,遗传算法（GA）,GA,48,0.43899244819326166,404
Xian,遗传算法（GA）,GA,49,0.43899244819326166,404
Xian,遗传算法（GA）,GA,50,0.43899244819326166,404
Xian,遗传算法（GA）,GA,51,0.43899244819326166,404
Xian,遗传算法（GA）,GA,52,0.43899244819326166,404
Xian,遗传算法（GA）,GA,53,0.43899244819326166,404
Xian,遗传算法（GA）,GA,54,0.43899244819326166,404
Xian,遗传算法（GA）,GA,55,0.43899244819326166,404
Xian,遗传算法（GA）,GA,56,0.43899244819326166,404
Xian,遗传算法（GA）,GA,57,0.43899244819326166,404
Xian,遗传算法（GA）,GA,58,0.43899244819326166,404
Xian,遗传算法（GA）,GA,59,0.43899244819326166,404
Xian,遗传算法（GA）,GA,60,0.43899244819326166,404
Xian,遗传算法（GA）,GA,61,0.43524627160791635,404
Xian,遗传算法（GA）,GA,62,0.43524627160791635,404
Xian,遗传算法（GA）,GA,63,0.43524627160791635,404
Xian,遗传算法（GA）,GA,64,0.43524627160791635,404
Xian,遗传算法（GA）,GA,65,0.43524627160791635,404
Xian,遗传算法（GA）,GA,66,0.43524627160791635,404
Xian,遗传算法（GA）,GA,67,0.43524627160791635,404
Xian,遗传算法（GA）,GA,68,0.43524627160791635,404
Xian,遗传算法（GA）,GA,69,0.43524627160791635,404
Xian,遗传算法（GA）,GA,70,0.43524627160791635,404
Xian,遗传算法（GA）,GA,71,0.43524627160791635,404
Xian,遗传算法（GA）,GA,72,0.43524627160791635,404
Xian,遗传算法（GA）,GA,73,0.43524627160791635,404
Xian,遗传算法（GA）,GA,74,0.43524627160791635,404
Xian,遗传算法（GA）,GA,75,0.43524627160791635,404
Xian,遗传算法（GA）,GA,76,0.43524627160791635,404
Xian,遗传算法（GA）,GA,77,0.43524627160791635,404
Xian,遗传算法（GA）,GA,78,0.43524627160791635,404
Xian,遗传算法（GA）,GA,79,0.43524627160791635,404
Xian,遗传算法（GA）,GA,80,0.43524627160791635,404
Xian,遗传算法（GA）,GA,81,0.43524627160791635,404
Xian,遗传算法（GA）,GA,82,0.4289537943351492,404
Xian,遗传算法（GA）,GA,83,0.4289537943351492,404
Xian,遗传算法（GA）,GA,84,0.4289537943351492,404
Xian,遗传算法（GA）,GA,85,0.4289537943351492,404
Xian,遗传算法（GA）,GA,86,0.4289537943351492,404
Xian,遗传算法（GA）,GA,87,0.4289537943351492,404
Xian,遗传算法（GA）,GA,88,0.4289537943351492,404
Xian,遗传算法（GA）,GA,89,0.4289537943351492,404
Xian,遗传算法（GA）,GA,90,0.4289537943351492,404
Xian,遗传算法（GA）,GA,91,0.4289537943351492,404
Xian,遗传算法（GA）,GA,92,0.4289537943351492,404
Xian,遗传算法（GA）,GA,93,0.4289537943351492,404
Xian,遗传算法（GA）,GA,94,0.4289537943351492,404
Xian,遗传算法（GA）,GA,95,0.4289537943351492,404
Xian,遗传算法（GA）,GA,96,0.4289537943351492,404
Xian,遗传算法（GA）,GA,97,0.4289537943351492,404
Xian,遗传算法（GA）,GA,98,0.4289537943351492,404
Xian,遗传算法（GA）,GA,99,0.4289537943351492,404
Xian,遗传算法（GA）,GA,100,0.4289537943351492,404
Xian,SPSA,SPSA,1,0.5084398844591205,42
Xian,SPSA,SPSA,2,0.49733704904574705,42
Xian,SPSA,SPSA,3,0.49733704904574705,42
Xian,SPSA,SPSA,4,0.45830330105257877,42
Xian,SPSA,SPSA,5,0.45830330105257877,42
Xian,SPSA,SPSA,6,0.45752200080749517,42
Xian,SPSA,SPSA,7,0.45752200080749517,42
Xian,SPSA,SPSA,8,0.45752200080749517,42
Xian,SPSA,SPSA,9,0.45752200080749517,42
Xian,SPSA,SPSA,10,0.45752200080749517,42
Xian,SPSA,SPSA,11,0.45752200080749517,42
Xian,SPSA,SPSA,12,0.45752200080749517,42
Xian,SPSA,SPSA,13,0.45752200080749517,42
Xian,SPSA,SPSA,14,0.45752200080749517,42
Xian,SPSA,SPSA,15,0.45752200080749517,42
Xian,SPSA,SPSA,16,0.45752200080749517,42
Xian,SPSA,SPSA,17,0.45752200080749517,42
Xian,SPSA,SPSA,18,0.45752200080749517,42
Xian,SPSA,SPSA,19,0.45752200080749517,42
Xian,SPSA,SPSA,20,0.45752200080749517,42
Xian,SPSA,SPSA,21,0.45752200080749517,42
Xian,SPSA,SPSA,22,0.45752200080749517,42
Xian,SPSA,SPSA,23,0.45752200080749517,42
Xian,SPSA,SPSA,24,0.45752200080749517,42
Xian,SPSA,SPSA,25,0.45752200080749517,42
Xian,SPSA,SPSA,26,0.45752200080749517,42
Xian,SPSA,SPSA,27,0.45752200080749517,42
Xian,SPSA,SPSA,28,0.45752200080749517,42
Xian,SPSA,SPSA,29,0.45752200080749517,42
Xian,SPSA,SPSA,30,0.45752200080749517,42
Xian,SPSA,SPSA,31,0.45752200080749517,42
Xian,SPSA,SPSA,32,0.45752200080749517,42
Xian,SPSA,SPSA,33,0.45752200080749517,42
Xian,SPSA,SPSA,34,0.45752200080749517,42
Xian,SPSA,SPSA,35,0.45752200080749517,42
Xian,SPSA,SPSA,36,0.45752200080749517,42
Xian,SPSA,SPSA,37,0.45752200080749517,42
Xian,SPSA,SPSA,38,0.45752200080749517,42
Xian,SPSA,SPSA,39,0.45752200080749517,42
Xian,SPSA,SPSA,40,0.45752200080749517,42
Xian,SPSA,SPSA,41,0.45752200080749517,42
Xian,SPSA,SPSA,42,0.4557285093802876,42
Xian,SPSA,SPSA,43,0.4557285093802876,42
Xian,SPSA,SPSA,44,0.4557285093802876,42
Xian,SPSA,SPSA,45,0.4557285093802876,42
Xian,SPSA,SPSA,46,0.4557285093802876,42
Xian,SPSA,SPSA,47,0.4557285093802876,42
Xian,SPSA,SPSA,48,0.4557285093802876,42
Xian,SPSA,SPSA,49,0.4557285093802876,42
Xian,SPSA,SPSA,50,0.4557285093802876,42
Xian,SPSA,SPSA,51,0.4557285093802876,42
Xian,SPSA,SPSA,52,0.4557285093802876,42
Xian,SPSA,SPSA,53,0.4557285093802876,42
Xian,SPSA,SPSA,54,0.4547067380409797,42
Xian,SPSA,SPSA,55,0.4547067380409797,42
Xian,SPSA,SPSA,56,0.4547067380409797,42
Xian,SPSA,SPSA,57,0.4547067380409797,42
Xian,SPSA,SPSA,58,0.4547067380409797,42
Xian,SPSA,SPSA,59,0.4547067380409797,42
Xian,SPSA,SPSA,60,0.4547067380409797,42
Xian,SPSA,SPSA,61,0.4547067380409797,42
Xian,SPSA,SPSA,62,0.4547067380409797,42
Xian,SPSA,SPSA,63,0.4547067380409797,42
Xian,SPSA,SPSA,64,0.4547067380409797,42
Xian,SPSA,SPSA,65,0.4547067380409797,42
Xian,SPSA,SPSA,66,0.4547067380409797,42
Xian,SPSA,SPSA,67,0.4547067380409797,42
Xian,SPSA,SPSA,68,0.4547067380409797,42
Xian,SPSA,SPSA,69,0.4547067380409797,42
Xian,SPSA,SPSA,70,0.4547067380409797,42
Xian,SPSA,SPSA,71,0.4547067380409797,42
Xian,SPSA,SPSA,72,0.4547067380409797,42
Xian,SPSA,SPSA,73,0.4547067380409797,42
Xian,SPSA,SPSA,74,0.4547067380409797,42
Xian,SPSA,SPSA,75,0.4547067380409797,42
Xian,SPSA,SPSA,76,0.4547067380409797,42
Xian,SPSA,SPSA,77,0.4547067380409797,42
Xian,SPSA,SPSA,78,0.4547067380409797,42
Xian,SPSA,SPSA,79,0.4547067380409797,42
Xian,SPSA,SPSA,80,0.4547067380409797,42
Xian,SPSA,SPSA,81,0.4547067380409797,42
Xian,SPSA,SPSA,82,0.4547067380409797,42
Xian,SPSA,SPSA,83,0.4547067380409797,42
Xian,SPSA,SPSA,84,0.4547067380409797,42
Xian,SPSA,SPSA,85,0.4547067380409797,42
Xian,SPSA,SPSA,86,0.4547067380409797,42
Xian,SPSA,SPSA,87,0.4547067380409797,42
Xian,SPSA,SPSA,88,0.4547067380409797,42
Xian,SPSA,SPSA,89,0.4547067380409797,42
Xian,SPSA,SPSA,90,0.4547067380409797,42
Xian,SPSA,SPSA,91,0.4547067380409797,42
Xian,SPSA,SPSA,92,0.44995355142869864,42
Xian,SPSA,SPSA,93,0.44995355142869864,42
Xian,SPSA,SPSA,94,0.44995355142869864,42
Xian,SPSA,SPSA,95,0.4375263784177865,42
Xian,SPSA,SPSA,96,0.4375263784177865,42
Xian,SPSA,SPSA,97,0.4375263784177865,42
Xian,SPSA,SPSA,98,0.4375263784177865,42
Xian,SPSA,SPSA,99,0.4375263784177865,42
Xian,SPSA,SPSA,100,0.4375263784177865,42
Xian,SPSA,SPSA,1,0.5228386445091397,101
Xian,SPSA,SPSA,2,0.5228386445091397,101
Xian,SPSA,SPSA,3,0.5228386445091397,101
Xian,SPSA,SPSA,4,0.5204225165288396,101
Xian,SPSA,SPSA,5,0.5147650290711485,101
Xian,SPSA,SPSA,6,0.46577077200208866,101
Xian,SPSA,SPSA,7,0.46577077200208866,101
Xian,SPSA,SPSA,8,0.46577077200208866,101
Xian,SPSA,SPSA,9,0.46577077200208866,101
Xian,SPSA,SPSA,10,0.46577077200208866,101
Xian,SPSA,SPSA,11,0.46577077200208866,101
Xian,SPSA,SPSA,12,0.46577077200208866,101
Xian,SPSA,SPSA,13,0.46577077200208866,101
Xian,SPSA,SPSA,14,0.46577077200208866,101
Xian,SPSA,SPSA,15,0.46577077200208866,101
Xian,SPSA,SPSA,16,0.46577077200208866,101
Xian,SPSA,SPSA,17,0.46577077200208866,101
Xian,SPSA,SPSA,18,0.46577077200208866,101
Xian,SPSA,SPSA,19,0.4493552715575157,101
Xian,SPSA,SPSA,20,0.4493552715575157,101
Xian,SPSA,SPSA,21,0.4493552715575157,101
Xian,SPSA,SPSA,22,0.4493552715575157,101
Xian,SPSA,SPSA,23,0.4493552715575157,101
Xian,SPSA,SPSA,24,0.4493552715575157,101
Xian,SPSA,SPSA,25,0.4493552715575157,101
Xian,SPSA,SPSA,26,0.4493552715575157,101
Xian,SPSA,SPSA,27,0.4493552715575157,101
Xian,SPSA,SPSA,28,0.4493552715575157,101
Xian,SPSA,SPSA,29,0.4493552715575157,101
Xian,SPSA,SPSA,30,0.4493552715575157,101
Xian,SPSA,SPSA,31,0.4493552715575157,101
Xian,SPSA,SPSA,32,0.4493552715575157,101
Xian,SPSA,SPSA,33,0.44102056880715146,101
Xian,SPSA,SPSA,34,0.44102056880715146,101
Xian,SPSA,SPSA,35,0.44102056880715146,101
Xian,SPSA,SPSA,36,0.44102056880715146,101
Xian,SPSA,SPSA,37,0.44102056880715146,101
Xian,SPSA,SPSA,38,0.44102056880715146,101
Xian,SPSA,SPSA,39,0.44102056880715146,101
Xian,SPSA,SPSA,40,0.44102056880715146,101
Xian,SPSA,SPSA,41,0.44102056880715146,101
Xian,SPSA,SPSA,42,0.44102056880715146,101
Xian,SPSA,SPSA,43,0.44102056880715146,101
Xian,SPSA,SPSA,44,0.44102056880715146,101
Xian,SPSA,SPSA,45,0.44102056880715146,101
Xian,SPSA,SPSA,46,0.44102056880715146,101
Xian,SPSA,SPSA,47,0.44102056880715146,101
Xian,SPSA,SPSA,48,0.44102056880715146,101
Xian,SPSA,SPSA,49,0.44102056880715146,101
Xian,SPSA,SPSA,50,0.44102056880715146,101
Xian,SPSA,SPSA,51,0.44102056880715146,101
Xian,SPSA,SPSA,52,0.44102056880715146,101
Xian,SPSA,SPSA,53,0.44102056880715146,101
Xian,SPSA,SPSA,54,0.44102056880715146,101
Xian,SPSA,SPSA,55,0.44102056880715146,101
Xian,SPSA,SPSA,56,0.44102056880715146,101
Xian,SPSA,SPSA,57,0.44102056880715146,101
Xian,SPSA,SPSA,58,0.44102056880715146,101
Xian,SPSA,SPSA,59,0.44102056880715146,101
Xian,SPSA,SPSA,60,0.44102056880715146,101
Xian,SPSA,SPSA,61,0.44102056880715146,101
Xian,SPSA,SPSA,62,0.44102056880715146,101
Xian,SPSA,SPSA,63,0.44102056880715146,101
Xian,SPSA,SPSA,64,0.44102056880715146,101
Xian,SPSA,SPSA,65,0.44102056880715146,101
Xian,SPSA,SPSA,66,0.44102056880715146,101
Xian,SPSA,SPSA,67,0.44102056880715146,101
Xian,SPSA,SPSA,68,0.44102056880715146,101
Xian,SPSA,SPSA,69,0.44102056880715146,101
Xian,SPSA,SPSA,70,0.44102056880715146,101
Xian,SPSA,SPSA,71,0.44102056880715146,101
Xian,SPSA,SPSA,72,0.44102056880715146,101
Xian,SPSA,SPSA,73,0.44102056880715146,101
Xian,SPSA,SPSA,74,0.44102056880715146,101
Xian,SPSA,SPSA,75,0.44102056880715146,101
Xian,SPSA,SPSA,76,0.44102056880715146,101
Xian,SPSA,SPSA,77,0.44102056880715146,101
Xian,SPSA,SPSA,78,0.44102056880715146,101
Xian,SPSA,SPSA,79,0.44102056880715146,101
Xian,SPSA,SPSA,80,0.44102056880715146,101
Xian,SPSA,SPSA,81,0.44102056880715146,101
Xian,SPSA,SPSA,82,0.44102056880715146,101
Xian,SPSA,SPSA,83,0.44102056880715146,101
Xian,SPSA,SPSA,84,0.44102056880715146,101
Xian,SPSA,SPSA,85,0.44102056880715146,101
Xian,SPSA,SPSA,86,0.44102056880715146,101
Xian,SPSA,SPSA,87,0.44102056880715146,101
Xian,SPSA,SPSA,88,0.44102056880715146,101
Xian,SPSA,SPSA,89,0.44102056880715146,101
Xian,SPSA,SPSA,90,0.44102056880715146,101
Xian,SPSA,SPSA,91,0.44102056880715146,101
Xian,SPSA,SPSA,92,0.44102056880715146,101
Xian,SPSA,SPSA,93,0.44102056880715146,101
Xian,SPSA,SPSA,94,0.44102056880715146,101
Xian,SPSA,SPSA,95,0.44102056880715146,101
Xian,SPSA,SPSA,96,0.44102056880715146,101
Xian,SPSA,SPSA,97,0.44102056880715146,101
Xian,SPSA,SPSA,98,0.44102056880715146,101
Xian,SPSA,SPSA,99,0.44102056880715146,101
Xian,SPSA,SPSA,100,0.44102056880715146,101
Xian,SPSA,SPSA,1,0.5439864105966556,202
Xian,SPSA,SPSA,2,0.5439864105966556,202
Xian,SPSA,SPSA,3,0.5439864105966556,202
Xian,SPSA,SPSA,4,0.5439864105966556,202
Xian,SPSA,SPSA,5,0.5439864105966556,202
Xian,SPSA,SPSA,6,0.5439864105966556,202
Xian,SPSA,SPSA,7,0.5133556636370984,202
Xian,SPSA,SPSA,8,0.5133556636370984,202
Xian,SPSA,SPSA,9,0.5133556636370984,202
Xian,SPSA,SPSA,10,0.5133556636370984,202
Xian,SPSA,SPSA,11,0.5133556636370984,202
Xian,SPSA,SPSA,12,0.5133556636370984,202
Xian,SPSA,SPSA,13,0.5126495789114691,202
Xian,SPSA,SPSA,14,0.5126495789114691,202
Xian,SPSA,SPSA,15,0.4553850494451856,202
Xian,SPSA,SPSA,16,0.4553850494451856,202
Xian,SPSA,SPSA,17,0.4553850494451856,202
Xian,SPSA,SPSA,18,0.4553850494451856,202
Xian,SPSA,SPSA,19,0.4553850494451856,202
Xian,SPSA,SPSA,20,0.4553850494451856,202
Xian,SPSA,SPSA,21,0.4553850494451856,202
Xian,SPSA,SPSA,22,0.4553850494451856,202
Xian,SPSA,SPSA,23,0.4553850494451856,202
Xian,SPSA,SPSA,24,0.4553850494451856,202
Xian,SPSA,SPSA,25,0.4553850494451856,202
Xian,SPSA,SPSA,26,0.4553850494451856,202
Xian,SPSA,SPSA,27,0.4553850494451856,202
Xian,SPSA,SPSA,28,0.4553850494451856,202
Xian,SPSA,SPSA,29,0.4553850494451856,202
Xian,SPSA,SPSA,30,0.4553850494451856,202
Xian,SPSA,SPSA,31,0.4553850494451856,202
Xian,SPSA,SPSA,32,0.4553850494451856,202
Xian,SPSA,SPSA,33,0.4553850494451856,202
Xian,SPSA,SPSA,34,0.4553850494451856,202
Xian,SPSA,SPSA,35,0.4553850494451856,202
Xian,SPSA,SPSA,36,0.4553850494451856,202
Xian,SPSA,SPSA,37,0.4553850494451856,202
Xian,SPSA,SPSA,38,0.4553850494451856,202
Xian,SPSA,SPSA,39,0.4553850494451856,202
Xian,SPSA,SPSA,40,0.4553850494451856,202
Xian,SPSA,SPSA,41,0.4553850494451856,202
Xian,SPSA,SPSA,42,0.4553850494451856,202
Xian,SPSA,SPSA,43,0.4553850494451856,202
Xian,SPSA,SPSA,44,0.4553850494451856,202
Xian,SPSA,SPSA,45,0.4553850494451856,202
Xian,SPSA,SPSA,46,0.4553850494451856,202
Xian,SPSA,SPSA,47,0.4553850494451856,202
Xian,SPSA,SPSA,48,0.4553850494451856,202
Xian,SPSA,SPSA,49,0.4553850494451856,202
Xian,SPSA,SPSA,50,0.4553850494451856,202
Xian,SPSA,SPSA,51,0.4553850494451856,202
Xian,SPSA,SPSA,52,0.4553850494451856,202
Xian,SPSA,SPSA,53,0.4553850494451856,202
Xian,SPSA,SPSA,54,0.4553850494451856,202
Xian,SPSA,SPSA,55,0.4553850494451856,202
Xian,SPSA,SPSA,56,0.4553850494451856,202
Xian,SPSA,SPSA,57,0.4553850494451856,202
Xian,SPSA,SPSA,58,0.4553850494451856,202
Xian,SPSA,SPSA,59,0.4553850494451856,202
Xian,SPSA,SPSA,60,0.4553850494451856,202
Xian,SPSA,SPSA,61,0.4553850494451856,202
Xian,SPSA,SPSA,62,0.4553850494451856,202
Xian,SPSA,SPSA,63,0.4553850494451856,202
Xian,SPSA,SPSA,64,0.4553850494451856,202
Xian,SPSA,SPSA,65,0.4553850494451856,202
Xian,SPSA,SPSA,66,0.4553850494451856,202
Xian,SPSA,SPSA,67,0.4553850494451856,202
Xian,SPSA,SPSA,68,0.4553850494451856,202
Xian,SPSA,SPSA,69,0.4553850494451856,202
Xian,SPSA,SPSA,70,0.4553850494451856,202
Xian,SPSA,SPSA,71,0.4553850494451856,202
Xian,SPSA,SPSA,72,0.4553850494451856,202
Xian,SPSA,SPSA,73,0.4553850494451856,202
Xian,SPSA,SPSA,74,0.4553850494451856,202
Xian,SPSA,SPSA,75,0.4553850494451856,202
Xian,SPSA,SPSA,76,0.4553850494451856,202
Xian,SPSA,SPSA,77,0.4553850494451856,202
Xian,SPSA,SPSA,78,0.44360359906302566,202
Xian,SPSA,SPSA,79,0.44360359906302566,202
Xian,SPSA,SPSA,80,0.44360359906302566,202
Xian,SPSA,SPSA,81,0.44360359906302566,202
Xian,SPSA,SPSA,82,0.44360359906302566,202
Xian,SPSA,SPSA,83,0.44360359906302566,202
Xian,SPSA,SPSA,84,0.44360359906302566,202
Xian,SPSA,SPSA,85,0.44360359906302566,202
Xian,SPSA,SPSA,86,0.44360359906302566,202
Xian,SPSA,SPSA,87,0.44360359906302566,202
Xian,SPSA,SPSA,88,0.44360359906302566,202
Xian,SPSA,SPSA,89,0.44360359906302566,202
Xian,SPSA,SPSA,90,0.44360359906302566,202
Xian,SPSA,SPSA,91,0.44360359906302566,202
Xian,SPSA,SPSA,92,0.44360359906302566,202
Xian,SPSA,SPSA,93,0.44360359906302566,202
Xian,SPSA,SPSA,94,0.44360359906302566,202
Xian,SPSA,SPSA,95,0.44360359906302566,202
Xian,SPSA,SPSA,96,0.44360359906302566,202
Xian,SPSA,SPSA,97,0.44360359906302566,202
Xian,SPSA,SPSA,98,0.44360359906302566,202
Xian,SPSA,SPSA,99,0.44360359906302566,202
Xian,SPSA,SPSA,100,0.44360359906302566,202
Xian,SPSA,SPSA,1,0.5401696867780523,303
Xian,SPSA,SPSA,2,0.49115495527211905,303
Xian,SPSA,SPSA,3,0.49115495527211905,303
Xian,SPSA,SPSA,4,0.49115495527211905,303
Xian,SPSA,SPSA,5,0.49115495527211905,303
Xian,SPSA,SPSA,6,0.49115495527211905,303
Xian,SPSA,SPSA,7,0.49115495527211905,303
Xian,SPSA,SPSA,8,0.49115495527211905,303
Xian,SPSA,SPSA,9,0.49115495527211905,303
Xian,SPSA,SPSA,10,0.49115495527211905,303
Xian,SPSA,SPSA,11,0.49115495527211905,303
Xian,SPSA,SPSA,12,0.49115495527211905,303
Xian,SPSA,SPSA,13,0.49115495527211905,303
Xian,SPSA,SPSA,14,0.48502621560643633,303
Xian,SPSA,SPSA,15,0.48502621560643633,303
Xian,SPSA,SPSA,16,0.48502621560643633,303
Xian,SPSA,SPSA,17,0.48502621560643633,303
Xian,SPSA,SPSA,18,0.48502621560643633,303
Xian,SPSA,SPSA,19,0.48502621560643633,303
Xian,SPSA,SPSA,20,0.48502621560643633,303
Xian,SPSA,SPSA,21,0.48502621560643633,303
Xian,SPSA,SPSA,22,0.48502621560643633,303
Xian,SPSA,SPSA,23,0.48502621560643633,303
Xian,SPSA,SPSA,24,0.48502621560643633,303
Xian,SPSA,SPSA,25,0.48502621560643633,303
Xian,SPSA,SPSA,26,0.48502621560643633,303
Xian,SPSA,SPSA,27,0.48502621560643633,303
Xian,SPSA,SPSA,28,0.48486530686785245,303
Xian,SPSA,SPSA,29,0.48486530686785245,303
Xian,SPSA,SPSA,30,0.48486530686785245,303
Xian,SPSA,SPSA,31,0.48486530686785245,303
Xian,SPSA,SPSA,32,0.48486530686785245,303
Xian,SPSA,SPSA,33,0.48486530686785245,303
Xian,SPSA,SPSA,34,0.4507133164777538,303
Xian,SPSA,SPSA,35,0.4507133164777538,303
Xian,SPSA,SPSA,36,0.4507133164777538,303
Xian,SPSA,SPSA,37,0.4507133164777538,303
Xian,SPSA,SPSA,38,0.4507133164777538,303
Xian,SPSA,SPSA,39,0.4507133164777538,303
Xian,SPSA,SPSA,40,0.4507133164777538,303
Xian,SPSA,SPSA,41,0.4507133164777538,303
Xian,SPSA,SPSA,42,0.4507133164777538,303
Xian,SPSA,SPSA,43,0.4507133164777538,303
Xian,SPSA,SPSA,44,0.4507133164777538,303
Xian,SPSA,SPSA,45,0.4507133164777538,303
Xian,SPSA,SPSA,46,0.4507133164777538,303
Xian,SPSA,SPSA,47,0.4507133164777538,303
Xian,SPSA,SPSA,48,0.4507133164777538,303
Xian,SPSA,SPSA,49,0.4507133164777538,303
Xian,SPSA,SPSA,50,0.4507133164777538,303
Xian,SPSA,SPSA,51,0.4507133164777538,303
Xian,SPSA,SPSA,52,0.4507133164777538,303
Xian,SPSA,SPSA,53,0.4507133164777538,303
Xian,SPSA,SPSA,54,0.4507133164777538,303
Xian,SPSA,SPSA,55,0.4507133164777538,303
Xian,SPSA,SPSA,56,0.4507133164777538,303
Xian,SPSA,SPSA,57,0.4507133164777538,303
Xian,SPSA,SPSA,58,0.44053727403850096,303
Xian,SPSA,SPSA,59,0.44053727403850096,303
Xian,SPSA,SPSA,60,0.44053727403850096,303
Xian,SPSA,SPSA,61,0.44053727403850096,303
Xian,SPSA,SPSA,62,0.44053727403850096,303
Xian,SPSA,SPSA,63,0.44053727403850096,303
Xian,SPSA,SPSA,64,0.44053727403850096,303
Xian,SPSA,SPSA,65,0.44053727403850096,303
Xian,SPSA,SPSA,66,0.44053727403850096,303
Xian,SPSA,SPSA,67,0.44053727403850096,303
Xian,SPSA,SPSA,68,0.44053727403850096,303
Xian,SPSA,SPSA,69,0.44053727403850096,303
Xian,SPSA,SPSA,70,0.44053727403850096,303
Xian,SPSA,SPSA,71,0.44053727403850096,303
Xian,SPSA,SPSA,72,0.44053727403850096,303
Xian,SPSA,SPSA,73,0.44053727403850096,303
Xian,SPSA,SPSA,74,0.44053727403850096,303
Xian,SPSA,SPSA,75,0.44053727403850096,303
Xian,SPSA,SPSA,76,0.44053727403850096,303
Xian,SPSA,SPSA,77,0.44053727403850096,303
Xian,SPSA,SPSA,78,0.44053727403850096,303
Xian,SPSA,SPSA,79,0.44053727403850096,303
Xian,SPSA,SPSA,80,0.44053727403850096,303
Xian,SPSA,SPSA,81,0.44053727403850096,303
Xian,SPSA,SPSA,82,0.44053727403850096,303
Xian,SPSA,SPSA,83,0.44053727403850096,303
Xian,SPSA,SPSA,84,0.44053727403850096,303
Xian,SPSA,SPSA,85,0.44053727403850096,303
Xian,SPSA,SPSA,86,0.44053727403850096,303
Xian,SPSA,SPSA,87,0.44053727403850096,303
Xian,SPSA,SPSA,88,0.44053727403850096,303
Xian,SPSA,SPSA,89,0.44053727403850096,303
Xian,SPSA,SPSA,90,0.44053727403850096,303
Xian,SPSA,SPSA,91,0.44053727403850096,303
Xian,SPSA,SPSA,92,0.44053727403850096,303
Xian,SPSA,SPSA,93,0.44053727403850096,303
Xian,SPSA,SPSA,94,0.44053727403850096,303
Xian,SPSA,SPSA,95,0.44053727403850096,303
Xian,SPSA,SPSA,96,0.44053727403850096,303
Xian,SPSA,SPSA,97,0.44053727403850096,303
Xian,SPSA,SPSA,98,0.44053727403850096,303
Xian,SPSA,SPSA,99,0.44053727403850096,303
Xian,SPSA,SPSA,100,0.44053727403850096,303
Xian,SPSA,SPSA,1,0.49226828296853564,404
Xian,SPSA,SPSA,2,0.49226828296853564,404
Xian,SPSA,SPSA,3,0.49226828296853564,404
Xian,SPSA,SPSA,4,0.49226828296853564,404
Xian,SPSA,SPSA,5,0.49226828296853564,404
Xian,SPSA,SPSA,6,0.49226828296853564,404
Xian,SPSA,SPSA,7,0.4894436058965924,404
Xian,SPSA,SPSA,8,0.4894436058965924,404
Xian,SPSA,SPSA,9,0.4894436058965924,404
Xian,SPSA,SPSA,10,0.4531546985315462,404
Xian,SPSA,SPSA,11,0.4531546985315462,404
Xian,SPSA,SPSA,12,0.4531546985315462,404
Xian,SPSA,SPSA,13,0.4531546985315462,404
Xian,SPSA,SPSA,14,0.4531546985315462,404
Xian,SPSA,SPSA,15,0.4531546985315462,404
Xian,SPSA,SPSA,16,0.4531546985315462,404
Xian,SPSA,SPSA,17,0.4531546985315462,404
Xian,SPSA,SPSA,18,0.4531546985315462,404
Xian,SPSA,SPSA,19,0.4531546985315462,404
Xian,SPSA,SPSA,20,0.4531546985315462,404
Xian,SPSA,SPSA,21,0.4531546985315462,404
Xian,SPSA,SPSA,22,0.4531546985315462,404
Xian,SPSA,SPSA,23,0.4531546985315462,404
Xian,SPSA,SPSA,24,0.4531546985315462,404
Xian,SPSA,SPSA,25,0.4531546985315462,404
Xian,SPSA,SPSA,26,0.4531546985315462,404
Xian,SPSA,SPSA,27,0.4531546985315462,404
Xian,SPSA,SPSA,28,0.4531546985315462,404
Xian,SPSA,SPSA,29,0.4531546985315462,404
Xian,SPSA,SPSA,30,0.4531546985315462,404
Xian,SPSA,SPSA,31,0.4531546985315462,404
Xian,SPSA,SPSA,32,0.4531546985315462,404
Xian,SPSA,SPSA,33,0.4531546985315462,404
Xian,SPSA,SPSA,34,0.4531546985315462,404
Xian,SPSA,SPSA,35,0.4531546985315462,404
Xian,SPSA,SPSA,36,0.4531546985315462,404
Xian,SPSA,SPSA,37,0.4531546985315462,404
Xian,SPSA,SPSA,38,0.4531546985315462,404
Xian,SPSA,SPSA,39,0.4531546985315462,404
Xian,SPSA,SPSA,40,0.4531546985315462,404
Xian,SPSA,SPSA,41,0.4531546985315462,404
Xian,SPSA,SPSA,42,0.4531546985315462,404
Xian,SPSA,SPSA,43,0.4531546985315462,404
Xian,SPSA,SPSA,44,0.4531546985315462,404
Xian,SPSA,SPSA,45,0.4531546985315462,404
Xian,SPSA,SPSA,46,0.4531546985315462,404
Xian,SPSA,SPSA,47,0.4531546985315462,404
Xian,SPSA,SPSA,48,0.4531546985315462,404
Xian,SPSA,SPSA,49,0.4531546985315462,404
Xian,SPSA,SPSA,50,0.4531546985315462,404
Xian,SPSA,SPSA,51,0.4531546985315462,404
Xian,SPSA,SPSA,52,0.4531546985315462,404
Xian,SPSA,SPSA,53,0.4531546985315462,404
Xian,SPSA,SPSA,54,0.4531546985315462,404
Xian,SPSA,SPSA,55,0.4531546985315462,404
Xian,SPSA,SPSA,56,0.4531546985315462,404
Xian,SPSA,SPSA,57,0.4531546985315462,404
Xian,SPSA,SPSA,58,0.4531546985315462,404
Xian,SPSA,SPSA,59,0.43681442704573525,404
Xian,SPSA,SPSA,60,0.43681442704573525,404
Xian,SPSA,SPSA,61,0.43681442704573525,404
Xian,SPSA,SPSA,62,0.43681442704573525,404
Xian,SPSA,SPSA,63,0.43681442704573525,404
Xian,SPSA,SPSA,64,0.43681442704573525,404
Xian,SPSA,SPSA,65,0.43681442704573525,404
Xian,SPSA,SPSA,66,0.43681442704573525,404
Xian,SPSA,SPSA,67,0.43681442704573525,404
Xian,SPSA,SPSA,68,0.43681442704573525,404
Xian,SPSA,SPSA,69,0.43681442704573525,404
Xian,SPSA,SPSA,70,0.43681442704573525,404
Xian,SPSA,SPSA,71,0.43681442704573525,404
Xian,SPSA,SPSA,72,0.43681442704573525,404
Xian,SPSA,SPSA,73,0.43681442704573525,404
Xian,SPSA,SPSA,74,0.43681442704573525,404
Xian,SPSA,SPSA,75,0.43681442704573525,404
Xian,SPSA,SPSA,76,0.43681442704573525,404
Xian,SPSA,SPSA,77,0.43681442704573525,404
Xian,SPSA,SPSA,78,0.43681442704573525,404
Xian,SPSA,SPSA,79,0.43681442704573525,404
Xian,SPSA,SPSA,80,0.43681442704573525,404
Xian,SPSA,SPSA,81,0.43681442704573525,404
Xian,SPSA,SPSA,82,0.43681442704573525,404
Xian,SPSA,SPSA,83,0.43681442704573525,404
Xian,SPSA,SPSA,84,0.43681442704573525,404
Xian,SPSA,SPSA,85,0.43681442704573525,404
Xian,SPSA,SPSA,86,0.43681442704573525,404
Xian,SPSA,SPSA,87,0.43681442704573525,404
Xian,SPSA,SPSA,88,0.43681442704573525,404
Xian,SPSA,SPSA,89,0.43681442704573525,404
Xian,SPSA,SPSA,90,0.43681442704573525,404
Xian,SPSA,SPSA,91,0.43681442704573525,404
Xian,SPSA,SPSA,92,0.43681442704573525,404
Xian,SPSA,SPSA,93,0.43681442704573525,404
Xian,SPSA,SPSA,94,0.43681442704573525,404
Xian,SPSA,SPSA,95,0.43681442704573525,404
Xian,SPSA,SPSA,96,0.43681442704573525,404
Xian,SPSA,SPSA,97,0.43681442704573525,404
Xian,SPSA,SPSA,98,0.43681442704573525,404
Xian,SPSA,SPSA,99,0.43681442704573525,404
Xian,SPSA,SPSA,100,0.43681442704573525,404
Xian,TPE,TPE,1,0.46857625915908996,42
Xian,TPE,TPE,2,0.46857625915908996,42
Xian,TPE,TPE,3,0.46857625915908996,42
Xian,TPE,TPE,4,0.46857625915908996,42
Xian,TPE,TPE,5,0.46857625915908996,42
Xian,TPE,TPE,6,0.46857625915908996,42
Xian,TPE,TPE,7,0.46857625915908996,42
Xian,TPE,TPE,8,0.46857625915908996,42
Xian,TPE,TPE,9,0.46857625915908996,42
Xian,TPE,TPE,10,0.46857625915908996,42
Xian,TPE,TPE,11,0.46857625915908996,42
Xian,TPE,TPE,12,0.46857625915908996,42
Xian,TPE,TPE,13,0.4665156612794804,42
Xian,TPE,TPE,14,0.4665156612794804,42
Xian,TPE,TPE,15,0.4665156612794804,42
Xian,TPE,TPE,16,0.4665156612794804,42
Xian,TPE,TPE,17,0.4665156612794804,42
Xian,TPE,TPE,18,0.4665156612794804,42
Xian,TPE,TPE,19,0.4665156612794804,42
Xian,TPE,TPE,20,0.4665156612794804,42
Xian,TPE,TPE,21,0.4665156612794804,42
Xian,TPE,TPE,22,0.4665156612794804,42
Xian,TPE,TPE,23,0.4583979839936482,42
Xian,TPE,TPE,24,0.4583979839936482,42
Xian,TPE,TPE,25,0.4583979839936482,42
Xian,TPE,TPE,26,0.4583979839936482,42
Xian,TPE,TPE,27,0.4583979839936482,42
Xian,TPE,TPE,28,0.4583979839936482,42
Xian,TPE,TPE,29,0.4583979839936482,42
Xian,TPE,TPE,30,0.4583979839936482,42
Xian,TPE,TPE,31,0.4583979839936482,42
Xian,TPE,TPE,32,0.4583979839936482,42
Xian,TPE,TPE,33,0.4583979839936482,42
Xian,TPE,TPE,34,0.4583979839936482,42
Xian,TPE,TPE,35,0.4583979839936482,42
Xian,TPE,TPE,36,0.4583979839936482,42
Xian,TPE,TPE,37,0.4578090951718612,42
Xian,TPE,TPE,38,0.4578090951718612,42
Xian,TPE,TPE,39,0.4578090951718612,42
Xian,TPE,TPE,40,0.4578090951718612,42
Xian,TPE,TPE,41,0.4578090951718612,42
Xian,TPE,TPE,42,0.44482955671309854,42
Xian,TPE,TPE,43,0.44482955671309854,42
Xian,TPE,TPE,44,0.4425332745651058,42
Xian,TPE,TPE,45,0.4425332745651058,42
Xian,TPE,TPE,46,0.4425332745651058,42
Xian,TPE,TPE,47,0.4425332745651058,42
Xian,TPE,TPE,48,0.4425332745651058,42
Xian,TPE,TPE,49,0.4425332745651058,42
Xian,TPE,TPE,50,0.4425332745651058,42
Xian,TPE,TPE,51,0.4425332745651058,42
Xian,TPE,TPE,52,0.4425332745651058,42
Xian,TPE,TPE,53,0.4425332745651058,42
Xian,TPE,TPE,54,0.4425332745651058,42
Xian,TPE,TPE,55,0.4422791372824259,42
Xian,TPE,TPE,56,0.4422791372824259,42
Xian,TPE,TPE,57,0.4422791372824259,42
Xian,TPE,TPE,58,0.4422791372824259,42
Xian,TPE,TPE,59,0.4422791372824259,42
Xian,TPE,TPE,60,0.4422791372824259,42
Xian,TPE,TPE,61,0.4422791372824259,42
Xian,TPE,TPE,62,0.4422791372824259,42
Xian,TPE,TPE,63,0.4422791372824259,42
Xian,TPE,TPE,64,0.4422791372824259,42
Xian,TPE,TPE,65,0.4422791372824259,42
Xian,TPE,TPE,66,0.4422791372824259,42
Xian,TPE,TPE,67,0.4422791372824259,42
Xian,TPE,TPE,68,0.4422791372824259,42
Xian,TPE,TPE,69,0.4422791372824259,42
Xian,TPE,TPE,70,0.4422791372824259,42
Xian,TPE,TPE,71,0.4422791372824259,42
Xian,TPE,TPE,72,0.4422791372824259,42
Xian,TPE,TPE,73,0.4422791372824259,42
Xian,TPE,TPE,74,0.4422791372824259,42
Xian,TPE,TPE,75,0.4422791372824259,42
Xian,TPE,TPE,76,0.4422791372824259,42
Xian,TPE,TPE,77,0.4422791372824259,42
Xian,TPE,TPE,78,0.4422791372824259,42
Xian,TPE,TPE,79,0.4422791372824259,42
Xian,TPE,TPE,80,0.4422791372824259,42
Xian,TPE,TPE,81,0.4422791372824259,42
Xian,TPE,TPE,82,0.4422791372824259,42
Xian,TPE,TPE,83,0.4422791372824259,42
Xian,TPE,TPE,84,0.4422791372824259,42
Xian,TPE,TPE,85,0.4422791372824259,42
Xian,TPE,TPE,86,0.4422791372824259,42
Xian,TPE,TPE,87,0.4422791372824259,42
Xian,TPE,TPE,88,0.4422791372824259,42
Xian,TPE,TPE,89,0.4422791372824259,42
Xian,TPE,TPE,90,0.4422791372824259,42
Xian,TPE,TPE,91,0.42488037773633747,42
Xian,TPE,TPE,92,0.42488037773633747,42
Xian,TPE,TPE,93,0.42488037773633747,42
Xian,TPE,TPE,94,0.42488037773633747,42
Xian,TPE,TPE,95,0.42488037773633747,42
Xian,TPE,TPE,96,0.42488037773633747,42
Xian,TPE,TPE,97,0.42488037773633747,42
Xian,TPE,TPE,98,0.42488037773633747,42
Xian,TPE,TPE,99,0.42488037773633747,42
Xian,TPE,TPE,100,0.42488037773633747,42
Xian,TPE,TPE,1,0.599308960274743,101
Xian,TPE,TPE,2,0.5883190849642758,101
Xian,TPE,TPE,3,0.5883190849642758,101
Xian,TPE,TPE,4,0.5883190849642758,101
Xian,TPE,TPE,5,0.5730957118373776,101
Xian,TPE,TPE,6,0.5235437173052682,101
Xian,TPE,TPE,7,0.5235437173052682,101
Xian,TPE,TPE,8,0.5138390863326958,101
Xian,TPE,TPE,9,0.5138390863326958,101
Xian,TPE,TPE,10,0.5138390863326958,101
Xian,TPE,TPE,11,0.5023957609326772,101
Xian,TPE,TPE,12,0.5023957609326772,101
Xian,TPE,TPE,13,0.49937646483086817,101
Xian,TPE,TPE,14,0.4802088361670546,101
Xian,TPE,TPE,15,0.4802088361670546,101
Xian,TPE,TPE,16,0.4802088361670546,101
Xian,TPE,TPE,17,0.47949786782998477,101
Xian,TPE,TPE,18,0.47949786782998477,101
Xian,TPE,TPE,19,0.47949786782998477,101
Xian,TPE,TPE,20,0.47949786782998477,101
Xian,TPE,TPE,21,0.47949786782998477,101
Xian,TPE,TPE,22,0.47949786782998477,101
Xian,TPE,TPE,23,0.47949786782998477,101
Xian,TPE,TPE,24,0.47949786782998477,101
Xian,TPE,TPE,25,0.47949786782998477,101
Xian,TPE,TPE,26,0.47949786782998477,101
Xian,TPE,TPE,27,0.47949786782998477,101
Xian,TPE,TPE,28,0.47949786782998477,101
Xian,TPE,TPE,29,0.47949786782998477,101
Xian,TPE,TPE,30,0.4543717864303993,101
Xian,TPE,TPE,31,0.4543717864303993,101
Xian,TPE,TPE,32,0.4543717864303993,101
Xian,TPE,TPE,33,0.4543717864303993,101
Xian,TPE,TPE,34,0.4543717864303993,101
Xian,TPE,TPE,35,0.4543717864303993,101
Xian,TPE,TPE,36,0.4543717864303993,101
Xian,TPE,TPE,37,0.4543717864303993,101
Xian,TPE,TPE,38,0.4543717864303993,101
Xian,TPE,TPE,39,0.4543717864303993,101
Xian,TPE,TPE,40,0.4543717864303993,101
Xian,TPE,TPE,41,0.4543717864303993,101
Xian,TPE,TPE,42,0.4543717864303993,101
Xian,TPE,TPE,43,0.4543717864303993,101
Xian,TPE,TPE,44,0.4543717864303993,101
Xian,TPE,TPE,45,0.4543717864303993,101
Xian,TPE,TPE,46,0.4543717864303993,101
Xian,TPE,TPE,47,0.4543717864303993,101
Xian,TPE,TPE,48,0.4543717864303993,101
Xian,TPE,TPE,49,0.4543717864303993,101
Xian,TPE,TPE,50,0.4543717864303993,101
Xian,TPE,TPE,51,0.4543717864303993,101
Xian,TPE,TPE,52,0.4543717864303993,101
Xian,TPE,TPE,53,0.4543717864303993,101
Xian,TPE,TPE,54,0.4543717864303993,101
Xian,TPE,TPE,55,0.4543717864303993,101
Xian,TPE,TPE,56,0.4543717864303993,101
Xian,TPE,TPE,57,0.4543717864303993,101
Xian,TPE,TPE,58,0.4543717864303993,101
Xian,TPE,TPE,59,0.4543717864303993,101
Xian,TPE,TPE,60,0.4543717864303993,101
Xian,TPE,TPE,61,0.4543717864303993,101
Xian,TPE,TPE,62,0.4543717864303993,101
Xian,TPE,TPE,63,0.4543717864303993,101
Xian,TPE,TPE,64,0.4543717864303993,101
Xian,TPE,TPE,65,0.4315831993284712,101
Xian,TPE,TPE,66,0.4315831993284712,101
Xian,TPE,TPE,67,0.4315831993284712,101
Xian,TPE,TPE,68,0.4315831993284712,101
Xian,TPE,TPE,69,0.4315831993284712,101
Xian,TPE,TPE,70,0.4315831993284712,101
Xian,TPE,TPE,71,0.4315831993284712,101
Xian,TPE,TPE,72,0.4315831993284712,101
Xian,TPE,TPE,73,0.4315831993284712,101
Xian,TPE,TPE,74,0.4315831993284712,101
Xian,TPE,TPE,75,0.4315831993284712,101
Xian,TPE,TPE,76,0.4315831993284712,101
Xian,TPE,TPE,77,0.4315831993284712,101
Xian,TPE,TPE,78,0.4315831993284712,101
Xian,TPE,TPE,79,0.4315831993284712,101
Xian,TPE,TPE,80,0.4315831993284712,101
Xian,TPE,TPE,81,0.4315831993284712,101
Xian,TPE,TPE,82,0.4315831993284712,101
Xian,TPE,TPE,83,0.4315831993284712,101
Xian,TPE,TPE,84,0.4315831993284712,101
Xian,TPE,TPE,85,0.4315831993284712,101
Xian,TPE,TPE,86,0.4315831993284712,101
Xian,TPE,TPE,87,0.4315831993284712,101
Xian,TPE,TPE,88,0.4315831993284712,101
Xian,TPE,TPE,89,0.4194111860544411,101
Xian,TPE,TPE,90,0.4194111860544411,101
Xian,TPE,TPE,91,0.4194111860544411,101
Xian,TPE,TPE,92,0.4194111860544411,101
Xian,TPE,TPE,93,0.4194111860544411,101
Xian,TPE,TPE,94,0.4194111860544411,101
Xian,TPE,TPE,95,0.4194111860544411,101
Xian,TPE,TPE,96,0.4194111860544411,101
Xian,TPE,TPE,97,0.4194111860544411,101
Xian,TPE,TPE,98,0.4194111860544411,101
Xian,TPE,TPE,99,0.4194111860544411,101
Xian,TPE,TPE,100,0.4194111860544411,101
Xian,TPE,TPE,1,0.549489484072579,202
Xian,TPE,TPE,2,0.5231253426570607,202
Xian,TPE,TPE,3,0.4905835772941143,202
Xian,TPE,TPE,4,0.4905835772941143,202
Xian,TPE,TPE,5,0.4905835772941143,202
Xian,TPE,TPE,6,0.4905835772941143,202
Xian,TPE,TPE,7,0.4905835772941143,202
Xian,TPE,TPE,8,0.4905835772941143,202
Xian,TPE,TPE,9,0.4905835772941143,202
Xian,TPE,TPE,10,0.4905835772941143,202
Xian,TPE,TPE,11,0.4905835772941143,202
Xian,TPE,TPE,12,0.4905835772941143,202
Xian,TPE,TPE,13,0.46496390820397204,202
Xian,TPE,TPE,14,0.46496390820397204,202
Xian,TPE,TPE,15,0.4546810425369277,202
Xian,TPE,TPE,16,0.4546810425369277,202
Xian,TPE,TPE,17,0.45137361703626466,202
Xian,TPE,TPE,18,0.45137361703626466,202
Xian,TPE,TPE,19,0.45137361703626466,202
Xian,TPE,TPE,20,0.45137361703626466,202
Xian,TPE,TPE,21,0.45137361703626466,202
Xian,TPE,TPE,22,0.45137361703626466,202
Xian,TPE,TPE,23,0.4315619871592803,202
Xian,TPE,TPE,24,0.4315619871592803,202
Xian,TPE,TPE,25,0.4315619871592803,202
Xian,TPE,TPE,26,0.4315619871592803,202
Xian,TPE,TPE,27,0.4315619871592803,202
Xian,TPE,TPE,28,0.4315619871592803,202
Xian,TPE,TPE,29,0.4315619871592803,202
Xian,TPE,TPE,30,0.4315619871592803,202
Xian,TPE,TPE,31,0.4315619871592803,202
Xian,TPE,TPE,32,0.4315619871592803,202
Xian,TPE,TPE,33,0.4315619871592803,202
Xian,TPE,TPE,34,0.4315619871592803,202
Xian,TPE,TPE,35,0.4315619871592803,202
Xian,TPE,TPE,36,0.4315619871592803,202
Xian,TPE,TPE,37,0.4315619871592803,202
Xian,TPE,TPE,38,0.4315619871592803,202
Xian,TPE,TPE,39,0.4315619871592803,202
Xian,TPE,TPE,40,0.4315619871592803,202
Xian,TPE,TPE,41,0.4315619871592803,202
Xian,TPE,TPE,42,0.4315619871592803,202
Xian,TPE,TPE,43,0.4315619871592803,202
Xian,TPE,TPE,44,0.4315619871592803,202
Xian,TPE,TPE,45,0.4315619871592803,202
Xian,TPE,TPE,46,0.4315619871592803,202
Xian,TPE,TPE,47,0.4315619871592803,202
Xian,TPE,TPE,48,0.4315619871592803,202
Xian,TPE,TPE,49,0.4315619871592803,202
Xian,TPE,TPE,50,0.4315619871592803,202
Xian,TPE,TPE,51,0.4315619871592803,202
Xian,TPE,TPE,52,0.4315619871592803,202
Xian,TPE,TPE,53,0.4315619871592803,202
Xian,TPE,TPE,54,0.4315619871592803,202
Xian,TPE,TPE,55,0.4315619871592803,202
Xian,TPE,TPE,56,0.4315619871592803,202
Xian,TPE,TPE,57,0.4315619871592803,202
Xian,TPE,TPE,58,0.4315619871592803,202
Xian,TPE,TPE,59,0.4315619871592803,202
Xian,TPE,TPE,60,0.4315619871592803,202
Xian,TPE,TPE,61,0.4315619871592803,202
Xian,TPE,TPE,62,0.4315619871592803,202
Xian,TPE,TPE,63,0.4315619871592803,202
Xian,TPE,TPE,64,0.4315619871592803,202
Xian,TPE,TPE,65,0.4315619871592803,202
Xian,TPE,TPE,66,0.4315619871592803,202
Xian,TPE,TPE,67,0.4315619871592803,202
Xian,TPE,TPE,68,0.4315619871592803,202
Xian,TPE,TPE,69,0.4315619871592803,202
Xian,TPE,TPE,70,0.4315619871592803,202
Xian,TPE,TPE,71,0.4315619871592803,202
Xian,TPE,TPE,72,0.4315619871592803,202
Xian,TPE,TPE,73,0.4315619871592803,202
Xian,TPE,TPE,74,0.4315619871592803,202
Xian,TPE,TPE,75,0.4087070291672846,202
Xian,TPE,TPE,76,0.4087070291672846,202
Xian,TPE,TPE,77,0.4087070291672846,202
Xian,TPE,TPE,78,0.4087070291672846,202
Xian,TPE,TPE,79,0.4087070291672846,202
Xian,TPE,TPE,80,0.4087070291672846,202
Xian,TPE,TPE,81,0.4087070291672846,202
Xian,TPE,TPE,82,0.4087070291672846,202
Xian,TPE,TPE,83,0.4087070291672846,202
Xian,TPE,TPE,84,0.4087070291672846,202
Xian,TPE,TPE,85,0.4087070291672846,202
Xian,TPE,TPE,86,0.4087070291672846,202
Xian,TPE,TPE,87,0.4087070291672846,202
Xian,TPE,TPE,88,0.4087070291672846,202
Xian,TPE,TPE,89,0.4087070291672846,202
Xian,TPE,TPE,90,0.4087070291672846,202
Xian,TPE,TPE,91,0.4087070291672846,202
Xian,TPE,TPE,92,0.4087070291672846,202
Xian,TPE,TPE,93,0.4087070291672846,202
Xian,TPE,TPE,94,0.4087070291672846,202
Xian,TPE,TPE,95,0.4087070291672846,202
Xian,TPE,TPE,96,0.4087070291672846,202
Xian,TPE,TPE,97,0.4087070291672846,202
Xian,TPE,TPE,98,0.4087070291672846,202
Xian,TPE,TPE,99,0.4087070291672846,202
Xian,TPE,TPE,100,0.4087070291672846,202
Xian,TPE,TPE,1,0.5175978400244586,303
Xian,TPE,TPE,2,0.5175978400244586,303
Xian,TPE,TPE,3,0.5175978400244586,303
Xian,TPE,TPE,4,0.5175978400244586,303
Xian,TPE,TPE,5,0.5175978400244586,303
Xian,TPE,TPE,6,0.4659448408823982,303
Xian,TPE,TPE,7,0.4659448408823982,303
Xian,TPE,TPE,8,0.443928824633922,303
Xian,TPE,TPE,9,0.443928824633922,303
Xian,TPE,TPE,10,0.443928824633922,303
Xian,TPE,TPE,11,0.443928824633922,303
Xian,TPE,TPE,12,0.443928824633922,303
Xian,TPE,TPE,13,0.443928824633922,303
Xian,TPE,TPE,14,0.443928824633922,303
Xian,TPE,TPE,15,0.443928824633922,303
Xian,TPE,TPE,16,0.443928824633922,303
Xian,TPE,TPE,17,0.443928824633922,303
Xian,TPE,TPE,18,0.443928824633922,303
Xian,TPE,TPE,19,0.443928824633922,303
Xian,TPE,TPE,20,0.443928824633922,303
Xian,TPE,TPE,21,0.443928824633922,303
Xian,TPE,TPE,22,0.443928824633922,303
Xian,TPE,TPE,23,0.443928824633922,303
Xian,TPE,TPE,24,0.443928824633922,303
Xian,TPE,TPE,25,0.443928824633922,303
Xian,TPE,TPE,26,0.4411759863247289,303
Xian,TPE,TPE,27,0.4411759863247289,303
Xian,TPE,TPE,28,0.4411759863247289,303
Xian,TPE,TPE,29,0.4411759863247289,303
Xian,TPE,TPE,30,0.4411759863247289,303
Xian,TPE,TPE,31,0.4411759863247289,303
Xian,TPE,TPE,32,0.4411759863247289,303
Xian,TPE,TPE,33,0.4411759863247289,303
Xian,TPE,TPE,34,0.4411759863247289,303
Xian,TPE,TPE,35,0.4411759863247289,303
Xian,TPE,TPE,36,0.4411759863247289,303
Xian,TPE,TPE,37,0.4411759863247289,303
Xian,TPE,TPE,38,0.4411759863247289,303
Xian,TPE,TPE,39,0.4411759863247289,303
Xian,TPE,TPE,40,0.4411759863247289,303
Xian,TPE,TPE,41,0.4411759863247289,303
Xian,TPE,TPE,42,0.4411759863247289,303
Xian,TPE,TPE,43,0.4411759863247289,303
Xian,TPE,TPE,44,0.4411759863247289,303
Xian,TPE,TPE,45,0.4411759863247289,303
Xian,TPE,TPE,46,0.4411759863247289,303
Xian,TPE,TPE,47,0.4411759863247289,303
Xian,TPE,TPE,48,0.4411759863247289,303
Xian,TPE,TPE,49,0.4411759863247289,303
Xian,TPE,TPE,50,0.4411759863247289,303
Xian,TPE,TPE,51,0.4411759863247289,303
Xian,TPE,TPE,52,0.4411759863247289,303
Xian,TPE,TPE,53,0.4411759863247289,303
Xian,TPE,TPE,54,0.4411759863247289,303
Xian,TPE,TPE,55,0.4411759863247289,303
Xian,TPE,TPE,56,0.4411759863247289,303
Xian,TPE,TPE,57,0.4411759863247289,303
Xian,TPE,TPE,58,0.4411759863247289,303
Xian,TPE,TPE,59,0.4411759863247289,303
Xian,TPE,TPE,60,0.4411759863247289,303
Xian,TPE,TPE,61,0.4411759863247289,303
Xian,TPE,TPE,62,0.4411759863247289,303
Xian,TPE,TPE,63,0.4411759863247289,303
Xian,TPE,TPE,64,0.4411759863247289,303
Xian,TPE,TPE,65,0.4411759863247289,303
Xian,TPE,TPE,66,0.4411759863247289,303
Xian,TPE,TPE,67,0.4411759863247289,303
Xian,TPE,TPE,68,0.4411759863247289,303
Xian,TPE,TPE,69,0.4411759863247289,303
Xian,TPE,TPE,70,0.4411759863247289,303
Xian,TPE,TPE,71,0.4411759863247289,303
Xian,TPE,TPE,72,0.4411759863247289,303
Xian,TPE,TPE,73,0.4411759863247289,303
Xian,TPE,TPE,74,0.4411759863247289,303
Xian,TPE,TPE,75,0.4411759863247289,303
Xian,TPE,TPE,76,0.4411759863247289,303
Xian,TPE,TPE,77,0.4411759863247289,303
Xian,TPE,TPE,78,0.4411759863247289,303
Xian,TPE,TPE,79,0.4411759863247289,303
Xian,TPE,TPE,80,0.4411759863247289,303
Xian,TPE,TPE,81,0.4411759863247289,303
Xian,TPE,TPE,82,0.4411759863247289,303
Xian,TPE,TPE,83,0.4411759863247289,303
Xian,TPE,TPE,84,0.4411759863247289,303
Xian,TPE,TPE,85,0.4411759863247289,303
Xian,TPE,TPE,86,0.4411759863247289,303
Xian,TPE,TPE,87,0.4411759863247289,303
Xian,TPE,TPE,88,0.4411759863247289,303
Xian,TPE,TPE,89,0.43934024142883377,303
Xian,TPE,TPE,90,0.43934024142883377,303
Xian,TPE,TPE,91,0.43934024142883377,303
Xian,TPE,TPE,92,0.43934024142883377,303
Xian,TPE,TPE,93,0.43934024142883377,303
Xian,TPE,TPE,94,0.43934024142883377,303
Xian,TPE,TPE,95,0.43934024142883377,303
Xian,TPE,TPE,96,0.43934024142883377,303
Xian,TPE,TPE,97,0.43934024142883377,303
Xian,TPE,TPE,98,0.43934024142883377,303
Xian,TPE,TPE,99,0.43934024142883377,303
Xian,TPE,TPE,100,0.43934024142883377,303
Xian,TPE,TPE,1,0.5215094110081291,404
Xian,TPE,TPE,2,0.4642782024639191,404
Xian,TPE,TPE,3,0.4642782024639191,404
Xian,TPE,TPE,4,0.4642782024639191,404
Xian,TPE,TPE,5,0.4642782024639191,404
Xian,TPE,TPE,6,0.4642782024639191,404
Xian,TPE,TPE,7,0.4642782024639191,404
Xian,TPE,TPE,8,0.4642782024639191,404
Xian,TPE,TPE,9,0.4642782024639191,404
Xian,TPE,TPE,10,0.4642782024639191,404
Xian,TPE,TPE,11,0.4642782024639191,404
Xian,TPE,TPE,12,0.4642782024639191,404
Xian,TPE,TPE,13,0.4642782024639191,404
Xian,TPE,TPE,14,0.4642782024639191,404
Xian,TPE,TPE,15,0.4642782024639191,404
Xian,TPE,TPE,16,0.4642782024639191,404
Xian,TPE,TPE,17,0.4642782024639191,404
Xian,TPE,TPE,18,0.4642782024639191,404
Xian,TPE,TPE,19,0.4642782024639191,404
Xian,TPE,TPE,20,0.4642782024639191,404
Xian,TPE,TPE,21,0.4642782024639191,404
Xian,TPE,TPE,22,0.4642782024639191,404
Xian,TPE,TPE,23,0.4642782024639191,404
Xian,TPE,TPE,24,0.4642782024639191,404
Xian,TPE,TPE,25,0.4642782024639191,404
Xian,TPE,TPE,26,0.4642782024639191,404
Xian,TPE,TPE,27,0.4642782024639191,404
Xian,TPE,TPE,28,0.44102792387569845,404
Xian,TPE,TPE,29,0.44102792387569845,404
Xian,TPE,TPE,30,0.44102792387569845,404
Xian,TPE,TPE,31,0.44102792387569845,404
Xian,TPE,TPE,32,0.44102792387569845,404
Xian,TPE,TPE,33,0.44102792387569845,404
Xian,TPE,TPE,34,0.44102792387569845,404
Xian,TPE,TPE,35,0.44102792387569845,404
Xian,TPE,TPE,36,0.44102792387569845,404
Xian,TPE,TPE,37,0.44102792387569845,404
Xian,TPE,TPE,38,0.44102792387569845,404
Xian,TPE,TPE,39,0.44102792387569845,404
Xian,TPE,TPE,40,0.44102792387569845,404
Xian,TPE,TPE,41,0.44102792387569845,404
Xian,TPE,TPE,42,0.44102792387569845,404
Xian,TPE,TPE,43,0.44102792387569845,404
Xian,TPE,TPE,44,0.44102792387569845,404
Xian,TPE,TPE,45,0.44102792387569845,404
Xian,TPE,TPE,46,0.44102792387569845,404
Xian,TPE,TPE,47,0.44102792387569845,404
Xian,TPE,TPE,48,0.44102792387569845,404
Xian,TPE,TPE,49,0.44102792387569845,404
Xian,TPE,TPE,50,0.44102792387569845,404
Xian,TPE,TPE,51,0.44102792387569845,404
Xian,TPE,TPE,52,0.44102792387569845,404
Xian,TPE,TPE,53,0.44102792387569845,404
Xian,TPE,TPE,54,0.44102792387569845,404
Xian,TPE,TPE,55,0.44102792387569845,404
Xian,TPE,TPE,56,0.44102792387569845,404
Xian,TPE,TPE,57,0.44102792387569845,404
Xian,TPE,TPE,58,0.44102792387569845,404
Xian,TPE,TPE,59,0.44102792387569845,404
Xian,TPE,TPE,60,0.44102792387569845,404
Xian,TPE,TPE,61,0.44102792387569845,404
Xian,TPE,TPE,62,0.44102792387569845,404
Xian,TPE,TPE,63,0.44102792387569845,404
Xian,TPE,TPE,64,0.44102792387569845,404
Xian,TPE,TPE,65,0.44102792387569845,404
Xian,TPE,TPE,66,0.44102792387569845,404
Xian,TPE,TPE,67,0.44102792387569845,404
Xian,TPE,TPE,68,0.44102792387569845,404
Xian,TPE,TPE,69,0.44102792387569845,404
Xian,TPE,TPE,70,0.44102792387569845,404
Xian,TPE,TPE,71,0.44102792387569845,404
Xian,TPE,TPE,72,0.44102792387569845,404
Xian,TPE,TPE,73,0.44102792387569845,404
Xian,TPE,TPE,74,0.44102792387569845,404
Xian,TPE,TPE,75,0.44102792387569845,404
Xian,TPE,TPE,76,0.44102792387569845,404
Xian,TPE,TPE,77,0.44102792387569845,404
Xian,TPE,TPE,78,0.44102792387569845,404
Xian,TPE,TPE,79,0.44102792387569845,404
Xian,TPE,TPE,80,0.44102792387569845,404
Xian,TPE,TPE,81,0.44102792387569845,404
Xian,TPE,TPE,82,0.44102792387569845,404
Xian,TPE,TPE,83,0.44102792387569845,404
Xian,TPE,TPE,84,0.44102792387569845,404
Xian,TPE,TPE,85,0.44102792387569845,404
Xian,TPE,TPE,86,0.44102792387569845,404
Xian,TPE,TPE,87,0.44102792387569845,404
Xian,TPE,TPE,88,0.44102792387569845,404
Xian,TPE,TPE,89,0.44102792387569845,404
Xian,TPE,TPE,90,0.44102792387569845,404
Xian,TPE,TPE,91,0.44102792387569845,404
Xian,TPE,TPE,92,0.44102792387569845,404
Xian,TPE,TPE,93,0.43985024725076893,404
Xian,TPE,TPE,94,0.43985024725076893,404
Xian,TPE,TPE,95,0.43985024725076893,404
Xian,TPE,TPE,96,0.43985024725076893,404
Xian,TPE,TPE,97,0.43985024725076893,404
Xian,TPE,TPE,98,0.43985024725076893,404
Xian,TPE,TPE,99,0.43985024725076893,404
Xian,TPE,TPE,100,0.43985024725076893,404
YTDJ,BF-SAC-GP,BF-SAC-GP,1,0.56833,42
YTDJ,BF-SAC-GP,BF-SAC-GP,2,0.475187,42
YTDJ,BF-SAC-GP,BF-SAC-GP,3,0.475187,42
YTDJ,BF-SAC-GP,BF-SAC-GP,4,0.475187,42
YTDJ,BF-SAC-GP,BF-SAC-GP,5,0.459021,42
YTDJ,BF-SAC-GP,BF-SAC-GP,6,0.459021,42
YTDJ,BF-SAC-GP,BF-SAC-GP,7,0.459021,42
YTDJ,BF-SAC-GP,BF-SAC-GP,8,0.459021,42
YTDJ,BF-SAC-GP,BF-SAC-GP,9,0.459021,42
YTDJ,BF-SAC-GP,BF-SAC-GP,10,0.38679,42
YTDJ,BF-SAC-GP,BF-SAC-GP,11,0.38679,42
YTDJ,BF-SAC-GP,BF-SAC-GP,12,0.38679,42
YTDJ,BF-SAC-GP,BF-SAC-GP,13,0.38679,42
YTDJ,BF-SAC-GP,BF-SAC-GP,14,0.38679,42
YTDJ,BF-SAC-GP,BF-SAC-GP,15,0.38679,42
YTDJ,BF-SAC-GP,BF-SAC-GP,16,0.38679,42
YTDJ,BF-SAC-GP,BF-SAC-GP,17,0.38679,42
YTDJ,BF-SAC-GP,BF-SAC-GP,18,0.38679,42
YTDJ,BF-SAC-GP,BF-SAC-GP,19,0.38679,42
YTDJ,BF-SAC-GP,BF-SAC-GP,20,0.38679,42
YTDJ,BF-SAC-GP,BF-SAC-GP,21,0.38679,42
YTDJ,BF-SAC-GP,BF-SAC-GP,22,0.38679,42
YTDJ,BF-SAC-GP,BF-SAC-GP,23,0.38679,42
YTDJ,BF-SAC-GP,BF-SAC-GP,24,0.38679,42
YTDJ,BF-SAC-GP,BF-SAC-GP,25,0.38679,42
YTDJ,BF-SAC-GP,BF-SAC-GP,26,0.38679,42
YTDJ,BF-SAC-GP,BF-SAC-GP,27,0.38679,42
YTDJ,BF-SAC-GP,BF-SAC-GP,28,0.38679,42
YTDJ,BF-SAC-GP,BF-SAC-GP,29,0.38679,42
YTDJ,BF-SAC-GP,BF-SAC-GP,30,0.38679,42
YTDJ,BF-SAC-GP,BF-SAC-GP,31,0.38679,42
YTDJ,BF-SAC-GP,BF-SAC-GP,32,0.38679,42
YTDJ,BF-SAC-GP,BF-SAC-GP,33,0.38679,42
YTDJ,BF-SAC-GP,BF-SAC-GP,34,0.38679,42
YTDJ,BF-SAC-GP,BF-SAC-GP,35,0.38679,42
YTDJ,BF-SAC-GP,BF-SAC-GP,36,0.38679,42
YTDJ,BF-SAC-GP,BF-SAC-GP,37,0.38679,42
YTDJ,BF-SAC-GP,BF-SAC-GP,38,0.38679,42
YTDJ,BF-SAC-GP,BF-SAC-GP,39,0.38679,42
YTDJ,BF-SAC-GP,BF-SAC-GP,40,0.38679,42
YTDJ,BF-SAC-GP,BF-SAC-GP,41,0.322967,42
YTDJ,BF-SAC-GP,BF-SAC-GP,42,0.322967,42
YTDJ,BF-SAC-GP,BF-SAC-GP,43,0.322967,42
YTDJ,BF-SAC-GP,BF-SAC-GP,44,0.294761,42
YTDJ,BF-SAC-GP,BF-SAC-GP,45,0.294761,42
YTDJ,BF-SAC-GP,BF-SAC-GP,46,0.294761,42
YTDJ,BF-SAC-GP,BF-SAC-GP,47,0.294761,42
YTDJ,BF-SAC-GP,BF-SAC-GP,48,0.294761,42
YTDJ,BF-SAC-GP,BF-SAC-GP,49,0.294761,42
YTDJ,BF-SAC-GP,BF-SAC-GP,50,0.294761,42
YTDJ,BF-SAC-GP,BF-SAC-GP,51,0.294761,42
YTDJ,BF-SAC-GP,BF-SAC-GP,52,0.272338,42
YTDJ,BF-SAC-GP,BF-SAC-GP,53,0.272338,42
YTDJ,BF-SAC-GP,BF-SAC-GP,54,0.272338,42
YTDJ,BF-SAC-GP,BF-SAC-GP,55,0.258389,42
YTDJ,BF-SAC-GP,BF-SAC-GP,56,0.240051,42
YTDJ,BF-SAC-GP,BF-SAC-GP,57,0.21627,42
YTDJ,BF-SAC-GP,BF-SAC-GP,58,0.21627,42
YTDJ,BF-SAC-GP,BF-SAC-GP,59,0.21627,42
YTDJ,BF-SAC-GP,BF-SAC-GP,60,0.21627,42
YTDJ,BF-SAC-GP,BF-SAC-GP,61,0.21627,42
YTDJ,BF-SAC-GP,BF-SAC-GP,62,0.21627,42
YTDJ,BF-SAC-GP,BF-SAC-GP,63,0.21627,42
YTDJ,BF-SAC-GP,BF-SAC-GP,64,0.21627,42
YTDJ,BF-SAC-GP,BF-SAC-GP,65,0.21627,42
YTDJ,BF-SAC-GP,BF-SAC-GP,66,0.21627,42
YTDJ,BF-SAC-GP,BF-SAC-GP,67,0.21627,42
YTDJ,BF-SAC-GP,BF-SAC-GP,68,0.21627,42
YTDJ,BF-SAC-GP,BF-SAC-GP,69,0.201393,42
YTDJ,BF-SAC-GP,BF-SAC-GP,70,0.201393,42
YTDJ,BF-SAC-GP,BF-SAC-GP,71,0.201393,42
YTDJ,BF-SAC-GP,BF-SAC-GP,72,0.201393,42
YTDJ,BF-SAC-GP,BF-SAC-GP,73,0.201393,42
YTDJ,BF-SAC-GP,BF-SAC-GP,74,0.201393,42
YTDJ,BF-SAC-GP,BF-SAC-GP,75,0.201393,42
YTDJ,BF-SAC-GP,BF-SAC-GP,76,0.201393,42
YTDJ,BF-SAC-GP,BF-SAC-GP,77,0.201393,42
YTDJ,BF-SAC-GP,BF-SAC-GP,78,0.201393,42
YTDJ,BF-SAC-GP,BF-SAC-GP,79,0.201393,42
YTDJ,BF-SAC-GP,BF-SAC-GP,80,0.201393,42
YTDJ,BF-SAC-GP,BF-SAC-GP,81,0.201393,42
YTDJ,BF-SAC-GP,BF-SAC-GP,82,0.201393,42
YTDJ,BF-SAC-GP,BF-SAC-GP,83,0.201393,42
YTDJ,BF-SAC-GP,BF-SAC-GP,84,0.201393,42
YTDJ,BF-SAC-GP,BF-SAC-GP,85,0.201393,42
YTDJ,BF-SAC-GP,BF-SAC-GP,86,0.201393,42
YTDJ,BF-SAC-GP,BF-SAC-GP,87,0.201393,42
YTDJ,BF-SAC-GP,BF-SAC-GP,88,0.201393,42
YTDJ,BF-SAC-GP,BF-SAC-GP,89,0.201393,42
YTDJ,BF-SAC-GP,BF-SAC-GP,90,0.189146,42
YTDJ,BF-SAC-GP,BF-SAC-GP,91,0.189146,42
YTDJ,BF-SAC-GP,BF-SAC-GP,92,0.189146,42
YTDJ,BF-SAC-GP,BF-SAC-GP,93,0.189146,42
YTDJ,BF-SAC-GP,BF-SAC-GP,94,0.189146,42
YTDJ,BF-SAC-GP,BF-SAC-GP,95,0.189146,42
YTDJ,BF-SAC-GP,BF-SAC-GP,96,0.189146,42
YTDJ,BF-SAC-GP,BF-SAC-GP,97,0.189146,42
YTDJ,BF-SAC-GP,BF-SAC-GP,98,0.189146,42
YTDJ,BF-SAC-GP,BF-SAC-GP,99,0.189146,42
YTDJ,BF-SAC-GP,BF-SAC-GP,100,0.189146,42
YTDJ,BF-SAC-GP,BF-SAC-GP,1,0.688795,101
YTDJ,BF-SAC-GP,BF-SAC-GP,2,0.574539,101
YTDJ,BF-SAC-GP,BF-SAC-GP,3,0.570552,101
YTDJ,BF-SAC-GP,BF-SAC-GP,4,0.570552,101
YTDJ,BF-SAC-GP,BF-SAC-GP,5,0.570552,101
YTDJ,BF-SAC-GP,BF-SAC-GP,6,0.539881,101
YTDJ,BF-SAC-GP,BF-SAC-GP,7,0.539881,101
YTDJ,BF-SAC-GP,BF-SAC-GP,8,0.536897,101
YTDJ,BF-SAC-GP,BF-SAC-GP,9,0.536897,101
YTDJ,BF-SAC-GP,BF-SAC-GP,10,0.536897,101
YTDJ,BF-SAC-GP,BF-SAC-GP,11,0.536897,101
YTDJ,BF-SAC-GP,BF-SAC-GP,12,0.525725,101
YTDJ,BF-SAC-GP,BF-SAC-GP,13,0.507355,101
YTDJ,BF-SAC-GP,BF-SAC-GP,14,0.507355,101
YTDJ,BF-SAC-GP,BF-SAC-GP,15,0.507355,101
YTDJ,BF-SAC-GP,BF-SAC-GP,16,0.507355,101
YTDJ,BF-SAC-GP,BF-SAC-GP,17,0.507355,101
YTDJ,BF-SAC-GP,BF-SAC-GP,18,0.472525,101
YTDJ,BF-SAC-GP,BF-SAC-GP,19,0.439814,101
YTDJ,BF-SAC-GP,BF-SAC-GP,20,0.439814,101
YTDJ,BF-SAC-GP,BF-SAC-GP,21,0.439814,101
YTDJ,BF-SAC-GP,BF-SAC-GP,22,0.439814,101
YTDJ,BF-SAC-GP,BF-SAC-GP,23,0.439814,101
YTDJ,BF-SAC-GP,BF-SAC-GP,24,0.439814,101
YTDJ,BF-SAC-GP,BF-SAC-GP,25,0.439814,101
YTDJ,BF-SAC-GP,BF-SAC-GP,26,0.439814,101
YTDJ,BF-SAC-GP,BF-SAC-GP,27,0.439814,101
YTDJ,BF-SAC-GP,BF-SAC-GP,28,0.439814,101
YTDJ,BF-SAC-GP,BF-SAC-GP,29,0.439814,101
YTDJ,BF-SAC-GP,BF-SAC-GP,30,0.439814,101
YTDJ,BF-SAC-GP,BF-SAC-GP,31,0.439814,101
YTDJ,BF-SAC-GP,BF-SAC-GP,32,0.439814,101
YTDJ,BF-SAC-GP,BF-SAC-GP,33,0.439814,101
YTDJ,BF-SAC-GP,BF-SAC-GP,34,0.439814,101
YTDJ,BF-SAC-GP,BF-SAC-GP,35,0.439814,101
YTDJ,BF-SAC-GP,BF-SAC-GP,36,0.439814,101
YTDJ,BF-SAC-GP,BF-SAC-GP,37,0.439814,101
YTDJ,BF-SAC-GP,BF-SAC-GP,38,0.439814,101
YTDJ,BF-SAC-GP,BF-SAC-GP,39,0.439814,101
YTDJ,BF-SAC-GP,BF-SAC-GP,40,0.439814,101
YTDJ,BF-SAC-GP,BF-SAC-GP,41,0.407965,101
YTDJ,BF-SAC-GP,BF-SAC-GP,42,0.40019,101
YTDJ,BF-SAC-GP,BF-SAC-GP,43,0.39687,101
YTDJ,BF-SAC-GP,BF-SAC-GP,44,0.394035,101
YTDJ,BF-SAC-GP,BF-SAC-GP,45,0.394035,101
YTDJ,BF-SAC-GP,BF-SAC-GP,46,0.383539,101
YTDJ,BF-SAC-GP,BF-SAC-GP,47,0.369437,101
YTDJ,BF-SAC-GP,BF-SAC-GP,48,0.369437,101
YTDJ,BF-SAC-GP,BF-SAC-GP,49,0.307826,101
YTDJ,BF-SAC-GP,BF-SAC-GP,50,0.263319,101
YTDJ,BF-SAC-GP,BF-SAC-GP,51,0.263319,101
YTDJ,BF-SAC-GP,BF-SAC-GP,52,0.263319,101
YTDJ,BF-SAC-GP,BF-SAC-GP,53,0.263319,101
YTDJ,BF-SAC-GP,BF-SAC-GP,54,0.263319,101
YTDJ,BF-SAC-GP,BF-SAC-GP,55,0.255285,101
YTDJ,BF-SAC-GP,BF-SAC-GP,56,0.255285,101
YTDJ,BF-SAC-GP,BF-SAC-GP,57,0.255285,101
YTDJ,BF-SAC-GP,BF-SAC-GP,58,0.255285,101
YTDJ,BF-SAC-GP,BF-SAC-GP,59,0.255285,101
YTDJ,BF-SAC-GP,BF-SAC-GP,60,0.253274,101
YTDJ,BF-SAC-GP,BF-SAC-GP,61,0.253274,101
YTDJ,BF-SAC-GP,BF-SAC-GP,62,0.253274,101
YTDJ,BF-SAC-GP,BF-SAC-GP,63,0.242515,101
YTDJ,BF-SAC-GP,BF-SAC-GP,64,0.239354,101
YTDJ,BF-SAC-GP,BF-SAC-GP,65,0.239354,101
YTDJ,BF-SAC-GP,BF-SAC-GP,66,0.239354,101
YTDJ,BF-SAC-GP,BF-SAC-GP,67,0.239354,101
YTDJ,BF-SAC-GP,BF-SAC-GP,68,0.239354,101
YTDJ,BF-SAC-GP,BF-SAC-GP,69,0.239354,101
YTDJ,BF-SAC-GP,BF-SAC-GP,70,0.239354,101
YTDJ,BF-SAC-GP,BF-SAC-GP,71,0.239354,101
YTDJ,BF-SAC-GP,BF-SAC-GP,72,0.239354,101
YTDJ,BF-SAC-GP,BF-SAC-GP,73,0.237648,101
YTDJ,BF-SAC-GP,BF-SAC-GP,74,0.234674,101
YTDJ,BF-SAC-GP,BF-SAC-GP,75,0.234674,101
YTDJ,BF-SAC-GP,BF-SAC-GP,76,0.234674,101
YTDJ,BF-SAC-GP,BF-SAC-GP,77,0.229832,101
YTDJ,BF-SAC-GP,BF-SAC-GP,78,0.229832,101
YTDJ,BF-SAC-GP,BF-SAC-GP,79,0.228232,101
YTDJ,BF-SAC-GP,BF-SAC-GP,80,0.228232,101
YTDJ,BF-SAC-GP,BF-SAC-GP,81,0.228232,101
YTDJ,BF-SAC-GP,BF-SAC-GP,82,0.228232,101
YTDJ,BF-SAC-GP,BF-SAC-GP,83,0.227622,101
YTDJ,BF-SAC-GP,BF-SAC-GP,84,0.225235,101
YTDJ,BF-SAC-GP,BF-SAC-GP,85,0.222614,101
YTDJ,BF-SAC-GP,BF-SAC-GP,86,0.222614,101
YTDJ,BF-SAC-GP,BF-SAC-GP,87,0.222614,101
YTDJ,BF-SAC-GP,BF-SAC-GP,88,0.222614,101
YTDJ,BF-SAC-GP,BF-SAC-GP,89,0.222614,101
YTDJ,BF-SAC-GP,BF-SAC-GP,90,0.222614,101
YTDJ,BF-SAC-GP,BF-SAC-GP,91,0.222614,101
YTDJ,BF-SAC-GP,BF-SAC-GP,92,0.222614,101
YTDJ,BF-SAC-GP,BF-SAC-GP,93,0.222614,101
YTDJ,BF-SAC-GP,BF-SAC-GP,94,0.216937,101
YTDJ,BF-SAC-GP,BF-SAC-GP,95,0.216937,101
YTDJ,BF-SAC-GP,BF-SAC-GP,96,0.216937,101
YTDJ,BF-SAC-GP,BF-SAC-GP,97,0.216937,101
YTDJ,BF-SAC-GP,BF-SAC-GP,98,0.216937,101
YTDJ,BF-SAC-GP,BF-SAC-GP,99,0.216937,101
YTDJ,BF-SAC-GP,BF-SAC-GP,100,0.216937,101
YTDJ,BF-SAC-GP,BF-SAC-GP,1,0.761262,202
YTDJ,BF-SAC-GP,BF-SAC-GP,2,0.62526,202
YTDJ,BF-SAC-GP,BF-SAC-GP,3,0.498323,202
YTDJ,BF-SAC-GP,BF-SAC-GP,4,0.498323,202
YTDJ,BF-SAC-GP,BF-SAC-GP,5,0.489932,202
YTDJ,BF-SAC-GP,BF-SAC-GP,6,0.489932,202
YTDJ,BF-SAC-GP,BF-SAC-GP,7,0.489932,202
YTDJ,BF-SAC-GP,BF-SAC-GP,8,0.462605,202
YTDJ,BF-SAC-GP,BF-SAC-GP,9,0.462605,202
YTDJ,BF-SAC-GP,BF-SAC-GP,10,0.462605,202
YTDJ,BF-SAC-GP,BF-SAC-GP,11,0.462605,202
YTDJ,BF-SAC-GP,BF-SAC-GP,12,0.462605,202
YTDJ,BF-SAC-GP,BF-SAC-GP,13,0.462605,202
YTDJ,BF-SAC-GP,BF-SAC-GP,14,0.462605,202
YTDJ,BF-SAC-GP,BF-SAC-GP,15,0.462605,202
YTDJ,BF-SAC-GP,BF-SAC-GP,16,0.462605,202
YTDJ,BF-SAC-GP,BF-SAC-GP,17,0.462605,202
YTDJ,BF-SAC-GP,BF-SAC-GP,18,0.462605,202
YTDJ,BF-SAC-GP,BF-SAC-GP,19,0.462605,202
YTDJ,BF-SAC-GP,BF-SAC-GP,20,0.462605,202
YTDJ,BF-SAC-GP,BF-SAC-GP,21,0.462605,202
YTDJ,BF-SAC-GP,BF-SAC-GP,22,0.323681,202
YTDJ,BF-SAC-GP,BF-SAC-GP,23,0.323681,202
YTDJ,BF-SAC-GP,BF-SAC-GP,24,0.323681,202
YTDJ,BF-SAC-GP,BF-SAC-GP,25,0.323681,202
YTDJ,BF-SAC-GP,BF-SAC-GP,26,0.323681,202
YTDJ,BF-SAC-GP,BF-SAC-GP,27,0.323681,202
YTDJ,BF-SAC-GP,BF-SAC-GP,28,0.323681,202
YTDJ,BF-SAC-GP,BF-SAC-GP,29,0.323681,202
YTDJ,BF-SAC-GP,BF-SAC-GP,30,0.323681,202
YTDJ,BF-SAC-GP,BF-SAC-GP,31,0.323681,202
YTDJ,BF-SAC-GP,BF-SAC-GP,32,0.323681,202
YTDJ,BF-SAC-GP,BF-SAC-GP,33,0.323681,202
YTDJ,BF-SAC-GP,BF-SAC-GP,34,0.292841,202
YTDJ,BF-SAC-GP,BF-SAC-GP,35,0.292841,202
YTDJ,BF-SAC-GP,BF-SAC-GP,36,0.292841,202
YTDJ,BF-SAC-GP,BF-SAC-GP,37,0.292841,202
YTDJ,BF-SAC-GP,BF-SAC-GP,38,0.292841,202
YTDJ,BF-SAC-GP,BF-SAC-GP,39,0.292841,202
YTDJ,BF-SAC-GP,BF-SAC-GP,40,0.292841,202
YTDJ,BF-SAC-GP,BF-SAC-GP,41,0.292841,202
YTDJ,BF-SAC-GP,BF-SAC-GP,42,0.292841,202
YTDJ,BF-SAC-GP,BF-SAC-GP,43,0.292841,202
YTDJ,BF-SAC-GP,BF-SAC-GP,44,0.292841,202
YTDJ,BF-SAC-GP,BF-SAC-GP,45,0.292841,202
YTDJ,BF-SAC-GP,BF-SAC-GP,46,0.292841,202
YTDJ,BF-SAC-GP,BF-SAC-GP,47,0.292841,202
YTDJ,BF-SAC-GP,BF-SAC-GP,48,0.292841,202
YTDJ,BF-SAC-GP,BF-SAC-GP,49,0.292841,202
YTDJ,BF-SAC-GP,BF-SAC-GP,50,0.292841,202
YTDJ,BF-SAC-GP,BF-SAC-GP,51,0.292841,202
YTDJ,BF-SAC-GP,BF-SAC-GP,52,0.292841,202
YTDJ,BF-SAC-GP,BF-SAC-GP,53,0.292841,202
YTDJ,BF-SAC-GP,BF-SAC-GP,54,0.234028,202
YTDJ,BF-SAC-GP,BF-SAC-GP,55,0.234028,202
YTDJ,BF-SAC-GP,BF-SAC-GP,56,0.230391,202
YTDJ,BF-SAC-GP,BF-SAC-GP,57,0.230391,202
YTDJ,BF-SAC-GP,BF-SAC-GP,58,0.230391,202
YTDJ,BF-SAC-GP,BF-SAC-GP,59,0.230391,202
YTDJ,BF-SAC-GP,BF-SAC-GP,60,0.230391,202
YTDJ,BF-SAC-GP,BF-SAC-GP,61,0.230391,202
YTDJ,BF-SAC-GP,BF-SAC-GP,62,0.221093,202
YTDJ,BF-SAC-GP,BF-SAC-GP,63,0.221093,202
YTDJ,BF-SAC-GP,BF-SAC-GP,64,0.221093,202
YTDJ,BF-SAC-GP,BF-SAC-GP,65,0.221093,202
YTDJ,BF-SAC-GP,BF-SAC-GP,66,0.208662,202
YTDJ,BF-SAC-GP,BF-SAC-GP,67,0.208662,202
YTDJ,BF-SAC-GP,BF-SAC-GP,68,0.202585,202
YTDJ,BF-SAC-GP,BF-SAC-GP,69,0.202585,202
YTDJ,BF-SAC-GP,BF-SAC-GP,70,0.202585,202
YTDJ,BF-SAC-GP,BF-SAC-GP,71,0.202585,202
YTDJ,BF-SAC-GP,BF-SAC-GP,72,0.202585,202
YTDJ,BF-SAC-GP,BF-SAC-GP,73,0.202585,202
YTDJ,BF-SAC-GP,BF-SAC-GP,74,0.202585,202
YTDJ,BF-SAC-GP,BF-SAC-GP,75,0.202585,202
YTDJ,BF-SAC-GP,BF-SAC-GP,76,0.202585,202
YTDJ,BF-SAC-GP,BF-SAC-GP,77,0.202585,202
YTDJ,BF-SAC-GP,BF-SAC-GP,78,0.202585,202
YTDJ,BF-SAC-GP,BF-SAC-GP,79,0.202585,202
YTDJ,BF-SAC-GP,BF-SAC-GP,80,0.202585,202
YTDJ,BF-SAC-GP,BF-SAC-GP,81,0.202585,202
YTDJ,BF-SAC-GP,BF-SAC-GP,82,0.202585,202
YTDJ,BF-SAC-GP,BF-SAC-GP,83,0.202585,202
YTDJ,BF-SAC-GP,BF-SAC-GP,84,0.202585,202
YTDJ,BF-SAC-GP,BF-SAC-GP,85,0.202585,202
YTDJ,BF-SAC-GP,BF-SAC-GP,86,0.202585,202
YTDJ,BF-SAC-GP,BF-SAC-GP,87,0.202585,202
YTDJ,BF-SAC-GP,BF-SAC-GP,88,0.202585,202
YTDJ,BF-SAC-GP,BF-SAC-GP,89,0.202585,202
YTDJ,BF-SAC-GP,BF-SAC-GP,90,0.202585,202
YTDJ,BF-SAC-GP,BF-SAC-GP,91,0.202585,202
YTDJ,BF-SAC-GP,BF-SAC-GP,92,0.202585,202
YTDJ,BF-SAC-GP,BF-SAC-GP,93,0.200838,202
YTDJ,BF-SAC-GP,BF-SAC-GP,94,0.200838,202
YTDJ,BF-SAC-GP,BF-SAC-GP,95,0.200838,202
YTDJ,BF-SAC-GP,BF-SAC-GP,96,0.200838,202
YTDJ,BF-SAC-GP,BF-SAC-GP,97,0.200838,202
YTDJ,BF-SAC-GP,BF-SAC-GP,98,0.200838,202
YTDJ,BF-SAC-GP,BF-SAC-GP,99,0.200838,202
YTDJ,BF-SAC-GP,BF-SAC-GP,100,0.200838,202
YTDJ,BF-SAC-GP,BF-SAC-GP,1,0.688175,303
YTDJ,BF-SAC-GP,BF-SAC-GP,2,0.607693,303
YTDJ,BF-SAC-GP,BF-SAC-GP,3,0.607693,303
YTDJ,BF-SAC-GP,BF-SAC-GP,4,0.607693,303
YTDJ,BF-SAC-GP,BF-SAC-GP,5,0.607693,303
YTDJ,BF-SAC-GP,BF-SAC-GP,6,0.607693,303
YTDJ,BF-SAC-GP,BF-SAC-GP,7,0.607693,303
YTDJ,BF-SAC-GP,BF-SAC-GP,8,0.607693,303
YTDJ,BF-SAC-GP,BF-SAC-GP,9,0.607693,303
YTDJ,BF-SAC-GP,BF-SAC-GP,10,0.592191,303
YTDJ,BF-SAC-GP,BF-SAC-GP,11,0.592191,303
YTDJ,BF-SAC-GP,BF-SAC-GP,12,0.567428,303
YTDJ,BF-SAC-GP,BF-SAC-GP,13,0.537125,303
YTDJ,BF-SAC-GP,BF-SAC-GP,14,0.537125,303
YTDJ,BF-SAC-GP,BF-SAC-GP,15,0.537125,303
YTDJ,BF-SAC-GP,BF-SAC-GP,16,0.537125,303
YTDJ,BF-SAC-GP,BF-SAC-GP,17,0.537125,303
YTDJ,BF-SAC-GP,BF-SAC-GP,18,0.537125,303
YTDJ,BF-SAC-GP,BF-SAC-GP,19,0.537125,303
YTDJ,BF-SAC-GP,BF-SAC-GP,20,0.537125,303
YTDJ,BF-SAC-GP,BF-SAC-GP,21,0.537125,303
YTDJ,BF-SAC-GP,BF-SAC-GP,22,0.537125,303
YTDJ,BF-SAC-GP,BF-SAC-GP,23,0.537125,303
YTDJ,BF-SAC-GP,BF-SAC-GP,24,0.506461,303
YTDJ,BF-SAC-GP,BF-SAC-GP,25,0.506461,303
YTDJ,BF-SAC-GP,BF-SAC-GP,26,0.430411,303
YTDJ,BF-SAC-GP,BF-SAC-GP,27,0.430411,303
YTDJ,BF-SAC-GP,BF-SAC-GP,28,0.430411,303
YTDJ,BF-SAC-GP,BF-SAC-GP,29,0.430411,303
YTDJ,BF-SAC-GP,BF-SAC-GP,30,0.430411,303
YTDJ,BF-SAC-GP,BF-SAC-GP,31,0.430411,303
YTDJ,BF-SAC-GP,BF-SAC-GP,32,0.430411,303
YTDJ,BF-SAC-GP,BF-SAC-GP,33,0.405983,303
YTDJ,BF-SAC-GP,BF-SAC-GP,34,0.405983,303
YTDJ,BF-SAC-GP,BF-SAC-GP,35,0.405983,303
YTDJ,BF-SAC-GP,BF-SAC-GP,36,0.405983,303
YTDJ,BF-SAC-GP,BF-SAC-GP,37,0.405983,303
YTDJ,BF-SAC-GP,BF-SAC-GP,38,0.405983,303
YTDJ,BF-SAC-GP,BF-SAC-GP,39,0.405983,303
YTDJ,BF-SAC-GP,BF-SAC-GP,40,0.405983,303
YTDJ,BF-SAC-GP,BF-SAC-GP,41,0.320956,303
YTDJ,BF-SAC-GP,BF-SAC-GP,42,0.320956,303
YTDJ,BF-SAC-GP,BF-SAC-GP,43,0.291208,303
YTDJ,BF-SAC-GP,BF-SAC-GP,44,0.291208,303
YTDJ,BF-SAC-GP,BF-SAC-GP,45,0.291208,303
YTDJ,BF-SAC-GP,BF-SAC-GP,46,0.27052,303
YTDJ,BF-SAC-GP,BF-SAC-GP,47,0.26223,303
YTDJ,BF-SAC-GP,BF-SAC-GP,48,0.243426,303
YTDJ,BF-SAC-GP,BF-SAC-GP,49,0.243426,303
YTDJ,BF-SAC-GP,BF-SAC-GP,50,0.231816,303
YTDJ,BF-SAC-GP,BF-SAC-GP,51,0.231816,303
YTDJ,BF-SAC-GP,BF-SAC-GP,52,0.231816,303
YTDJ,BF-SAC-GP,BF-SAC-GP,53,0.231816,303
YTDJ,BF-SAC-GP,BF-SAC-GP,54,0.231816,303
YTDJ,BF-SAC-GP,BF-SAC-GP,55,0.231816,303
YTDJ,BF-SAC-GP,BF-SAC-GP,56,0.225129,303
YTDJ,BF-SAC-GP,BF-SAC-GP,57,0.220174,303
YTDJ,BF-SAC-GP,BF-SAC-GP,58,0.220174,303
YTDJ,BF-SAC-GP,BF-SAC-GP,59,0.220174,303
YTDJ,BF-SAC-GP,BF-SAC-GP,60,0.220174,303
YTDJ,BF-SAC-GP,BF-SAC-GP,61,0.220174,303
YTDJ,BF-SAC-GP,BF-SAC-GP,62,0.213013,303
YTDJ,BF-SAC-GP,BF-SAC-GP,63,0.213013,303
YTDJ,BF-SAC-GP,BF-SAC-GP,64,0.213013,303
YTDJ,BF-SAC-GP,BF-SAC-GP,65,0.213013,303
YTDJ,BF-SAC-GP,BF-SAC-GP,66,0.213013,303
YTDJ,BF-SAC-GP,BF-SAC-GP,67,0.213013,303
YTDJ,BF-SAC-GP,BF-SAC-GP,68,0.213013,303
YTDJ,BF-SAC-GP,BF-SAC-GP,69,0.213013,303
YTDJ,BF-SAC-GP,BF-SAC-GP,70,0.213013,303
YTDJ,BF-SAC-GP,BF-SAC-GP,71,0.213013,303
YTDJ,BF-SAC-GP,BF-SAC-GP,72,0.213013,303
YTDJ,BF-SAC-GP,BF-SAC-GP,73,0.213013,303
YTDJ,BF-SAC-GP,BF-SAC-GP,74,0.213013,303
YTDJ,BF-SAC-GP,BF-SAC-GP,75,0.213013,303
YTDJ,BF-SAC-GP,BF-SAC-GP,76,0.213013,303
YTDJ,BF-SAC-GP,BF-SAC-GP,77,0.209824,303
YTDJ,BF-SAC-GP,BF-SAC-GP,78,0.209824,303
YTDJ,BF-SAC-GP,BF-SAC-GP,79,0.209824,303
YTDJ,BF-SAC-GP,BF-SAC-GP,80,0.209824,303
YTDJ,BF-SAC-GP,BF-SAC-GP,81,0.209824,303
YTDJ,BF-SAC-GP,BF-SAC-GP,82,0.209824,303
YTDJ,BF-SAC-GP,BF-SAC-GP,83,0.209824,303
YTDJ,BF-SAC-GP,BF-SAC-GP,84,0.209824,303
YTDJ,BF-SAC-GP,BF-SAC-GP,85,0.209824,303
YTDJ,BF-SAC-GP,BF-SAC-GP,86,0.209824,303
YTDJ,BF-SAC-GP,BF-SAC-GP,87,0.209824,303
YTDJ,BF-SAC-GP,BF-SAC-GP,88,0.209824,303
YTDJ,BF-SAC-GP,BF-SAC-GP,89,0.209824,303
YTDJ,BF-SAC-GP,BF-SAC-GP,90,0.199599,303
YTDJ,BF-SAC-GP,BF-SAC-GP,91,0.199599,303
YTDJ,BF-SAC-GP,BF-SAC-GP,92,0.199599,303
YTDJ,BF-SAC-GP,BF-SAC-GP,93,0.199599,303
YTDJ,BF-SAC-GP,BF-SAC-GP,94,0.199599,303
YTDJ,BF-SAC-GP,BF-SAC-GP,95,0.199599,303
YTDJ,BF-SAC-GP,BF-SAC-GP,96,0.199599,303
YTDJ,BF-SAC-GP,BF-SAC-GP,97,0.199599,303
YTDJ,BF-SAC-GP,BF-SAC-GP,98,0.199599,303
YTDJ,BF-SAC-GP,BF-SAC-GP,99,0.199599,303
YTDJ,BF-SAC-GP,BF-SAC-GP,100,0.199599,303
YTDJ,BF-SAC-GP,BF-SAC-GP,1,0.369623,404
YTDJ,BF-SAC-GP,BF-SAC-GP,2,0.369623,404
YTDJ,BF-SAC-GP,BF-SAC-GP,3,0.369623,404
YTDJ,BF-SAC-GP,BF-SAC-GP,4,0.369623,404
YTDJ,BF-SAC-GP,BF-SAC-GP,5,0.369623,404
YTDJ,BF-SAC-GP,BF-SAC-GP,6,0.369623,404
YTDJ,BF-SAC-GP,BF-SAC-GP,7,0.369623,404
YTDJ,BF-SAC-GP,BF-SAC-GP,8,0.369623,404
YTDJ,BF-SAC-GP,BF-SAC-GP,9,0.369623,404
YTDJ,BF-SAC-GP,BF-SAC-GP,10,0.369623,404
YTDJ,BF-SAC-GP,BF-SAC-GP,11,0.369623,404
YTDJ,BF-SAC-GP,BF-SAC-GP,12,0.369623,404
YTDJ,BF-SAC-GP,BF-SAC-GP,13,0.369623,404
YTDJ,BF-SAC-GP,BF-SAC-GP,14,0.369623,404
YTDJ,BF-SAC-GP,BF-SAC-GP,15,0.369623,404
YTDJ,BF-SAC-GP,BF-SAC-GP,16,0.369623,404
YTDJ,BF-SAC-GP,BF-SAC-GP,17,0.369623,404
YTDJ,BF-SAC-GP,BF-SAC-GP,18,0.369623,404
YTDJ,BF-SAC-GP,BF-SAC-GP,19,0.369623,404
YTDJ,BF-SAC-GP,BF-SAC-GP,20,0.369623,404
YTDJ,BF-SAC-GP,BF-SAC-GP,21,0.369623,404
YTDJ,BF-SAC-GP,BF-SAC-GP,22,0.369623,404
YTDJ,BF-SAC-GP,BF-SAC-GP,23,0.369623,404
YTDJ,BF-SAC-GP,BF-SAC-GP,24,0.369623,404
YTDJ,BF-SAC-GP,BF-SAC-GP,25,0.369623,404
YTDJ,BF-SAC-GP,BF-SAC-GP,26,0.369623,404
YTDJ,BF-SAC-GP,BF-SAC-GP,27,0.369623,404
YTDJ,BF-SAC-GP,BF-SAC-GP,28,0.369623,404
YTDJ,BF-SAC-GP,BF-SAC-GP,29,0.369623,404
YTDJ,BF-SAC-GP,BF-SAC-GP,30,0.369623,404
YTDJ,BF-SAC-GP,BF-SAC-GP,31,0.369623,404
YTDJ,BF-SAC-GP,BF-SAC-GP,32,0.369623,404
YTDJ,BF-SAC-GP,BF-SAC-GP,33,0.369623,404
YTDJ,BF-SAC-GP,BF-SAC-GP,34,0.369623,404
YTDJ,BF-SAC-GP,BF-SAC-GP,35,0.369623,404
YTDJ,BF-SAC-GP,BF-SAC-GP,36,0.369623,404
YTDJ,BF-SAC-GP,BF-SAC-GP,37,0.369623,404
YTDJ,BF-SAC-GP,BF-SAC-GP,38,0.225951,404
YTDJ,BF-SAC-GP,BF-SAC-GP,39,0.225951,404
YTDJ,BF-SAC-GP,BF-SAC-GP,40,0.225951,404
YTDJ,BF-SAC-GP,BF-SAC-GP,41,0.225951,404
YTDJ,BF-SAC-GP,BF-SAC-GP,42,0.225951,404
YTDJ,BF-SAC-GP,BF-SAC-GP,43,0.225951,404
YTDJ,BF-SAC-GP,BF-SAC-GP,44,0.225951,404
YTDJ,BF-SAC-GP,BF-SAC-GP,45,0.225951,404
YTDJ,BF-SAC-GP,BF-SAC-GP,46,0.225951,404
YTDJ,BF-SAC-GP,BF-SAC-GP,47,0.225951,404
YTDJ,BF-SAC-GP,BF-SAC-GP,48,0.225951,404
YTDJ,BF-SAC-GP,BF-SAC-GP,49,0.225951,404
YTDJ,BF-SAC-GP,BF-SAC-GP,50,0.225951,404
YTDJ,BF-SAC-GP,BF-SAC-GP,51,0.225951,404
YTDJ,BF-SAC-GP,BF-SAC-GP,52,0.223727,404
YTDJ,BF-SAC-GP,BF-SAC-GP,53,0.223727,404
YTDJ,BF-SAC-GP,BF-SAC-GP,54,0.223727,404
YTDJ,BF-SAC-GP,BF-SAC-GP,55,0.220309,404
YTDJ,BF-SAC-GP,BF-SAC-GP,56,0.220309,404
YTDJ,BF-SAC-GP,BF-SAC-GP,57,0.220309,404
YTDJ,BF-SAC-GP,BF-SAC-GP,58,0.220309,404
YTDJ,BF-SAC-GP,BF-SAC-GP,59,0.220309,404
YTDJ,BF-SAC-GP,BF-SAC-GP,60,0.220309,404
YTDJ,BF-SAC-GP,BF-SAC-GP,61,0.220309,404
YTDJ,BF-SAC-GP,BF-SAC-GP,62,0.220309,404
YTDJ,BF-SAC-GP,BF-SAC-GP,63,0.220309,404
YTDJ,BF-SAC-GP,BF-SAC-GP,64,0.20087,404
YTDJ,BF-SAC-GP,BF-SAC-GP,65,0.20087,404
YTDJ,BF-SAC-GP,BF-SAC-GP,66,0.20087,404
YTDJ,BF-SAC-GP,BF-SAC-GP,67,0.20087,404
YTDJ,BF-SAC-GP,BF-SAC-GP,68,0.20087,404
YTDJ,BF-SAC-GP,BF-SAC-GP,69,0.20087,404
YTDJ,BF-SAC-GP,BF-SAC-GP,70,0.20087,404
YTDJ,BF-SAC-GP,BF-SAC-GP,71,0.20087,404
YTDJ,BF-SAC-GP,BF-SAC-GP,72,0.20087,404
YTDJ,BF-SAC-GP,BF-SAC-GP,73,0.20087,404
YTDJ,BF-SAC-GP,BF-SAC-GP,74,0.20087,404
YTDJ,BF-SAC-GP,BF-SAC-GP,75,0.20087,404
YTDJ,BF-SAC-GP,BF-SAC-GP,76,0.20087,404
YTDJ,BF-SAC-GP,BF-SAC-GP,77,0.20087,404
YTDJ,BF-SAC-GP,BF-SAC-GP,78,0.20087,404
YTDJ,BF-SAC-GP,BF-SAC-GP,79,0.20087,404
YTDJ,BF-SAC-GP,BF-SAC-GP,80,0.20087,404
YTDJ,BF-SAC-GP,BF-SAC-GP,81,0.20087,404
YTDJ,BF-SAC-GP,BF-SAC-GP,82,0.20087,404
YTDJ,BF-SAC-GP,BF-SAC-GP,83,0.20087,404
YTDJ,BF-SAC-GP,BF-SAC-GP,84,0.20087,404
YTDJ,BF-SAC-GP,BF-SAC-GP,85,0.20087,404
YTDJ,BF-SAC-GP,BF-SAC-GP,86,0.20087,404
YTDJ,BF-SAC-GP,BF-SAC-GP,87,0.20087,404
YTDJ,BF-SAC-GP,BF-SAC-GP,88,0.20087,404
YTDJ,BF-SAC-GP,BF-SAC-GP,89,0.20087,404
YTDJ,BF-SAC-GP,BF-SAC-GP,90,0.20087,404
YTDJ,BF-SAC-GP,BF-SAC-GP,91,0.20087,404
YTDJ,BF-SAC-GP,BF-SAC-GP,92,0.20087,404
YTDJ,BF-SAC-GP,BF-SAC-GP,93,0.20087,404
YTDJ,BF-SAC-GP,BF-SAC-GP,94,0.20087,404
YTDJ,BF-SAC-GP,BF-SAC-GP,95,0.20087,404
YTDJ,BF-SAC-GP,BF-SAC-GP,96,0.20087,404
YTDJ,BF-SAC-GP,BF-SAC-GP,97,0.20087,404
YTDJ,BF-SAC-GP,BF-SAC-GP,98,0.20087,404
YTDJ,BF-SAC-GP,BF-SAC-GP,99,0.20087,404
YTDJ,BF-SAC-GP,BF-SAC-GP,100,0.20087,404
YTDJ,BF-SAC-MLP,BF-SAC-MLP,1,0.508532,42
YTDJ,BF-SAC-MLP,BF-SAC-MLP,2,0.508532,42
YTDJ,BF-SAC-MLP,BF-SAC-MLP,3,0.508532,42
YTDJ,BF-SAC-MLP,BF-SAC-MLP,4,0.508532,42
YTDJ,BF-SAC-MLP,BF-SAC-MLP,5,0.508532,42
YTDJ,BF-SAC-MLP,BF-SAC-MLP,6,0.508532,42
YTDJ,BF-SAC-MLP,BF-SAC-MLP,7,0.508532,42
YTDJ,BF-SAC-MLP,BF-SAC-MLP,8,0.456534,42
YTDJ,BF-SAC-MLP,BF-SAC-MLP,9,0.456534,42
YTDJ,BF-SAC-MLP,BF-SAC-MLP,10,0.456534,42
YTDJ,BF-SAC-MLP,BF-SAC-MLP,11,0.456534,42
YTDJ,BF-SAC-MLP,BF-SAC-MLP,12,0.456534,42
YTDJ,BF-SAC-MLP,BF-SAC-MLP,13,0.456534,42
YTDJ,BF-SAC-MLP,BF-SAC-MLP,14,0.456534,42
YTDJ,BF-SAC-MLP,BF-SAC-MLP,15,0.401395,42
YTDJ,BF-SAC-MLP,BF-SAC-MLP,16,0.401395,42
YTDJ,BF-SAC-MLP,BF-SAC-MLP,17,0.401395,42
YTDJ,BF-SAC-MLP,BF-SAC-MLP,18,0.401395,42
YTDJ,BF-SAC-MLP,BF-SAC-MLP,19,0.401395,42
YTDJ,BF-SAC-MLP,BF-SAC-MLP,20,0.401395,42
YTDJ,BF-SAC-MLP,BF-SAC-MLP,21,0.401395,42
YTDJ,BF-SAC-MLP,BF-SAC-MLP,22,0.401395,42
YTDJ,BF-SAC-MLP,BF-SAC-MLP,23,0.401395,42
YTDJ,BF-SAC-MLP,BF-SAC-MLP,24,0.401395,42
YTDJ,BF-SAC-MLP,BF-SAC-MLP,25,0.401395,42
YTDJ,BF-SAC-MLP,BF-SAC-MLP,26,0.401395,42
YTDJ,BF-SAC-MLP,BF-SAC-MLP,27,0.401395,42
YTDJ,BF-SAC-MLP,BF-SAC-MLP,28,0.401395,42
YTDJ,BF-SAC-MLP,BF-SAC-MLP,29,0.401395,42
YTDJ,BF-SAC-MLP,BF-SAC-MLP,30,0.401395,42
YTDJ,BF-SAC-MLP,BF-SAC-MLP,31,0.401395,42
YTDJ,BF-SAC-MLP,BF-SAC-MLP,32,0.401395,42
YTDJ,BF-SAC-MLP,BF-SAC-MLP,33,0.401395,42
YTDJ,BF-SAC-MLP,BF-SAC-MLP,34,0.401395,42
YTDJ,BF-SAC-MLP,BF-SAC-MLP,35,0.401395,42
YTDJ,BF-SAC-MLP,BF-SAC-MLP,36,0.401395,42
YTDJ,BF-SAC-MLP,BF-SAC-MLP,37,0.401395,42
YTDJ,BF-SAC-MLP,BF-SAC-MLP,38,0.401395,42
YTDJ,BF-SAC-MLP,BF-SAC-MLP,39,0.401395,42
YTDJ,BF-SAC-MLP,BF-SAC-MLP,40,0.401395,42
YTDJ,BF-SAC-MLP,BF-SAC-MLP,41,0.401395,42
YTDJ,BF-SAC-MLP,BF-SAC-MLP,42,0.357882,42
YTDJ,BF-SAC-MLP,BF-SAC-MLP,43,0.292992,42
YTDJ,BF-SAC-MLP,BF-SAC-MLP,44,0.292992,42
YTDJ,BF-SAC-MLP,BF-SAC-MLP,45,0.292992,42
YTDJ,BF-SAC-MLP,BF-SAC-MLP,46,0.292992,42
YTDJ,BF-SAC-MLP,BF-SAC-MLP,47,0.291225,42
YTDJ,BF-SAC-MLP,BF-SAC-MLP,48,0.291225,42
YTDJ,BF-SAC-MLP,BF-SAC-MLP,49,0.265898,42
YTDJ,BF-SAC-MLP,BF-SAC-MLP,50,0.265898,42
YTDJ,BF-SAC-MLP,BF-SAC-MLP,51,0.265898,42
YTDJ,BF-SAC-MLP,BF-SAC-MLP,52,0.265898,42
YTDJ,BF-SAC-MLP,BF-SAC-MLP,53,0.265898,42
YTDJ,BF-SAC-MLP,BF-SAC-MLP,54,0.265898,42
YTDJ,BF-SAC-MLP,BF-SAC-MLP,55,0.265898,42
YTDJ,BF-SAC-MLP,BF-SAC-MLP,56,0.265898,42
YTDJ,BF-SAC-MLP,BF-SAC-MLP,57,0.265898,42
YTDJ,BF-SAC-MLP,BF-SAC-MLP,58,0.265898,42
YTDJ,BF-SAC-MLP,BF-SAC-MLP,59,0.265898,42
YTDJ,BF-SAC-MLP,BF-SAC-MLP,60,0.263569,42
YTDJ,BF-SAC-MLP,BF-SAC-MLP,61,0.263569,42
YTDJ,BF-SAC-MLP,BF-SAC-MLP,62,0.240857,42
YTDJ,BF-SAC-MLP,BF-SAC-MLP,63,0.240857,42
YTDJ,BF-SAC-MLP,BF-SAC-MLP,64,0.240857,42
YTDJ,BF-SAC-MLP,BF-SAC-MLP,65,0.240857,42
YTDJ,BF-SAC-MLP,BF-SAC-MLP,66,0.240857,42
YTDJ,BF-SAC-MLP,BF-SAC-MLP,67,0.240857,42
YTDJ,BF-SAC-MLP,BF-SAC-MLP,68,0.240857,42
YTDJ,BF-SAC-MLP,BF-SAC-MLP,69,0.240857,42
YTDJ,BF-SAC-MLP,BF-SAC-MLP,70,0.240857,42
YTDJ,BF-SAC-MLP,BF-SAC-MLP,71,0.240857,42
YTDJ,BF-SAC-MLP,BF-SAC-MLP,72,0.240857,42
YTDJ,BF-SAC-MLP,BF-SAC-MLP,73,0.240843,42
YTDJ,BF-SAC-MLP,BF-SAC-MLP,74,0.240843,42
YTDJ,BF-SAC-MLP,BF-SAC-MLP,75,0.240843,42
YTDJ,BF-SAC-MLP,BF-SAC-MLP,76,0.240843,42
YTDJ,BF-SAC-MLP,BF-SAC-MLP,77,0.240843,42
YTDJ,BF-SAC-MLP,BF-SAC-MLP,78,0.240843,42
YTDJ,BF-SAC-MLP,BF-SAC-MLP,79,0.240843,42
YTDJ,BF-SAC-MLP,BF-SAC-MLP,80,0.240843,42
YTDJ,BF-SAC-MLP,BF-SAC-MLP,81,0.240843,42
YTDJ,BF-SAC-MLP,BF-SAC-MLP,82,0.234716,42
YTDJ,BF-SAC-MLP,BF-SAC-MLP,83,0.224787,42
YTDJ,BF-SAC-MLP,BF-SAC-MLP,84,0.224707,42
YTDJ,BF-SAC-MLP,BF-SAC-MLP,85,0.224707,42
YTDJ,BF-SAC-MLP,BF-SAC-MLP,86,0.224707,42
YTDJ,BF-SAC-MLP,BF-SAC-MLP,87,0.224707,42
YTDJ,BF-SAC-MLP,BF-SAC-MLP,88,0.224707,42
YTDJ,BF-SAC-MLP,BF-SAC-MLP,89,0.224707,42
YTDJ,BF-SAC-MLP,BF-SAC-MLP,90,0.222506,42
YTDJ,BF-SAC-MLP,BF-SAC-MLP,91,0.222506,42
YTDJ,BF-SAC-MLP,BF-SAC-MLP,92,0.222506,42
YTDJ,BF-SAC-MLP,BF-SAC-MLP,93,0.222506,42
YTDJ,BF-SAC-MLP,BF-SAC-MLP,94,0.222506,42
YTDJ,BF-SAC-MLP,BF-SAC-MLP,95,0.222506,42
YTDJ,BF-SAC-MLP,BF-SAC-MLP,96,0.222506,42
YTDJ,BF-SAC-MLP,BF-SAC-MLP,97,0.222506,42
YTDJ,BF-SAC-MLP,BF-SAC-MLP,98,0.222506,42
YTDJ,BF-SAC-MLP,BF-SAC-MLP,99,0.222506,42
YTDJ,BF-SAC-MLP,BF-SAC-MLP,100,0.222506,42
YTDJ,BF-SAC-MLP,BF-SAC-MLP,1,0.696072,101
YTDJ,BF-SAC-MLP,BF-SAC-MLP,2,0.564289,101
YTDJ,BF-SAC-MLP,BF-SAC-MLP,3,0.564289,101
YTDJ,BF-SAC-MLP,BF-SAC-MLP,4,0.564289,101
YTDJ,BF-SAC-MLP,BF-SAC-MLP,5,0.564289,101
YTDJ,BF-SAC-MLP,BF-SAC-MLP,6,0.541954,101
YTDJ,BF-SAC-MLP,BF-SAC-MLP,7,0.541954,101
YTDJ,BF-SAC-MLP,BF-SAC-MLP,8,0.517356,101
YTDJ,BF-SAC-MLP,BF-SAC-MLP,9,0.517356,101
YTDJ,BF-SAC-MLP,BF-SAC-MLP,10,0.517356,101
YTDJ,BF-SAC-MLP,BF-SAC-MLP,11,0.517356,101
YTDJ,BF-SAC-MLP,BF-SAC-MLP,12,0.517356,101
YTDJ,BF-SAC-MLP,BF-SAC-MLP,13,0.502625,101
YTDJ,BF-SAC-MLP,BF-SAC-MLP,14,0.502625,101
YTDJ,BF-SAC-MLP,BF-SAC-MLP,15,0.502625,101
YTDJ,BF-SAC-MLP,BF-SAC-MLP,16,0.502625,101
YTDJ,BF-SAC-MLP,BF-SAC-MLP,17,0.502625,101
YTDJ,BF-SAC-MLP,BF-SAC-MLP,18,0.481789,101
YTDJ,BF-SAC-MLP,BF-SAC-MLP,19,0.443143,101
YTDJ,BF-SAC-MLP,BF-SAC-MLP,20,0.443143,101
YTDJ,BF-SAC-MLP,BF-SAC-MLP,21,0.443143,101
YTDJ,BF-SAC-MLP,BF-SAC-MLP,22,0.443143,101
YTDJ,BF-SAC-MLP,BF-SAC-MLP,23,0.443143,101
YTDJ,BF-SAC-MLP,BF-SAC-MLP,24,0.443143,101
YTDJ,BF-SAC-MLP,BF-SAC-MLP,25,0.443143,101
YTDJ,BF-SAC-MLP,BF-SAC-MLP,26,0.443143,101
YTDJ,BF-SAC-MLP,BF-SAC-MLP,27,0.443143,101
YTDJ,BF-SAC-MLP,BF-SAC-MLP,28,0.443143,101
YTDJ,BF-SAC-MLP,BF-SAC-MLP,29,0.443143,101
YTDJ,BF-SAC-MLP,BF-SAC-MLP,30,0.443143,101
YTDJ,BF-SAC-MLP,BF-SAC-MLP,31,0.443143,101
YTDJ,BF-SAC-MLP,BF-SAC-MLP,32,0.443143,101
YTDJ,BF-SAC-MLP,BF-SAC-MLP,33,0.443143,101
YTDJ,BF-SAC-MLP,BF-SAC-MLP,34,0.443143,101
YTDJ,BF-SAC-MLP,BF-SAC-MLP,35,0.443143,101
YTDJ,BF-SAC-MLP,BF-SAC-MLP,36,0.443143,101
YTDJ,BF-SAC-MLP,BF-SAC-MLP,37,0.443143,101
YTDJ,BF-SAC-MLP,BF-SAC-MLP,38,0.443143,101
YTDJ,BF-SAC-MLP,BF-SAC-MLP,39,0.443143,101
YTDJ,BF-SAC-MLP,BF-SAC-MLP,40,0.443143,101
YTDJ,BF-SAC-MLP,BF-SAC-MLP,41,0.443143,101
YTDJ,BF-SAC-MLP,BF-SAC-MLP,42,0.419945,101
YTDJ,BF-SAC-MLP,BF-SAC-MLP,43,0.419945,101
YTDJ,BF-SAC-MLP,BF-SAC-MLP,44,0.419945,101
YTDJ,BF-SAC-MLP,BF-SAC-MLP,45,0.419945,101
YTDJ,BF-SAC-MLP,BF-SAC-MLP,46,0.375233,101
YTDJ,BF-SAC-MLP,BF-SAC-MLP,47,0.375233,101
YTDJ,BF-SAC-MLP,BF-SAC-MLP,48,0.375233,101
YTDJ,BF-SAC-MLP,BF-SAC-MLP,49,0.375233,101
YTDJ,BF-SAC-MLP,BF-SAC-MLP,50,0.375233,101
YTDJ,BF-SAC-MLP,BF-SAC-MLP,51,0.332963,101
YTDJ,BF-SAC-MLP,BF-SAC-MLP,52,0.332963,101
YTDJ,BF-SAC-MLP,BF-SAC-MLP,53,0.332963,101
YTDJ,BF-SAC-MLP,BF-SAC-MLP,54,0.332963,101
YTDJ,BF-SAC-MLP,BF-SAC-MLP,55,0.309114,101
YTDJ,BF-SAC-MLP,BF-SAC-MLP,56,0.309114,101
YTDJ,BF-SAC-MLP,BF-SAC-MLP,57,0.27502,101
YTDJ,BF-SAC-MLP,BF-SAC-MLP,58,0.26819,101
YTDJ,BF-SAC-MLP,BF-SAC-MLP,59,0.26819,101
YTDJ,BF-SAC-MLP,BF-SAC-MLP,60,0.26819,101
YTDJ,BF-SAC-MLP,BF-SAC-MLP,61,0.240234,101
YTDJ,BF-SAC-MLP,BF-SAC-MLP,62,0.240234,101
YTDJ,BF-SAC-MLP,BF-SAC-MLP,63,0.240234,101
YTDJ,BF-SAC-MLP,BF-SAC-MLP,64,0.240234,101
YTDJ,BF-SAC-MLP,BF-SAC-MLP,65,0.240234,101
YTDJ,BF-SAC-MLP,BF-SAC-MLP,66,0.240234,101
YTDJ,BF-SAC-MLP,BF-SAC-MLP,67,0.240234,101
YTDJ,BF-SAC-MLP,BF-SAC-MLP,68,0.240234,101
YTDJ,BF-SAC-MLP,BF-SAC-MLP,69,0.240234,101
YTDJ,BF-SAC-MLP,BF-SAC-MLP,70,0.240234,101
YTDJ,BF-SAC-MLP,BF-SAC-MLP,71,0.240234,101
YTDJ,BF-SAC-MLP,BF-SAC-MLP,72,0.240234,101
YTDJ,BF-SAC-MLP,BF-SAC-MLP,73,0.240234,101
YTDJ,BF-SAC-MLP,BF-SAC-MLP,74,0.240234,101
YTDJ,BF-SAC-MLP,BF-SAC-MLP,75,0.240234,101
YTDJ,BF-SAC-MLP,BF-SAC-MLP,76,0.240234,101
YTDJ,BF-SAC-MLP,BF-SAC-MLP,77,0.240234,101
YTDJ,BF-SAC-MLP,BF-SAC-MLP,78,0.240234,101
YTDJ,BF-SAC-MLP,BF-SAC-MLP,79,0.240234,101
YTDJ,BF-SAC-MLP,BF-SAC-MLP,80,0.240234,101
YTDJ,BF-SAC-MLP,BF-SAC-MLP,81,0.240234,101
YTDJ,BF-SAC-MLP,BF-SAC-MLP,82,0.240234,101
YTDJ,BF-SAC-MLP,BF-SAC-MLP,83,0.235905,101
YTDJ,BF-SAC-MLP,BF-SAC-MLP,84,0.235905,101
YTDJ,BF-SAC-MLP,BF-SAC-MLP,85,0.235905,101
YTDJ,BF-SAC-MLP,BF-SAC-MLP,86,0.235905,101
YTDJ,BF-SAC-MLP,BF-SAC-MLP,87,0.225316,101
YTDJ,BF-SAC-MLP,BF-SAC-MLP,88,0.225316,101
YTDJ,BF-SAC-MLP,BF-SAC-MLP,89,0.225316,101
YTDJ,BF-SAC-MLP,BF-SAC-MLP,90,0.225316,101
YTDJ,BF-SAC-MLP,BF-SAC-MLP,91,0.225316,101
YTDJ,BF-SAC-MLP,BF-SAC-MLP,92,0.225316,101
YTDJ,BF-SAC-MLP,BF-SAC-MLP,93,0.223296,101
YTDJ,BF-SAC-MLP,BF-SAC-MLP,94,0.223296,101
YTDJ,BF-SAC-MLP,BF-SAC-MLP,95,0.223296,101
YTDJ,BF-SAC-MLP,BF-SAC-MLP,96,0.223296,101
YTDJ,BF-SAC-MLP,BF-SAC-MLP,97,0.218081,101
YTDJ,BF-SAC-MLP,BF-SAC-MLP,98,0.218081,101
YTDJ,BF-SAC-MLP,BF-SAC-MLP,99,0.218081,101
YTDJ,BF-SAC-MLP,BF-SAC-MLP,100,0.218081,101
YTDJ,BF-SAC-MLP,BF-SAC-MLP,1,0.762075,202
YTDJ,BF-SAC-MLP,BF-SAC-MLP,2,0.626747,202
YTDJ,BF-SAC-MLP,BF-SAC-MLP,3,0.510678,202
YTDJ,BF-SAC-MLP,BF-SAC-MLP,4,0.510678,202
YTDJ,BF-SAC-MLP,BF-SAC-MLP,5,0.492483,202
YTDJ,BF-SAC-MLP,BF-SAC-MLP,6,0.492483,202
YTDJ,BF-SAC-MLP,BF-SAC-MLP,7,0.492483,202
YTDJ,BF-SAC-MLP,BF-SAC-MLP,8,0.482904,202
YTDJ,BF-SAC-MLP,BF-SAC-MLP,9,0.482904,202
YTDJ,BF-SAC-MLP,BF-SAC-MLP,10,0.482904,202
YTDJ,BF-SAC-MLP,BF-SAC-MLP,11,0.482904,202
YTDJ,BF-SAC-MLP,BF-SAC-MLP,12,0.482904,202
YTDJ,BF-SAC-MLP,BF-SAC-MLP,13,0.482904,202
YTDJ,BF-SAC-MLP,BF-SAC-MLP,14,0.482904,202
YTDJ,BF-SAC-MLP,BF-SAC-MLP,15,0.482904,202
YTDJ,BF-SAC-MLP,BF-SAC-MLP,16,0.482904,202
YTDJ,BF-SAC-MLP,BF-SAC-MLP,17,0.482904,202
YTDJ,BF-SAC-MLP,BF-SAC-MLP,18,0.482904,202
YTDJ,BF-SAC-MLP,BF-SAC-MLP,19,0.482904,202
YTDJ,BF-SAC-MLP,BF-SAC-MLP,20,0.482904,202
YTDJ,BF-SAC-MLP,BF-SAC-MLP,21,0.482904,202
YTDJ,BF-SAC-MLP,BF-SAC-MLP,22,0.325326,202
YTDJ,BF-SAC-MLP,BF-SAC-MLP,23,0.325326,202
YTDJ,BF-SAC-MLP,BF-SAC-MLP,24,0.325326,202
YTDJ,BF-SAC-MLP,BF-SAC-MLP,25,0.325326,202
YTDJ,BF-SAC-MLP,BF-SAC-MLP,26,0.325326,202
YTDJ,BF-SAC-MLP,BF-SAC-MLP,27,0.325326,202
YTDJ,BF-SAC-MLP,BF-SAC-MLP,28,0.325326,202
YTDJ,BF-SAC-MLP,BF-SAC-MLP,29,0.325326,202
YTDJ,BF-SAC-MLP,BF-SAC-MLP,30,0.325326,202
YTDJ,BF-SAC-MLP,BF-SAC-MLP,31,0.325326,202
YTDJ,BF-SAC-MLP,BF-SAC-MLP,32,0.325326,202
YTDJ,BF-SAC-MLP,BF-SAC-MLP,33,0.325326,202
YTDJ,BF-SAC-MLP,BF-SAC-MLP,34,0.325326,202
YTDJ,BF-SAC-MLP,BF-SAC-MLP,35,0.325326,202
YTDJ,BF-SAC-MLP,BF-SAC-MLP,36,0.325326,202
YTDJ,BF-SAC-MLP,BF-SAC-MLP,37,0.325326,202
YTDJ,BF-SAC-MLP,BF-SAC-MLP,38,0.325326,202
YTDJ,BF-SAC-MLP,BF-SAC-MLP,39,0.289259,202
YTDJ,BF-SAC-MLP,BF-SAC-MLP,40,0.289259,202
YTDJ,BF-SAC-MLP,BF-SAC-MLP,41,0.277448,202
YTDJ,BF-SAC-MLP,BF-SAC-MLP,42,0.277448,202
YTDJ,BF-SAC-MLP,BF-SAC-MLP,43,0.277448,202
YTDJ,BF-SAC-MLP,BF-SAC-MLP,44,0.277448,202
YTDJ,BF-SAC-MLP,BF-SAC-MLP,45,0.277448,202
YTDJ,BF-SAC-MLP,BF-SAC-MLP,46,0.277448,202
YTDJ,BF-SAC-MLP,BF-SAC-MLP,47,0.277448,202
YTDJ,BF-SAC-MLP,BF-SAC-MLP,48,0.277448,202
YTDJ,BF-SAC-MLP,BF-SAC-MLP,49,0.277448,202
YTDJ,BF-SAC-MLP,BF-SAC-MLP,50,0.252979,202
YTDJ,BF-SAC-MLP,BF-SAC-MLP,51,0.252979,202
YTDJ,BF-SAC-MLP,BF-SAC-MLP,52,0.252979,202
YTDJ,BF-SAC-MLP,BF-SAC-MLP,53,0.252979,202
YTDJ,BF-SAC-MLP,BF-SAC-MLP,54,0.252979,202
YTDJ,BF-SAC-MLP,BF-SAC-MLP,55,0.252979,202
YTDJ,BF-SAC-MLP,BF-SAC-MLP,56,0.252979,202
YTDJ,BF-SAC-MLP,BF-SAC-MLP,57,0.252979,202
YTDJ,BF-SAC-MLP,BF-SAC-MLP,58,0.252979,202
YTDJ,BF-SAC-MLP,BF-SAC-MLP,59,0.252979,202
YTDJ,BF-SAC-MLP,BF-SAC-MLP,60,0.252979,202
YTDJ,BF-SAC-MLP,BF-SAC-MLP,61,0.252979,202
YTDJ,BF-SAC-MLP,BF-SAC-MLP,62,0.236755,202
YTDJ,BF-SAC-MLP,BF-SAC-MLP,63,0.236755,202
YTDJ,BF-SAC-MLP,BF-SAC-MLP,64,0.236755,202
YTDJ,BF-SAC-MLP,BF-SAC-MLP,65,0.236755,202
YTDJ,BF-SAC-MLP,BF-SAC-MLP,66,0.236755,202
YTDJ,BF-SAC-MLP,BF-SAC-MLP,67,0.227993,202
YTDJ,BF-SAC-MLP,BF-SAC-MLP,68,0.227993,202
YTDJ,BF-SAC-MLP,BF-SAC-MLP,69,0.227993,202
YTDJ,BF-SAC-MLP,BF-SAC-MLP,70,0.227993,202
YTDJ,BF-SAC-MLP,BF-SAC-MLP,71,0.227993,202
YTDJ,BF-SAC-MLP,BF-SAC-MLP,72,0.227993,202
YTDJ,BF-SAC-MLP,BF-SAC-MLP,73,0.227993,202
YTDJ,BF-SAC-MLP,BF-SAC-MLP,74,0.227993,202
YTDJ,BF-SAC-MLP,BF-SAC-MLP,75,0.227993,202
YTDJ,BF-SAC-MLP,BF-SAC-MLP,76,0.227993,202
YTDJ,BF-SAC-MLP,BF-SAC-MLP,77,0.227993,202
YTDJ,BF-SAC-MLP,BF-SAC-MLP,78,0.227993,202
YTDJ,BF-SAC-MLP,BF-SAC-MLP,79,0.227778,202
YTDJ,BF-SAC-MLP,BF-SAC-MLP,80,0.227778,202
YTDJ,BF-SAC-MLP,BF-SAC-MLP,81,0.223485,202
YTDJ,BF-SAC-MLP,BF-SAC-MLP,82,0.223485,202
YTDJ,BF-SAC-MLP,BF-SAC-MLP,83,0.223485,202
YTDJ,BF-SAC-MLP,BF-SAC-MLP,84,0.223485,202
YTDJ,BF-SAC-MLP,BF-SAC-MLP,85,0.223485,202
YTDJ,BF-SAC-MLP,BF-SAC-MLP,86,0.223485,202
YTDJ,BF-SAC-MLP,BF-SAC-MLP,87,0.223485,202
YTDJ,BF-SAC-MLP,BF-SAC-MLP,88,0.223485,202
YTDJ,BF-SAC-MLP,BF-SAC-MLP,89,0.223485,202
YTDJ,BF-SAC-MLP,BF-SAC-MLP,90,0.223485,202
YTDJ,BF-SAC-MLP,BF-SAC-MLP,91,0.223485,202
YTDJ,BF-SAC-MLP,BF-SAC-MLP,92,0.215663,202
YTDJ,BF-SAC-MLP,BF-SAC-MLP,93,0.215663,202
YTDJ,BF-SAC-MLP,BF-SAC-MLP,94,0.215663,202
YTDJ,BF-SAC-MLP,BF-SAC-MLP,95,0.215663,202
YTDJ,BF-SAC-MLP,BF-SAC-MLP,96,0.215663,202
YTDJ,BF-SAC-MLP,BF-SAC-MLP,97,0.215663,202
YTDJ,BF-SAC-MLP,BF-SAC-MLP,98,0.215663,202
YTDJ,BF-SAC-MLP,BF-SAC-MLP,99,0.215663,202
YTDJ,BF-SAC-MLP,BF-SAC-MLP,100,0.215663,202
YTDJ,BF-SAC-MLP,BF-SAC-MLP,1,0.66104,303
YTDJ,BF-SAC-MLP,BF-SAC-MLP,2,0.598982,303
YTDJ,BF-SAC-MLP,BF-SAC-MLP,3,0.598982,303
YTDJ,BF-SAC-MLP,BF-SAC-MLP,4,0.598982,303
YTDJ,BF-SAC-MLP,BF-SAC-MLP,5,0.598982,303
YTDJ,BF-SAC-MLP,BF-SAC-MLP,6,0.598982,303
YTDJ,BF-SAC-MLP,BF-SAC-MLP,7,0.598982,303
YTDJ,BF-SAC-MLP,BF-SAC-MLP,8,0.598982,303
YTDJ,BF-SAC-MLP,BF-SAC-MLP,9,0.598982,303
YTDJ,BF-SAC-MLP,BF-SAC-MLP,10,0.598982,303
YTDJ,BF-SAC-MLP,BF-SAC-MLP,11,0.598982,303
YTDJ,BF-SAC-MLP,BF-SAC-MLP,12,0.567597,303
YTDJ,BF-SAC-MLP,BF-SAC-MLP,13,0.53912,303
YTDJ,BF-SAC-MLP,BF-SAC-MLP,14,0.53912,303
YTDJ,BF-SAC-MLP,BF-SAC-MLP,15,0.53912,303
YTDJ,BF-SAC-MLP,BF-SAC-MLP,16,0.519946,303
YTDJ,BF-SAC-MLP,BF-SAC-MLP,17,0.519946,303
YTDJ,BF-SAC-MLP,BF-SAC-MLP,18,0.519946,303
YTDJ,BF-SAC-MLP,BF-SAC-MLP,19,0.519946,303
YTDJ,BF-SAC-MLP,BF-SAC-MLP,20,0.519946,303
YTDJ,BF-SAC-MLP,BF-SAC-MLP,21,0.519946,303
YTDJ,BF-SAC-MLP,BF-SAC-MLP,22,0.519946,303
YTDJ,BF-SAC-MLP,BF-SAC-MLP,23,0.519946,303
YTDJ,BF-SAC-MLP,BF-SAC-MLP,24,0.511982,303
YTDJ,BF-SAC-MLP,BF-SAC-MLP,25,0.511982,303
YTDJ,BF-SAC-MLP,BF-SAC-MLP,26,0.442768,303
YTDJ,BF-SAC-MLP,BF-SAC-MLP,27,0.442768,303
YTDJ,BF-SAC-MLP,BF-SAC-MLP,28,0.442768,303
YTDJ,BF-SAC-MLP,BF-SAC-MLP,29,0.442768,303
YTDJ,BF-SAC-MLP,BF-SAC-MLP,30,0.442768,303
YTDJ,BF-SAC-MLP,BF-SAC-MLP,31,0.442768,303
YTDJ,BF-SAC-MLP,BF-SAC-MLP,32,0.442768,303
YTDJ,BF-SAC-MLP,BF-SAC-MLP,33,0.377932,303
YTDJ,BF-SAC-MLP,BF-SAC-MLP,34,0.377932,303
YTDJ,BF-SAC-MLP,BF-SAC-MLP,35,0.377932,303
YTDJ,BF-SAC-MLP,BF-SAC-MLP,36,0.377932,303
YTDJ,BF-SAC-MLP,BF-SAC-MLP,37,0.377932,303
YTDJ,BF-SAC-MLP,BF-SAC-MLP,38,0.377932,303
YTDJ,BF-SAC-MLP,BF-SAC-MLP,39,0.377932,303
YTDJ,BF-SAC-MLP,BF-SAC-MLP,40,0.377932,303
YTDJ,BF-SAC-MLP,BF-SAC-MLP,41,0.377932,303
YTDJ,BF-SAC-MLP,BF-SAC-MLP,42,0.317088,303
YTDJ,BF-SAC-MLP,BF-SAC-MLP,43,0.291786,303
YTDJ,BF-SAC-MLP,BF-SAC-MLP,44,0.291786,303
YTDJ,BF-SAC-MLP,BF-SAC-MLP,45,0.291786,303
YTDJ,BF-SAC-MLP,BF-SAC-MLP,46,0.291786,303
YTDJ,BF-SAC-MLP,BF-SAC-MLP,47,0.291786,303
YTDJ,BF-SAC-MLP,BF-SAC-MLP,48,0.291786,303
YTDJ,BF-SAC-MLP,BF-SAC-MLP,49,0.291786,303
YTDJ,BF-SAC-MLP,BF-SAC-MLP,50,0.291786,303
YTDJ,BF-SAC-MLP,BF-SAC-MLP,51,0.291786,303
YTDJ,BF-SAC-MLP,BF-SAC-MLP,52,0.291786,303
YTDJ,BF-SAC-MLP,BF-SAC-MLP,53,0.291786,303
YTDJ,BF-SAC-MLP,BF-SAC-MLP,54,0.291786,303
YTDJ,BF-SAC-MLP,BF-SAC-MLP,55,0.291786,303
YTDJ,BF-SAC-MLP,BF-SAC-MLP,56,0.291786,303
YTDJ,BF-SAC-MLP,BF-SAC-MLP,57,0.291786,303
YTDJ,BF-SAC-MLP,BF-SAC-MLP,58,0.291786,303
YTDJ,BF-SAC-MLP,BF-SAC-MLP,59,0.291786,303
YTDJ,BF-SAC-MLP,BF-SAC-MLP,60,0.291786,303
YTDJ,BF-SAC-MLP,BF-SAC-MLP,61,0.291786,303
YTDJ,BF-SAC-MLP,BF-SAC-MLP,62,0.291786,303
YTDJ,BF-SAC-MLP,BF-SAC-MLP,63,0.284117,303
YTDJ,BF-SAC-MLP,BF-SAC-MLP,64,0.265935,303
YTDJ,BF-SAC-MLP,BF-SAC-MLP,65,0.238042,303
YTDJ,BF-SAC-MLP,BF-SAC-MLP,66,0.238042,303
YTDJ,BF-SAC-MLP,BF-SAC-MLP,67,0.238042,303
YTDJ,BF-SAC-MLP,BF-SAC-MLP,68,0.238042,303
YTDJ,BF-SAC-MLP,BF-SAC-MLP,69,0.237447,303
YTDJ,BF-SAC-MLP,BF-SAC-MLP,70,0.237447,303
YTDJ,BF-SAC-MLP,BF-SAC-MLP,71,0.237447,303
YTDJ,BF-SAC-MLP,BF-SAC-MLP,72,0.230053,303
YTDJ,BF-SAC-MLP,BF-SAC-MLP,73,0.230053,303
YTDJ,BF-SAC-MLP,BF-SAC-MLP,74,0.228782,303
YTDJ,BF-SAC-MLP,BF-SAC-MLP,75,0.228782,303
YTDJ,BF-SAC-MLP,BF-SAC-MLP,76,0.228782,303
YTDJ,BF-SAC-MLP,BF-SAC-MLP,77,0.228782,303
YTDJ,BF-SAC-MLP,BF-SAC-MLP,78,0.228782,303
YTDJ,BF-SAC-MLP,BF-SAC-MLP,79,0.228782,303
YTDJ,BF-SAC-MLP,BF-SAC-MLP,80,0.228782,303
YTDJ,BF-SAC-MLP,BF-SAC-MLP,81,0.228782,303
YTDJ,BF-SAC-MLP,BF-SAC-MLP,82,0.228782,303
YTDJ,BF-SAC-MLP,BF-SAC-MLP,83,0.228782,303
YTDJ,BF-SAC-MLP,BF-SAC-MLP,84,0.228782,303
YTDJ,BF-SAC-MLP,BF-SAC-MLP,85,0.228782,303
YTDJ,BF-SAC-MLP,BF-SAC-MLP,86,0.213124,303
YTDJ,BF-SAC-MLP,BF-SAC-MLP,87,0.213124,303
YTDJ,BF-SAC-MLP,BF-SAC-MLP,88,0.213124,303
YTDJ,BF-SAC-MLP,BF-SAC-MLP,89,0.213124,303
YTDJ,BF-SAC-MLP,BF-SAC-MLP,90,0.213124,303
YTDJ,BF-SAC-MLP,BF-SAC-MLP,91,0.213124,303
YTDJ,BF-SAC-MLP,BF-SAC-MLP,92,0.213124,303
YTDJ,BF-SAC-MLP,BF-SAC-MLP,93,0.213124,303
YTDJ,BF-SAC-MLP,BF-SAC-MLP,94,0.213124,303
YTDJ,BF-SAC-MLP,BF-SAC-MLP,95,0.213124,303
YTDJ,BF-SAC-MLP,BF-SAC-MLP,96,0.213124,303
YTDJ,BF-SAC-MLP,BF-SAC-MLP,97,0.213124,303
YTDJ,BF-SAC-MLP,BF-SAC-MLP,98,0.213124,303
YTDJ,BF-SAC-MLP,BF-SAC-MLP,99,0.213124,303
YTDJ,BF-SAC-MLP,BF-SAC-MLP,100,0.213124,303
YTDJ,BF-SAC-MLP,BF-SAC-MLP,1,0.444886,404
YTDJ,BF-SAC-MLP,BF-SAC-MLP,2,0.444886,404
YTDJ,BF-SAC-MLP,BF-SAC-MLP,3,0.444886,404
YTDJ,BF-SAC-MLP,BF-SAC-MLP,4,0.444886,404
YTDJ,BF-SAC-MLP,BF-SAC-MLP,5,0.444886,404
YTDJ,BF-SAC-MLP,BF-SAC-MLP,6,0.444886,404
YTDJ,BF-SAC-MLP,BF-SAC-MLP,7,0.431384,404
YTDJ,BF-SAC-MLP,BF-SAC-MLP,8,0.431384,404
YTDJ,BF-SAC-MLP,BF-SAC-MLP,9,0.431384,404
YTDJ,BF-SAC-MLP,BF-SAC-MLP,10,0.431384,404
YTDJ,BF-SAC-MLP,BF-SAC-MLP,11,0.431384,404
YTDJ,BF-SAC-MLP,BF-SAC-MLP,12,0.431384,404
YTDJ,BF-SAC-MLP,BF-SAC-MLP,13,0.431384,404
YTDJ,BF-SAC-MLP,BF-SAC-MLP,14,0.431384,404
YTDJ,BF-SAC-MLP,BF-SAC-MLP,15,0.431384,404
YTDJ,BF-SAC-MLP,BF-SAC-MLP,16,0.431384,404
YTDJ,BF-SAC-MLP,BF-SAC-MLP,17,0.431384,404
YTDJ,BF-SAC-MLP,BF-SAC-MLP,18,0.431384,404
YTDJ,BF-SAC-MLP,BF-SAC-MLP,19,0.431384,404
YTDJ,BF-SAC-MLP,BF-SAC-MLP,20,0.431384,404
YTDJ,BF-SAC-MLP,BF-SAC-MLP,21,0.431384,404
YTDJ,BF-SAC-MLP,BF-SAC-MLP,22,0.380081,404
YTDJ,BF-SAC-MLP,BF-SAC-MLP,23,0.380081,404
YTDJ,BF-SAC-MLP,BF-SAC-MLP,24,0.380081,404
YTDJ,BF-SAC-MLP,BF-SAC-MLP,25,0.380081,404
YTDJ,BF-SAC-MLP,BF-SAC-MLP,26,0.380081,404
YTDJ,BF-SAC-MLP,BF-SAC-MLP,27,0.380081,404
YTDJ,BF-SAC-MLP,BF-SAC-MLP,28,0.380081,404
YTDJ,BF-SAC-MLP,BF-SAC-MLP,29,0.380081,404
YTDJ,BF-SAC-MLP,BF-SAC-MLP,30,0.380081,404
YTDJ,BF-SAC-MLP,BF-SAC-MLP,31,0.380081,404
YTDJ,BF-SAC-MLP,BF-SAC-MLP,32,0.380081,404
YTDJ,BF-SAC-MLP,BF-SAC-MLP,33,0.380081,404
YTDJ,BF-SAC-MLP,BF-SAC-MLP,34,0.380081,404
YTDJ,BF-SAC-MLP,BF-SAC-MLP,35,0.380081,404
YTDJ,BF-SAC-MLP,BF-SAC-MLP,36,0.380081,404
YTDJ,BF-SAC-MLP,BF-SAC-MLP,37,0.380081,404
YTDJ,BF-SAC-MLP,BF-SAC-MLP,38,0.261635,404
YTDJ,BF-SAC-MLP,BF-SAC-MLP,39,0.261635,404
YTDJ,BF-SAC-MLP,BF-SAC-MLP,40,0.261635,404
YTDJ,BF-SAC-MLP,BF-SAC-MLP,41,0.261635,404
YTDJ,BF-SAC-MLP,BF-SAC-MLP,42,0.261635,404
YTDJ,BF-SAC-MLP,BF-SAC-MLP,43,0.261635,404
YTDJ,BF-SAC-MLP,BF-SAC-MLP,44,0.261635,404
YTDJ,BF-SAC-MLP,BF-SAC-MLP,45,0.261635,404
YTDJ,BF-SAC-MLP,BF-SAC-MLP,46,0.261635,404
YTDJ,BF-SAC-MLP,BF-SAC-MLP,47,0.219413,404
YTDJ,BF-SAC-MLP,BF-SAC-MLP,48,0.219413,404
YTDJ,BF-SAC-MLP,BF-SAC-MLP,49,0.219413,404
YTDJ,BF-SAC-MLP,BF-SAC-MLP,50,0.219413,404
YTDJ,BF-SAC-MLP,BF-SAC-MLP,51,0.219413,404
YTDJ,BF-SAC-MLP,BF-SAC-MLP,52,0.219413,404
YTDJ,BF-SAC-MLP,BF-SAC-MLP,53,0.219413,404
YTDJ,BF-SAC-MLP,BF-SAC-MLP,54,0.219413,404
YTDJ,BF-SAC-MLP,BF-SAC-MLP,55,0.219413,404
YTDJ,BF-SAC-MLP,BF-SAC-MLP,56,0.219413,404
YTDJ,BF-SAC-MLP,BF-SAC-MLP,57,0.219413,404
YTDJ,BF-SAC-MLP,BF-SAC-MLP,58,0.219413,404
YTDJ,BF-SAC-MLP,BF-SAC-MLP,59,0.219413,404
YTDJ,BF-SAC-MLP,BF-SAC-MLP,60,0.219413,404
YTDJ,BF-SAC-MLP,BF-SAC-MLP,61,0.219413,404
YTDJ,BF-SAC-MLP,BF-SAC-MLP,62,0.219413,404
YTDJ,BF-SAC-MLP,BF-SAC-MLP,63,0.219413,404
YTDJ,BF-SAC-MLP,BF-SAC-MLP,64,0.219413,404
YTDJ,BF-SAC-MLP,BF-SAC-MLP,65,0.219413,404
YTDJ,BF-SAC-MLP,BF-SAC-MLP,66,0.219413,404
YTDJ,BF-SAC-MLP,BF-SAC-MLP,67,0.219413,404
YTDJ,BF-SAC-MLP,BF-SAC-MLP,68,0.219413,404
YTDJ,BF-SAC-MLP,BF-SAC-MLP,69,0.219413,404
YTDJ,BF-SAC-MLP,BF-SAC-MLP,70,0.219413,404
YTDJ,BF-SAC-MLP,BF-SAC-MLP,71,0.219413,404
YTDJ,BF-SAC-MLP,BF-SAC-MLP,72,0.219413,404
YTDJ,BF-SAC-MLP,BF-SAC-MLP,73,0.219413,404
YTDJ,BF-SAC-MLP,BF-SAC-MLP,74,0.219413,404
YTDJ,BF-SAC-MLP,BF-SAC-MLP,75,0.219413,404
YTDJ,BF-SAC-MLP,BF-SAC-MLP,76,0.219413,404
YTDJ,BF-SAC-MLP,BF-SAC-MLP,77,0.219413,404
YTDJ,BF-SAC-MLP,BF-SAC-MLP,78,0.219413,404
YTDJ,BF-SAC-MLP,BF-SAC-MLP,79,0.219413,404
YTDJ,BF-SAC-MLP,BF-SAC-MLP,80,0.219413,404
YTDJ,BF-SAC-MLP,BF-SAC-MLP,81,0.219413,404
YTDJ,BF-SAC-MLP,BF-SAC-MLP,82,0.218396,404
YTDJ,BF-SAC-MLP,BF-SAC-MLP,83,0.218396,404
YTDJ,BF-SAC-MLP,BF-SAC-MLP,84,0.218396,404
YTDJ,BF-SAC-MLP,BF-SAC-MLP,85,0.218396,404
YTDJ,BF-SAC-MLP,BF-SAC-MLP,86,0.218396,404
YTDJ,BF-SAC-MLP,BF-SAC-MLP,87,0.218396,404
YTDJ,BF-SAC-MLP,BF-SAC-MLP,88,0.218396,404
YTDJ,BF-SAC-MLP,BF-SAC-MLP,89,0.218396,404
YTDJ,BF-SAC-MLP,BF-SAC-MLP,90,0.218396,404
YTDJ,BF-SAC-MLP,BF-SAC-MLP,91,0.218396,404
YTDJ,BF-SAC-MLP,BF-SAC-MLP,92,0.218396,404
YTDJ,BF-SAC-MLP,BF-SAC-MLP,93,0.218396,404
YTDJ,BF-SAC-MLP,BF-SAC-MLP,94,0.218396,404
YTDJ,BF-SAC-MLP,BF-SAC-MLP,95,0.218396,404
YTDJ,BF-SAC-MLP,BF-SAC-MLP,96,0.218396,404
YTDJ,BF-SAC-MLP,BF-SAC-MLP,97,0.218396,404
YTDJ,BF-SAC-MLP,BF-SAC-MLP,98,0.218396,404
YTDJ,BF-SAC-MLP,BF-SAC-MLP,99,0.218396,404
YTDJ,BF-SAC-MLP,BF-SAC-MLP,100,0.218396,404
YTDJ,BF-SAC-RF,BF-SAC-RF,1,0.532571,42
YTDJ,BF-SAC-RF,BF-SAC-RF,2,0.532571,42
YTDJ,BF-SAC-RF,BF-SAC-RF,3,0.532571,42
YTDJ,BF-SAC-RF,BF-SAC-RF,4,0.532571,42
YTDJ,BF-SAC-RF,BF-SAC-RF,5,0.532571,42
YTDJ,BF-SAC-RF,BF-SAC-RF,6,0.532571,42
YTDJ,BF-SAC-RF,BF-SAC-RF,7,0.532571,42
YTDJ,BF-SAC-RF,BF-SAC-RF,8,0.467544,42
YTDJ,BF-SAC-RF,BF-SAC-RF,9,0.467544,42
YTDJ,BF-SAC-RF,BF-SAC-RF,10,0.467544,42
YTDJ,BF-SAC-RF,BF-SAC-RF,11,0.467544,42
YTDJ,BF-SAC-RF,BF-SAC-RF,12,0.467544,42
YTDJ,BF-SAC-RF,BF-SAC-RF,13,0.467544,42
YTDJ,BF-SAC-RF,BF-SAC-RF,14,0.467544,42
YTDJ,BF-SAC-RF,BF-SAC-RF,15,0.369133,42
YTDJ,BF-SAC-RF,BF-SAC-RF,16,0.369133,42
YTDJ,BF-SAC-RF,BF-SAC-RF,17,0.369133,42
YTDJ,BF-SAC-RF,BF-SAC-RF,18,0.369133,42
YTDJ,BF-SAC-RF,BF-SAC-RF,19,0.369133,42
YTDJ,BF-SAC-RF,BF-SAC-RF,20,0.369133,42
YTDJ,BF-SAC-RF,BF-SAC-RF,21,0.369133,42
YTDJ,BF-SAC-RF,BF-SAC-RF,22,0.369133,42
YTDJ,BF-SAC-RF,BF-SAC-RF,23,0.369133,42
YTDJ,BF-SAC-RF,BF-SAC-RF,24,0.369133,42
YTDJ,BF-SAC-RF,BF-SAC-RF,25,0.369133,42
YTDJ,BF-SAC-RF,BF-SAC-RF,26,0.369133,42
YTDJ,BF-SAC-RF,BF-SAC-RF,27,0.369133,42
YTDJ,BF-SAC-RF,BF-SAC-RF,28,0.369133,42
YTDJ,BF-SAC-RF,BF-SAC-RF,29,0.369133,42
YTDJ,BF-SAC-RF,BF-SAC-RF,30,0.369133,42
YTDJ,BF-SAC-RF,BF-SAC-RF,31,0.369133,42
YTDJ,BF-SAC-RF,BF-SAC-RF,32,0.369133,42
YTDJ,BF-SAC-RF,BF-SAC-RF,33,0.369133,42
YTDJ,BF-SAC-RF,BF-SAC-RF,34,0.369133,42
YTDJ,BF-SAC-RF,BF-SAC-RF,35,0.369133,42
YTDJ,BF-SAC-RF,BF-SAC-RF,36,0.369133,42
YTDJ,BF-SAC-RF,BF-SAC-RF,37,0.369133,42
YTDJ,BF-SAC-RF,BF-SAC-RF,38,0.369133,42
YTDJ,BF-SAC-RF,BF-SAC-RF,39,0.369133,42
YTDJ,BF-SAC-RF,BF-SAC-RF,40,0.369133,42
YTDJ,BF-SAC-RF,BF-SAC-RF,41,0.369133,42
YTDJ,BF-SAC-RF,BF-SAC-RF,42,0.369133,42
YTDJ,BF-SAC-RF,BF-SAC-RF,43,0.369133,42
YTDJ,BF-SAC-RF,BF-SAC-RF,44,0.369133,42
YTDJ,BF-SAC-RF,BF-SAC-RF,45,0.329192,42
YTDJ,BF-SAC-RF,BF-SAC-RF,46,0.271756,42
YTDJ,BF-SAC-RF,BF-SAC-RF,47,0.271756,42
YTDJ,BF-SAC-RF,BF-SAC-RF,48,0.271756,42
YTDJ,BF-SAC-RF,BF-SAC-RF,49,0.271756,42
YTDJ,BF-SAC-RF,BF-SAC-RF,50,0.271756,42
YTDJ,BF-SAC-RF,BF-SAC-RF,51,0.268024,42
YTDJ,BF-SAC-RF,BF-SAC-RF,52,0.268024,42
YTDJ,BF-SAC-RF,BF-SAC-RF,53,0.262817,42
YTDJ,BF-SAC-RF,BF-SAC-RF,54,0.262817,42
YTDJ,BF-SAC-RF,BF-SAC-RF,55,0.225411,42
YTDJ,BF-SAC-RF,BF-SAC-RF,56,0.225411,42
YTDJ,BF-SAC-RF,BF-SAC-RF,57,0.217876,42
YTDJ,BF-SAC-RF,BF-SAC-RF,58,0.217876,42
YTDJ,BF-SAC-RF,BF-SAC-RF,59,0.217876,42
YTDJ,BF-SAC-RF,BF-SAC-RF,60,0.217876,42
YTDJ,BF-SAC-RF,BF-SAC-RF,61,0.217876,42
YTDJ,BF-SAC-RF,BF-SAC-RF,62,0.215377,42
YTDJ,BF-SAC-RF,BF-SAC-RF,63,0.215377,42
YTDJ,BF-SAC-RF,BF-SAC-RF,64,0.215377,42
YTDJ,BF-SAC-RF,BF-SAC-RF,65,0.215377,42
YTDJ,BF-SAC-RF,BF-SAC-RF,66,0.215377,42
YTDJ,BF-SAC-RF,BF-SAC-RF,67,0.215377,42
YTDJ,BF-SAC-RF,BF-SAC-RF,68,0.215377,42
YTDJ,BF-SAC-RF,BF-SAC-RF,69,0.215377,42
YTDJ,BF-SAC-RF,BF-SAC-RF,70,0.215377,42
YTDJ,BF-SAC-RF,BF-SAC-RF,71,0.215377,42
YTDJ,BF-SAC-RF,BF-SAC-RF,72,0.215377,42
YTDJ,BF-SAC-RF,BF-SAC-RF,73,0.215377,42
YTDJ,BF-SAC-RF,BF-SAC-RF,74,0.215377,42
YTDJ,BF-SAC-RF,BF-SAC-RF,75,0.215377,42
YTDJ,BF-SAC-RF,BF-SAC-RF,76,0.215377,42
YTDJ,BF-SAC-RF,BF-SAC-RF,77,0.215377,42
YTDJ,BF-SAC-RF,BF-SAC-RF,78,0.215377,42
YTDJ,BF-SAC-RF,BF-SAC-RF,79,0.215377,42
YTDJ,BF-SAC-RF,BF-SAC-RF,80,0.215377,42
YTDJ,BF-SAC-RF,BF-SAC-RF,81,0.215377,42
YTDJ,BF-SAC-RF,BF-SAC-RF,82,0.215377,42
YTDJ,BF-SAC-RF,BF-SAC-RF,83,0.215377,42
YTDJ,BF-SAC-RF,BF-SAC-RF,84,0.215377,42
YTDJ,BF-SAC-RF,BF-SAC-RF,85,0.215377,42
YTDJ,BF-SAC-RF,BF-SAC-RF,86,0.215377,42
YTDJ,BF-SAC-RF,BF-SAC-RF,87,0.215377,42
YTDJ,BF-SAC-RF,BF-SAC-RF,88,0.215377,42
YTDJ,BF-SAC-RF,BF-SAC-RF,89,0.215377,42
YTDJ,BF-SAC-RF,BF-SAC-RF,90,0.215377,42
YTDJ,BF-SAC-RF,BF-SAC-RF,91,0.215377,42
YTDJ,BF-SAC-RF,BF-SAC-RF,92,0.215377,42
YTDJ,BF-SAC-RF,BF-SAC-RF,93,0.215377,42
YTDJ,BF-SAC-RF,BF-SAC-RF,94,0.215377,42
YTDJ,BF-SAC-RF,BF-SAC-RF,95,0.215377,42
YTDJ,BF-SAC-RF,BF-SAC-RF,96,0.215377,42
YTDJ,BF-SAC-RF,BF-SAC-RF,97,0.215377,42
YTDJ,BF-SAC-RF,BF-SAC-RF,98,0.215377,42
YTDJ,BF-SAC-RF,BF-SAC-RF,99,0.215377,42
YTDJ,BF-SAC-RF,BF-SAC-RF,100,0.215377,42
YTDJ,BF-SAC-RF,BF-SAC-RF,1,0.689965,101
YTDJ,BF-SAC-RF,BF-SAC-RF,2,0.585747,101
YTDJ,BF-SAC-RF,BF-SAC-RF,3,0.583975,101
YTDJ,BF-SAC-RF,BF-SAC-RF,4,0.583975,101
YTDJ,BF-SAC-RF,BF-SAC-RF,5,0.583975,101
YTDJ,BF-SAC-RF,BF-SAC-RF,6,0.548156,101
YTDJ,BF-SAC-RF,BF-SAC-RF,7,0.548156,101
YTDJ,BF-SAC-RF,BF-SAC-RF,8,0.512718,101
YTDJ,BF-SAC-RF,BF-SAC-RF,9,0.512718,101
YTDJ,BF-SAC-RF,BF-SAC-RF,10,0.512718,101
YTDJ,BF-SAC-RF,BF-SAC-RF,11,0.512718,101
YTDJ,BF-SAC-RF,BF-SAC-RF,12,0.512718,101
YTDJ,BF-SAC-RF,BF-SAC-RF,13,0.49571,101
YTDJ,BF-SAC-RF,BF-SAC-RF,14,0.49571,101
YTDJ,BF-SAC-RF,BF-SAC-RF,15,0.49571,101
YTDJ,BF-SAC-RF,BF-SAC-RF,16,0.49571,101
YTDJ,BF-SAC-RF,BF-SAC-RF,17,0.49571,101
YTDJ,BF-SAC-RF,BF-SAC-RF,18,0.484669,101
YTDJ,BF-SAC-RF,BF-SAC-RF,19,0.439383,101
YTDJ,BF-SAC-RF,BF-SAC-RF,20,0.439383,101
YTDJ,BF-SAC-RF,BF-SAC-RF,21,0.439383,101
YTDJ,BF-SAC-RF,BF-SAC-RF,22,0.439383,101
YTDJ,BF-SAC-RF,BF-SAC-RF,23,0.439383,101
YTDJ,BF-SAC-RF,BF-SAC-RF,24,0.434855,101
YTDJ,BF-SAC-RF,BF-SAC-RF,25,0.434855,101
YTDJ,BF-SAC-RF,BF-SAC-RF,26,0.434855,101
YTDJ,BF-SAC-RF,BF-SAC-RF,27,0.434855,101
YTDJ,BF-SAC-RF,BF-SAC-RF,28,0.434855,101
YTDJ,BF-SAC-RF,BF-SAC-RF,29,0.434855,101
YTDJ,BF-SAC-RF,BF-SAC-RF,30,0.434855,101
YTDJ,BF-SAC-RF,BF-SAC-RF,31,0.434855,101
YTDJ,BF-SAC-RF,BF-SAC-RF,32,0.434855,101
YTDJ,BF-SAC-RF,BF-SAC-RF,33,0.434855,101
YTDJ,BF-SAC-RF,BF-SAC-RF,34,0.434855,101
YTDJ,BF-SAC-RF,BF-SAC-RF,35,0.434855,101
YTDJ,BF-SAC-RF,BF-SAC-RF,36,0.434855,101
YTDJ,BF-SAC-RF,BF-SAC-RF,37,0.434855,101
YTDJ,BF-SAC-RF,BF-SAC-RF,38,0.434855,101
YTDJ,BF-SAC-RF,BF-SAC-RF,39,0.434855,101
YTDJ,BF-SAC-RF,BF-SAC-RF,40,0.434855,101
YTDJ,BF-SAC-RF,BF-SAC-RF,41,0.434855,101
YTDJ,BF-SAC-RF,BF-SAC-RF,42,0.434855,101
YTDJ,BF-SAC-RF,BF-SAC-RF,43,0.434855,101
YTDJ,BF-SAC-RF,BF-SAC-RF,44,0.420356,101
YTDJ,BF-SAC-RF,BF-SAC-RF,45,0.420356,101
YTDJ,BF-SAC-RF,BF-SAC-RF,46,0.420356,101
YTDJ,BF-SAC-RF,BF-SAC-RF,47,0.420356,101
YTDJ,BF-SAC-RF,BF-SAC-RF,48,0.420356,101
YTDJ,BF-SAC-RF,BF-SAC-RF,49,0.420356,101
YTDJ,BF-SAC-RF,BF-SAC-RF,50,0.420356,101
YTDJ,BF-SAC-RF,BF-SAC-RF,51,0.420356,101
YTDJ,BF-SAC-RF,BF-SAC-RF,52,0.420356,101
YTDJ,BF-SAC-RF,BF-SAC-RF,53,0.420356,101
YTDJ,BF-SAC-RF,BF-SAC-RF,54,0.414576,101
YTDJ,BF-SAC-RF,BF-SAC-RF,55,0.414576,101
YTDJ,BF-SAC-RF,BF-SAC-RF,56,0.414576,101
YTDJ,BF-SAC-RF,BF-SAC-RF,57,0.395734,101
YTDJ,BF-SAC-RF,BF-SAC-RF,58,0.395734,101
YTDJ,BF-SAC-RF,BF-SAC-RF,59,0.387275,101
YTDJ,BF-SAC-RF,BF-SAC-RF,60,0.387275,101
YTDJ,BF-SAC-RF,BF-SAC-RF,61,0.387275,101
YTDJ,BF-SAC-RF,BF-SAC-RF,62,0.387275,101
YTDJ,BF-SAC-RF,BF-SAC-RF,63,0.387275,101
YTDJ,BF-SAC-RF,BF-SAC-RF,64,0.387275,101
YTDJ,BF-SAC-RF,BF-SAC-RF,65,0.387275,101
YTDJ,BF-SAC-RF,BF-SAC-RF,66,0.375742,101
YTDJ,BF-SAC-RF,BF-SAC-RF,67,0.375742,101
YTDJ,BF-SAC-RF,BF-SAC-RF,68,0.375742,101
YTDJ,BF-SAC-RF,BF-SAC-RF,69,0.375742,101
YTDJ,BF-SAC-RF,BF-SAC-RF,70,0.372652,101
YTDJ,BF-SAC-RF,BF-SAC-RF,71,0.372652,101
YTDJ,BF-SAC-RF,BF-SAC-RF,72,0.372652,101
YTDJ,BF-SAC-RF,BF-SAC-RF,73,0.372652,101
YTDJ,BF-SAC-RF,BF-SAC-RF,74,0.372652,101
YTDJ,BF-SAC-RF,BF-SAC-RF,75,0.372652,101
YTDJ,BF-SAC-RF,BF-SAC-RF,76,0.327404,101
YTDJ,BF-SAC-RF,BF-SAC-RF,77,0.327404,101
YTDJ,BF-SAC-RF,BF-SAC-RF,78,0.327404,101
YTDJ,BF-SAC-RF,BF-SAC-RF,79,0.327404,101
YTDJ,BF-SAC-RF,BF-SAC-RF,80,0.327404,101
YTDJ,BF-SAC-RF,BF-SAC-RF,81,0.322663,101
YTDJ,BF-SAC-RF,BF-SAC-RF,82,0.322663,101
YTDJ,BF-SAC-RF,BF-SAC-RF,83,0.322663,101
YTDJ,BF-SAC-RF,BF-SAC-RF,84,0.322663,101
YTDJ,BF-SAC-RF,BF-SAC-RF,85,0.322663,101
YTDJ,BF-SAC-RF,BF-SAC-RF,86,0.322663,101
YTDJ,BF-SAC-RF,BF-SAC-RF,87,0.322663,101
YTDJ,BF-SAC-RF,BF-SAC-RF,88,0.322663,101
YTDJ,BF-SAC-RF,BF-SAC-RF,89,0.322663,101
YTDJ,BF-SAC-RF,BF-SAC-RF,90,0.285956,101
YTDJ,BF-SAC-RF,BF-SAC-RF,91,0.285956,101
YTDJ,BF-SAC-RF,BF-SAC-RF,92,0.285956,101
YTDJ,BF-SAC-RF,BF-SAC-RF,93,0.285956,101
YTDJ,BF-SAC-RF,BF-SAC-RF,94,0.265714,101
YTDJ,BF-SAC-RF,BF-SAC-RF,95,0.244265,101
YTDJ,BF-SAC-RF,BF-SAC-RF,96,0.244265,101
YTDJ,BF-SAC-RF,BF-SAC-RF,97,0.244265,101
YTDJ,BF-SAC-RF,BF-SAC-RF,98,0.244265,101
YTDJ,BF-SAC-RF,BF-SAC-RF,99,0.244265,101
YTDJ,BF-SAC-RF,BF-SAC-RF,100,0.244265,101
YTDJ,BF-SAC-RF,BF-SAC-RF,1,0.758028,202
YTDJ,BF-SAC-RF,BF-SAC-RF,2,0.625281,202
YTDJ,BF-SAC-RF,BF-SAC-RF,3,0.515824,202
YTDJ,BF-SAC-RF,BF-SAC-RF,4,0.515824,202
YTDJ,BF-SAC-RF,BF-SAC-RF,5,0.497611,202
YTDJ,BF-SAC-RF,BF-SAC-RF,6,0.497611,202
YTDJ,BF-SAC-RF,BF-SAC-RF,7,0.497611,202
YTDJ,BF-SAC-RF,BF-SAC-RF,8,0.448022,202
YTDJ,BF-SAC-RF,BF-SAC-RF,9,0.448022,202
YTDJ,BF-SAC-RF,BF-SAC-RF,10,0.448022,202
YTDJ,BF-SAC-RF,BF-SAC-RF,11,0.448022,202
YTDJ,BF-SAC-RF,BF-SAC-RF,12,0.448022,202
YTDJ,BF-SAC-RF,BF-SAC-RF,13,0.448022,202
YTDJ,BF-SAC-RF,BF-SAC-RF,14,0.448022,202
YTDJ,BF-SAC-RF,BF-SAC-RF,15,0.448022,202
YTDJ,BF-SAC-RF,BF-SAC-RF,16,0.448022,202
YTDJ,BF-SAC-RF,BF-SAC-RF,17,0.448022,202
YTDJ,BF-SAC-RF,BF-SAC-RF,18,0.448022,202
YTDJ,BF-SAC-RF,BF-SAC-RF,19,0.448022,202
YTDJ,BF-SAC-RF,BF-SAC-RF,20,0.448022,202
YTDJ,BF-SAC-RF,BF-SAC-RF,21,0.448022,202
YTDJ,BF-SAC-RF,BF-SAC-RF,22,0.319396,202
YTDJ,BF-SAC-RF,BF-SAC-RF,23,0.319396,202
YTDJ,BF-SAC-RF,BF-SAC-RF,24,0.319396,202
YTDJ,BF-SAC-RF,BF-SAC-RF,25,0.319396,202
YTDJ,BF-SAC-RF,BF-SAC-RF,26,0.319396,202
YTDJ,BF-SAC-RF,BF-SAC-RF,27,0.319396,202
YTDJ,BF-SAC-RF,BF-SAC-RF,28,0.319396,202
YTDJ,BF-SAC-RF,BF-SAC-RF,29,0.319396,202
YTDJ,BF-SAC-RF,BF-SAC-RF,30,0.319396,202
YTDJ,BF-SAC-RF,BF-SAC-RF,31,0.319396,202
YTDJ,BF-SAC-RF,BF-SAC-RF,32,0.319396,202
YTDJ,BF-SAC-RF,BF-SAC-RF,33,0.319396,202
YTDJ,BF-SAC-RF,BF-SAC-RF,34,0.302535,202
YTDJ,BF-SAC-RF,BF-SAC-RF,35,0.302535,202
YTDJ,BF-SAC-RF,BF-SAC-RF,36,0.302535,202
YTDJ,BF-SAC-RF,BF-SAC-RF,37,0.302535,202
YTDJ,BF-SAC-RF,BF-SAC-RF,38,0.302535,202
YTDJ,BF-SAC-RF,BF-SAC-RF,39,0.299122,202
YTDJ,BF-SAC-RF,BF-SAC-RF,40,0.299122,202
YTDJ,BF-SAC-RF,BF-SAC-RF,41,0.293721,202
YTDJ,BF-SAC-RF,BF-SAC-RF,42,0.293721,202
YTDJ,BF-SAC-RF,BF-SAC-RF,43,0.293721,202
YTDJ,BF-SAC-RF,BF-SAC-RF,44,0.293721,202
YTDJ,BF-SAC-RF,BF-SAC-RF,45,0.293721,202
YTDJ,BF-SAC-RF,BF-SAC-RF,46,0.293721,202
YTDJ,BF-SAC-RF,BF-SAC-RF,47,0.293721,202
YTDJ,BF-SAC-RF,BF-SAC-RF,48,0.293721,202
YTDJ,BF-SAC-RF,BF-SAC-RF,49,0.293721,202
YTDJ,BF-SAC-RF,BF-SAC-RF,50,0.293721,202
YTDJ,BF-SAC-RF,BF-SAC-RF,51,0.265712,202
YTDJ,BF-SAC-RF,BF-SAC-RF,52,0.265712,202
YTDJ,BF-SAC-RF,BF-SAC-RF,53,0.265712,202
YTDJ,BF-SAC-RF,BF-SAC-RF,54,0.265712,202
YTDJ,BF-SAC-RF,BF-SAC-RF,55,0.265712,202
YTDJ,BF-SAC-RF,BF-SAC-RF,56,0.265712,202
YTDJ,BF-SAC-RF,BF-SAC-RF,57,0.265712,202
YTDJ,BF-SAC-RF,BF-SAC-RF,58,0.265712,202
YTDJ,BF-SAC-RF,BF-SAC-RF,59,0.263283,202
YTDJ,BF-SAC-RF,BF-SAC-RF,60,0.263283,202
YTDJ,BF-SAC-RF,BF-SAC-RF,61,0.248909,202
YTDJ,BF-SAC-RF,BF-SAC-RF,62,0.248909,202
YTDJ,BF-SAC-RF,BF-SAC-RF,63,0.248909,202
YTDJ,BF-SAC-RF,BF-SAC-RF,64,0.248909,202
YTDJ,BF-SAC-RF,BF-SAC-RF,65,0.248909,202
YTDJ,BF-SAC-RF,BF-SAC-RF,66,0.248909,202
YTDJ,BF-SAC-RF,BF-SAC-RF,67,0.248909,202
YTDJ,BF-SAC-RF,BF-SAC-RF,68,0.248909,202
YTDJ,BF-SAC-RF,BF-SAC-RF,69,0.248909,202
YTDJ,BF-SAC-RF,BF-SAC-RF,70,0.248909,202
YTDJ,BF-SAC-RF,BF-SAC-RF,71,0.248909,202
YTDJ,BF-SAC-RF,BF-SAC-RF,72,0.24719,202
YTDJ,BF-SAC-RF,BF-SAC-RF,73,0.242575,202
YTDJ,BF-SAC-RF,BF-SAC-RF,74,0.242575,202
YTDJ,BF-SAC-RF,BF-SAC-RF,75,0.242575,202
YTDJ,BF-SAC-RF,BF-SAC-RF,76,0.238987,202
YTDJ,BF-SAC-RF,BF-SAC-RF,77,0.238987,202
YTDJ,BF-SAC-RF,BF-SAC-RF,78,0.238987,202
YTDJ,BF-SAC-RF,BF-SAC-RF,79,0.238987,202
YTDJ,BF-SAC-RF,BF-SAC-RF,80,0.238987,202
YTDJ,BF-SAC-RF,BF-SAC-RF,81,0.238987,202
YTDJ,BF-SAC-RF,BF-SAC-RF,82,0.238987,202
YTDJ,BF-SAC-RF,BF-SAC-RF,83,0.238987,202
YTDJ,BF-SAC-RF,BF-SAC-RF,84,0.238987,202
YTDJ,BF-SAC-RF,BF-SAC-RF,85,0.228022,202
YTDJ,BF-SAC-RF,BF-SAC-RF,86,0.228022,202
YTDJ,BF-SAC-RF,BF-SAC-RF,87,0.228022,202
YTDJ,BF-SAC-RF,BF-SAC-RF,88,0.223681,202
YTDJ,BF-SAC-RF,BF-SAC-RF,89,0.223681,202
YTDJ,BF-SAC-RF,BF-SAC-RF,90,0.220916,202
YTDJ,BF-SAC-RF,BF-SAC-RF,91,0.220916,202
YTDJ,BF-SAC-RF,BF-SAC-RF,92,0.220916,202
YTDJ,BF-SAC-RF,BF-SAC-RF,93,0.220916,202
YTDJ,BF-SAC-RF,BF-SAC-RF,94,0.220916,202
YTDJ,BF-SAC-RF,BF-SAC-RF,95,0.220916,202
YTDJ,BF-SAC-RF,BF-SAC-RF,96,0.211506,202
YTDJ,BF-SAC-RF,BF-SAC-RF,97,0.211506,202
YTDJ,BF-SAC-RF,BF-SAC-RF,98,0.211506,202
YTDJ,BF-SAC-RF,BF-SAC-RF,99,0.211506,202
YTDJ,BF-SAC-RF,BF-SAC-RF,100,0.211506,202
YTDJ,BF-SAC-RF,BF-SAC-RF,1,0.669678,303
YTDJ,BF-SAC-RF,BF-SAC-RF,2,0.619893,303
YTDJ,BF-SAC-RF,BF-SAC-RF,3,0.619893,303
YTDJ,BF-SAC-RF,BF-SAC-RF,4,0.619893,303
YTDJ,BF-SAC-RF,BF-SAC-RF,5,0.619893,303
YTDJ,BF-SAC-RF,BF-SAC-RF,6,0.619893,303
YTDJ,BF-SAC-RF,BF-SAC-RF,7,0.619893,303
YTDJ,BF-SAC-RF,BF-SAC-RF,8,0.619893,303
YTDJ,BF-SAC-RF,BF-SAC-RF,9,0.619893,303
YTDJ,BF-SAC-RF,BF-SAC-RF,10,0.596967,303
YTDJ,BF-SAC-RF,BF-SAC-RF,11,0.596967,303
YTDJ,BF-SAC-RF,BF-SAC-RF,12,0.565382,303
YTDJ,BF-SAC-RF,BF-SAC-RF,13,0.541355,303
YTDJ,BF-SAC-RF,BF-SAC-RF,14,0.541355,303
YTDJ,BF-SAC-RF,BF-SAC-RF,15,0.541355,303
YTDJ,BF-SAC-RF,BF-SAC-RF,16,0.500715,303
YTDJ,BF-SAC-RF,BF-SAC-RF,17,0.500715,303
YTDJ,BF-SAC-RF,BF-SAC-RF,18,0.500715,303
YTDJ,BF-SAC-RF,BF-SAC-RF,19,0.500715,303
YTDJ,BF-SAC-RF,BF-SAC-RF,20,0.500715,303
YTDJ,BF-SAC-RF,BF-SAC-RF,21,0.500715,303
YTDJ,BF-SAC-RF,BF-SAC-RF,22,0.500715,303
YTDJ,BF-SAC-RF,BF-SAC-RF,23,0.500715,303
YTDJ,BF-SAC-RF,BF-SAC-RF,24,0.500715,303
YTDJ,BF-SAC-RF,BF-SAC-RF,25,0.500715,303
YTDJ,BF-SAC-RF,BF-SAC-RF,26,0.423293,303
YTDJ,BF-SAC-RF,BF-SAC-RF,27,0.423293,303
YTDJ,BF-SAC-RF,BF-SAC-RF,28,0.423293,303
YTDJ,BF-SAC-RF,BF-SAC-RF,29,0.423293,303
YTDJ,BF-SAC-RF,BF-SAC-RF,30,0.423293,303
YTDJ,BF-SAC-RF,BF-SAC-RF,31,0.423293,303
YTDJ,BF-SAC-RF,BF-SAC-RF,32,0.423293,303
YTDJ,BF-SAC-RF,BF-SAC-RF,33,0.370222,303
YTDJ,BF-SAC-RF,BF-SAC-RF,34,0.370222,303
YTDJ,BF-SAC-RF,BF-SAC-RF,35,0.370222,303
YTDJ,BF-SAC-RF,BF-SAC-RF,36,0.370222,303
YTDJ,BF-SAC-RF,BF-SAC-RF,37,0.370222,303
YTDJ,BF-SAC-RF,BF-SAC-RF,38,0.370222,303
YTDJ,BF-SAC-RF,BF-SAC-RF,39,0.370222,303
YTDJ,BF-SAC-RF,BF-SAC-RF,40,0.370222,303
YTDJ,BF-SAC-RF,BF-SAC-RF,41,0.351759,303
YTDJ,BF-SAC-RF,BF-SAC-RF,42,0.351759,303
YTDJ,BF-SAC-RF,BF-SAC-RF,43,0.338924,303
YTDJ,BF-SAC-RF,BF-SAC-RF,44,0.308158,303
YTDJ,BF-SAC-RF,BF-SAC-RF,45,0.298282,303
YTDJ,BF-SAC-RF,BF-SAC-RF,46,0.297387,303
YTDJ,BF-SAC-RF,BF-SAC-RF,47,0.297387,303
YTDJ,BF-SAC-RF,BF-SAC-RF,48,0.279923,303
YTDJ,BF-SAC-RF,BF-SAC-RF,49,0.279923,303
YTDJ,BF-SAC-RF,BF-SAC-RF,50,0.279923,303
YTDJ,BF-SAC-RF,BF-SAC-RF,51,0.264143,303
YTDJ,BF-SAC-RF,BF-SAC-RF,52,0.264143,303
YTDJ,BF-SAC-RF,BF-SAC-RF,53,0.264143,303
YTDJ,BF-SAC-RF,BF-SAC-RF,54,0.264143,303
YTDJ,BF-SAC-RF,BF-SAC-RF,55,0.264143,303
YTDJ,BF-SAC-RF,BF-SAC-RF,56,0.264143,303
YTDJ,BF-SAC-RF,BF-SAC-RF,57,0.264143,303
YTDJ,BF-SAC-RF,BF-SAC-RF,58,0.264143,303
YTDJ,BF-SAC-RF,BF-SAC-RF,59,0.264143,303
YTDJ,BF-SAC-RF,BF-SAC-RF,60,0.264143,303
YTDJ,BF-SAC-RF,BF-SAC-RF,61,0.264143,303
YTDJ,BF-SAC-RF,BF-SAC-RF,62,0.264143,303
YTDJ,BF-SAC-RF,BF-SAC-RF,63,0.264143,303
YTDJ,BF-SAC-RF,BF-SAC-RF,64,0.264143,303
YTDJ,BF-SAC-RF,BF-SAC-RF,65,0.264143,303
YTDJ,BF-SAC-RF,BF-SAC-RF,66,0.264143,303
YTDJ,BF-SAC-RF,BF-SAC-RF,67,0.264143,303
YTDJ,BF-SAC-RF,BF-SAC-RF,68,0.264143,303
YTDJ,BF-SAC-RF,BF-SAC-RF,69,0.264143,303
YTDJ,BF-SAC-RF,BF-SAC-RF,70,0.264143,303
YTDJ,BF-SAC-RF,BF-SAC-RF,71,0.264143,303
YTDJ,BF-SAC-RF,BF-SAC-RF,72,0.264143,303
YTDJ,BF-SAC-RF,BF-SAC-RF,73,0.264143,303
YTDJ,BF-SAC-RF,BF-SAC-RF,74,0.261701,303
YTDJ,BF-SAC-RF,BF-SAC-RF,75,0.248414,303
YTDJ,BF-SAC-RF,BF-SAC-RF,76,0.242375,303
YTDJ,BF-SAC-RF,BF-SAC-RF,77,0.242375,303
YTDJ,BF-SAC-RF,BF-SAC-RF,78,0.242375,303
YTDJ,BF-SAC-RF,BF-SAC-RF,79,0.242375,303
YTDJ,BF-SAC-RF,BF-SAC-RF,80,0.236655,303
YTDJ,BF-SAC-RF,BF-SAC-RF,81,0.236655,303
YTDJ,BF-SAC-RF,BF-SAC-RF,82,0.236655,303
YTDJ,BF-SAC-RF,BF-SAC-RF,83,0.236655,303
YTDJ,BF-SAC-RF,BF-SAC-RF,84,0.236655,303
YTDJ,BF-SAC-RF,BF-SAC-RF,85,0.236655,303
YTDJ,BF-SAC-RF,BF-SAC-RF,86,0.236655,303
YTDJ,BF-SAC-RF,BF-SAC-RF,87,0.236655,303
YTDJ,BF-SAC-RF,BF-SAC-RF,88,0.236655,303
YTDJ,BF-SAC-RF,BF-SAC-RF,89,0.236655,303
YTDJ,BF-SAC-RF,BF-SAC-RF,90,0.236655,303
YTDJ,BF-SAC-RF,BF-SAC-RF,91,0.236655,303
YTDJ,BF-SAC-RF,BF-SAC-RF,92,0.233569,303
YTDJ,BF-SAC-RF,BF-SAC-RF,93,0.232136,303
YTDJ,BF-SAC-RF,BF-SAC-RF,94,0.232136,303
YTDJ,BF-SAC-RF,BF-SAC-RF,95,0.232136,303
YTDJ,BF-SAC-RF,BF-SAC-RF,96,0.232136,303
YTDJ,BF-SAC-RF,BF-SAC-RF,97,0.232136,303
YTDJ,BF-SAC-RF,BF-SAC-RF,98,0.231794,303
YTDJ,BF-SAC-RF,BF-SAC-RF,99,0.231794,303
YTDJ,BF-SAC-RF,BF-SAC-RF,100,0.231794,303
YTDJ,BF-SAC-RF,BF-SAC-RF,1,0.393028,404
YTDJ,BF-SAC-RF,BF-SAC-RF,2,0.393028,404
YTDJ,BF-SAC-RF,BF-SAC-RF,3,0.393028,404
YTDJ,BF-SAC-RF,BF-SAC-RF,4,0.393028,404
YTDJ,BF-SAC-RF,BF-SAC-RF,5,0.393028,404
YTDJ,BF-SAC-RF,BF-SAC-RF,6,0.393028,404
YTDJ,BF-SAC-RF,BF-SAC-RF,7,0.393028,404
YTDJ,BF-SAC-RF,BF-SAC-RF,8,0.393028,404
YTDJ,BF-SAC-RF,BF-SAC-RF,9,0.393028,404
YTDJ,BF-SAC-RF,BF-SAC-RF,10,0.393028,404
YTDJ,BF-SAC-RF,BF-SAC-RF,11,0.393028,404
YTDJ,BF-SAC-RF,BF-SAC-RF,12,0.393028,404
YTDJ,BF-SAC-RF,BF-SAC-RF,13,0.393028,404
YTDJ,BF-SAC-RF,BF-SAC-RF,14,0.393028,404
YTDJ,BF-SAC-RF,BF-SAC-RF,15,0.393028,404
YTDJ,BF-SAC-RF,BF-SAC-RF,16,0.393028,404
YTDJ,BF-SAC-RF,BF-SAC-RF,17,0.393028,404
YTDJ,BF-SAC-RF,BF-SAC-RF,18,0.393028,404
YTDJ,BF-SAC-RF,BF-SAC-RF,19,0.393028,404
YTDJ,BF-SAC-RF,BF-SAC-RF,20,0.393028,404
YTDJ,BF-SAC-RF,BF-SAC-RF,21,0.393028,404
YTDJ,BF-SAC-RF,BF-SAC-RF,22,0.385736,404
YTDJ,BF-SAC-RF,BF-SAC-RF,23,0.385736,404
YTDJ,BF-SAC-RF,BF-SAC-RF,24,0.385736,404
YTDJ,BF-SAC-RF,BF-SAC-RF,25,0.385736,404
YTDJ,BF-SAC-RF,BF-SAC-RF,26,0.385736,404
YTDJ,BF-SAC-RF,BF-SAC-RF,27,0.385736,404
YTDJ,BF-SAC-RF,BF-SAC-RF,28,0.385736,404
YTDJ,BF-SAC-RF,BF-SAC-RF,29,0.385736,404
YTDJ,BF-SAC-RF,BF-SAC-RF,30,0.385736,404
YTDJ,BF-SAC-RF,BF-SAC-RF,31,0.385736,404
YTDJ,BF-SAC-RF,BF-SAC-RF,32,0.385736,404
YTDJ,BF-SAC-RF,BF-SAC-RF,33,0.385736,404
YTDJ,BF-SAC-RF,BF-SAC-RF,34,0.385736,404
YTDJ,BF-SAC-RF,BF-SAC-RF,35,0.385736,404
YTDJ,BF-SAC-RF,BF-SAC-RF,36,0.385736,404
YTDJ,BF-SAC-RF,BF-SAC-RF,37,0.385736,404
YTDJ,BF-SAC-RF,BF-SAC-RF,38,0.253564,404
YTDJ,BF-SAC-RF,BF-SAC-RF,39,0.253564,404
YTDJ,BF-SAC-RF,BF-SAC-RF,40,0.253564,404
YTDJ,BF-SAC-RF,BF-SAC-RF,41,0.234668,404
YTDJ,BF-SAC-RF,BF-SAC-RF,42,0.234668,404
YTDJ,BF-SAC-RF,BF-SAC-RF,43,0.234668,404
YTDJ,BF-SAC-RF,BF-SAC-RF,44,0.234668,404
YTDJ,BF-SAC-RF,BF-SAC-RF,45,0.234668,404
YTDJ,BF-SAC-RF,BF-SAC-RF,46,0.234668,404
YTDJ,BF-SAC-RF,BF-SAC-RF,47,0.234668,404
YTDJ,BF-SAC-RF,BF-SAC-RF,48,0.234668,404
YTDJ,BF-SAC-RF,BF-SAC-RF,49,0.234668,404
YTDJ,BF-SAC-RF,BF-SAC-RF,50,0.234668,404
YTDJ,BF-SAC-RF,BF-SAC-RF,51,0.234668,404
YTDJ,BF-SAC-RF,BF-SAC-RF,52,0.234668,404
YTDJ,BF-SAC-RF,BF-SAC-RF,53,0.234668,404
YTDJ,BF-SAC-RF,BF-SAC-RF,54,0.234668,404
YTDJ,BF-SAC-RF,BF-SAC-RF,55,0.234668,404
YTDJ,BF-SAC-RF,BF-SAC-RF,56,0.234668,404
YTDJ,BF-SAC-RF,BF-SAC-RF,57,0.234668,404
YTDJ,BF-SAC-RF,BF-SAC-RF,58,0.234668,404
YTDJ,BF-SAC-RF,BF-SAC-RF,59,0.234668,404
YTDJ,BF-SAC-RF,BF-SAC-RF,60,0.234668,404
YTDJ,BF-SAC-RF,BF-SAC-RF,61,0.234668,404
YTDJ,BF-SAC-RF,BF-SAC-RF,62,0.234668,404
YTDJ,BF-SAC-RF,BF-SAC-RF,63,0.234668,404
YTDJ,BF-SAC-RF,BF-SAC-RF,64,0.234668,404
YTDJ,BF-SAC-RF,BF-SAC-RF,65,0.234668,404
YTDJ,BF-SAC-RF,BF-SAC-RF,66,0.228668,404
YTDJ,BF-SAC-RF,BF-SAC-RF,67,0.218356,404
YTDJ,BF-SAC-RF,BF-SAC-RF,68,0.218356,404
YTDJ,BF-SAC-RF,BF-SAC-RF,69,0.218356,404
YTDJ,BF-SAC-RF,BF-SAC-RF,70,0.218356,404
YTDJ,BF-SAC-RF,BF-SAC-RF,71,0.218356,404
YTDJ,BF-SAC-RF,BF-SAC-RF,72,0.218356,404
YTDJ,BF-SAC-RF,BF-SAC-RF,73,0.218356,404
YTDJ,BF-SAC-RF,BF-SAC-RF,74,0.218356,404
YTDJ,BF-SAC-RF,BF-SAC-RF,75,0.218356,404
YTDJ,BF-SAC-RF,BF-SAC-RF,76,0.218356,404
YTDJ,BF-SAC-RF,BF-SAC-RF,77,0.218356,404
YTDJ,BF-SAC-RF,BF-SAC-RF,78,0.218356,404
YTDJ,BF-SAC-RF,BF-SAC-RF,79,0.218356,404
YTDJ,BF-SAC-RF,BF-SAC-RF,80,0.218356,404
YTDJ,BF-SAC-RF,BF-SAC-RF,81,0.218356,404
YTDJ,BF-SAC-RF,BF-SAC-RF,82,0.218356,404
YTDJ,BF-SAC-RF,BF-SAC-RF,83,0.218356,404
YTDJ,BF-SAC-RF,BF-SAC-RF,84,0.218356,404
YTDJ,BF-SAC-RF,BF-SAC-RF,85,0.218356,404
YTDJ,BF-SAC-RF,BF-SAC-RF,86,0.218356,404
YTDJ,BF-SAC-RF,BF-SAC-RF,87,0.218356,404
YTDJ,BF-SAC-RF,BF-SAC-RF,88,0.218356,404
YTDJ,BF-SAC-RF,BF-SAC-RF,89,0.218356,404
YTDJ,BF-SAC-RF,BF-SAC-RF,90,0.218356,404
YTDJ,BF-SAC-RF,BF-SAC-RF,91,0.218356,404
YTDJ,BF-SAC-RF,BF-SAC-RF,92,0.218356,404
YTDJ,BF-SAC-RF,BF-SAC-RF,93,0.218356,404
YTDJ,BF-SAC-RF,BF-SAC-RF,94,0.218356,404
YTDJ,BF-SAC-RF,BF-SAC-RF,95,0.218356,404
YTDJ,BF-SAC-RF,BF-SAC-RF,96,0.218356,404
YTDJ,BF-SAC-RF,BF-SAC-RF,97,0.213894,404
YTDJ,BF-SAC-RF,BF-SAC-RF,98,0.213894,404
YTDJ,BF-SAC-RF,BF-SAC-RF,99,0.213894,404
YTDJ,BF-SAC-RF,BF-SAC-RF,100,0.213894,404
YTDJ,CMA-ES,CMA-ES,1,0.6623768915152892,42
YTDJ,CMA-ES,CMA-ES,2,0.6623768915152892,42
YTDJ,CMA-ES,CMA-ES,3,0.6623768915152892,42
YTDJ,CMA-ES,CMA-ES,4,0.6623768915152892,42
YTDJ,CMA-ES,CMA-ES,5,0.4931123942802724,42
YTDJ,CMA-ES,CMA-ES,6,0.4931123942802724,42
YTDJ,CMA-ES,CMA-ES,7,0.4931123942802724,42
YTDJ,CMA-ES,CMA-ES,8,0.4931123942802724,42
YTDJ,CMA-ES,CMA-ES,9,0.4576158917476395,42
YTDJ,CMA-ES,CMA-ES,10,0.4576158917476395,42
YTDJ,CMA-ES,CMA-ES,11,0.4576158917476395,42
YTDJ,CMA-ES,CMA-ES,12,0.42238828132059514,42
YTDJ,CMA-ES,CMA-ES,13,0.42238828132059514,42
YTDJ,CMA-ES,CMA-ES,14,0.42238828132059514,42
YTDJ,CMA-ES,CMA-ES,15,0.42238828132059514,42
YTDJ,CMA-ES,CMA-ES,16,0.42238828132059514,42
YTDJ,CMA-ES,CMA-ES,17,0.42238828132059514,42
YTDJ,CMA-ES,CMA-ES,18,0.42238828132059514,42
YTDJ,CMA-ES,CMA-ES,19,0.42238828132059514,42
YTDJ,CMA-ES,CMA-ES,20,0.42238828132059514,42
YTDJ,CMA-ES,CMA-ES,21,0.42238828132059514,42
YTDJ,CMA-ES,CMA-ES,22,0.42238828132059514,42
YTDJ,CMA-ES,CMA-ES,23,0.42238828132059514,42
YTDJ,CMA-ES,CMA-ES,24,0.42238828132059514,42
YTDJ,CMA-ES,CMA-ES,25,0.42238828132059514,42
YTDJ,CMA-ES,CMA-ES,26,0.2910006954825455,42
YTDJ,CMA-ES,CMA-ES,27,0.2910006954825455,42
YTDJ,CMA-ES,CMA-ES,28,0.2910006954825455,42
YTDJ,CMA-ES,CMA-ES,29,0.2910006954825455,42
YTDJ,CMA-ES,CMA-ES,30,0.2910006954825455,42
YTDJ,CMA-ES,CMA-ES,31,0.2910006954825455,42
YTDJ,CMA-ES,CMA-ES,32,0.2910006954825455,42
YTDJ,CMA-ES,CMA-ES,33,0.2910006954825455,42
YTDJ,CMA-ES,CMA-ES,34,0.2910006954825455,42
YTDJ,CMA-ES,CMA-ES,35,0.2910006954825455,42
YTDJ,CMA-ES,CMA-ES,36,0.2910006954825455,42
YTDJ,CMA-ES,CMA-ES,37,0.2910006954825455,42
YTDJ,CMA-ES,CMA-ES,38,0.2910006954825455,42
YTDJ,CMA-ES,CMA-ES,39,0.2910006954825455,42
YTDJ,CMA-ES,CMA-ES,40,0.2910006954825455,42
YTDJ,CMA-ES,CMA-ES,41,0.2910006954825455,42
YTDJ,CMA-ES,CMA-ES,42,0.2910006954825455,42
YTDJ,CMA-ES,CMA-ES,43,0.2910006954825455,42
YTDJ,CMA-ES,CMA-ES,44,0.2910006954825455,42
YTDJ,CMA-ES,CMA-ES,45,0.2910006954825455,42
YTDJ,CMA-ES,CMA-ES,46,0.2681684224757687,42
YTDJ,CMA-ES,CMA-ES,47,0.2681684224757687,42
YTDJ,CMA-ES,CMA-ES,48,0.2681684224757687,42
YTDJ,CMA-ES,CMA-ES,49,0.2681684224757687,42
YTDJ,CMA-ES,CMA-ES,50,0.2681684224757687,42
YTDJ,CMA-ES,CMA-ES,51,0.2681684224757687,42
YTDJ,CMA-ES,CMA-ES,52,0.2681684224757687,42
YTDJ,CMA-ES,CMA-ES,53,0.2681684224757687,42
YTDJ,CMA-ES,CMA-ES,54,0.2681684224757687,42
YTDJ,CMA-ES,CMA-ES,55,0.2681684224757687,42
YTDJ,CMA-ES,CMA-ES,56,0.2681684224757687,42
YTDJ,CMA-ES,CMA-ES,57,0.2681684224757687,42
YTDJ,CMA-ES,CMA-ES,58,0.2681684224757687,42
YTDJ,CMA-ES,CMA-ES,59,0.2681684224757687,42
YTDJ,CMA-ES,CMA-ES,60,0.2681684224757687,42
YTDJ,CMA-ES,CMA-ES,61,0.2681684224757687,42
YTDJ,CMA-ES,CMA-ES,62,0.2681684224757687,42
YTDJ,CMA-ES,CMA-ES,63,0.2681684224757687,42
YTDJ,CMA-ES,CMA-ES,64,0.2681684224757687,42
YTDJ,CMA-ES,CMA-ES,65,0.2681684224757687,42
YTDJ,CMA-ES,CMA-ES,66,0.2681684224757687,42
YTDJ,CMA-ES,CMA-ES,67,0.2681684224757687,42
YTDJ,CMA-ES,CMA-ES,68,0.2681684224757687,42
YTDJ,CMA-ES,CMA-ES,69,0.2681684224757687,42
YTDJ,CMA-ES,CMA-ES,70,0.2681684224757687,42
YTDJ,CMA-ES,CMA-ES,71,0.2681684224757687,42
YTDJ,CMA-ES,CMA-ES,72,0.2681684224757687,42
YTDJ,CMA-ES,CMA-ES,73,0.2681684224757687,42
YTDJ,CMA-ES,CMA-ES,74,0.2681684224757687,42
YTDJ,CMA-ES,CMA-ES,75,0.2681684224757687,42
YTDJ,CMA-ES,CMA-ES,76,0.2681684224757687,42
YTDJ,CMA-ES,CMA-ES,77,0.2681684224757687,42
YTDJ,CMA-ES,CMA-ES,78,0.2681684224757687,42
YTDJ,CMA-ES,CMA-ES,79,0.2681684224757687,42
YTDJ,CMA-ES,CMA-ES,80,0.2681684224757687,42
YTDJ,CMA-ES,CMA-ES,81,0.2681684224757687,42
YTDJ,CMA-ES,CMA-ES,82,0.2681684224757687,42
YTDJ,CMA-ES,CMA-ES,83,0.2681684224757687,42
YTDJ,CMA-ES,CMA-ES,84,0.2681684224757687,42
YTDJ,CMA-ES,CMA-ES,85,0.24443336354929754,42
YTDJ,CMA-ES,CMA-ES,86,0.24443336354929754,42
YTDJ,CMA-ES,CMA-ES,87,0.24443336354929754,42
YTDJ,CMA-ES,CMA-ES,88,0.24443336354929754,42
YTDJ,CMA-ES,CMA-ES,89,0.24443336354929754,42
YTDJ,CMA-ES,CMA-ES,90,0.24443336354929754,42
YTDJ,CMA-ES,CMA-ES,91,0.24443336354929754,42
YTDJ,CMA-ES,CMA-ES,92,0.24443336354929754,42
YTDJ,CMA-ES,CMA-ES,93,0.24443336354929754,42
YTDJ,CMA-ES,CMA-ES,94,0.24443336354929754,42
YTDJ,CMA-ES,CMA-ES,95,0.24443336354929754,42
YTDJ,CMA-ES,CMA-ES,96,0.24443336354929754,42
YTDJ,CMA-ES,CMA-ES,97,0.24443336354929754,42
YTDJ,CMA-ES,CMA-ES,98,0.24443336354929754,42
YTDJ,CMA-ES,CMA-ES,99,0.24443336354929754,42
YTDJ,CMA-ES,CMA-ES,100,0.24443336354929754,42
YTDJ,CMA-ES,CMA-ES,1,0.7106049576904659,101
YTDJ,CMA-ES,CMA-ES,2,0.7106049576904659,101
YTDJ,CMA-ES,CMA-ES,3,0.6861376717505122,101
YTDJ,CMA-ES,CMA-ES,4,0.4485162575787238,101
YTDJ,CMA-ES,CMA-ES,5,0.4485162575787238,101
YTDJ,CMA-ES,CMA-ES,6,0.4485162575787238,101
YTDJ,CMA-ES,CMA-ES,7,0.4381855933640425,101
YTDJ,CMA-ES,CMA-ES,8,0.4381855933640425,101
YTDJ,CMA-ES,CMA-ES,9,0.4381855933640425,101
YTDJ,CMA-ES,CMA-ES,10,0.4052745337916359,101
YTDJ,CMA-ES,CMA-ES,11,0.4052745337916359,101
YTDJ,CMA-ES,CMA-ES,12,0.4052745337916359,101
YTDJ,CMA-ES,CMA-ES,13,0.4052745337916359,101
YTDJ,CMA-ES,CMA-ES,14,0.4052745337916359,101
YTDJ,CMA-ES,CMA-ES,15,0.4052745337916359,101
YTDJ,CMA-ES,CMA-ES,16,0.4052745337916359,101
YTDJ,CMA-ES,CMA-ES,17,0.4052745337916359,101
YTDJ,CMA-ES,CMA-ES,18,0.4052745337916359,101
YTDJ,CMA-ES,CMA-ES,19,0.4052745337916359,101
YTDJ,CMA-ES,CMA-ES,20,0.4052745337916359,101
YTDJ,CMA-ES,CMA-ES,21,0.4052745337916359,101
YTDJ,CMA-ES,CMA-ES,22,0.4052745337916359,101
YTDJ,CMA-ES,CMA-ES,23,0.4052745337916359,101
YTDJ,CMA-ES,CMA-ES,24,0.4052745337916359,101
YTDJ,CMA-ES,CMA-ES,25,0.4052745337916359,101
YTDJ,CMA-ES,CMA-ES,26,0.38160733141247627,101
YTDJ,CMA-ES,CMA-ES,27,0.38160733141247627,101
YTDJ,CMA-ES,CMA-ES,28,0.38160733141247627,101
YTDJ,CMA-ES,CMA-ES,29,0.38160733141247627,101
YTDJ,CMA-ES,CMA-ES,30,0.38160733141247627,101
YTDJ,CMA-ES,CMA-ES,31,0.3786663089577192,101
YTDJ,CMA-ES,CMA-ES,32,0.3786663089577192,101
YTDJ,CMA-ES,CMA-ES,33,0.3786663089577192,101
YTDJ,CMA-ES,CMA-ES,34,0.3786663089577192,101
YTDJ,CMA-ES,CMA-ES,35,0.3786663089577192,101
YTDJ,CMA-ES,CMA-ES,36,0.3786663089577192,101
YTDJ,CMA-ES,CMA-ES,37,0.3016754474870273,101
YTDJ,CMA-ES,CMA-ES,38,0.3016754474870273,101
YTDJ,CMA-ES,CMA-ES,39,0.3016754474870273,101
YTDJ,CMA-ES,CMA-ES,40,0.3016754474870273,101
YTDJ,CMA-ES,CMA-ES,41,0.3016754474870273,101
YTDJ,CMA-ES,CMA-ES,42,0.3016754474870273,101
YTDJ,CMA-ES,CMA-ES,43,0.3016754474870273,101
YTDJ,CMA-ES,CMA-ES,44,0.3016754474870273,101
YTDJ,CMA-ES,CMA-ES,45,0.3016754474870273,101
YTDJ,CMA-ES,CMA-ES,46,0.3016754474870273,101
YTDJ,CMA-ES,CMA-ES,47,0.3016754474870273,101
YTDJ,CMA-ES,CMA-ES,48,0.3016754474870273,101
YTDJ,CMA-ES,CMA-ES,49,0.3016754474870273,101
YTDJ,CMA-ES,CMA-ES,50,0.3016754474870273,101
YTDJ,CMA-ES,CMA-ES,51,0.3016754474870273,101
YTDJ,CMA-ES,CMA-ES,52,0.3016754474870273,101
YTDJ,CMA-ES,CMA-ES,53,0.3016754474870273,101
YTDJ,CMA-ES,CMA-ES,54,0.3016754474870273,101
YTDJ,CMA-ES,CMA-ES,55,0.3016754474870273,101
YTDJ,CMA-ES,CMA-ES,56,0.3016754474870273,101
YTDJ,CMA-ES,CMA-ES,57,0.3016754474870273,101
YTDJ,CMA-ES,CMA-ES,58,0.3016754474870273,101
YTDJ,CMA-ES,CMA-ES,59,0.3016754474870273,101
YTDJ,CMA-ES,CMA-ES,60,0.3016754474870273,101
YTDJ,CMA-ES,CMA-ES,61,0.3016754474870273,101
YTDJ,CMA-ES,CMA-ES,62,0.29343974408997237,101
YTDJ,CMA-ES,CMA-ES,63,0.29343974408997237,101
YTDJ,CMA-ES,CMA-ES,64,0.29343974408997237,101
YTDJ,CMA-ES,CMA-ES,65,0.29343974408997237,101
YTDJ,CMA-ES,CMA-ES,66,0.29343974408997237,101
YTDJ,CMA-ES,CMA-ES,67,0.29343974408997237,101
YTDJ,CMA-ES,CMA-ES,68,0.29343974408997237,101
YTDJ,CMA-ES,CMA-ES,69,0.29343974408997237,101
YTDJ,CMA-ES,CMA-ES,70,0.29343974408997237,101
YTDJ,CMA-ES,CMA-ES,71,0.29343974408997237,101
YTDJ,CMA-ES,CMA-ES,72,0.29343974408997237,101
YTDJ,CMA-ES,CMA-ES,73,0.29343974408997237,101
YTDJ,CMA-ES,CMA-ES,74,0.29343974408997237,101
YTDJ,CMA-ES,CMA-ES,75,0.29343974408997237,101
YTDJ,CMA-ES,CMA-ES,76,0.29343974408997237,101
YTDJ,CMA-ES,CMA-ES,77,0.29343974408997237,101
YTDJ,CMA-ES,CMA-ES,78,0.29343974408997237,101
YTDJ,CMA-ES,CMA-ES,79,0.29343974408997237,101
YTDJ,CMA-ES,CMA-ES,80,0.29343974408997237,101
YTDJ,CMA-ES,CMA-ES,81,0.29343974408997237,101
YTDJ,CMA-ES,CMA-ES,82,0.2815511650103202,101
YTDJ,CMA-ES,CMA-ES,83,0.2815511650103202,101
YTDJ,CMA-ES,CMA-ES,84,0.2815511650103202,101
YTDJ,CMA-ES,CMA-ES,85,0.2815511650103202,101
YTDJ,CMA-ES,CMA-ES,86,0.2815511650103202,101
YTDJ,CMA-ES,CMA-ES,87,0.2815511650103202,101
YTDJ,CMA-ES,CMA-ES,88,0.2815511650103202,101
YTDJ,CMA-ES,CMA-ES,89,0.2815511650103202,101
YTDJ,CMA-ES,CMA-ES,90,0.2815511650103202,101
YTDJ,CMA-ES,CMA-ES,91,0.2815511650103202,101
YTDJ,CMA-ES,CMA-ES,92,0.2815511650103202,101
YTDJ,CMA-ES,CMA-ES,93,0.2815511650103202,101
YTDJ,CMA-ES,CMA-ES,94,0.2815511650103202,101
YTDJ,CMA-ES,CMA-ES,95,0.2815511650103202,101
YTDJ,CMA-ES,CMA-ES,96,0.2815511650103202,101
YTDJ,CMA-ES,CMA-ES,97,0.2815511650103202,101
YTDJ,CMA-ES,CMA-ES,98,0.2815511650103202,101
YTDJ,CMA-ES,CMA-ES,99,0.2815511650103202,101
YTDJ,CMA-ES,CMA-ES,100,0.2815511650103202,101
YTDJ,CMA-ES,CMA-ES,1,0.8370210947881496,202
YTDJ,CMA-ES,CMA-ES,2,0.7395817819560164,202
YTDJ,CMA-ES,CMA-ES,3,0.7378478811018304,202
YTDJ,CMA-ES,CMA-ES,4,0.7378478811018304,202
YTDJ,CMA-ES,CMA-ES,5,0.5776688961134959,202
YTDJ,CMA-ES,CMA-ES,6,0.5776688961134959,202
YTDJ,CMA-ES,CMA-ES,7,0.5776688961134959,202
YTDJ,CMA-ES,CMA-ES,8,0.5776688961134959,202
YTDJ,CMA-ES,CMA-ES,9,0.5776688961134959,202
YTDJ,CMA-ES,CMA-ES,10,0.5776688961134959,202
YTDJ,CMA-ES,CMA-ES,11,0.5776688961134959,202
YTDJ,CMA-ES,CMA-ES,12,0.5776688961134959,202
YTDJ,CMA-ES,CMA-ES,13,0.5776688961134959,202
YTDJ,CMA-ES,CMA-ES,14,0.5776688961134959,202
YTDJ,CMA-ES,CMA-ES,15,0.4645471567018307,202
YTDJ,CMA-ES,CMA-ES,16,0.4645471567018307,202
YTDJ,CMA-ES,CMA-ES,17,0.4645471567018307,202
YTDJ,CMA-ES,CMA-ES,18,0.4645471567018307,202
YTDJ,CMA-ES,CMA-ES,19,0.4645471567018307,202
YTDJ,CMA-ES,CMA-ES,20,0.4645471567018307,202
YTDJ,CMA-ES,CMA-ES,21,0.4645471567018307,202
YTDJ,CMA-ES,CMA-ES,22,0.4645471567018307,202
YTDJ,CMA-ES,CMA-ES,23,0.4645471567018307,202
YTDJ,CMA-ES,CMA-ES,24,0.4645471567018307,202
YTDJ,CMA-ES,CMA-ES,25,0.4645471567018307,202
YTDJ,CMA-ES,CMA-ES,26,0.4645471567018307,202
YTDJ,CMA-ES,CMA-ES,27,0.4644431487168678,202
YTDJ,CMA-ES,CMA-ES,28,0.4644431487168678,202
YTDJ,CMA-ES,CMA-ES,29,0.41587452481857246,202
YTDJ,CMA-ES,CMA-ES,30,0.41587452481857246,202
YTDJ,CMA-ES,CMA-ES,31,0.41587452481857246,202
YTDJ,CMA-ES,CMA-ES,32,0.41587452481857246,202
YTDJ,CMA-ES,CMA-ES,33,0.41587452481857246,202
YTDJ,CMA-ES,CMA-ES,34,0.41587452481857246,202
YTDJ,CMA-ES,CMA-ES,35,0.41587452481857246,202
YTDJ,CMA-ES,CMA-ES,36,0.41587452481857246,202
YTDJ,CMA-ES,CMA-ES,37,0.41587452481857246,202
YTDJ,CMA-ES,CMA-ES,38,0.41587452481857246,202
YTDJ,CMA-ES,CMA-ES,39,0.41587452481857246,202
YTDJ,CMA-ES,CMA-ES,40,0.41587452481857246,202
YTDJ,CMA-ES,CMA-ES,41,0.41587452481857246,202
YTDJ,CMA-ES,CMA-ES,42,0.41587452481857246,202
YTDJ,CMA-ES,CMA-ES,43,0.41587452481857246,202
YTDJ,CMA-ES,CMA-ES,44,0.41587452481857246,202
YTDJ,CMA-ES,CMA-ES,45,0.41587452481857246,202
YTDJ,CMA-ES,CMA-ES,46,0.41587452481857246,202
YTDJ,CMA-ES,CMA-ES,47,0.41587452481857246,202
YTDJ,CMA-ES,CMA-ES,48,0.3974266588139489,202
YTDJ,CMA-ES,CMA-ES,49,0.3974266588139489,202
YTDJ,CMA-ES,CMA-ES,50,0.3974266588139489,202
YTDJ,CMA-ES,CMA-ES,51,0.3974266588139489,202
YTDJ,CMA-ES,CMA-ES,52,0.3974266588139489,202
YTDJ,CMA-ES,CMA-ES,53,0.3974266588139489,202
YTDJ,CMA-ES,CMA-ES,54,0.3974266588139489,202
YTDJ,CMA-ES,CMA-ES,55,0.3974266588139489,202
YTDJ,CMA-ES,CMA-ES,56,0.3974266588139489,202
YTDJ,CMA-ES,CMA-ES,57,0.3974266588139489,202
YTDJ,CMA-ES,CMA-ES,58,0.3974266588139489,202
YTDJ,CMA-ES,CMA-ES,59,0.3974266588139489,202
YTDJ,CMA-ES,CMA-ES,60,0.3974266588139489,202
YTDJ,CMA-ES,CMA-ES,61,0.3974266588139489,202
YTDJ,CMA-ES,CMA-ES,62,0.3974266588139489,202
YTDJ,CMA-ES,CMA-ES,63,0.3974266588139489,202
YTDJ,CMA-ES,CMA-ES,64,0.3974266588139489,202
YTDJ,CMA-ES,CMA-ES,65,0.3974266588139489,202
YTDJ,CMA-ES,CMA-ES,66,0.3974266588139489,202
YTDJ,CMA-ES,CMA-ES,67,0.3974266588139489,202
YTDJ,CMA-ES,CMA-ES,68,0.3942326055382103,202
YTDJ,CMA-ES,CMA-ES,69,0.3942326055382103,202
YTDJ,CMA-ES,CMA-ES,70,0.3942326055382103,202
YTDJ,CMA-ES,CMA-ES,71,0.3942326055382103,202
YTDJ,CMA-ES,CMA-ES,72,0.3932714733980565,202
YTDJ,CMA-ES,CMA-ES,73,0.3932714733980565,202
YTDJ,CMA-ES,CMA-ES,74,0.3932714733980565,202
YTDJ,CMA-ES,CMA-ES,75,0.3932714733980565,202
YTDJ,CMA-ES,CMA-ES,76,0.3932714733980565,202
YTDJ,CMA-ES,CMA-ES,77,0.3932714733980565,202
YTDJ,CMA-ES,CMA-ES,78,0.3932714733980565,202
YTDJ,CMA-ES,CMA-ES,79,0.37973962043114495,202
YTDJ,CMA-ES,CMA-ES,80,0.37973962043114495,202
YTDJ,CMA-ES,CMA-ES,81,0.37973962043114495,202
YTDJ,CMA-ES,CMA-ES,82,0.37973962043114495,202
YTDJ,CMA-ES,CMA-ES,83,0.37973962043114495,202
YTDJ,CMA-ES,CMA-ES,84,0.37973962043114495,202
YTDJ,CMA-ES,CMA-ES,85,0.37973962043114495,202
YTDJ,CMA-ES,CMA-ES,86,0.37973962043114495,202
YTDJ,CMA-ES,CMA-ES,87,0.37973962043114495,202
YTDJ,CMA-ES,CMA-ES,88,0.37973962043114495,202
YTDJ,CMA-ES,CMA-ES,89,0.37973962043114495,202
YTDJ,CMA-ES,CMA-ES,90,0.37973962043114495,202
YTDJ,CMA-ES,CMA-ES,91,0.37973962043114495,202
YTDJ,CMA-ES,CMA-ES,92,0.37973962043114495,202
YTDJ,CMA-ES,CMA-ES,93,0.37973962043114495,202
YTDJ,CMA-ES,CMA-ES,94,0.37973962043114495,202
YTDJ,CMA-ES,CMA-ES,95,0.37973962043114495,202
YTDJ,CMA-ES,CMA-ES,96,0.37973962043114495,202
YTDJ,CMA-ES,CMA-ES,97,0.37973962043114495,202
YTDJ,CMA-ES,CMA-ES,98,0.37973962043114495,202
YTDJ,CMA-ES,CMA-ES,99,0.37973962043114495,202
YTDJ,CMA-ES,CMA-ES,100,0.37973962043114495,202
YTDJ,CMA-ES,CMA-ES,1,0.5760958907628477,303
YTDJ,CMA-ES,CMA-ES,2,0.3684996278339598,303
YTDJ,CMA-ES,CMA-ES,3,0.3684996278339598,303
YTDJ,CMA-ES,CMA-ES,4,0.3684996278339598,303
YTDJ,CMA-ES,CMA-ES,5,0.3684996278339598,303
YTDJ,CMA-ES,CMA-ES,6,0.3684996278339598,303
YTDJ,CMA-ES,CMA-ES,7,0.3684996278339598,303
YTDJ,CMA-ES,CMA-ES,8,0.3684996278339598,303
YTDJ,CMA-ES,CMA-ES,9,0.3684996278339598,303
YTDJ,CMA-ES,CMA-ES,10,0.3684996278339598,303
YTDJ,CMA-ES,CMA-ES,11,0.3684996278339598,303
YTDJ,CMA-ES,CMA-ES,12,0.3684996278339598,303
YTDJ,CMA-ES,CMA-ES,13,0.3684996278339598,303
YTDJ,CMA-ES,CMA-ES,14,0.3684996278339598,303
YTDJ,CMA-ES,CMA-ES,15,0.2930696225605871,303
YTDJ,CMA-ES,CMA-ES,16,0.2930696225605871,303
YTDJ,CMA-ES,CMA-ES,17,0.2930696225605871,303
YTDJ,CMA-ES,CMA-ES,18,0.2930696225605871,303
YTDJ,CMA-ES,CMA-ES,19,0.2930696225605871,303
YTDJ,CMA-ES,CMA-ES,20,0.2930696225605871,303
YTDJ,CMA-ES,CMA-ES,21,0.2930696225605871,303
YTDJ,CMA-ES,CMA-ES,22,0.2930696225605871,303
YTDJ,CMA-ES,CMA-ES,23,0.2930696225605871,303
YTDJ,CMA-ES,CMA-ES,24,0.2930696225605871,303
YTDJ,CMA-ES,CMA-ES,25,0.2930696225605871,303
YTDJ,CMA-ES,CMA-ES,26,0.24133240957335345,303
YTDJ,CMA-ES,CMA-ES,27,0.24133240957335345,303
YTDJ,CMA-ES,CMA-ES,28,0.24133240957335345,303
YTDJ,CMA-ES,CMA-ES,29,0.24133240957335345,303
YTDJ,CMA-ES,CMA-ES,30,0.24133240957335345,303
YTDJ,CMA-ES,CMA-ES,31,0.24133240957335345,303
YTDJ,CMA-ES,CMA-ES,32,0.24133240957335345,303
YTDJ,CMA-ES,CMA-ES,33,0.24133240957335345,303
YTDJ,CMA-ES,CMA-ES,34,0.24133240957335345,303
YTDJ,CMA-ES,CMA-ES,35,0.24133240957335345,303
YTDJ,CMA-ES,CMA-ES,36,0.24133240957335345,303
YTDJ,CMA-ES,CMA-ES,37,0.24133240957335345,303
YTDJ,CMA-ES,CMA-ES,38,0.24133240957335345,303
YTDJ,CMA-ES,CMA-ES,39,0.24133240957335345,303
YTDJ,CMA-ES,CMA-ES,40,0.24133240957335345,303
YTDJ,CMA-ES,CMA-ES,41,0.24133240957335345,303
YTDJ,CMA-ES,CMA-ES,42,0.24133240957335345,303
YTDJ,CMA-ES,CMA-ES,43,0.24133240957335345,303
YTDJ,CMA-ES,CMA-ES,44,0.24133240957335345,303
YTDJ,CMA-ES,CMA-ES,45,0.24133240957335345,303
YTDJ,CMA-ES,CMA-ES,46,0.24133240957335345,303
YTDJ,CMA-ES,CMA-ES,47,0.24133240957335345,303
YTDJ,CMA-ES,CMA-ES,48,0.24133240957335345,303
YTDJ,CMA-ES,CMA-ES,49,0.24133240957335345,303
YTDJ,CMA-ES,CMA-ES,50,0.24133240957335345,303
YTDJ,CMA-ES,CMA-ES,51,0.24133240957335345,303
YTDJ,CMA-ES,CMA-ES,52,0.24133240957335345,303
YTDJ,CMA-ES,CMA-ES,53,0.24133240957335345,303
YTDJ,CMA-ES,CMA-ES,54,0.24133240957335345,303
YTDJ,CMA-ES,CMA-ES,55,0.24133240957335345,303
YTDJ,CMA-ES,CMA-ES,56,0.24133240957335345,303
YTDJ,CMA-ES,CMA-ES,57,0.24133240957335345,303
YTDJ,CMA-ES,CMA-ES,58,0.24133240957335345,303
YTDJ,CMA-ES,CMA-ES,59,0.24133240957335345,303
YTDJ,CMA-ES,CMA-ES,60,0.24133240957335345,303
YTDJ,CMA-ES,CMA-ES,61,0.24133240957335345,303
YTDJ,CMA-ES,CMA-ES,62,0.24133240957335345,303
YTDJ,CMA-ES,CMA-ES,63,0.24133240957335345,303
YTDJ,CMA-ES,CMA-ES,64,0.24133240957335345,303
YTDJ,CMA-ES,CMA-ES,65,0.24133240957335345,303
YTDJ,CMA-ES,CMA-ES,66,0.24133240957335345,303
YTDJ,CMA-ES,CMA-ES,67,0.24133240957335345,303
YTDJ,CMA-ES,CMA-ES,68,0.24133240957335345,303
YTDJ,CMA-ES,CMA-ES,69,0.24133240957335345,303
YTDJ,CMA-ES,CMA-ES,70,0.24133240957335345,303
YTDJ,CMA-ES,CMA-ES,71,0.24133240957335345,303
YTDJ,CMA-ES,CMA-ES,72,0.24133240957335345,303
YTDJ,CMA-ES,CMA-ES,73,0.24133240957335345,303
YTDJ,CMA-ES,CMA-ES,74,0.24133240957335345,303
YTDJ,CMA-ES,CMA-ES,75,0.24133240957335345,303
YTDJ,CMA-ES,CMA-ES,76,0.24133240957335345,303
YTDJ,CMA-ES,CMA-ES,77,0.24133240957335345,303
YTDJ,CMA-ES,CMA-ES,78,0.24133240957335345,303
YTDJ,CMA-ES,CMA-ES,79,0.24133240957335345,303
YTDJ,CMA-ES,CMA-ES,80,0.24133240957335345,303
YTDJ,CMA-ES,CMA-ES,81,0.24133240957335345,303
YTDJ,CMA-ES,CMA-ES,82,0.24133240957335345,303
YTDJ,CMA-ES,CMA-ES,83,0.24133240957335345,303
YTDJ,CMA-ES,CMA-ES,84,0.24133240957335345,303
YTDJ,CMA-ES,CMA-ES,85,0.24133240957335345,303
YTDJ,CMA-ES,CMA-ES,86,0.24133240957335345,303
YTDJ,CMA-ES,CMA-ES,87,0.24133240957335345,303
YTDJ,CMA-ES,CMA-ES,88,0.24133240957335345,303
YTDJ,CMA-ES,CMA-ES,89,0.24133240957335345,303
YTDJ,CMA-ES,CMA-ES,90,0.24133240957335345,303
YTDJ,CMA-ES,CMA-ES,91,0.24133240957335345,303
YTDJ,CMA-ES,CMA-ES,92,0.24133240957335345,303
YTDJ,CMA-ES,CMA-ES,93,0.24133240957335345,303
YTDJ,CMA-ES,CMA-ES,94,0.24133240957335345,303
YTDJ,CMA-ES,CMA-ES,95,0.24133240957335345,303
YTDJ,CMA-ES,CMA-ES,96,0.24133240957335345,303
YTDJ,CMA-ES,CMA-ES,97,0.24133240957335345,303
YTDJ,CMA-ES,CMA-ES,98,0.24133240957335345,303
YTDJ,CMA-ES,CMA-ES,99,0.24133240957335345,303
YTDJ,CMA-ES,CMA-ES,100,0.24133240957335345,303
YTDJ,CMA-ES,CMA-ES,1,0.8043974266836665,404
YTDJ,CMA-ES,CMA-ES,2,0.6597240023336062,404
YTDJ,CMA-ES,CMA-ES,3,0.6597240023336062,404
YTDJ,CMA-ES,CMA-ES,4,0.6307799684590638,404
YTDJ,CMA-ES,CMA-ES,5,0.5955128537498813,404
YTDJ,CMA-ES,CMA-ES,6,0.5955128537498813,404
YTDJ,CMA-ES,CMA-ES,7,0.5955128537498813,404
YTDJ,CMA-ES,CMA-ES,8,0.5422317191357648,404
YTDJ,CMA-ES,CMA-ES,9,0.5422317191357648,404
YTDJ,CMA-ES,CMA-ES,10,0.5422317191357648,404
YTDJ,CMA-ES,CMA-ES,11,0.5422317191357648,404
YTDJ,CMA-ES,CMA-ES,12,0.5422317191357648,404
YTDJ,CMA-ES,CMA-ES,13,0.5422317191357648,404
YTDJ,CMA-ES,CMA-ES,14,0.5422317191357648,404
YTDJ,CMA-ES,CMA-ES,15,0.5422317191357648,404
YTDJ,CMA-ES,CMA-ES,16,0.5422317191357648,404
YTDJ,CMA-ES,CMA-ES,17,0.5422317191357648,404
YTDJ,CMA-ES,CMA-ES,18,0.5422317191357648,404
YTDJ,CMA-ES,CMA-ES,19,0.5422317191357648,404
YTDJ,CMA-ES,CMA-ES,20,0.5422317191357648,404
YTDJ,CMA-ES,CMA-ES,21,0.5422317191357648,404
YTDJ,CMA-ES,CMA-ES,22,0.5422317191357648,404
YTDJ,CMA-ES,CMA-ES,23,0.5422317191357648,404
YTDJ,CMA-ES,CMA-ES,24,0.449605528983367,404
YTDJ,CMA-ES,CMA-ES,25,0.449605528983367,404
YTDJ,CMA-ES,CMA-ES,26,0.4333927712189385,404
YTDJ,CMA-ES,CMA-ES,27,0.4333927712189385,404
YTDJ,CMA-ES,CMA-ES,28,0.4333927712189385,404
YTDJ,CMA-ES,CMA-ES,29,0.4333927712189385,404
YTDJ,CMA-ES,CMA-ES,30,0.4333927712189385,404
YTDJ,CMA-ES,CMA-ES,31,0.2949435558050639,404
YTDJ,CMA-ES,CMA-ES,32,0.2949435558050639,404
YTDJ,CMA-ES,CMA-ES,33,0.2949435558050639,404
YTDJ,CMA-ES,CMA-ES,34,0.2949435558050639,404
YTDJ,CMA-ES,CMA-ES,35,0.2949435558050639,404
YTDJ,CMA-ES,CMA-ES,36,0.2949435558050639,404
YTDJ,CMA-ES,CMA-ES,37,0.2949435558050639,404
YTDJ,CMA-ES,CMA-ES,38,0.2949435558050639,404
YTDJ,CMA-ES,CMA-ES,39,0.2949435558050639,404
YTDJ,CMA-ES,CMA-ES,40,0.2949435558050639,404
YTDJ,CMA-ES,CMA-ES,41,0.2949435558050639,404
YTDJ,CMA-ES,CMA-ES,42,0.2949435558050639,404
YTDJ,CMA-ES,CMA-ES,43,0.2949435558050639,404
YTDJ,CMA-ES,CMA-ES,44,0.2949435558050639,404
YTDJ,CMA-ES,CMA-ES,45,0.2949435558050639,404
YTDJ,CMA-ES,CMA-ES,46,0.2513985571318337,404
YTDJ,CMA-ES,CMA-ES,47,0.2513985571318337,404
YTDJ,CMA-ES,CMA-ES,48,0.2513985571318337,404
YTDJ,CMA-ES,CMA-ES,49,0.2513985571318337,404
YTDJ,CMA-ES,CMA-ES,50,0.2513985571318337,404
YTDJ,CMA-ES,CMA-ES,51,0.2513985571318337,404
YTDJ,CMA-ES,CMA-ES,52,0.2513985571318337,404
YTDJ,CMA-ES,CMA-ES,53,0.2513985571318337,404
YTDJ,CMA-ES,CMA-ES,54,0.2513985571318337,404
YTDJ,CMA-ES,CMA-ES,55,0.2513985571318337,404
YTDJ,CMA-ES,CMA-ES,56,0.2513985571318337,404
YTDJ,CMA-ES,CMA-ES,57,0.2513985571318337,404
YTDJ,CMA-ES,CMA-ES,58,0.2513985571318337,404
YTDJ,CMA-ES,CMA-ES,59,0.2513985571318337,404
YTDJ,CMA-ES,CMA-ES,60,0.2513985571318337,404
YTDJ,CMA-ES,CMA-ES,61,0.2513985571318337,404
YTDJ,CMA-ES,CMA-ES,62,0.2513985571318337,404
YTDJ,CMA-ES,CMA-ES,63,0.2513985571318337,404
YTDJ,CMA-ES,CMA-ES,64,0.2513985571318337,404
YTDJ,CMA-ES,CMA-ES,65,0.2513985571318337,404
YTDJ,CMA-ES,CMA-ES,66,0.2513985571318337,404
YTDJ,CMA-ES,CMA-ES,67,0.2513985571318337,404
YTDJ,CMA-ES,CMA-ES,68,0.2513985571318337,404
YTDJ,CMA-ES,CMA-ES,69,0.2513985571318337,404
YTDJ,CMA-ES,CMA-ES,70,0.2513985571318337,404
YTDJ,CMA-ES,CMA-ES,71,0.2513985571318337,404
YTDJ,CMA-ES,CMA-ES,72,0.2513985571318337,404
YTDJ,CMA-ES,CMA-ES,73,0.2513985571318337,404
YTDJ,CMA-ES,CMA-ES,74,0.2513985571318337,404
YTDJ,CMA-ES,CMA-ES,75,0.2513985571318337,404
YTDJ,CMA-ES,CMA-ES,76,0.2513985571318337,404
YTDJ,CMA-ES,CMA-ES,77,0.2513985571318337,404
YTDJ,CMA-ES,CMA-ES,78,0.2513985571318337,404
YTDJ,CMA-ES,CMA-ES,79,0.2513985571318337,404
YTDJ,CMA-ES,CMA-ES,80,0.2513985571318337,404
YTDJ,CMA-ES,CMA-ES,81,0.2513985571318337,404
YTDJ,CMA-ES,CMA-ES,82,0.2513985571318337,404
YTDJ,CMA-ES,CMA-ES,83,0.2513985571318337,404
YTDJ,CMA-ES,CMA-ES,84,0.2513985571318337,404
YTDJ,CMA-ES,CMA-ES,85,0.2513985571318337,404
YTDJ,CMA-ES,CMA-ES,86,0.2513985571318337,404
YTDJ,CMA-ES,CMA-ES,87,0.2513985571318337,404
YTDJ,CMA-ES,CMA-ES,88,0.2513985571318337,404
YTDJ,CMA-ES,CMA-ES,89,0.2513985571318337,404
YTDJ,CMA-ES,CMA-ES,90,0.2513985571318337,404
YTDJ,CMA-ES,CMA-ES,91,0.2513985571318337,404
YTDJ,CMA-ES,CMA-ES,92,0.2513985571318337,404
YTDJ,CMA-ES,CMA-ES,93,0.2513985571318337,404
YTDJ,CMA-ES,CMA-ES,94,0.2513985571318337,404
YTDJ,CMA-ES,CMA-ES,95,0.2513985571318337,404
YTDJ,CMA-ES,CMA-ES,96,0.2513985571318337,404
YTDJ,CMA-ES,CMA-ES,97,0.2513985571318337,404
YTDJ,CMA-ES,CMA-ES,98,0.2513985571318337,404
YTDJ,CMA-ES,CMA-ES,99,0.2513985571318337,404
YTDJ,CMA-ES,CMA-ES,100,0.2513985571318337,404
YTDJ,遗传算法（GA）,GA,1,0.74803268018927,42
YTDJ,遗传算法（GA）,GA,2,0.5790508740340806,42
YTDJ,遗传算法（GA）,GA,3,0.5790508740340806,42
YTDJ,遗传算法（GA）,GA,4,0.5532645322604224,42
YTDJ,遗传算法（GA）,GA,5,0.5532645322604224,42
YTDJ,遗传算法（GA）,GA,6,0.5532645322604224,42
YTDJ,遗传算法（GA）,GA,7,0.3981039765773144,42
YTDJ,遗传算法（GA）,GA,8,0.3981039765773144,42
YTDJ,遗传算法（GA）,GA,9,0.38691943704094023,42
YTDJ,遗传算法（GA）,GA,10,0.38691943704094023,42
YTDJ,遗传算法（GA）,GA,11,0.38691943704094023,42
YTDJ,遗传算法（GA）,GA,12,0.3528769681036693,42
YTDJ,遗传算法（GA）,GA,13,0.3528769681036693,42
YTDJ,遗传算法（GA）,GA,14,0.3528769681036693,42
YTDJ,遗传算法（GA）,GA,15,0.3528769681036693,42
YTDJ,遗传算法（GA）,GA,16,0.3528769681036693,42
YTDJ,遗传算法（GA）,GA,17,0.3528769681036693,42
YTDJ,遗传算法（GA）,GA,18,0.3528769681036693,42
YTDJ,遗传算法（GA）,GA,19,0.3528769681036693,42
YTDJ,遗传算法（GA）,GA,20,0.3528769681036693,42
YTDJ,遗传算法（GA）,GA,21,0.3528769681036693,42
YTDJ,遗传算法（GA）,GA,22,0.3528769681036693,42
YTDJ,遗传算法（GA）,GA,23,0.3528769681036693,42
YTDJ,遗传算法（GA）,GA,24,0.3528769681036693,42
YTDJ,遗传算法（GA）,GA,25,0.3528769681036693,42
YTDJ,遗传算法（GA）,GA,26,0.3528769681036693,42
YTDJ,遗传算法（GA）,GA,27,0.3528769681036693,42
YTDJ,遗传算法（GA）,GA,28,0.3528769681036693,42
YTDJ,遗传算法（GA）,GA,29,0.3528769681036693,42
YTDJ,遗传算法（GA）,GA,30,0.3528769681036693,42
YTDJ,遗传算法（GA）,GA,31,0.3115677361164203,42
YTDJ,遗传算法（GA）,GA,32,0.3115677361164203,42
YTDJ,遗传算法（GA）,GA,33,0.3115677361164203,42
YTDJ,遗传算法（GA）,GA,34,0.3115677361164203,42
YTDJ,遗传算法（GA）,GA,35,0.3115677361164203,42
YTDJ,遗传算法（GA）,GA,36,0.2834933179654332,42
YTDJ,遗传算法（GA）,GA,37,0.2834933179654332,42
YTDJ,遗传算法（GA）,GA,38,0.2834933179654332,42
YTDJ,遗传算法（GA）,GA,39,0.2834933179654332,42
YTDJ,遗传算法（GA）,GA,40,0.2834933179654332,42
YTDJ,遗传算法（GA）,GA,41,0.2834933179654332,42
YTDJ,遗传算法（GA）,GA,42,0.27493805108125435,42
YTDJ,遗传算法（GA）,GA,43,0.2573402921359278,42
YTDJ,遗传算法（GA）,GA,44,0.2573402921359278,42
YTDJ,遗传算法（GA）,GA,45,0.2573402921359278,42
YTDJ,遗传算法（GA）,GA,46,0.2573402921359278,42
YTDJ,遗传算法（GA）,GA,47,0.2573402921359278,42
YTDJ,遗传算法（GA）,GA,48,0.2573402921359278,42
YTDJ,遗传算法（GA）,GA,49,0.2573402921359278,42
YTDJ,遗传算法（GA）,GA,50,0.2573402921359278,42
YTDJ,遗传算法（GA）,GA,51,0.2573402921359278,42
YTDJ,遗传算法（GA）,GA,52,0.2573402921359278,42
YTDJ,遗传算法（GA）,GA,53,0.2573402921359278,42
YTDJ,遗传算法（GA）,GA,54,0.2573402921359278,42
YTDJ,遗传算法（GA）,GA,55,0.2573402921359278,42
YTDJ,遗传算法（GA）,GA,56,0.2573402921359278,42
YTDJ,遗传算法（GA）,GA,57,0.2573402921359278,42
YTDJ,遗传算法（GA）,GA,58,0.2573402921359278,42
YTDJ,遗传算法（GA）,GA,59,0.2573402921359278,42
YTDJ,遗传算法（GA）,GA,60,0.2573402921359278,42
YTDJ,遗传算法（GA）,GA,61,0.2573402921359278,42
YTDJ,遗传算法（GA）,GA,62,0.2573402921359278,42
YTDJ,遗传算法（GA）,GA,63,0.2573402921359278,42
YTDJ,遗传算法（GA）,GA,64,0.2573402921359278,42
YTDJ,遗传算法（GA）,GA,65,0.2573402921359278,42
YTDJ,遗传算法（GA）,GA,66,0.2573402921359278,42
YTDJ,遗传算法（GA）,GA,67,0.2573402921359278,42
YTDJ,遗传算法（GA）,GA,68,0.2573402921359278,42
YTDJ,遗传算法（GA）,GA,69,0.2573402921359278,42
YTDJ,遗传算法（GA）,GA,70,0.2573402921359278,42
YTDJ,遗传算法（GA）,GA,71,0.2573402921359278,42
YTDJ,遗传算法（GA）,GA,72,0.2573402921359278,42
YTDJ,遗传算法（GA）,GA,73,0.2573402921359278,42
YTDJ,遗传算法（GA）,GA,74,0.2573402921359278,42
YTDJ,遗传算法（GA）,GA,75,0.2573402921359278,42
YTDJ,遗传算法（GA）,GA,76,0.2573402921359278,42
YTDJ,遗传算法（GA）,GA,77,0.2573402921359278,42
YTDJ,遗传算法（GA）,GA,78,0.2573402921359278,42
YTDJ,遗传算法（GA）,GA,79,0.2573402921359278,42
YTDJ,遗传算法（GA）,GA,80,0.2573402921359278,42
YTDJ,遗传算法（GA）,GA,81,0.2573402921359278,42
YTDJ,遗传算法（GA）,GA,82,0.2573402921359278,42
YTDJ,遗传算法（GA）,GA,83,0.2573402921359278,42
YTDJ,遗传算法（GA）,GA,84,0.2573402921359278,42
YTDJ,遗传算法（GA）,GA,85,0.2573402921359278,42
YTDJ,遗传算法（GA）,GA,86,0.2573402921359278,42
YTDJ,遗传算法（GA）,GA,87,0.2573402921359278,42
YTDJ,遗传算法（GA）,GA,88,0.2573402921359278,42
YTDJ,遗传算法（GA）,GA,89,0.2573402921359278,42
YTDJ,遗传算法（GA）,GA,90,0.2573402921359278,42
YTDJ,遗传算法（GA）,GA,91,0.2573402921359278,42
YTDJ,遗传算法（GA）,GA,92,0.2573402921359278,42
YTDJ,遗传算法（GA）,GA,93,0.2573402921359278,42
YTDJ,遗传算法（GA）,GA,94,0.2573402921359278,42
YTDJ,遗传算法（GA）,GA,95,0.2573402921359278,42
YTDJ,遗传算法（GA）,GA,96,0.2573402921359278,42
YTDJ,遗传算法（GA）,GA,97,0.2573402921359278,42
YTDJ,遗传算法（GA）,GA,98,0.2573402921359278,42
YTDJ,遗传算法（GA）,GA,99,0.2573402921359278,42
YTDJ,遗传算法（GA）,GA,100,0.2573402921359278,42
YTDJ,遗传算法（GA）,GA,1,0.3887628336058371,101
YTDJ,遗传算法（GA）,GA,2,0.3887628336058371,101
YTDJ,遗传算法（GA）,GA,3,0.3887628336058371,101
YTDJ,遗传算法（GA）,GA,4,0.3887628336058371,101
YTDJ,遗传算法（GA）,GA,5,0.3887628336058371,101
YTDJ,遗传算法（GA）,GA,6,0.3887628336058371,101
YTDJ,遗传算法（GA）,GA,7,0.3887628336058371,101
YTDJ,遗传算法（GA）,GA,8,0.3887628336058371,101
YTDJ,遗传算法（GA）,GA,9,0.3887628336058371,101
YTDJ,遗传算法（GA）,GA,10,0.3887628336058371,101
YTDJ,遗传算法（GA）,GA,11,0.3887628336058371,101
YTDJ,遗传算法（GA）,GA,12,0.3887628336058371,101
YTDJ,遗传算法（GA）,GA,13,0.3887628336058371,101
YTDJ,遗传算法（GA）,GA,14,0.3887628336058371,101
YTDJ,遗传算法（GA）,GA,15,0.3839373072265842,101
YTDJ,遗传算法（GA）,GA,16,0.3839373072265842,101
YTDJ,遗传算法（GA）,GA,17,0.3839373072265842,101
YTDJ,遗传算法（GA）,GA,18,0.3839373072265842,101
YTDJ,遗传算法（GA）,GA,19,0.3839373072265842,101
YTDJ,遗传算法（GA）,GA,20,0.3839373072265842,101
YTDJ,遗传算法（GA）,GA,21,0.3839373072265842,101
YTDJ,遗传算法（GA）,GA,22,0.3839373072265842,101
YTDJ,遗传算法（GA）,GA,23,0.38326317795237985,101
YTDJ,遗传算法（GA）,GA,24,0.38326317795237985,101
YTDJ,遗传算法（GA）,GA,25,0.38326317795237985,101
YTDJ,遗传算法（GA）,GA,26,0.38326317795237985,101
YTDJ,遗传算法（GA）,GA,27,0.38326317795237985,101
YTDJ,遗传算法（GA）,GA,28,0.38326317795237985,101
YTDJ,遗传算法（GA）,GA,29,0.38326317795237985,101
YTDJ,遗传算法（GA）,GA,30,0.38326317795237985,101
YTDJ,遗传算法（GA）,GA,31,0.38326317795237985,101
YTDJ,遗传算法（GA）,GA,32,0.38326317795237985,101
YTDJ,遗传算法（GA）,GA,33,0.38326317795237985,101
YTDJ,遗传算法（GA）,GA,34,0.38326317795237985,101
YTDJ,遗传算法（GA）,GA,35,0.38326317795237985,101
YTDJ,遗传算法（GA）,GA,36,0.38326317795237985,101
YTDJ,遗传算法（GA）,GA,37,0.38326317795237985,101
YTDJ,遗传算法（GA）,GA,38,0.38326317795237985,101
YTDJ,遗传算法（GA）,GA,39,0.3734060948323098,101
YTDJ,遗传算法（GA）,GA,40,0.3734060948323098,101
YTDJ,遗传算法（GA）,GA,41,0.3734060948323098,101
YTDJ,遗传算法（GA）,GA,42,0.3734060948323098,101
YTDJ,遗传算法（GA）,GA,43,0.3734060948323098,101
YTDJ,遗传算法（GA）,GA,44,0.3734060948323098,101
YTDJ,遗传算法（GA）,GA,45,0.3734060948323098,101
YTDJ,遗传算法（GA）,GA,46,0.3734060948323098,101
YTDJ,遗传算法（GA）,GA,47,0.3734060948323098,101
YTDJ,遗传算法（GA）,GA,48,0.3734060948323098,101
YTDJ,遗传算法（GA）,GA,49,0.3734060948323098,101
YTDJ,遗传算法（GA）,GA,50,0.3734060948323098,101
YTDJ,遗传算法（GA）,GA,51,0.3734060948323098,101
YTDJ,遗传算法（GA）,GA,52,0.3734060948323098,101
YTDJ,遗传算法（GA）,GA,53,0.3734060948323098,101
YTDJ,遗传算法（GA）,GA,54,0.3734060948323098,101
YTDJ,遗传算法（GA）,GA,55,0.3734060948323098,101
YTDJ,遗传算法（GA）,GA,56,0.35086379089036546,101
YTDJ,遗传算法（GA）,GA,57,0.35086379089036546,101
YTDJ,遗传算法（GA）,GA,58,0.35086379089036546,101
YTDJ,遗传算法（GA）,GA,59,0.35086379089036546,101
YTDJ,遗传算法（GA）,GA,60,0.35086379089036546,101
YTDJ,遗传算法（GA）,GA,61,0.35086379089036546,101
YTDJ,遗传算法（GA）,GA,62,0.35086379089036546,101
YTDJ,遗传算法（GA）,GA,63,0.35086379089036546,101
YTDJ,遗传算法（GA）,GA,64,0.35086379089036546,101
YTDJ,遗传算法（GA）,GA,65,0.35086379089036546,101
YTDJ,遗传算法（GA）,GA,66,0.35086379089036546,101
YTDJ,遗传算法（GA）,GA,67,0.35086379089036546,101
YTDJ,遗传算法（GA）,GA,68,0.35086379089036546,101
YTDJ,遗传算法（GA）,GA,69,0.35086379089036546,101
YTDJ,遗传算法（GA）,GA,70,0.35086379089036546,101
YTDJ,遗传算法（GA）,GA,71,0.35086379089036546,101
YTDJ,遗传算法（GA）,GA,72,0.35086379089036546,101
YTDJ,遗传算法（GA）,GA,73,0.35086379089036546,101
YTDJ,遗传算法（GA）,GA,74,0.35086379089036546,101
YTDJ,遗传算法（GA）,GA,75,0.35086379089036546,101
YTDJ,遗传算法（GA）,GA,76,0.35086379089036546,101
YTDJ,遗传算法（GA）,GA,77,0.35086379089036546,101
YTDJ,遗传算法（GA）,GA,78,0.35086379089036546,101
YTDJ,遗传算法（GA）,GA,79,0.35086379089036546,101
YTDJ,遗传算法（GA）,GA,80,0.35086379089036546,101
YTDJ,遗传算法（GA）,GA,81,0.35086379089036546,101
YTDJ,遗传算法（GA）,GA,82,0.35086379089036546,101
YTDJ,遗传算法（GA）,GA,83,0.35086379089036546,101
YTDJ,遗传算法（GA）,GA,84,0.35086379089036546,101
YTDJ,遗传算法（GA）,GA,85,0.35086379089036546,101
YTDJ,遗传算法（GA）,GA,86,0.35086379089036546,101
YTDJ,遗传算法（GA）,GA,87,0.35086379089036546,101
YTDJ,遗传算法（GA）,GA,88,0.35086379089036546,101
YTDJ,遗传算法（GA）,GA,89,0.35086379089036546,101
YTDJ,遗传算法（GA）,GA,90,0.35086379089036546,101
YTDJ,遗传算法（GA）,GA,91,0.35086379089036546,101
YTDJ,遗传算法（GA）,GA,92,0.35086379089036546,101
YTDJ,遗传算法（GA）,GA,93,0.35086379089036546,101
YTDJ,遗传算法（GA）,GA,94,0.35086379089036546,101
YTDJ,遗传算法（GA）,GA,95,0.35086379089036546,101
YTDJ,遗传算法（GA）,GA,96,0.35086379089036546,101
YTDJ,遗传算法（GA）,GA,97,0.35086379089036546,101
YTDJ,遗传算法（GA）,GA,98,0.35086379089036546,101
YTDJ,遗传算法（GA）,GA,99,0.35086379089036546,101
YTDJ,遗传算法（GA）,GA,100,0.35086379089036546,101
YTDJ,遗传算法（GA）,GA,1,0.670229435192207,202
YTDJ,遗传算法（GA）,GA,2,0.5311418422942882,202
YTDJ,遗传算法（GA）,GA,3,0.5311418422942882,202
YTDJ,遗传算法（GA）,GA,4,0.5311418422942882,202
YTDJ,遗传算法（GA）,GA,5,0.5311418422942882,202
YTDJ,遗传算法（GA）,GA,6,0.5311418422942882,202
YTDJ,遗传算法（GA）,GA,7,0.5167317454883926,202
YTDJ,遗传算法（GA）,GA,8,0.5065803007158223,202
YTDJ,遗传算法（GA）,GA,9,0.5065803007158223,202
YTDJ,遗传算法（GA）,GA,10,0.5065803007158223,202
YTDJ,遗传算法（GA）,GA,11,0.4782084506485389,202
YTDJ,遗传算法（GA）,GA,12,0.4782084506485389,202
YTDJ,遗传算法（GA）,GA,13,0.4782084506485389,202
YTDJ,遗传算法（GA）,GA,14,0.4508196644760134,202
YTDJ,遗传算法（GA）,GA,15,0.4508196644760134,202
YTDJ,遗传算法（GA）,GA,16,0.4508196644760134,202
YTDJ,遗传算法（GA）,GA,17,0.4508196644760134,202
YTDJ,遗传算法（GA）,GA,18,0.4508196644760134,202
YTDJ,遗传算法（GA）,GA,19,0.4508196644760134,202
YTDJ,遗传算法（GA）,GA,20,0.4508196644760134,202
YTDJ,遗传算法（GA）,GA,21,0.43301093100930743,202
YTDJ,遗传算法（GA）,GA,22,0.43301093100930743,202
YTDJ,遗传算法（GA）,GA,23,0.43301093100930743,202
YTDJ,遗传算法（GA）,GA,24,0.43301093100930743,202
YTDJ,遗传算法（GA）,GA,25,0.43301093100930743,202
YTDJ,遗传算法（GA）,GA,26,0.43301093100930743,202
YTDJ,遗传算法（GA）,GA,27,0.43301093100930743,202
YTDJ,遗传算法（GA）,GA,28,0.43301093100930743,202
YTDJ,遗传算法（GA）,GA,29,0.43301093100930743,202
YTDJ,遗传算法（GA）,GA,30,0.43301093100930743,202
YTDJ,遗传算法（GA）,GA,31,0.43301093100930743,202
YTDJ,遗传算法（GA）,GA,32,0.43301093100930743,202
YTDJ,遗传算法（GA）,GA,33,0.43301093100930743,202
YTDJ,遗传算法（GA）,GA,34,0.43301093100930743,202
YTDJ,遗传算法（GA）,GA,35,0.43301093100930743,202
YTDJ,遗传算法（GA）,GA,36,0.43301093100930743,202
YTDJ,遗传算法（GA）,GA,37,0.43301093100930743,202
YTDJ,遗传算法（GA）,GA,38,0.4121894260742201,202
YTDJ,遗传算法（GA）,GA,39,0.4121894260742201,202
YTDJ,遗传算法（GA）,GA,40,0.4121894260742201,202
YTDJ,遗传算法（GA）,GA,41,0.4121894260742201,202
YTDJ,遗传算法（GA）,GA,42,0.4121894260742201,202
YTDJ,遗传算法（GA）,GA,43,0.4121894260742201,202
YTDJ,遗传算法（GA）,GA,44,0.4121894260742201,202
YTDJ,遗传算法（GA）,GA,45,0.4121894260742201,202
YTDJ,遗传算法（GA）,GA,46,0.4121894260742201,202
YTDJ,遗传算法（GA）,GA,47,0.32385337177361295,202
YTDJ,遗传算法（GA）,GA,48,0.32385337177361295,202
YTDJ,遗传算法（GA）,GA,49,0.32385337177361295,202
YTDJ,遗传算法（GA）,GA,50,0.32385337177361295,202
YTDJ,遗传算法（GA）,GA,51,0.32385337177361295,202
YTDJ,遗传算法（GA）,GA,52,0.32385337177361295,202
YTDJ,遗传算法（GA）,GA,53,0.32385337177361295,202
YTDJ,遗传算法（GA）,GA,54,0.32385337177361295,202
YTDJ,遗传算法（GA）,GA,55,0.30112813902658137,202
YTDJ,遗传算法（GA）,GA,56,0.30112813902658137,202
YTDJ,遗传算法（GA）,GA,57,0.30112813902658137,202
YTDJ,遗传算法（GA）,GA,58,0.30112813902658137,202
YTDJ,遗传算法（GA）,GA,59,0.30112813902658137,202
YTDJ,遗传算法（GA）,GA,60,0.30112813902658137,202
YTDJ,遗传算法（GA）,GA,61,0.30112813902658137,202
YTDJ,遗传算法（GA）,GA,62,0.30112813902658137,202
YTDJ,遗传算法（GA）,GA,63,0.30112813902658137,202
YTDJ,遗传算法（GA）,GA,64,0.30112813902658137,202
YTDJ,遗传算法（GA）,GA,65,0.30112813902658137,202
YTDJ,遗传算法（GA）,GA,66,0.30112813902658137,202
YTDJ,遗传算法（GA）,GA,67,0.30112813902658137,202
YTDJ,遗传算法（GA）,GA,68,0.30112813902658137,202
YTDJ,遗传算法（GA）,GA,69,0.30112813902658137,202
YTDJ,遗传算法（GA）,GA,70,0.30112813902658137,202
YTDJ,遗传算法（GA）,GA,71,0.30112813902658137,202
YTDJ,遗传算法（GA）,GA,72,0.30112813902658137,202
YTDJ,遗传算法（GA）,GA,73,0.30112813902658137,202
YTDJ,遗传算法（GA）,GA,74,0.30112813902658137,202
YTDJ,遗传算法（GA）,GA,75,0.30112813902658137,202
YTDJ,遗传算法（GA）,GA,76,0.30112813902658137,202
YTDJ,遗传算法（GA）,GA,77,0.30112813902658137,202
YTDJ,遗传算法（GA）,GA,78,0.30112813902658137,202
YTDJ,遗传算法（GA）,GA,79,0.30112813902658137,202
YTDJ,遗传算法（GA）,GA,80,0.30112813902658137,202
YTDJ,遗传算法（GA）,GA,81,0.30112813902658137,202
YTDJ,遗传算法（GA）,GA,82,0.30112813902658137,202
YTDJ,遗传算法（GA）,GA,83,0.30112813902658137,202
YTDJ,遗传算法（GA）,GA,84,0.30112813902658137,202
YTDJ,遗传算法（GA）,GA,85,0.30112813902658137,202
YTDJ,遗传算法（GA）,GA,86,0.30112813902658137,202
YTDJ,遗传算法（GA）,GA,87,0.30112813902658137,202
YTDJ,遗传算法（GA）,GA,88,0.30112813902658137,202
YTDJ,遗传算法（GA）,GA,89,0.30112813902658137,202
YTDJ,遗传算法（GA）,GA,90,0.30112813902658137,202
YTDJ,遗传算法（GA）,GA,91,0.30112813902658137,202
YTDJ,遗传算法（GA）,GA,92,0.30112813902658137,202
YTDJ,遗传算法（GA）,GA,93,0.30112813902658137,202
YTDJ,遗传算法（GA）,GA,94,0.30112813902658137,202
YTDJ,遗传算法（GA）,GA,95,0.30112813902658137,202
YTDJ,遗传算法（GA）,GA,96,0.30112813902658137,202
YTDJ,遗传算法（GA）,GA,97,0.30112813902658137,202
YTDJ,遗传算法（GA）,GA,98,0.30112813902658137,202
YTDJ,遗传算法（GA）,GA,99,0.30112813902658137,202
YTDJ,遗传算法（GA）,GA,100,0.30112813902658137,202
YTDJ,遗传算法（GA）,GA,1,0.669437691833501,303
YTDJ,遗传算法（GA）,GA,2,0.669437691833501,303
YTDJ,遗传算法（GA）,GA,3,0.3990653739908971,303
YTDJ,遗传算法（GA）,GA,4,0.3990653739908971,303
YTDJ,遗传算法（GA）,GA,5,0.3990653739908971,303
YTDJ,遗传算法（GA）,GA,6,0.3990653739908971,303
YTDJ,遗传算法（GA）,GA,7,0.3990653739908971,303
YTDJ,遗传算法（GA）,GA,8,0.3990653739908971,303
YTDJ,遗传算法（GA）,GA,9,0.3990653739908971,303
YTDJ,遗传算法（GA）,GA,10,0.3990653739908971,303
YTDJ,遗传算法（GA）,GA,11,0.3990653739908971,303
YTDJ,遗传算法（GA）,GA,12,0.3990653739908971,303
YTDJ,遗传算法（GA）,GA,13,0.3990653739908971,303
YTDJ,遗传算法（GA）,GA,14,0.3990653739908971,303
YTDJ,遗传算法（GA）,GA,15,0.3990653739908971,303
YTDJ,遗传算法（GA）,GA,16,0.3990653739908971,303
YTDJ,遗传算法（GA）,GA,17,0.3990653739908971,303
YTDJ,遗传算法（GA）,GA,18,0.3990653739908971,303
YTDJ,遗传算法（GA）,GA,19,0.3990653739908971,303
YTDJ,遗传算法（GA）,GA,20,0.3990653739908971,303
YTDJ,遗传算法（GA）,GA,21,0.3990653739908971,303
YTDJ,遗传算法（GA）,GA,22,0.3990653739908971,303
YTDJ,遗传算法（GA）,GA,23,0.3990653739908971,303
YTDJ,遗传算法（GA）,GA,24,0.3990653739908971,303
YTDJ,遗传算法（GA）,GA,25,0.3990653739908971,303
YTDJ,遗传算法（GA）,GA,26,0.3990653739908971,303
YTDJ,遗传算法（GA）,GA,27,0.3990653739908971,303
YTDJ,遗传算法（GA）,GA,28,0.3990653739908971,303
YTDJ,遗传算法（GA）,GA,29,0.3990653739908971,303
YTDJ,遗传算法（GA）,GA,30,0.3990653739908971,303
YTDJ,遗传算法（GA）,GA,31,0.3990653739908971,303
YTDJ,遗传算法（GA）,GA,32,0.3990653739908971,303
YTDJ,遗传算法（GA）,GA,33,0.3990653739908971,303
YTDJ,遗传算法（GA）,GA,34,0.3990653739908971,303
YTDJ,遗传算法（GA）,GA,35,0.3990653739908971,303
YTDJ,遗传算法（GA）,GA,36,0.3990653739908971,303
YTDJ,遗传算法（GA）,GA,37,0.3990653739908971,303
YTDJ,遗传算法（GA）,GA,38,0.3990653739908971,303
YTDJ,遗传算法（GA）,GA,39,0.3990653739908971,303
YTDJ,遗传算法（GA）,GA,40,0.3990653739908971,303
YTDJ,遗传算法（GA）,GA,41,0.379415760176819,303
YTDJ,遗传算法（GA）,GA,42,0.379415760176819,303
YTDJ,遗传算法（GA）,GA,43,0.379415760176819,303
YTDJ,遗传算法（GA）,GA,44,0.379415760176819,303
YTDJ,遗传算法（GA）,GA,45,0.379415760176819,303
YTDJ,遗传算法（GA）,GA,46,0.379415760176819,303
YTDJ,遗传算法（GA）,GA,47,0.379415760176819,303
YTDJ,遗传算法（GA）,GA,48,0.379415760176819,303
YTDJ,遗传算法（GA）,GA,49,0.379415760176819,303
YTDJ,遗传算法（GA）,GA,50,0.379415760176819,303
YTDJ,遗传算法（GA）,GA,51,0.379415760176819,303
YTDJ,遗传算法（GA）,GA,52,0.379415760176819,303
YTDJ,遗传算法（GA）,GA,53,0.379415760176819,303
YTDJ,遗传算法（GA）,GA,54,0.379415760176819,303
YTDJ,遗传算法（GA）,GA,55,0.379415760176819,303
YTDJ,遗传算法（GA）,GA,56,0.379415760176819,303
YTDJ,遗传算法（GA）,GA,57,0.379415760176819,303
YTDJ,遗传算法（GA）,GA,58,0.3540779435612003,303
YTDJ,遗传算法（GA）,GA,59,0.3540779435612003,303
YTDJ,遗传算法（GA）,GA,60,0.3540779435612003,303
YTDJ,遗传算法（GA）,GA,61,0.3540779435612003,303
YTDJ,遗传算法（GA）,GA,62,0.3540779435612003,303
YTDJ,遗传算法（GA）,GA,63,0.3540779435612003,303
YTDJ,遗传算法（GA）,GA,64,0.3540779435612003,303
YTDJ,遗传算法（GA）,GA,65,0.3540779435612003,303
YTDJ,遗传算法（GA）,GA,66,0.3540779435612003,303
YTDJ,遗传算法（GA）,GA,67,0.3540779435612003,303
YTDJ,遗传算法（GA）,GA,68,0.3540779435612003,303
YTDJ,遗传算法（GA）,GA,69,0.3540779435612003,303
YTDJ,遗传算法（GA）,GA,70,0.3540779435612003,303
YTDJ,遗传算法（GA）,GA,71,0.3540779435612003,303
YTDJ,遗传算法（GA）,GA,72,0.3540779435612003,303
YTDJ,遗传算法（GA）,GA,73,0.3540779435612003,303
YTDJ,遗传算法（GA）,GA,74,0.3540779435612003,303
YTDJ,遗传算法（GA）,GA,75,0.3540779435612003,303
YTDJ,遗传算法（GA）,GA,76,0.3540779435612003,303
YTDJ,遗传算法（GA）,GA,77,0.3540779435612003,303
YTDJ,遗传算法（GA）,GA,78,0.3540779435612003,303
YTDJ,遗传算法（GA）,GA,79,0.3540779435612003,303
YTDJ,遗传算法（GA）,GA,80,0.3540779435612003,303
YTDJ,遗传算法（GA）,GA,81,0.3540779435612003,303
YTDJ,遗传算法（GA）,GA,82,0.3540779435612003,303
YTDJ,遗传算法（GA）,GA,83,0.3540779435612003,303
YTDJ,遗传算法（GA）,GA,84,0.3540779435612003,303
YTDJ,遗传算法（GA）,GA,85,0.3540779435612003,303
YTDJ,遗传算法（GA）,GA,86,0.3540779435612003,303
YTDJ,遗传算法（GA）,GA,87,0.3540779435612003,303
YTDJ,遗传算法（GA）,GA,88,0.3540779435612003,303
YTDJ,遗传算法（GA）,GA,89,0.3540779435612003,303
YTDJ,遗传算法（GA）,GA,90,0.3540779435612003,303
YTDJ,遗传算法（GA）,GA,91,0.3540779435612003,303
YTDJ,遗传算法（GA）,GA,92,0.3540779435612003,303
YTDJ,遗传算法（GA）,GA,93,0.3540779435612003,303
YTDJ,遗传算法（GA）,GA,94,0.3540779435612003,303
YTDJ,遗传算法（GA）,GA,95,0.3540779435612003,303
YTDJ,遗传算法（GA）,GA,96,0.3540779435612003,303
YTDJ,遗传算法（GA）,GA,97,0.3540779435612003,303
YTDJ,遗传算法（GA）,GA,98,0.3540779435612003,303
YTDJ,遗传算法（GA）,GA,99,0.3540779435612003,303
YTDJ,遗传算法（GA）,GA,100,0.3540779435612003,303
YTDJ,遗传算法（GA）,GA,1,0.7818751016981181,404
YTDJ,遗传算法（GA）,GA,2,0.5040136677406636,404
YTDJ,遗传算法（GA）,GA,3,0.5040136677406636,404
YTDJ,遗传算法（GA）,GA,4,0.4855432184206623,404
YTDJ,遗传算法（GA）,GA,5,0.4855432184206623,404
YTDJ,遗传算法（GA）,GA,6,0.4855432184206623,404
YTDJ,遗传算法（GA）,GA,7,0.4855432184206623,404
YTDJ,遗传算法（GA）,GA,8,0.4855432184206623,404
YTDJ,遗传算法（GA）,GA,9,0.4855432184206623,404
YTDJ,遗传算法（GA）,GA,10,0.4855432184206623,404
YTDJ,遗传算法（GA）,GA,11,0.4855432184206623,404
YTDJ,遗传算法（GA）,GA,12,0.4855432184206623,404
YTDJ,遗传算法（GA）,GA,13,0.4665312054555647,404
YTDJ,遗传算法（GA）,GA,14,0.4665312054555647,404
YTDJ,遗传算法（GA）,GA,15,0.4665312054555647,404
YTDJ,遗传算法（GA）,GA,16,0.4665312054555647,404
YTDJ,遗传算法（GA）,GA,17,0.4665312054555647,404
YTDJ,遗传算法（GA）,GA,18,0.4665312054555647,404
YTDJ,遗传算法（GA）,GA,19,0.4665312054555647,404
YTDJ,遗传算法（GA）,GA,20,0.4665312054555647,404
YTDJ,遗传算法（GA）,GA,21,0.4665312054555647,404
YTDJ,遗传算法（GA）,GA,22,0.4665312054555647,404
YTDJ,遗传算法（GA）,GA,23,0.4665312054555647,404
YTDJ,遗传算法（GA）,GA,24,0.4665312054555647,404
YTDJ,遗传算法（GA）,GA,25,0.4665312054555647,404
YTDJ,遗传算法（GA）,GA,26,0.4665312054555647,404
YTDJ,遗传算法（GA）,GA,27,0.4665312054555647,404
YTDJ,遗传算法（GA）,GA,28,0.4665312054555647,404
YTDJ,遗传算法（GA）,GA,29,0.37362026502429024,404
YTDJ,遗传算法（GA）,GA,30,0.37362026502429024,404
YTDJ,遗传算法（GA）,GA,31,0.37362026502429024,404
YTDJ,遗传算法（GA）,GA,32,0.37362026502429024,404
YTDJ,遗传算法（GA）,GA,33,0.37362026502429024,404
YTDJ,遗传算法（GA）,GA,34,0.37362026502429024,404
YTDJ,遗传算法（GA）,GA,35,0.37362026502429024,404
YTDJ,遗传算法（GA）,GA,36,0.37362026502429024,404
YTDJ,遗传算法（GA）,GA,37,0.37362026502429024,404
YTDJ,遗传算法（GA）,GA,38,0.37362026502429024,404
YTDJ,遗传算法（GA）,GA,39,0.37362026502429024,404
YTDJ,遗传算法（GA）,GA,40,0.37362026502429024,404
YTDJ,遗传算法（GA）,GA,41,0.37362026502429024,404
YTDJ,遗传算法（GA）,GA,42,0.37362026502429024,404
YTDJ,遗传算法（GA）,GA,43,0.37362026502429024,404
YTDJ,遗传算法（GA）,GA,44,0.37362026502429024,404
YTDJ,遗传算法（GA）,GA,45,0.37362026502429024,404
YTDJ,遗传算法（GA）,GA,46,0.37362026502429024,404
YTDJ,遗传算法（GA）,GA,47,0.37362026502429024,404
YTDJ,遗传算法（GA）,GA,48,0.37362026502429024,404
YTDJ,遗传算法（GA）,GA,49,0.37362026502429024,404
YTDJ,遗传算法（GA）,GA,50,0.37362026502429024,404
YTDJ,遗传算法（GA）,GA,51,0.37362026502429024,404
YTDJ,遗传算法（GA）,GA,52,0.37362026502429024,404
YTDJ,遗传算法（GA）,GA,53,0.37362026502429024,404
YTDJ,遗传算法（GA）,GA,54,0.37362026502429024,404
YTDJ,遗传算法（GA）,GA,55,0.3494089860284265,404
YTDJ,遗传算法（GA）,GA,56,0.3494089860284265,404
YTDJ,遗传算法（GA）,GA,57,0.3494089860284265,404
YTDJ,遗传算法（GA）,GA,58,0.3494089860284265,404
YTDJ,遗传算法（GA）,GA,59,0.3494089860284265,404
YTDJ,遗传算法（GA）,GA,60,0.3494089860284265,404
YTDJ,遗传算法（GA）,GA,61,0.3494089860284265,404
YTDJ,遗传算法（GA）,GA,62,0.3494089860284265,404
YTDJ,遗传算法（GA）,GA,63,0.32258651438361813,404
YTDJ,遗传算法（GA）,GA,64,0.32258651438361813,404
YTDJ,遗传算法（GA）,GA,65,0.32258651438361813,404
YTDJ,遗传算法（GA）,GA,66,0.32258651438361813,404
YTDJ,遗传算法（GA）,GA,67,0.32258651438361813,404
YTDJ,遗传算法（GA）,GA,68,0.32258651438361813,404
YTDJ,遗传算法（GA）,GA,69,0.32258651438361813,404
YTDJ,遗传算法（GA）,GA,70,0.32258651438361813,404
YTDJ,遗传算法（GA）,GA,71,0.32258651438361813,404
YTDJ,遗传算法（GA）,GA,72,0.32258651438361813,404
YTDJ,遗传算法（GA）,GA,73,0.32258651438361813,404
YTDJ,遗传算法（GA）,GA,74,0.32258651438361813,404
YTDJ,遗传算法（GA）,GA,75,0.32258651438361813,404
YTDJ,遗传算法（GA）,GA,76,0.32258651438361813,404
YTDJ,遗传算法（GA）,GA,77,0.32258651438361813,404
YTDJ,遗传算法（GA）,GA,78,0.32258651438361813,404
YTDJ,遗传算法（GA）,GA,79,0.3036015219184835,404
YTDJ,遗传算法（GA）,GA,80,0.3036015219184835,404
YTDJ,遗传算法（GA）,GA,81,0.3036015219184835,404
YTDJ,遗传算法（GA）,GA,82,0.3036015219184835,404
YTDJ,遗传算法（GA）,GA,83,0.3036015219184835,404
YTDJ,遗传算法（GA）,GA,84,0.3036015219184835,404
YTDJ,遗传算法（GA）,GA,85,0.3036015219184835,404
YTDJ,遗传算法（GA）,GA,86,0.3036015219184835,404
YTDJ,遗传算法（GA）,GA,87,0.3036015219184835,404
YTDJ,遗传算法（GA）,GA,88,0.3036015219184835,404
YTDJ,遗传算法（GA）,GA,89,0.3036015219184835,404
YTDJ,遗传算法（GA）,GA,90,0.3036015219184835,404
YTDJ,遗传算法（GA）,GA,91,0.3036015219184835,404
YTDJ,遗传算法（GA）,GA,92,0.3036015219184835,404
YTDJ,遗传算法（GA）,GA,93,0.3036015219184835,404
YTDJ,遗传算法（GA）,GA,94,0.3036015219184835,404
YTDJ,遗传算法（GA）,GA,95,0.3036015219184835,404
YTDJ,遗传算法（GA）,GA,96,0.3036015219184835,404
YTDJ,遗传算法（GA）,GA,97,0.3036015219184835,404
YTDJ,遗传算法（GA）,GA,98,0.3036015219184835,404
YTDJ,遗传算法（GA）,GA,99,0.3036015219184835,404
YTDJ,遗传算法（GA）,GA,100,0.3036015219184835,404
YTDJ,SPSA,SPSA,1,0.6242327274815478,42
YTDJ,SPSA,SPSA,2,0.6242327274815478,42
YTDJ,SPSA,SPSA,3,0.5232537865505782,42
YTDJ,SPSA,SPSA,4,0.5232537865505782,42
YTDJ,SPSA,SPSA,5,0.48423407873803725,42
YTDJ,SPSA,SPSA,6,0.36844291914615235,42
YTDJ,SPSA,SPSA,7,0.36844291914615235,42
YTDJ,SPSA,SPSA,8,0.2750217613233187,42
YTDJ,SPSA,SPSA,9,0.2750217613233187,42
YTDJ,SPSA,SPSA,10,0.2750217613233187,42
YTDJ,SPSA,SPSA,11,0.2750217613233187,42
YTDJ,SPSA,SPSA,12,0.2750217613233187,42
YTDJ,SPSA,SPSA,13,0.2750217613233187,42
YTDJ,SPSA,SPSA,14,0.2750217613233187,42
YTDJ,SPSA,SPSA,15,0.2750217613233187,42
YTDJ,SPSA,SPSA,16,0.2750217613233187,42
YTDJ,SPSA,SPSA,17,0.2750217613233187,42
YTDJ,SPSA,SPSA,18,0.2750217613233187,42
YTDJ,SPSA,SPSA,19,0.2750217613233187,42
YTDJ,SPSA,SPSA,20,0.2750217613233187,42
YTDJ,SPSA,SPSA,21,0.2750217613233187,42
YTDJ,SPSA,SPSA,22,0.22752257797755585,42
YTDJ,SPSA,SPSA,23,0.22752257797755585,42
YTDJ,SPSA,SPSA,24,0.22752257797755585,42
YTDJ,SPSA,SPSA,25,0.22752257797755585,42
YTDJ,SPSA,SPSA,26,0.22752257797755585,42
YTDJ,SPSA,SPSA,27,0.22752257797755585,42
YTDJ,SPSA,SPSA,28,0.22752257797755585,42
YTDJ,SPSA,SPSA,29,0.22752257797755585,42
YTDJ,SPSA,SPSA,30,0.22752257797755585,42
YTDJ,SPSA,SPSA,31,0.22752257797755585,42
YTDJ,SPSA,SPSA,32,0.22752257797755585,42
YTDJ,SPSA,SPSA,33,0.22752257797755585,42
YTDJ,SPSA,SPSA,34,0.2109152136075275,42
YTDJ,SPSA,SPSA,35,0.2109152136075275,42
YTDJ,SPSA,SPSA,36,0.2109152136075275,42
YTDJ,SPSA,SPSA,37,0.2109152136075275,42
YTDJ,SPSA,SPSA,38,0.2109152136075275,42
YTDJ,SPSA,SPSA,39,0.2109152136075275,42
YTDJ,SPSA,SPSA,40,0.2109152136075275,42
YTDJ,SPSA,SPSA,41,0.2109152136075275,42
YTDJ,SPSA,SPSA,42,0.2109152136075275,42
YTDJ,SPSA,SPSA,43,0.2109152136075275,42
YTDJ,SPSA,SPSA,44,0.2109152136075275,42
YTDJ,SPSA,SPSA,45,0.2109152136075275,42
YTDJ,SPSA,SPSA,46,0.2109152136075275,42
YTDJ,SPSA,SPSA,47,0.2109152136075275,42
YTDJ,SPSA,SPSA,48,0.2109152136075275,42
YTDJ,SPSA,SPSA,49,0.2109152136075275,42
YTDJ,SPSA,SPSA,50,0.2109152136075275,42
YTDJ,SPSA,SPSA,51,0.2109152136075275,42
YTDJ,SPSA,SPSA,52,0.2109152136075275,42
YTDJ,SPSA,SPSA,53,0.2109152136075275,42
YTDJ,SPSA,SPSA,54,0.2109152136075275,42
YTDJ,SPSA,SPSA,55,0.2109152136075275,42
YTDJ,SPSA,SPSA,56,0.2109152136075275,42
YTDJ,SPSA,SPSA,57,0.2109152136075275,42
YTDJ,SPSA,SPSA,58,0.2109152136075275,42
YTDJ,SPSA,SPSA,59,0.2109152136075275,42
YTDJ,SPSA,SPSA,60,0.2109152136075275,42
YTDJ,SPSA,SPSA,61,0.2109152136075275,42
YTDJ,SPSA,SPSA,62,0.2109152136075275,42
YTDJ,SPSA,SPSA,63,0.2109152136075275,42
YTDJ,SPSA,SPSA,64,0.2109152136075275,42
YTDJ,SPSA,SPSA,65,0.2109152136075275,42
YTDJ,SPSA,SPSA,66,0.2109152136075275,42
YTDJ,SPSA,SPSA,67,0.2109152136075275,42
YTDJ,SPSA,SPSA,68,0.2109152136075275,42
YTDJ,SPSA,SPSA,69,0.2109152136075275,42
YTDJ,SPSA,SPSA,70,0.2109152136075275,42
YTDJ,SPSA,SPSA,71,0.2109152136075275,42
YTDJ,SPSA,SPSA,72,0.2109152136075275,42
YTDJ,SPSA,SPSA,73,0.2109152136075275,42
YTDJ,SPSA,SPSA,74,0.2109152136075275,42
YTDJ,SPSA,SPSA,75,0.2109152136075275,42
YTDJ,SPSA,SPSA,76,0.2109152136075275,42
YTDJ,SPSA,SPSA,77,0.2109152136075275,42
YTDJ,SPSA,SPSA,78,0.2109152136075275,42
YTDJ,SPSA,SPSA,79,0.2109152136075275,42
YTDJ,SPSA,SPSA,80,0.2109152136075275,42
YTDJ,SPSA,SPSA,81,0.2109152136075275,42
YTDJ,SPSA,SPSA,82,0.2109152136075275,42
YTDJ,SPSA,SPSA,83,0.2109152136075275,42
YTDJ,SPSA,SPSA,84,0.2109152136075275,42
YTDJ,SPSA,SPSA,85,0.2109152136075275,42
YTDJ,SPSA,SPSA,86,0.2109152136075275,42
YTDJ,SPSA,SPSA,87,0.2109152136075275,42
YTDJ,SPSA,SPSA,88,0.2109152136075275,42
YTDJ,SPSA,SPSA,89,0.2109152136075275,42
YTDJ,SPSA,SPSA,90,0.2109152136075275,42
YTDJ,SPSA,SPSA,91,0.2109152136075275,42
YTDJ,SPSA,SPSA,92,0.2109152136075275,42
YTDJ,SPSA,SPSA,93,0.2109152136075275,42
YTDJ,SPSA,SPSA,94,0.2109152136075275,42
YTDJ,SPSA,SPSA,95,0.2109152136075275,42
YTDJ,SPSA,SPSA,96,0.2109152136075275,42
YTDJ,SPSA,SPSA,97,0.2109152136075275,42
YTDJ,SPSA,SPSA,98,0.2109152136075275,42
YTDJ,SPSA,SPSA,99,0.2109152136075275,42
YTDJ,SPSA,SPSA,100,0.2109152136075275,42
YTDJ,SPSA,SPSA,1,0.5695909544563813,101
YTDJ,SPSA,SPSA,2,0.5695909544563813,101
YTDJ,SPSA,SPSA,3,0.39825402876291144,101
YTDJ,SPSA,SPSA,4,0.38608156852839964,101
YTDJ,SPSA,SPSA,5,0.38608156852839964,101
YTDJ,SPSA,SPSA,6,0.38608156852839964,101
YTDJ,SPSA,SPSA,7,0.38608156852839964,101
YTDJ,SPSA,SPSA,8,0.38608156852839964,101
YTDJ,SPSA,SPSA,9,0.38608156852839964,101
YTDJ,SPSA,SPSA,10,0.38608156852839964,101
YTDJ,SPSA,SPSA,11,0.38608156852839964,101
YTDJ,SPSA,SPSA,12,0.38608156852839964,101
YTDJ,SPSA,SPSA,13,0.38608156852839964,101
YTDJ,SPSA,SPSA,14,0.38608156852839964,101
YTDJ,SPSA,SPSA,15,0.38608156852839964,101
YTDJ,SPSA,SPSA,16,0.38608156852839964,101
YTDJ,SPSA,SPSA,17,0.38608156852839964,101
YTDJ,SPSA,SPSA,18,0.38608156852839964,101
YTDJ,SPSA,SPSA,19,0.38608156852839964,101
YTDJ,SPSA,SPSA,20,0.38608156852839964,101
YTDJ,SPSA,SPSA,21,0.38608156852839964,101
YTDJ,SPSA,SPSA,22,0.38608156852839964,101
YTDJ,SPSA,SPSA,23,0.38608156852839964,101
YTDJ,SPSA,SPSA,24,0.38608156852839964,101
YTDJ,SPSA,SPSA,25,0.38608156852839964,101
YTDJ,SPSA,SPSA,26,0.38608156852839964,101
YTDJ,SPSA,SPSA,27,0.38608156852839964,101
YTDJ,SPSA,SPSA,28,0.38608156852839964,101
YTDJ,SPSA,SPSA,29,0.38608156852839964,101
YTDJ,SPSA,SPSA,30,0.38608156852839964,101
YTDJ,SPSA,SPSA,31,0.38608156852839964,101
YTDJ,SPSA,SPSA,32,0.38608156852839964,101
YTDJ,SPSA,SPSA,33,0.38608156852839964,101
YTDJ,SPSA,SPSA,34,0.38608156852839964,101
YTDJ,SPSA,SPSA,35,0.38608156852839964,101
YTDJ,SPSA,SPSA,36,0.38608156852839964,101
YTDJ,SPSA,SPSA,37,0.38608156852839964,101
YTDJ,SPSA,SPSA,38,0.38608156852839964,101
YTDJ,SPSA,SPSA,39,0.38608156852839964,101
YTDJ,SPSA,SPSA,40,0.38608156852839964,101
YTDJ,SPSA,SPSA,41,0.38608156852839964,101
YTDJ,SPSA,SPSA,42,0.38608156852839964,101
YTDJ,SPSA,SPSA,43,0.38608156852839964,101
YTDJ,SPSA,SPSA,44,0.38608156852839964,101
YTDJ,SPSA,SPSA,45,0.38608156852839964,101
YTDJ,SPSA,SPSA,46,0.38608156852839964,101
YTDJ,SPSA,SPSA,47,0.38608156852839964,101
YTDJ,SPSA,SPSA,48,0.38608156852839964,101
YTDJ,SPSA,SPSA,49,0.38608156852839964,101
YTDJ,SPSA,SPSA,50,0.38608156852839964,101
YTDJ,SPSA,SPSA,51,0.38608156852839964,101
YTDJ,SPSA,SPSA,52,0.38608156852839964,101
YTDJ,SPSA,SPSA,53,0.38608156852839964,101
YTDJ,SPSA,SPSA,54,0.38608156852839964,101
YTDJ,SPSA,SPSA,55,0.38608156852839964,101
YTDJ,SPSA,SPSA,56,0.38608156852839964,101
YTDJ,SPSA,SPSA,57,0.38608156852839964,101
YTDJ,SPSA,SPSA,58,0.38608156852839964,101
YTDJ,SPSA,SPSA,59,0.38608156852839964,101
YTDJ,SPSA,SPSA,60,0.38608156852839964,101
YTDJ,SPSA,SPSA,61,0.38608156852839964,101
YTDJ,SPSA,SPSA,62,0.38608156852839964,101
YTDJ,SPSA,SPSA,63,0.38608156852839964,101
YTDJ,SPSA,SPSA,64,0.38608156852839964,101
YTDJ,SPSA,SPSA,65,0.38608156852839964,101
YTDJ,SPSA,SPSA,66,0.38608156852839964,101
YTDJ,SPSA,SPSA,67,0.38608156852839964,101
YTDJ,SPSA,SPSA,68,0.38608156852839964,101
YTDJ,SPSA,SPSA,69,0.38608156852839964,101
YTDJ,SPSA,SPSA,70,0.38608156852839964,101
YTDJ,SPSA,SPSA,71,0.38608156852839964,101
YTDJ,SPSA,SPSA,72,0.38608156852839964,101
YTDJ,SPSA,SPSA,73,0.38608156852839964,101
YTDJ,SPSA,SPSA,74,0.38608156852839964,101
YTDJ,SPSA,SPSA,75,0.38465961064412224,101
YTDJ,SPSA,SPSA,76,0.38465961064412224,101
YTDJ,SPSA,SPSA,77,0.38465961064412224,101
YTDJ,SPSA,SPSA,78,0.38465961064412224,101
YTDJ,SPSA,SPSA,79,0.38465961064412224,101
YTDJ,SPSA,SPSA,80,0.38465961064412224,101
YTDJ,SPSA,SPSA,81,0.38465961064412224,101
YTDJ,SPSA,SPSA,82,0.38465961064412224,101
YTDJ,SPSA,SPSA,83,0.38465961064412224,101
YTDJ,SPSA,SPSA,84,0.38465961064412224,101
YTDJ,SPSA,SPSA,85,0.38465961064412224,101
YTDJ,SPSA,SPSA,86,0.38465961064412224,101
YTDJ,SPSA,SPSA,87,0.38465961064412224,101
YTDJ,SPSA,SPSA,88,0.38465961064412224,101
YTDJ,SPSA,SPSA,89,0.38465961064412224,101
YTDJ,SPSA,SPSA,90,0.38465961064412224,101
YTDJ,SPSA,SPSA,91,0.38465961064412224,101
YTDJ,SPSA,SPSA,92,0.38465961064412224,101
YTDJ,SPSA,SPSA,93,0.38465961064412224,101
YTDJ,SPSA,SPSA,94,0.38465961064412224,101
YTDJ,SPSA,SPSA,95,0.38465961064412224,101
YTDJ,SPSA,SPSA,96,0.38465961064412224,101
YTDJ,SPSA,SPSA,97,0.38465961064412224,101
YTDJ,SPSA,SPSA,98,0.38465961064412224,101
YTDJ,SPSA,SPSA,99,0.38465961064412224,101
YTDJ,SPSA,SPSA,100,0.38377322912211226,101
YTDJ,SPSA,SPSA,1,0.6939991515358243,202
YTDJ,SPSA,SPSA,2,0.6939991515358243,202
YTDJ,SPSA,SPSA,3,0.6939991515358243,202
YTDJ,SPSA,SPSA,4,0.6939991515358243,202
YTDJ,SPSA,SPSA,5,0.6939991515358243,202
YTDJ,SPSA,SPSA,6,0.6474897238300927,202
YTDJ,SPSA,SPSA,7,0.6474897238300927,202
YTDJ,SPSA,SPSA,8,0.6474897238300927,202
YTDJ,SPSA,SPSA,9,0.6474897238300927,202
YTDJ,SPSA,SPSA,10,0.6474897238300927,202
YTDJ,SPSA,SPSA,11,0.6474897238300927,202
YTDJ,SPSA,SPSA,12,0.6474897238300927,202
YTDJ,SPSA,SPSA,13,0.6474897238300927,202
YTDJ,SPSA,SPSA,14,0.6474897238300927,202
YTDJ,SPSA,SPSA,15,0.6474897238300927,202
YTDJ,SPSA,SPSA,16,0.6474897238300927,202
YTDJ,SPSA,SPSA,17,0.6322094147973659,202
YTDJ,SPSA,SPSA,18,0.6322094147973659,202
YTDJ,SPSA,SPSA,19,0.6322094147973659,202
YTDJ,SPSA,SPSA,20,0.6322094147973659,202
YTDJ,SPSA,SPSA,21,0.6322094147973659,202
YTDJ,SPSA,SPSA,22,0.6322094147973659,202
YTDJ,SPSA,SPSA,23,0.6140003727709327,202
YTDJ,SPSA,SPSA,24,0.6140003727709327,202
YTDJ,SPSA,SPSA,25,0.6140003727709327,202
YTDJ,SPSA,SPSA,26,0.6140003727709327,202
YTDJ,SPSA,SPSA,27,0.5685296018028062,202
YTDJ,SPSA,SPSA,28,0.5685296018028062,202
YTDJ,SPSA,SPSA,29,0.5685296018028062,202
YTDJ,SPSA,SPSA,30,0.5506515509871327,202
YTDJ,SPSA,SPSA,31,0.5506515509871327,202
YTDJ,SPSA,SPSA,32,0.5506515509871327,202
YTDJ,SPSA,SPSA,33,0.5506515509871327,202
YTDJ,SPSA,SPSA,34,0.5506515509871327,202
YTDJ,SPSA,SPSA,35,0.5506515509871327,202
YTDJ,SPSA,SPSA,36,0.5033823221694311,202
YTDJ,SPSA,SPSA,37,0.5033823221694311,202
YTDJ,SPSA,SPSA,38,0.48165770407121433,202
YTDJ,SPSA,SPSA,39,0.48165770407121433,202
YTDJ,SPSA,SPSA,40,0.48165770407121433,202
YTDJ,SPSA,SPSA,41,0.48165770407121433,202
YTDJ,SPSA,SPSA,42,0.48165770407121433,202
YTDJ,SPSA,SPSA,43,0.45231140777343026,202
YTDJ,SPSA,SPSA,44,0.45231140777343026,202
YTDJ,SPSA,SPSA,45,0.45231140777343026,202
YTDJ,SPSA,SPSA,46,0.45231140777343026,202
YTDJ,SPSA,SPSA,47,0.45231140777343026,202
YTDJ,SPSA,SPSA,48,0.43848199014335565,202
YTDJ,SPSA,SPSA,49,0.43848199014335565,202
YTDJ,SPSA,SPSA,50,0.43848199014335565,202
YTDJ,SPSA,SPSA,51,0.42631202338896335,202
YTDJ,SPSA,SPSA,52,0.42631202338896335,202
YTDJ,SPSA,SPSA,53,0.42631202338896335,202
YTDJ,SPSA,SPSA,54,0.42631202338896335,202
YTDJ,SPSA,SPSA,55,0.42631202338896335,202
YTDJ,SPSA,SPSA,56,0.42631202338896335,202
YTDJ,SPSA,SPSA,57,0.42631202338896335,202
YTDJ,SPSA,SPSA,58,0.42631202338896335,202
YTDJ,SPSA,SPSA,59,0.42631202338896335,202
YTDJ,SPSA,SPSA,60,0.42631202338896335,202
YTDJ,SPSA,SPSA,61,0.42631202338896335,202
YTDJ,SPSA,SPSA,62,0.42631202338896335,202
YTDJ,SPSA,SPSA,63,0.42631202338896335,202
YTDJ,SPSA,SPSA,64,0.42631202338896335,202
YTDJ,SPSA,SPSA,65,0.42631202338896335,202
YTDJ,SPSA,SPSA,66,0.42631202338896335,202
YTDJ,SPSA,SPSA,67,0.42631202338896335,202
YTDJ,SPSA,SPSA,68,0.42631202338896335,202
YTDJ,SPSA,SPSA,69,0.42631202338896335,202
YTDJ,SPSA,SPSA,70,0.42631202338896335,202
YTDJ,SPSA,SPSA,71,0.39445127195308693,202
YTDJ,SPSA,SPSA,72,0.39445127195308693,202
YTDJ,SPSA,SPSA,73,0.39445127195308693,202
YTDJ,SPSA,SPSA,74,0.39445127195308693,202
YTDJ,SPSA,SPSA,75,0.39445127195308693,202
YTDJ,SPSA,SPSA,76,0.39445127195308693,202
YTDJ,SPSA,SPSA,77,0.39445127195308693,202
YTDJ,SPSA,SPSA,78,0.39445127195308693,202
YTDJ,SPSA,SPSA,79,0.39445127195308693,202
YTDJ,SPSA,SPSA,80,0.39445127195308693,202
YTDJ,SPSA,SPSA,81,0.39445127195308693,202
YTDJ,SPSA,SPSA,82,0.39445127195308693,202
YTDJ,SPSA,SPSA,83,0.39445127195308693,202
YTDJ,SPSA,SPSA,84,0.39445127195308693,202
YTDJ,SPSA,SPSA,85,0.39445127195308693,202
YTDJ,SPSA,SPSA,86,0.39445127195308693,202
YTDJ,SPSA,SPSA,87,0.39445127195308693,202
YTDJ,SPSA,SPSA,88,0.39445127195308693,202
YTDJ,SPSA,SPSA,89,0.39445127195308693,202
YTDJ,SPSA,SPSA,90,0.39445127195308693,202
YTDJ,SPSA,SPSA,91,0.39445127195308693,202
YTDJ,SPSA,SPSA,92,0.39445127195308693,202
YTDJ,SPSA,SPSA,93,0.39445127195308693,202
YTDJ,SPSA,SPSA,94,0.39445127195308693,202
YTDJ,SPSA,SPSA,95,0.39445127195308693,202
YTDJ,SPSA,SPSA,96,0.39445127195308693,202
YTDJ,SPSA,SPSA,97,0.39445127195308693,202
YTDJ,SPSA,SPSA,98,0.39445127195308693,202
YTDJ,SPSA,SPSA,99,0.39445127195308693,202
YTDJ,SPSA,SPSA,100,0.39445127195308693,202
YTDJ,SPSA,SPSA,1,0.5239480776667116,303
YTDJ,SPSA,SPSA,2,0.5239480776667116,303
YTDJ,SPSA,SPSA,3,0.5239480776667116,303
YTDJ,SPSA,SPSA,4,0.5239480776667116,303
YTDJ,SPSA,SPSA,5,0.5239480776667116,303
YTDJ,SPSA,SPSA,6,0.4811432033312959,303
YTDJ,SPSA,SPSA,7,0.4811432033312959,303
YTDJ,SPSA,SPSA,8,0.4811432033312959,303
YTDJ,SPSA,SPSA,9,0.4811432033312959,303
YTDJ,SPSA,SPSA,10,0.4811432033312959,303
YTDJ,SPSA,SPSA,11,0.4811432033312959,303
YTDJ,SPSA,SPSA,12,0.4811432033312959,303
YTDJ,SPSA,SPSA,13,0.4811432033312959,303
YTDJ,SPSA,SPSA,14,0.4811432033312959,303
YTDJ,SPSA,SPSA,15,0.4811432033312959,303
YTDJ,SPSA,SPSA,16,0.4811432033312959,303
YTDJ,SPSA,SPSA,17,0.4811432033312959,303
YTDJ,SPSA,SPSA,18,0.4811432033312959,303
YTDJ,SPSA,SPSA,19,0.47890406438066907,303
YTDJ,SPSA,SPSA,20,0.47890406438066907,303
YTDJ,SPSA,SPSA,21,0.47890406438066907,303
YTDJ,SPSA,SPSA,22,0.47128591893799726,303
YTDJ,SPSA,SPSA,23,0.47128591893799726,303
YTDJ,SPSA,SPSA,24,0.47128591893799726,303
YTDJ,SPSA,SPSA,25,0.47128591893799726,303
YTDJ,SPSA,SPSA,26,0.47128591893799726,303
YTDJ,SPSA,SPSA,27,0.47128591893799726,303
YTDJ,SPSA,SPSA,28,0.47128591893799726,303
YTDJ,SPSA,SPSA,29,0.47128591893799726,303
YTDJ,SPSA,SPSA,30,0.47128591893799726,303
YTDJ,SPSA,SPSA,31,0.47128591893799726,303
YTDJ,SPSA,SPSA,32,0.47128591893799726,303
YTDJ,SPSA,SPSA,33,0.47128591893799726,303
YTDJ,SPSA,SPSA,34,0.47128591893799726,303
YTDJ,SPSA,SPSA,35,0.47128591893799726,303
YTDJ,SPSA,SPSA,36,0.47128591893799726,303
YTDJ,SPSA,SPSA,37,0.47128591893799726,303
YTDJ,SPSA,SPSA,38,0.47128591893799726,303
YTDJ,SPSA,SPSA,39,0.47128591893799726,303
YTDJ,SPSA,SPSA,40,0.47128591893799726,303
YTDJ,SPSA,SPSA,41,0.47128591893799726,303
YTDJ,SPSA,SPSA,42,0.47128591893799726,303
YTDJ,SPSA,SPSA,43,0.47128591893799726,303
YTDJ,SPSA,SPSA,44,0.47128591893799726,303
YTDJ,SPSA,SPSA,45,0.47128591893799726,303
YTDJ,SPSA,SPSA,46,0.47128591893799726,303
YTDJ,SPSA,SPSA,47,0.47128591893799726,303
YTDJ,SPSA,SPSA,48,0.47128591893799726,303
YTDJ,SPSA,SPSA,49,0.47128591893799726,303
YTDJ,SPSA,SPSA,50,0.47128591893799726,303
YTDJ,SPSA,SPSA,51,0.47128591893799726,303
YTDJ,SPSA,SPSA,52,0.47128591893799726,303
YTDJ,SPSA,SPSA,53,0.47128591893799726,303
YTDJ,SPSA,SPSA,54,0.47128591893799726,303
YTDJ,SPSA,SPSA,55,0.47128591893799726,303
YTDJ,SPSA,SPSA,56,0.47128591893799726,303
YTDJ,SPSA,SPSA,57,0.47128591893799726,303
YTDJ,SPSA,SPSA,58,0.47128591893799726,303
YTDJ,SPSA,SPSA,59,0.47128591893799726,303
YTDJ,SPSA,SPSA,60,0.47128591893799726,303
YTDJ,SPSA,SPSA,61,0.47128591893799726,303
YTDJ,SPSA,SPSA,62,0.47128591893799726,303
YTDJ,SPSA,SPSA,63,0.47128591893799726,303
YTDJ,SPSA,SPSA,64,0.47128591893799726,303
YTDJ,SPSA,SPSA,65,0.45599566471675984,303
YTDJ,SPSA,SPSA,66,0.45599566471675984,303
YTDJ,SPSA,SPSA,67,0.45599566471675984,303
YTDJ,SPSA,SPSA,68,0.45599566471675984,303
YTDJ,SPSA,SPSA,69,0.45599566471675984,303
YTDJ,SPSA,SPSA,70,0.45599566471675984,303
YTDJ,SPSA,SPSA,71,0.45599566471675984,303
YTDJ,SPSA,SPSA,72,0.45599566471675984,303
YTDJ,SPSA,SPSA,73,0.45599566471675984,303
YTDJ,SPSA,SPSA,74,0.45599566471675984,303
YTDJ,SPSA,SPSA,75,0.45599566471675984,303
YTDJ,SPSA,SPSA,76,0.45599566471675984,303
YTDJ,SPSA,SPSA,77,0.45599566471675984,303
YTDJ,SPSA,SPSA,78,0.45599566471675984,303
YTDJ,SPSA,SPSA,79,0.45599566471675984,303
YTDJ,SPSA,SPSA,80,0.45599566471675984,303
YTDJ,SPSA,SPSA,81,0.45599566471675984,303
YTDJ,SPSA,SPSA,82,0.45599566471675984,303
YTDJ,SPSA,SPSA,83,0.45599566471675984,303
YTDJ,SPSA,SPSA,84,0.45599566471675984,303
YTDJ,SPSA,SPSA,85,0.45599566471675984,303
YTDJ,SPSA,SPSA,86,0.45599566471675984,303
YTDJ,SPSA,SPSA,87,0.45599566471675984,303
YTDJ,SPSA,SPSA,88,0.45599566471675984,303
YTDJ,SPSA,SPSA,89,0.45599566471675984,303
YTDJ,SPSA,SPSA,90,0.45599566471675984,303
YTDJ,SPSA,SPSA,91,0.45599566471675984,303
YTDJ,SPSA,SPSA,92,0.45599566471675984,303
YTDJ,SPSA,SPSA,93,0.45599566471675984,303
YTDJ,SPSA,SPSA,94,0.45599566471675984,303
YTDJ,SPSA,SPSA,95,0.45599566471675984,303
YTDJ,SPSA,SPSA,96,0.45599566471675984,303
YTDJ,SPSA,SPSA,97,0.45599566471675984,303
YTDJ,SPSA,SPSA,98,0.45599566471675984,303
YTDJ,SPSA,SPSA,99,0.45599566471675984,303
YTDJ,SPSA,SPSA,100,0.45599566471675984,303
YTDJ,SPSA,SPSA,1,0.5780516941561898,404
YTDJ,SPSA,SPSA,2,0.5780516941561898,404
YTDJ,SPSA,SPSA,3,0.5757155213679714,404
YTDJ,SPSA,SPSA,4,0.45671386545315995,404
YTDJ,SPSA,SPSA,5,0.45671386545315995,404
YTDJ,SPSA,SPSA,6,0.45671386545315995,404
YTDJ,SPSA,SPSA,7,0.4314290156348301,404
YTDJ,SPSA,SPSA,8,0.4314290156348301,404
YTDJ,SPSA,SPSA,9,0.4314290156348301,404
YTDJ,SPSA,SPSA,10,0.4314290156348301,404
YTDJ,SPSA,SPSA,11,0.4314290156348301,404
YTDJ,SPSA,SPSA,12,0.42575796105822455,404
YTDJ,SPSA,SPSA,13,0.42575796105822455,404
YTDJ,SPSA,SPSA,14,0.3904291033038256,404
YTDJ,SPSA,SPSA,15,0.3904291033038256,404
YTDJ,SPSA,SPSA,16,0.3904291033038256,404
YTDJ,SPSA,SPSA,17,0.3904291033038256,404
YTDJ,SPSA,SPSA,18,0.3904291033038256,404
YTDJ,SPSA,SPSA,19,0.3904291033038256,404
YTDJ,SPSA,SPSA,20,0.38443190573858954,404
YTDJ,SPSA,SPSA,21,0.38443190573858954,404
YTDJ,SPSA,SPSA,22,0.38443190573858954,404
YTDJ,SPSA,SPSA,23,0.38443190573858954,404
YTDJ,SPSA,SPSA,24,0.38443190573858954,404
YTDJ,SPSA,SPSA,25,0.38443190573858954,404
YTDJ,SPSA,SPSA,26,0.38443190573858954,404
YTDJ,SPSA,SPSA,27,0.38443190573858954,404
YTDJ,SPSA,SPSA,28,0.38443190573858954,404
YTDJ,SPSA,SPSA,29,0.3835652623086728,404
YTDJ,SPSA,SPSA,30,0.3835652623086728,404
YTDJ,SPSA,SPSA,31,0.3835652623086728,404
YTDJ,SPSA,SPSA,32,0.3835652623086728,404
YTDJ,SPSA,SPSA,33,0.3835652623086728,404
YTDJ,SPSA,SPSA,34,0.3835652623086728,404
YTDJ,SPSA,SPSA,35,0.3835652623086728,404
YTDJ,SPSA,SPSA,36,0.3835652623086728,404
YTDJ,SPSA,SPSA,37,0.3835652623086728,404
YTDJ,SPSA,SPSA,38,0.3835652623086728,404
YTDJ,SPSA,SPSA,39,0.3835652623086728,404
YTDJ,SPSA,SPSA,40,0.3835652623086728,404
YTDJ,SPSA,SPSA,41,0.3835652623086728,404
YTDJ,SPSA,SPSA,42,0.3835652623086728,404
YTDJ,SPSA,SPSA,43,0.3835652623086728,404
YTDJ,SPSA,SPSA,44,0.3835652623086728,404
YTDJ,SPSA,SPSA,45,0.3835652623086728,404
YTDJ,SPSA,SPSA,46,0.3835652623086728,404
YTDJ,SPSA,SPSA,47,0.3835652623086728,404
YTDJ,SPSA,SPSA,48,0.3835652623086728,404
YTDJ,SPSA,SPSA,49,0.3835652623086728,404
YTDJ,SPSA,SPSA,50,0.3835652623086728,404
YTDJ,SPSA,SPSA,51,0.3835652623086728,404
YTDJ,SPSA,SPSA,52,0.3835652623086728,404
YTDJ,SPSA,SPSA,53,0.3835652623086728,404
YTDJ,SPSA,SPSA,54,0.3835652623086728,404
YTDJ,SPSA,SPSA,55,0.3835652623086728,404
YTDJ,SPSA,SPSA,56,0.3835652623086728,404
YTDJ,SPSA,SPSA,57,0.3835652623086728,404
YTDJ,SPSA,SPSA,58,0.3835652623086728,404
YTDJ,SPSA,SPSA,59,0.3835652623086728,404
YTDJ,SPSA,SPSA,60,0.3835652623086728,404
YTDJ,SPSA,SPSA,61,0.3835652623086728,404
YTDJ,SPSA,SPSA,62,0.3835652623086728,404
YTDJ,SPSA,SPSA,63,0.3835652623086728,404
YTDJ,SPSA,SPSA,64,0.3835652623086728,404
YTDJ,SPSA,SPSA,65,0.3835652623086728,404
YTDJ,SPSA,SPSA,66,0.3835652623086728,404
YTDJ,SPSA,SPSA,67,0.3835652623086728,404
YTDJ,SPSA,SPSA,68,0.3835652623086728,404
YTDJ,SPSA,SPSA,69,0.3835652623086728,404
YTDJ,SPSA,SPSA,70,0.3835652623086728,404
YTDJ,SPSA,SPSA,71,0.3835652623086728,404
YTDJ,SPSA,SPSA,72,0.3835652623086728,404
YTDJ,SPSA,SPSA,73,0.3835652623086728,404
YTDJ,SPSA,SPSA,74,0.3835652623086728,404
YTDJ,SPSA,SPSA,75,0.3835652623086728,404
YTDJ,SPSA,SPSA,76,0.3835652623086728,404
YTDJ,SPSA,SPSA,77,0.3835652623086728,404
YTDJ,SPSA,SPSA,78,0.3835652623086728,404
YTDJ,SPSA,SPSA,79,0.3835652623086728,404
YTDJ,SPSA,SPSA,80,0.3835652623086728,404
YTDJ,SPSA,SPSA,81,0.3835652623086728,404
YTDJ,SPSA,SPSA,82,0.3835652623086728,404
YTDJ,SPSA,SPSA,83,0.3835652623086728,404
YTDJ,SPSA,SPSA,84,0.3835652623086728,404
YTDJ,SPSA,SPSA,85,0.3835652623086728,404
YTDJ,SPSA,SPSA,86,0.3835652623086728,404
YTDJ,SPSA,SPSA,87,0.3835652623086728,404
YTDJ,SPSA,SPSA,88,0.3835652623086728,404
YTDJ,SPSA,SPSA,89,0.3835652623086728,404
YTDJ,SPSA,SPSA,90,0.3835652623086728,404
YTDJ,SPSA,SPSA,91,0.3835652623086728,404
YTDJ,SPSA,SPSA,92,0.3835652623086728,404
YTDJ,SPSA,SPSA,93,0.3835652623086728,404
YTDJ,SPSA,SPSA,94,0.3835652623086728,404
YTDJ,SPSA,SPSA,95,0.3835652623086728,404
YTDJ,SPSA,SPSA,96,0.3835652623086728,404
YTDJ,SPSA,SPSA,97,0.3835652623086728,404
YTDJ,SPSA,SPSA,98,0.3835652623086728,404
YTDJ,SPSA,SPSA,99,0.3835652623086728,404
YTDJ,SPSA,SPSA,100,0.38126474250579534,404
YTDJ,TPE,TPE,1,0.5569624532638863,42
YTDJ,TPE,TPE,2,0.5569624532638863,42
YTDJ,TPE,TPE,3,0.5569624532638863,42
YTDJ,TPE,TPE,4,0.5569624532638863,42
YTDJ,TPE,TPE,5,0.5569624532638863,42
YTDJ,TPE,TPE,6,0.5569624532638863,42
YTDJ,TPE,TPE,7,0.5505442481474015,42
YTDJ,TPE,TPE,8,0.5505442481474015,42
YTDJ,TPE,TPE,9,0.5505442481474015,42
YTDJ,TPE,TPE,10,0.5505442481474015,42
YTDJ,TPE,TPE,11,0.5505442481474015,42
YTDJ,TPE,TPE,12,0.39520331693091343,42
YTDJ,TPE,TPE,13,0.381566830738135,42
YTDJ,TPE,TPE,14,0.381566830738135,42
YTDJ,TPE,TPE,15,0.381566830738135,42
YTDJ,TPE,TPE,16,0.381566830738135,42
YTDJ,TPE,TPE,17,0.381566830738135,42
YTDJ,TPE,TPE,18,0.381566830738135,42
YTDJ,TPE,TPE,19,0.381566830738135,42
YTDJ,TPE,TPE,20,0.381566830738135,42
YTDJ,TPE,TPE,21,0.381566830738135,42
YTDJ,TPE,TPE,22,0.3814520423239905,42
YTDJ,TPE,TPE,23,0.3814520423239905,42
YTDJ,TPE,TPE,24,0.3814520423239905,42
YTDJ,TPE,TPE,25,0.3814520423239905,42
YTDJ,TPE,TPE,26,0.3814520423239905,42
YTDJ,TPE,TPE,27,0.3814520423239905,42
YTDJ,TPE,TPE,28,0.34375090052663815,42
YTDJ,TPE,TPE,29,0.34375090052663815,42
YTDJ,TPE,TPE,30,0.2793560391838502,42
YTDJ,TPE,TPE,31,0.2793560391838502,42
YTDJ,TPE,TPE,32,0.2793560391838502,42
YTDJ,TPE,TPE,33,0.2793560391838502,42
YTDJ,TPE,TPE,34,0.2793560391838502,42
YTDJ,TPE,TPE,35,0.2793560391838502,42
YTDJ,TPE,TPE,36,0.2793560391838502,42
YTDJ,TPE,TPE,37,0.2793560391838502,42
YTDJ,TPE,TPE,38,0.2793560391838502,42
YTDJ,TPE,TPE,39,0.2793560391838502,42
YTDJ,TPE,TPE,40,0.2793560391838502,42
YTDJ,TPE,TPE,41,0.2793560391838502,42
YTDJ,TPE,TPE,42,0.2793560391838502,42
YTDJ,TPE,TPE,43,0.2793560391838502,42
YTDJ,TPE,TPE,44,0.270232111285453,42
YTDJ,TPE,TPE,45,0.2424458011837925,42
YTDJ,TPE,TPE,46,0.2424458011837925,42
YTDJ,TPE,TPE,47,0.23064828584263833,42
YTDJ,TPE,TPE,48,0.23064828584263833,42
YTDJ,TPE,TPE,49,0.23064828584263833,42
YTDJ,TPE,TPE,50,0.23043096876301533,42
YTDJ,TPE,TPE,51,0.23043096876301533,42
YTDJ,TPE,TPE,52,0.23043096876301533,42
YTDJ,TPE,TPE,53,0.23043096876301533,42
YTDJ,TPE,TPE,54,0.2194485422494365,42
YTDJ,TPE,TPE,55,0.2194485422494365,42
YTDJ,TPE,TPE,56,0.2194485422494365,42
YTDJ,TPE,TPE,57,0.2194485422494365,42
YTDJ,TPE,TPE,58,0.2194485422494365,42
YTDJ,TPE,TPE,59,0.2194485422494365,42
YTDJ,TPE,TPE,60,0.2194485422494365,42
YTDJ,TPE,TPE,61,0.2194485422494365,42
YTDJ,TPE,TPE,62,0.2194485422494365,42
YTDJ,TPE,TPE,63,0.2194485422494365,42
YTDJ,TPE,TPE,64,0.2194485422494365,42
YTDJ,TPE,TPE,65,0.2194485422494365,42
YTDJ,TPE,TPE,66,0.2194485422494365,42
YTDJ,TPE,TPE,67,0.2194485422494365,42
YTDJ,TPE,TPE,68,0.2194485422494365,42
YTDJ,TPE,TPE,69,0.2194485422494365,42
YTDJ,TPE,TPE,70,0.2194485422494365,42
YTDJ,TPE,TPE,71,0.2194485422494365,42
YTDJ,TPE,TPE,72,0.2194485422494365,42
YTDJ,TPE,TPE,73,0.2194485422494365,42
YTDJ,TPE,TPE,74,0.2194485422494365,42
YTDJ,TPE,TPE,75,0.2194485422494365,42
YTDJ,TPE,TPE,76,0.2194485422494365,42
YTDJ,TPE,TPE,77,0.2194485422494365,42
YTDJ,TPE,TPE,78,0.21562068560437192,42
YTDJ,TPE,TPE,79,0.21562068560437192,42
YTDJ,TPE,TPE,80,0.21562068560437192,42
YTDJ,TPE,TPE,81,0.21562068560437192,42
YTDJ,TPE,TPE,82,0.21562068560437192,42
YTDJ,TPE,TPE,83,0.21562068560437192,42
YTDJ,TPE,TPE,84,0.21520335175152516,42
YTDJ,TPE,TPE,85,0.21520335175152516,42
YTDJ,TPE,TPE,86,0.21520335175152516,42
YTDJ,TPE,TPE,87,0.21520335175152516,42
YTDJ,TPE,TPE,88,0.21520335175152516,42
YTDJ,TPE,TPE,89,0.21520335175152516,42
YTDJ,TPE,TPE,90,0.21520335175152516,42
YTDJ,TPE,TPE,91,0.21520335175152516,42
YTDJ,TPE,TPE,92,0.21520335175152516,42
YTDJ,TPE,TPE,93,0.21520335175152516,42
YTDJ,TPE,TPE,94,0.21520335175152516,42
YTDJ,TPE,TPE,95,0.21520335175152516,42
YTDJ,TPE,TPE,96,0.21520335175152516,42
YTDJ,TPE,TPE,97,0.21520335175152516,42
YTDJ,TPE,TPE,98,0.21520335175152516,42
YTDJ,TPE,TPE,99,0.21520335175152516,42
YTDJ,TPE,TPE,100,0.21520335175152516,42
YTDJ,TPE,TPE,1,0.7011718953485147,101
YTDJ,TPE,TPE,2,0.4892584586180858,101
YTDJ,TPE,TPE,3,0.4892584586180858,101
YTDJ,TPE,TPE,4,0.4892584586180858,101
YTDJ,TPE,TPE,5,0.4892584586180858,101
YTDJ,TPE,TPE,6,0.4892584586180858,101
YTDJ,TPE,TPE,7,0.45599315623334113,101
YTDJ,TPE,TPE,8,0.45599315623334113,101
YTDJ,TPE,TPE,9,0.45599315623334113,101
YTDJ,TPE,TPE,10,0.45599315623334113,101
YTDJ,TPE,TPE,11,0.45599315623334113,101
YTDJ,TPE,TPE,12,0.45599315623334113,101
YTDJ,TPE,TPE,13,0.45599315623334113,101
YTDJ,TPE,TPE,14,0.45599315623334113,101
YTDJ,TPE,TPE,15,0.45599315623334113,101
YTDJ,TPE,TPE,16,0.45599315623334113,101
YTDJ,TPE,TPE,17,0.45599315623334113,101
YTDJ,TPE,TPE,18,0.45599315623334113,101
YTDJ,TPE,TPE,19,0.45599315623334113,101
YTDJ,TPE,TPE,20,0.42733796198072416,101
YTDJ,TPE,TPE,21,0.42733796198072416,101
YTDJ,TPE,TPE,22,0.4224047951999751,101
YTDJ,TPE,TPE,23,0.4224047951999751,101
YTDJ,TPE,TPE,24,0.4224047951999751,101
YTDJ,TPE,TPE,25,0.4224047951999751,101
YTDJ,TPE,TPE,26,0.4224047951999751,101
YTDJ,TPE,TPE,27,0.4224047951999751,101
YTDJ,TPE,TPE,28,0.4224047951999751,101
YTDJ,TPE,TPE,29,0.4224047951999751,101
YTDJ,TPE,TPE,30,0.4224047951999751,101
YTDJ,TPE,TPE,31,0.40016459107802,101
YTDJ,TPE,TPE,32,0.40016459107802,101
YTDJ,TPE,TPE,33,0.3974552500025636,101
YTDJ,TPE,TPE,34,0.3974552500025636,101
YTDJ,TPE,TPE,35,0.3974552500025636,101
YTDJ,TPE,TPE,36,0.3974552500025636,101
YTDJ,TPE,TPE,37,0.3974552500025636,101
YTDJ,TPE,TPE,38,0.3974552500025636,101
YTDJ,TPE,TPE,39,0.3883774881147204,101
YTDJ,TPE,TPE,40,0.3883774881147204,101
YTDJ,TPE,TPE,41,0.3883774881147204,101
YTDJ,TPE,TPE,42,0.3883774881147204,101
YTDJ,TPE,TPE,43,0.3883774881147204,101
YTDJ,TPE,TPE,44,0.3883774881147204,101
YTDJ,TPE,TPE,45,0.3883774881147204,101
YTDJ,TPE,TPE,46,0.3883774881147204,101
YTDJ,TPE,TPE,47,0.3883774881147204,101
YTDJ,TPE,TPE,48,0.3883774881147204,101
YTDJ,TPE,TPE,49,0.3883774881147204,101
YTDJ,TPE,TPE,50,0.3883774881147204,101
YTDJ,TPE,TPE,51,0.3883774881147204,101
YTDJ,TPE,TPE,52,0.3883774881147204,101
YTDJ,TPE,TPE,53,0.3883774881147204,101
YTDJ,TPE,TPE,54,0.3883774881147204,101
YTDJ,TPE,TPE,55,0.3883774881147204,101
YTDJ,TPE,TPE,56,0.3883774881147204,101
YTDJ,TPE,TPE,57,0.3883774881147204,101
YTDJ,TPE,TPE,58,0.3883774881147204,101
YTDJ,TPE,TPE,59,0.3883774881147204,101
YTDJ,TPE,TPE,60,0.3883774881147204,101
YTDJ,TPE,TPE,61,0.3883774881147204,101
YTDJ,TPE,TPE,62,0.3883774881147204,101
YTDJ,TPE,TPE,63,0.3883774881147204,101
YTDJ,TPE,TPE,64,0.3883774881147204,101
YTDJ,TPE,TPE,65,0.3883774881147204,101
YTDJ,TPE,TPE,66,0.3883774881147204,101
YTDJ,TPE,TPE,67,0.3883774881147204,101
YTDJ,TPE,TPE,68,0.3883774881147204,101
YTDJ,TPE,TPE,69,0.3883774881147204,101
YTDJ,TPE,TPE,70,0.3883774881147204,101
YTDJ,TPE,TPE,71,0.3883774881147204,101
YTDJ,TPE,TPE,72,0.38490402072196894,101
YTDJ,TPE,TPE,73,0.37447472741515575,101
YTDJ,TPE,TPE,74,0.37447472741515575,101
YTDJ,TPE,TPE,75,0.37447472741515575,101
YTDJ,TPE,TPE,76,0.3686370366892773,101
YTDJ,TPE,TPE,77,0.3686370366892773,101
YTDJ,TPE,TPE,78,0.3686370366892773,101
YTDJ,TPE,TPE,79,0.3686370366892773,101
YTDJ,TPE,TPE,80,0.3686370366892773,101
YTDJ,TPE,TPE,81,0.3686370366892773,101
YTDJ,TPE,TPE,82,0.3686370366892773,101
YTDJ,TPE,TPE,83,0.3686370366892773,101
YTDJ,TPE,TPE,84,0.3686370366892773,101
YTDJ,TPE,TPE,85,0.3686370366892773,101
YTDJ,TPE,TPE,86,0.3686370366892773,101
YTDJ,TPE,TPE,87,0.3686370366892773,101
YTDJ,TPE,TPE,88,0.3686370366892773,101
YTDJ,TPE,TPE,89,0.3686370366892773,101
YTDJ,TPE,TPE,90,0.3686370366892773,101
YTDJ,TPE,TPE,91,0.3686370366892773,101
YTDJ,TPE,TPE,92,0.3686370366892773,101
YTDJ,TPE,TPE,93,0.3686370366892773,101
YTDJ,TPE,TPE,94,0.3686370366892773,101
YTDJ,TPE,TPE,95,0.3686370366892773,101
YTDJ,TPE,TPE,96,0.33877392353570435,101
YTDJ,TPE,TPE,97,0.33877392353570435,101
YTDJ,TPE,TPE,98,0.33877392353570435,101
YTDJ,TPE,TPE,99,0.33877392353570435,101
YTDJ,TPE,TPE,100,0.33877392353570435,101
YTDJ,TPE,TPE,1,0.7024404260411884,202
YTDJ,TPE,TPE,2,0.5169030299540562,202
YTDJ,TPE,TPE,3,0.5169030299540562,202
YTDJ,TPE,TPE,4,0.5169030299540562,202
YTDJ,TPE,TPE,5,0.5169030299540562,202
YTDJ,TPE,TPE,6,0.5169030299540562,202
YTDJ,TPE,TPE,7,0.5169030299540562,202
YTDJ,TPE,TPE,8,0.5169030299540562,202
YTDJ,TPE,TPE,9,0.5169030299540562,202
YTDJ,TPE,TPE,10,0.5169030299540562,202
YTDJ,TPE,TPE,11,0.5169030299540562,202
YTDJ,TPE,TPE,12,0.5169030299540562,202
YTDJ,TPE,TPE,13,0.5169030299540562,202
YTDJ,TPE,TPE,14,0.5169030299540562,202
YTDJ,TPE,TPE,15,0.46795812627938416,202
YTDJ,TPE,TPE,16,0.45650002873080797,202
YTDJ,TPE,TPE,17,0.45650002873080797,202
YTDJ,TPE,TPE,18,0.4471765131768891,202
YTDJ,TPE,TPE,19,0.4471765131768891,202
YTDJ,TPE,TPE,20,0.4471765131768891,202
YTDJ,TPE,TPE,21,0.4471765131768891,202
YTDJ,TPE,TPE,22,0.4471765131768891,202
YTDJ,TPE,TPE,23,0.4471765131768891,202
YTDJ,TPE,TPE,24,0.4471765131768891,202
YTDJ,TPE,TPE,25,0.42837327614024956,202
YTDJ,TPE,TPE,26,0.42837327614024956,202
YTDJ,TPE,TPE,27,0.4189830132080459,202
YTDJ,TPE,TPE,28,0.4189830132080459,202
YTDJ,TPE,TPE,29,0.4189830132080459,202
YTDJ,TPE,TPE,30,0.4189830132080459,202
YTDJ,TPE,TPE,31,0.4189830132080459,202
YTDJ,TPE,TPE,32,0.4189830132080459,202
YTDJ,TPE,TPE,33,0.41478888944740666,202
YTDJ,TPE,TPE,34,0.41478888944740666,202
YTDJ,TPE,TPE,35,0.41478888944740666,202
YTDJ,TPE,TPE,36,0.41478888944740666,202
YTDJ,TPE,TPE,37,0.41478888944740666,202
YTDJ,TPE,TPE,38,0.41478888944740666,202
YTDJ,TPE,TPE,39,0.41478888944740666,202
YTDJ,TPE,TPE,40,0.41478888944740666,202
YTDJ,TPE,TPE,41,0.41478888944740666,202
YTDJ,TPE,TPE,42,0.41478888944740666,202
YTDJ,TPE,TPE,43,0.41478888944740666,202
YTDJ,TPE,TPE,44,0.41478888944740666,202
YTDJ,TPE,TPE,45,0.41478888944740666,202
YTDJ,TPE,TPE,46,0.41478888944740666,202
YTDJ,TPE,TPE,47,0.41478888944740666,202
YTDJ,TPE,TPE,48,0.41478888944740666,202
YTDJ,TPE,TPE,49,0.41478888944740666,202
YTDJ,TPE,TPE,50,0.41478888944740666,202
YTDJ,TPE,TPE,51,0.41478888944740666,202
YTDJ,TPE,TPE,52,0.41478888944740666,202
YTDJ,TPE,TPE,53,0.41478888944740666,202
YTDJ,TPE,TPE,54,0.41478888944740666,202
YTDJ,TPE,TPE,55,0.41478888944740666,202
YTDJ,TPE,TPE,56,0.41478888944740666,202
YTDJ,TPE,TPE,57,0.41478888944740666,202
YTDJ,TPE,TPE,58,0.4106925368801962,202
YTDJ,TPE,TPE,59,0.4051105075789917,202
YTDJ,TPE,TPE,60,0.4051105075789917,202
YTDJ,TPE,TPE,61,0.4051105075789917,202
YTDJ,TPE,TPE,62,0.40176297243631,202
YTDJ,TPE,TPE,63,0.40176297243631,202
YTDJ,TPE,TPE,64,0.40176297243631,202
YTDJ,TPE,TPE,65,0.40176297243631,202
YTDJ,TPE,TPE,66,0.40176297243631,202
YTDJ,TPE,TPE,67,0.40176297243631,202
YTDJ,TPE,TPE,68,0.40176297243631,202
YTDJ,TPE,TPE,69,0.40176297243631,202
YTDJ,TPE,TPE,70,0.40176297243631,202
YTDJ,TPE,TPE,71,0.40176297243631,202
YTDJ,TPE,TPE,72,0.40176297243631,202
YTDJ,TPE,TPE,73,0.40176297243631,202
YTDJ,TPE,TPE,74,0.40176297243631,202
YTDJ,TPE,TPE,75,0.40176297243631,202
YTDJ,TPE,TPE,76,0.40176297243631,202
YTDJ,TPE,TPE,77,0.40176297243631,202
YTDJ,TPE,TPE,78,0.4012239257384137,202
YTDJ,TPE,TPE,79,0.4012239257384137,202
YTDJ,TPE,TPE,80,0.4012239257384137,202
YTDJ,TPE,TPE,81,0.4012239257384137,202
YTDJ,TPE,TPE,82,0.39855924127819853,202
YTDJ,TPE,TPE,83,0.39855924127819853,202
YTDJ,TPE,TPE,84,0.39855924127819853,202
YTDJ,TPE,TPE,85,0.39855924127819853,202
YTDJ,TPE,TPE,86,0.39855924127819853,202
YTDJ,TPE,TPE,87,0.39790862121954484,202
YTDJ,TPE,TPE,88,0.39790862121954484,202
YTDJ,TPE,TPE,89,0.3834699891332958,202
YTDJ,TPE,TPE,90,0.3834699891332958,202
YTDJ,TPE,TPE,91,0.3500081805033948,202
YTDJ,TPE,TPE,92,0.3500081805033948,202
YTDJ,TPE,TPE,93,0.33120628360290133,202
YTDJ,TPE,TPE,94,0.33120628360290133,202
YTDJ,TPE,TPE,95,0.33120628360290133,202
YTDJ,TPE,TPE,96,0.33120628360290133,202
YTDJ,TPE,TPE,97,0.33120628360290133,202
YTDJ,TPE,TPE,98,0.33120628360290133,202
YTDJ,TPE,TPE,99,0.33120628360290133,202
YTDJ,TPE,TPE,100,0.33120628360290133,202
YTDJ,TPE,TPE,1,0.4887198387331647,303
YTDJ,TPE,TPE,2,0.4887198387331647,303
YTDJ,TPE,TPE,3,0.4887198387331647,303
YTDJ,TPE,TPE,4,0.4887198387331647,303
YTDJ,TPE,TPE,5,0.4887198387331647,303
YTDJ,TPE,TPE,6,0.4887198387331647,303
YTDJ,TPE,TPE,7,0.4887198387331647,303
YTDJ,TPE,TPE,8,0.4887198387331647,303
YTDJ,TPE,TPE,9,0.4887198387331647,303
YTDJ,TPE,TPE,10,0.4887198387331647,303
YTDJ,TPE,TPE,11,0.4887198387331647,303
YTDJ,TPE,TPE,12,0.4887198387331647,303
YTDJ,TPE,TPE,13,0.4887198387331647,303
YTDJ,TPE,TPE,14,0.4887198387331647,303
YTDJ,TPE,TPE,15,0.4887198387331647,303
YTDJ,TPE,TPE,16,0.4887198387331647,303
YTDJ,TPE,TPE,17,0.47059899927026905,303
YTDJ,TPE,TPE,18,0.4388423813811504,303
YTDJ,TPE,TPE,19,0.4388423813811504,303
YTDJ,TPE,TPE,20,0.4388423813811504,303
YTDJ,TPE,TPE,21,0.4388423813811504,303
YTDJ,TPE,TPE,22,0.4388423813811504,303
YTDJ,TPE,TPE,23,0.4388423813811504,303
YTDJ,TPE,TPE,24,0.4388423813811504,303
YTDJ,TPE,TPE,25,0.4388423813811504,303
YTDJ,TPE,TPE,26,0.4388423813811504,303
YTDJ,TPE,TPE,27,0.4381031564174594,303
YTDJ,TPE,TPE,28,0.4381031564174594,303
YTDJ,TPE,TPE,29,0.4381031564174594,303
YTDJ,TPE,TPE,30,0.4381031564174594,303
YTDJ,TPE,TPE,31,0.43751642567518073,303
YTDJ,TPE,TPE,32,0.43751642567518073,303
YTDJ,TPE,TPE,33,0.43751642567518073,303
YTDJ,TPE,TPE,34,0.39570963531571474,303
YTDJ,TPE,TPE,35,0.39570963531571474,303
YTDJ,TPE,TPE,36,0.39570963531571474,303
YTDJ,TPE,TPE,37,0.39570963531571474,303
YTDJ,TPE,TPE,38,0.39570963531571474,303
YTDJ,TPE,TPE,39,0.39570963531571474,303
YTDJ,TPE,TPE,40,0.39570963531571474,303
YTDJ,TPE,TPE,41,0.39570963531571474,303
YTDJ,TPE,TPE,42,0.39570963531571474,303
YTDJ,TPE,TPE,43,0.39570963531571474,303
YTDJ,TPE,TPE,44,0.39570963531571474,303
YTDJ,TPE,TPE,45,0.39570963531571474,303
YTDJ,TPE,TPE,46,0.39570963531571474,303
YTDJ,TPE,TPE,47,0.39570963531571474,303
YTDJ,TPE,TPE,48,0.39570963531571474,303
YTDJ,TPE,TPE,49,0.39570963531571474,303
YTDJ,TPE,TPE,50,0.39570963531571474,303
YTDJ,TPE,TPE,51,0.39570963531571474,303
YTDJ,TPE,TPE,52,0.39570963531571474,303
YTDJ,TPE,TPE,53,0.39570963531571474,303
YTDJ,TPE,TPE,54,0.39570963531571474,303
YTDJ,TPE,TPE,55,0.39570963531571474,303
YTDJ,TPE,TPE,56,0.39570963531571474,303
YTDJ,TPE,TPE,57,0.39570963531571474,303
YTDJ,TPE,TPE,58,0.3956389141719233,303
YTDJ,TPE,TPE,59,0.38628502939664,303
YTDJ,TPE,TPE,60,0.38628502939664,303
YTDJ,TPE,TPE,61,0.38628502939664,303
YTDJ,TPE,TPE,62,0.38628502939664,303
YTDJ,TPE,TPE,63,0.38628502939664,303
YTDJ,TPE,TPE,64,0.38628502939664,303
YTDJ,TPE,TPE,65,0.38628502939664,303
YTDJ,TPE,TPE,66,0.38628502939664,303
YTDJ,TPE,TPE,67,0.38628502939664,303
YTDJ,TPE,TPE,68,0.38628502939664,303
YTDJ,TPE,TPE,69,0.38628502939664,303
YTDJ,TPE,TPE,70,0.38628502939664,303
YTDJ,TPE,TPE,71,0.38628502939664,303
YTDJ,TPE,TPE,72,0.38628502939664,303
YTDJ,TPE,TPE,73,0.38628502939664,303
YTDJ,TPE,TPE,74,0.38628502939664,303
YTDJ,TPE,TPE,75,0.38628502939664,303
YTDJ,TPE,TPE,76,0.38628502939664,303
YTDJ,TPE,TPE,77,0.38628502939664,303
YTDJ,TPE,TPE,78,0.38628502939664,303
YTDJ,TPE,TPE,79,0.38628502939664,303
YTDJ,TPE,TPE,80,0.38628502939664,303
YTDJ,TPE,TPE,81,0.38628502939664,303
YTDJ,TPE,TPE,82,0.38628502939664,303
YTDJ,TPE,TPE,83,0.38427044834013524,303
YTDJ,TPE,TPE,84,0.3681590900508689,303
YTDJ,TPE,TPE,85,0.3681590900508689,303
YTDJ,TPE,TPE,86,0.3681590900508689,303
YTDJ,TPE,TPE,87,0.3681590900508689,303
YTDJ,TPE,TPE,88,0.3681590900508689,303
YTDJ,TPE,TPE,89,0.3681590900508689,303
YTDJ,TPE,TPE,90,0.3681590900508689,303
YTDJ,TPE,TPE,91,0.3681590900508689,303
YTDJ,TPE,TPE,92,0.3681590900508689,303
YTDJ,TPE,TPE,93,0.3681590900508689,303
YTDJ,TPE,TPE,94,0.3681590900508689,303
YTDJ,TPE,TPE,95,0.3681590900508689,303
YTDJ,TPE,TPE,96,0.3681590900508689,303
YTDJ,TPE,TPE,97,0.3602659765734386,303
YTDJ,TPE,TPE,98,0.34892801964624154,303
YTDJ,TPE,TPE,99,0.33110097566651153,303
YTDJ,TPE,TPE,100,0.32804102468611707,303
YTDJ,TPE,TPE,1,0.5335278990482702,404
YTDJ,TPE,TPE,2,0.47487669714705766,404
YTDJ,TPE,TPE,3,0.47487669714705766,404
YTDJ,TPE,TPE,4,0.47487669714705766,404
YTDJ,TPE,TPE,5,0.47487669714705766,404
YTDJ,TPE,TPE,6,0.47487669714705766,404
YTDJ,TPE,TPE,7,0.47487669714705766,404
YTDJ,TPE,TPE,8,0.47487669714705766,404
YTDJ,TPE,TPE,9,0.47487669714705766,404
YTDJ,TPE,TPE,10,0.47487669714705766,404
YTDJ,TPE,TPE,11,0.47487669714705766,404
YTDJ,TPE,TPE,12,0.47487669714705766,404
YTDJ,TPE,TPE,13,0.47487669714705766,404
YTDJ,TPE,TPE,14,0.47487669714705766,404
YTDJ,TPE,TPE,15,0.4236591193281385,404
YTDJ,TPE,TPE,16,0.4236591193281385,404
YTDJ,TPE,TPE,17,0.4236591193281385,404
YTDJ,TPE,TPE,18,0.4236591193281385,404
YTDJ,TPE,TPE,19,0.3387641896179767,404
YTDJ,TPE,TPE,20,0.3387641896179767,404
YTDJ,TPE,TPE,21,0.3387641896179767,404
YTDJ,TPE,TPE,22,0.3387641896179767,404
YTDJ,TPE,TPE,23,0.3387641896179767,404
YTDJ,TPE,TPE,24,0.3387641896179767,404
YTDJ,TPE,TPE,25,0.3387641896179767,404
YTDJ,TPE,TPE,26,0.3387641896179767,404
YTDJ,TPE,TPE,27,0.3387641896179767,404
YTDJ,TPE,TPE,28,0.3387641896179767,404
YTDJ,TPE,TPE,29,0.3387641896179767,404
YTDJ,TPE,TPE,30,0.3387641896179767,404
YTDJ,TPE,TPE,31,0.3387641896179767,404
YTDJ,TPE,TPE,32,0.3387641896179767,404
YTDJ,TPE,TPE,33,0.3387641896179767,404
YTDJ,TPE,TPE,34,0.3387641896179767,404
YTDJ,TPE,TPE,35,0.3387641896179767,404
YTDJ,TPE,TPE,36,0.3387641896179767,404
YTDJ,TPE,TPE,37,0.3387641896179767,404
YTDJ,TPE,TPE,38,0.3387641896179767,404
YTDJ,TPE,TPE,39,0.3387641896179767,404
YTDJ,TPE,TPE,40,0.3387641896179767,404
YTDJ,TPE,TPE,41,0.29773853823259605,404
YTDJ,TPE,TPE,42,0.29773853823259605,404
YTDJ,TPE,TPE,43,0.29773853823259605,404
YTDJ,TPE,TPE,44,0.24499737738181548,404
YTDJ,TPE,TPE,45,0.24499737738181548,404
YTDJ,TPE,TPE,46,0.24499737738181548,404
YTDJ,TPE,TPE,47,0.24499737738181548,404
YTDJ,TPE,TPE,48,0.24499737738181548,404
YTDJ,TPE,TPE,49,0.24499737738181548,404
YTDJ,TPE,TPE,50,0.24499737738181548,404
YTDJ,TPE,TPE,51,0.24499737738181548,404
YTDJ,TPE,TPE,52,0.24499737738181548,404
YTDJ,TPE,TPE,53,0.24499737738181548,404
YTDJ,TPE,TPE,54,0.24499737738181548,404
YTDJ,TPE,TPE,55,0.24499737738181548,404
YTDJ,TPE,TPE,56,0.24499737738181548,404
YTDJ,TPE,TPE,57,0.24499737738181548,404
YTDJ,TPE,TPE,58,0.24231383111749644,404
YTDJ,TPE,TPE,59,0.24231383111749644,404
YTDJ,TPE,TPE,60,0.24231383111749644,404
YTDJ,TPE,TPE,61,0.24231383111749644,404
YTDJ,TPE,TPE,62,0.24231383111749644,404
YTDJ,TPE,TPE,63,0.20522927625170687,404
YTDJ,TPE,TPE,64,0.20522927625170687,404
YTDJ,TPE,TPE,65,0.20522927625170687,404
YTDJ,TPE,TPE,66,0.20522927625170687,404
YTDJ,TPE,TPE,67,0.20522927625170687,404
YTDJ,TPE,TPE,68,0.20522927625170687,404
YTDJ,TPE,TPE,69,0.20522927625170687,404
YTDJ,TPE,TPE,70,0.20522927625170687,404
YTDJ,TPE,TPE,71,0.20522927625170687,404
YTDJ,TPE,TPE,72,0.20522927625170687,404
YTDJ,TPE,TPE,73,0.20522927625170687,404
YTDJ,TPE,TPE,74,0.20522927625170687,404
YTDJ,TPE,TPE,75,0.20522927625170687,404
YTDJ,TPE,TPE,76,0.20522927625170687,404
YTDJ,TPE,TPE,77,0.20522927625170687,404
YTDJ,TPE,TPE,78,0.20522927625170687,404
YTDJ,TPE,TPE,79,0.20522927625170687,404
YTDJ,TPE,TPE,80,0.20522927625170687,404
YTDJ,TPE,TPE,81,0.20522927625170687,404
YTDJ,TPE,TPE,82,0.20522927625170687,404
YTDJ,TPE,TPE,83,0.20522927625170687,404
YTDJ,TPE,TPE,84,0.20522927625170687,404
YTDJ,TPE,TPE,85,0.20522927625170687,404
YTDJ,TPE,TPE,86,0.20522927625170687,404
YTDJ,TPE,TPE,87,0.20522927625170687,404
YTDJ,TPE,TPE,88,0.20522927625170687,404
YTDJ,TPE,TPE,89,0.20522927625170687,404
YTDJ,TPE,TPE,90,0.20522927625170687,404
YTDJ,TPE,TPE,91,0.20522927625170687,404
YTDJ,TPE,TPE,92,0.20522927625170687,404
YTDJ,TPE,TPE,93,0.20522927625170687,404
YTDJ,TPE,TPE,94,0.20522927625170687,404
YTDJ,TPE,TPE,95,0.20522927625170687,404
YTDJ,TPE,TPE,96,0.20522927625170687,404
YTDJ,TPE,TPE,97,0.20522927625170687,404
YTDJ,TPE,TPE,98,0.20522927625170687,404
YTDJ,TPE,TPE,99,0.20522927625170687,404
YTDJ,TPE,TPE,100,0.20522927625170687,404
