scene,method,method_key,sim_count,best_error
Changchun,BF-SAC（序贯LCB）,BF-SAC,1,0.436387
Changchun,BF-SAC（序贯LCB）,BF-SAC,2,0.436387
Changchun,BF-SAC（序贯LCB）,BF-SAC,3,0.436387
Changchun,BF-SAC（序贯LCB）,BF-SAC,4,0.436387
Changchun,BF-SAC（序贯LCB）,BF-SAC,5,0.328998
Changchun,BF-SAC（序贯LCB）,BF-SAC,6,0.318677
Changchun,BF-SAC（序贯LCB）,BF-SAC,7,0.318677
Changchun,BF-SAC（序贯LCB）,BF-SAC,8,0.318677
Changchun,BF-SAC（序贯LCB）,BF-SAC,9,0.318677
Changchun,BF-SAC（序贯LCB）,BF-SAC,10,0.318677
Changchun,BF-SAC（序贯LCB）,BF-SAC,11,0.318677
Changchun,BF-SAC（序贯LCB）,BF-SAC,12,0.318677
Changchun,BF-SAC（序贯LCB）,BF-SAC,13,0.318677
Changchun,BF-SAC（序贯LCB）,BF-SAC,14,0.318677
Changchun,BF-SAC（序贯LCB）,BF-SAC,15,0.318677
Changchun,BF-SAC（序贯LCB）,BF-SAC,16,0.318677
Changchun,BF-SAC（序贯LCB）,BF-SAC,17,0.318677
Changchun,BF-SAC（序贯LCB）,BF-SAC,18,0.318677
Changchun,BF-SAC（序贯LCB）,BF-SAC,19,0.318677
Changchun,BF-SAC（序贯LCB）,BF-SAC,20,0.318677
Changchun,BF-SAC（序贯LCB）,BF-SAC,21,0.318677
Changchun,BF-SAC（序贯LCB）,BF-SAC,22,0.318677
Changchun,BF-SAC（序贯LCB）,BF-SAC,23,0.318677
Changchun,BF-SAC（序贯LCB）,BF-SAC,24,0.318677
Changchun,BF-SAC（序贯LCB）,BF-SAC,25,0.260447
Changchun,BF-SAC（序贯LCB）,BF-SAC,26,0.260447
Changchun,BF-SAC（序贯LCB）,BF-SAC,27,0.260447
Changchun,BF-SAC（序贯LCB）,BF-SAC,28,0.260447
Changchun,BF-SAC（序贯LCB）,BF-SAC,29,0.260447
Changchun,BF-SAC（序贯LCB）,BF-SAC,30,0.260447
Changchun,BF-SAC（序贯LCB）,BF-SAC,31,0.260447
Changchun,BF-SAC（序贯LCB）,BF-SAC,32,0.260447
Changchun,BF-SAC（序贯LCB）,BF-SAC,33,0.260447
Changchun,BF-SAC（序贯LCB）,BF-SAC,34,0.260447
Changchun,BF-SAC（序贯LCB）,BF-SAC,35,0.260447
Changchun,BF-SAC（序贯LCB）,BF-SAC,36,0.260447
Changchun,BF-SAC（序贯LCB）,BF-SAC,37,0.260447
Changchun,BF-SAC（序贯LCB）,BF-SAC,38,0.260447
Changchun,BF-SAC（序贯LCB）,BF-SAC,39,0.260447
Changchun,BF-SAC（序贯LCB）,BF-SAC,40,0.260447
Changchun,BF-SAC（序贯LCB）,BF-SAC,41,0.260447
Changchun,BF-SAC（序贯LCB）,BF-SAC,42,0.260447
Changchun,BF-SAC（序贯LCB）,BF-SAC,43,0.260447
Changchun,BF-SAC（序贯LCB）,BF-SAC,44,0.260447
Changchun,BF-SAC（序贯LCB）,BF-SAC,45,0.260447
Changchun,BF-SAC（序贯LCB）,BF-SAC,46,0.260447
Changchun,BF-SAC（序贯LCB）,BF-SAC,47,0.260447
Changchun,BF-SAC（序贯LCB）,BF-SAC,48,0.260447
Changchun,BF-SAC（序贯LCB）,BF-SAC,49,0.260447
Changchun,BF-SAC（序贯LCB）,BF-SAC,50,0.260447
Changchun,BF-SAC（序贯LCB）,BF-SAC,51,0.260447
Changchun,BF-SAC（序贯LCB）,BF-SAC,52,0.260447
Changchun,BF-SAC（序贯LCB）,BF-SAC,53,0.260447
Changchun,BF-SAC（序贯LCB）,BF-SAC,54,0.260447
Changchun,BF-SAC（序贯LCB）,BF-SAC,55,0.260447
Changchun,BF-SAC（序贯LCB）,BF-SAC,56,0.260447
Changchun,BF-SAC（序贯LCB）,BF-SAC,57,0.260447
Changchun,BF-SAC（序贯LCB）,BF-SAC,58,0.260447
Changchun,BF-SAC（序贯LCB）,BF-SAC,59,0.260447
Changchun,BF-SAC（序贯LCB）,BF-SAC,60,0.260447
Changchun,BF-SAC（序贯LCB）,BF-SAC,61,0.257389
Changchun,BF-SAC（序贯LCB）,BF-SAC,62,0.257389
Changchun,BF-SAC（序贯LCB）,BF-SAC,63,0.249242
Changchun,BF-SAC（序贯LCB）,BF-SAC,64,0.249242
Changchun,BF-SAC（序贯LCB）,BF-SAC,65,0.249242
Changchun,BF-SAC（序贯LCB）,BF-SAC,66,0.249242
Changchun,BF-SAC（序贯LCB）,BF-SAC,67,0.249242
Changchun,BF-SAC（序贯LCB）,BF-SAC,68,0.249242
Changchun,BF-SAC（序贯LCB）,BF-SAC,69,0.249242
Changchun,BF-SAC（序贯LCB）,BF-SAC,70,0.249242
Changchun,BF-SAC（序贯LCB）,BF-SAC,71,0.249242
Changchun,BF-SAC（序贯LCB）,BF-SAC,72,0.249242
Changchun,BF-SAC（序贯LCB）,BF-SAC,73,0.249242
Changchun,BF-SAC（序贯LCB）,BF-SAC,74,0.249242
Changchun,BF-SAC（序贯LCB）,BF-SAC,75,0.249242
Changchun,BF-SAC（序贯LCB）,BF-SAC,76,0.249242
Changchun,BF-SAC（序贯LCB）,BF-SAC,77,0.249242
Changchun,BF-SAC（序贯LCB）,BF-SAC,78,0.249242
Changchun,BF-SAC（序贯LCB）,BF-SAC,79,0.249242
Changchun,BF-SAC（序贯LCB）,BF-SAC,80,0.249242
Changchun,BF-SAC（序贯LCB）,BF-SAC,81,0.249242
Changchun,BF-SAC（序贯LCB）,BF-SAC,82,0.249242
Changchun,BF-SAC（序贯LCB）,BF-SAC,83,0.249242
Changchun,BF-SAC（序贯LCB）,BF-SAC,84,0.249242
Changchun,BF-SAC（序贯LCB）,BF-SAC,85,0.249242
Changchun,BF-SAC（序贯LCB）,BF-SAC,86,0.249242
Changchun,BF-SAC（序贯LCB）,BF-SAC,87,0.249242
Changchun,BF-SAC（序贯LCB）,BF-SAC,88,0.249242
Changchun,BF-SAC（序贯LCB）,BF-SAC,89,0.225051
Changchun,BF-SAC（序贯LCB）,BF-SAC,90,0.21473
Changchun,BF-SAC（序贯LCB）,BF-SAC,91,0.21473
Changchun,BF-SAC（序贯LCB）,BF-SAC,92,0.21473
Changchun,BF-SAC（序贯LCB）,BF-SAC,93,0.21473
Changchun,BF-SAC（序贯LCB）,BF-SAC,94,0.21473
Changchun,BF-SAC（序贯LCB）,BF-SAC,95,0.21473
Changchun,BF-SAC（序贯LCB）,BF-SAC,96,0.177988
Changchun,BF-SAC（序贯LCB）,BF-SAC,97,0.177988
Changchun,BF-SAC（序贯LCB）,BF-SAC,98,0.177988
Changchun,BF-SAC（序贯LCB）,BF-SAC,99,0.177988
Changchun,BF-SAC（序贯LCB）,BF-SAC,100,0.177988
Changchun,BF-SAC（序贯LCB）,BF-SAC,101,0.177988
Changchun,遗传算法（GA）,GA,1,0.5169405445844102
Changchun,遗传算法（GA）,GA,2,0.5169405445844102
Changchun,遗传算法（GA）,GA,3,0.39031571988514074
Changchun,遗传算法（GA）,GA,4,0.39031571988514074
Changchun,遗传算法（GA）,GA,5,0.35423397619767255
Changchun,遗传算法（GA）,GA,6,0.35423397619767255
Changchun,遗传算法（GA）,GA,7,0.35423397619767255
Changchun,遗传算法（GA）,GA,8,0.35350692887718066
Changchun,遗传算法（GA）,GA,9,0.35350692887718066
Changchun,遗传算法（GA）,GA,10,0.35350692887718066
Changchun,遗传算法（GA）,GA,11,0.35350692887718066
Changchun,遗传算法（GA）,GA,12,0.35350692887718066
Changchun,遗传算法（GA）,GA,13,0.35350692887718066
Changchun,遗传算法（GA）,GA,14,0.35350692887718066
Changchun,遗传算法（GA）,GA,15,0.35350692887718066
Changchun,遗传算法（GA）,GA,16,0.35350692887718066
Changchun,遗传算法（GA）,GA,17,0.35350692887718066
Changchun,遗传算法（GA）,GA,18,0.3032879033650118
Changchun,遗传算法（GA）,GA,19,0.3032879033650118
Changchun,遗传算法（GA）,GA,20,0.3032879033650118
Changchun,遗传算法（GA）,GA,21,0.3032879033650118
Changchun,遗传算法（GA）,GA,22,0.3032879033650118
Changchun,遗传算法（GA）,GA,23,0.3032879033650118
Changchun,遗传算法（GA）,GA,24,0.3032879033650118
Changchun,遗传算法（GA）,GA,25,0.3032879033650118
Changchun,遗传算法（GA）,GA,26,0.3032879033650118
Changchun,遗传算法（GA）,GA,27,0.3032879033650118
Changchun,遗传算法（GA）,GA,28,0.3032879033650118
Changchun,遗传算法（GA）,GA,29,0.2982760594711155
Changchun,遗传算法（GA）,GA,30,0.2982760594711155
Changchun,遗传算法（GA）,GA,31,0.2982760594711155
Changchun,遗传算法（GA）,GA,32,0.2982760594711155
Changchun,遗传算法（GA）,GA,33,0.2982760594711155
Changchun,遗传算法（GA）,GA,34,0.2935677932685362
Changchun,遗传算法（GA）,GA,35,0.2935677932685362
Changchun,遗传算法（GA）,GA,36,0.2935677932685362
Changchun,遗传算法（GA）,GA,37,0.2935677932685362
Changchun,遗传算法（GA）,GA,38,0.2935677932685362
Changchun,遗传算法（GA）,GA,39,0.2935677932685362
Changchun,遗传算法（GA）,GA,40,0.2935677932685362
Changchun,遗传算法（GA）,GA,41,0.2935677932685362
Changchun,遗传算法（GA）,GA,42,0.27480342706967553
Changchun,遗传算法（GA）,GA,43,0.27480342706967553
Changchun,遗传算法（GA）,GA,44,0.27480342706967553
Changchun,遗传算法（GA）,GA,45,0.27480342706967553
Changchun,遗传算法（GA）,GA,46,0.27480342706967553
Changchun,遗传算法（GA）,GA,47,0.2699989760693274
Changchun,遗传算法（GA）,GA,48,0.2699989760693274
Changchun,遗传算法（GA）,GA,49,0.2699989760693274
Changchun,遗传算法（GA）,GA,50,0.2699989760693274
Changchun,遗传算法（GA）,GA,51,0.2699989760693274
Changchun,遗传算法（GA）,GA,52,0.2699989760693274
Changchun,遗传算法（GA）,GA,53,0.2699989760693274
Changchun,遗传算法（GA）,GA,54,0.2699989760693274
Changchun,遗传算法（GA）,GA,55,0.2699989760693274
Changchun,遗传算法（GA）,GA,56,0.2699989760693274
Changchun,遗传算法（GA）,GA,57,0.2699989760693274
Changchun,遗传算法（GA）,GA,58,0.2699989760693274
Changchun,遗传算法（GA）,GA,59,0.2699989760693274
Changchun,遗传算法（GA）,GA,60,0.2699989760693274
Changchun,遗传算法（GA）,GA,61,0.2699989760693274
Changchun,遗传算法（GA）,GA,62,0.2699989760693274
Changchun,遗传算法（GA）,GA,63,0.2699989760693274
Changchun,遗传算法（GA）,GA,64,0.2699989760693274
Changchun,遗传算法（GA）,GA,65,0.2699989760693274
Changchun,遗传算法（GA）,GA,66,0.2699989760693274
Changchun,遗传算法（GA）,GA,67,0.26119025120642547
Changchun,遗传算法（GA）,GA,68,0.26119025120642547
Changchun,遗传算法（GA）,GA,69,0.26119025120642547
Changchun,遗传算法（GA）,GA,70,0.26119025120642547
Changchun,遗传算法（GA）,GA,71,0.26119025120642547
Changchun,遗传算法（GA）,GA,72,0.26119025120642547
Changchun,遗传算法（GA）,GA,73,0.26119025120642547
Changchun,遗传算法（GA）,GA,74,0.26119025120642547
Changchun,遗传算法（GA）,GA,75,0.26119025120642547
Changchun,遗传算法（GA）,GA,76,0.26119025120642547
Changchun,遗传算法（GA）,GA,77,0.26119025120642547
Changchun,遗传算法（GA）,GA,78,0.26119025120642547
Changchun,遗传算法（GA）,GA,79,0.26119025120642547
Changchun,遗传算法（GA）,GA,80,0.26119025120642547
Changchun,遗传算法（GA）,GA,81,0.26119025120642547
Changchun,遗传算法（GA）,GA,82,0.26119025120642547
Changchun,遗传算法（GA）,GA,83,0.26119025120642547
Changchun,遗传算法（GA）,GA,84,0.26119025120642547
Changchun,遗传算法（GA）,GA,85,0.26119025120642547
Changchun,遗传算法（GA）,GA,86,0.251690351342443
Changchun,遗传算法（GA）,GA,87,0.251690351342443
Changchun,遗传算法（GA）,GA,88,0.251690351342443
Changchun,遗传算法（GA）,GA,89,0.251690351342443
Changchun,遗传算法（GA）,GA,90,0.251690351342443
Changchun,遗传算法（GA）,GA,91,0.251690351342443
Changchun,遗传算法（GA）,GA,92,0.23771843775402282
Changchun,遗传算法（GA）,GA,93,0.23771843775402282
Changchun,遗传算法（GA）,GA,94,0.23771843775402282
Changchun,遗传算法（GA）,GA,95,0.23771843775402282
Changchun,遗传算法（GA）,GA,96,0.23771843775402282
Changchun,遗传算法（GA）,GA,97,0.19709621853868306
Changchun,遗传算法（GA）,GA,98,0.19709621853868306
Changchun,遗传算法（GA）,GA,99,0.19709621853868306
Changchun,遗传算法（GA）,GA,100,0.19709621853868306
Changchun,遗传算法（GA）,GA,101,0.19709621853868306
Changchun,遗传算法（GA）,GA,102,0.19709621853868306
Changchun,遗传算法（GA）,GA,103,0.19709621853868306
Changchun,遗传算法（GA）,GA,104,0.19709621853868306
Changchun,遗传算法（GA）,GA,105,0.19709621853868306
Changchun,遗传算法（GA）,GA,106,0.19709621853868306
Changchun,遗传算法（GA）,GA,107,0.19709621853868306
Changchun,遗传算法（GA）,GA,108,0.19709621853868306
Changchun,遗传算法（GA）,GA,109,0.19709621853868306
Changchun,遗传算法（GA）,GA,110,0.19709621853868306
Changchun,遗传算法（GA）,GA,111,0.19709621853868306
Changchun,遗传算法（GA）,GA,112,0.19709621853868306
Changchun,遗传算法（GA）,GA,113,0.19709621853868306
Changchun,遗传算法（GA）,GA,114,0.19709621853868306
Changchun,遗传算法（GA）,GA,115,0.19709621853868306
Changchun,遗传算法（GA）,GA,116,0.19709621853868306
Changchun,遗传算法（GA）,GA,117,0.19709621853868306
Changchun,遗传算法（GA）,GA,118,0.19709621853868306
Changchun,遗传算法（GA）,GA,119,0.19709621853868306
Changchun,遗传算法（GA）,GA,120,0.19709621853868306
Changchun,遗传算法（GA）,GA,121,0.19709621853868306
Changchun,遗传算法（GA）,GA,122,0.19709621853868306
Changchun,遗传算法（GA）,GA,123,0.19709621853868306
Changchun,遗传算法（GA）,GA,124,0.19709621853868306
Changchun,遗传算法（GA）,GA,125,0.19544758611355387
Changchun,遗传算法（GA）,GA,126,0.19544758611355387
Changchun,遗传算法（GA）,GA,127,0.19544758611355387
Changchun,遗传算法（GA）,GA,128,0.19416522816324863
Changchun,遗传算法（GA）,GA,129,0.19416522816324863
Changchun,遗传算法（GA）,GA,130,0.19416522816324863
Changchun,遗传算法（GA）,GA,131,0.19416522816324863
Changchun,遗传算法（GA）,GA,132,0.19416522816324863
Changchun,遗传算法（GA）,GA,133,0.19416522816324863
Changchun,遗传算法（GA）,GA,134,0.19416522816324863
Changchun,遗传算法（GA）,GA,135,0.19416522816324863
Changchun,遗传算法（GA）,GA,136,0.19416522816324863
Changchun,遗传算法（GA）,GA,137,0.19416522816324863
Changchun,遗传算法（GA）,GA,138,0.19416522816324863
Changchun,遗传算法（GA）,GA,139,0.1680337590649459
Changchun,遗传算法（GA）,GA,140,0.1680337590649459
Changchun,遗传算法（GA）,GA,141,0.1680337590649459
Changchun,遗传算法（GA）,GA,142,0.1680337590649459
Changchun,遗传算法（GA）,GA,143,0.1680337590649459
Changchun,遗传算法（GA）,GA,144,0.1680337590649459
Changchun,遗传算法（GA）,GA,145,0.1680337590649459
Changchun,遗传算法（GA）,GA,146,0.1680337590649459
Changchun,遗传算法（GA）,GA,147,0.1680337590649459
Changchun,遗传算法（GA）,GA,148,0.1680337590649459
Changchun,遗传算法（GA）,GA,149,0.1680337590649459
Changchun,遗传算法（GA）,GA,150,0.1680337590649459
Changchun,遗传算法（GA）,GA,151,0.1680337590649459
Changchun,遗传算法（GA）,GA,152,0.1680337590649459
Changchun,遗传算法（GA）,GA,153,0.1680337590649459
Changchun,遗传算法（GA）,GA,154,0.1680337590649459
Changchun,遗传算法（GA）,GA,155,0.1680337590649459
Changchun,遗传算法（GA）,GA,156,0.1680337590649459
Changchun,遗传算法（GA）,GA,157,0.1680337590649459
Changchun,遗传算法（GA）,GA,158,0.1680337590649459
Changchun,遗传算法（GA）,GA,159,0.1680337590649459
Changchun,遗传算法（GA）,GA,160,0.1680337590649459
Changchun,遗传算法（GA）,GA,161,0.1680337590649459
Changchun,遗传算法（GA）,GA,162,0.1680337590649459
Changchun,遗传算法（GA）,GA,163,0.1680337590649459
Changchun,遗传算法（GA）,GA,164,0.1680337590649459
Changchun,遗传算法（GA）,GA,165,0.1680337590649459
Changchun,遗传算法（GA）,GA,166,0.1680337590649459
Changchun,遗传算法（GA）,GA,167,0.1680337590649459
Changchun,遗传算法（GA）,GA,168,0.1680337590649459
Changchun,遗传算法（GA）,GA,169,0.1680337590649459
Changchun,遗传算法（GA）,GA,170,0.1680337590649459
Changchun,遗传算法（GA）,GA,171,0.1680337590649459
Changchun,遗传算法（GA）,GA,172,0.1680337590649459
Changchun,遗传算法（GA）,GA,173,0.1680337590649459
Changchun,遗传算法（GA）,GA,174,0.1680337590649459
Changchun,遗传算法（GA）,GA,175,0.1680337590649459
Changchun,遗传算法（GA）,GA,176,0.1680337590649459
Changchun,遗传算法（GA）,GA,177,0.1680337590649459
Changchun,遗传算法（GA）,GA,178,0.1680337590649459
Changchun,遗传算法（GA）,GA,179,0.1680337590649459
Changchun,遗传算法（GA）,GA,180,0.1680337590649459
Changchun,遗传算法（GA）,GA,181,0.1680337590649459
Changchun,遗传算法（GA）,GA,182,0.1680337590649459
Changchun,遗传算法（GA）,GA,183,0.1680337590649459
Changchun,遗传算法（GA）,GA,184,0.1680337590649459
Changchun,遗传算法（GA）,GA,185,0.1680337590649459
Changchun,遗传算法（GA）,GA,186,0.1680337590649459
Changchun,遗传算法（GA）,GA,187,0.1680337590649459
Changchun,遗传算法（GA）,GA,188,0.1680337590649459
Changchun,遗传算法（GA）,GA,189,0.1680337590649459
Changchun,遗传算法（GA）,GA,190,0.1680337590649459
Changchun,遗传算法（GA）,GA,191,0.1680337590649459
Changchun,遗传算法（GA）,GA,192,0.1680337590649459
Changchun,遗传算法（GA）,GA,193,0.1680337590649459
Changchun,遗传算法（GA）,GA,194,0.1680337590649459
Changchun,遗传算法（GA）,GA,195,0.1680337590649459
Changchun,遗传算法（GA）,GA,196,0.1680337590649459
Changchun,遗传算法（GA）,GA,197,0.1680337590649459
Changchun,遗传算法（GA）,GA,198,0.1680337590649459
Changchun,遗传算法（GA）,GA,199,0.1680337590649459
Changchun,遗传算法（GA）,GA,200,0.1680337590649459
Changchun,遗传算法（GA）,GA,201,0.1680337590649459
Changchun,遗传算法（GA）,GA,202,0.1680337590649459
Changchun,遗传算法（GA）,GA,203,0.1680337590649459
Changchun,遗传算法（GA）,GA,204,0.1680337590649459
Changchun,遗传算法（GA）,GA,205,0.1680337590649459
Changchun,遗传算法（GA）,GA,206,0.1680337590649459
Changchun,遗传算法（GA）,GA,207,0.1680337590649459
Changchun,遗传算法（GA）,GA,208,0.1680337590649459
Changchun,遗传算法（GA）,GA,209,0.1680337590649459
Changchun,遗传算法（GA）,GA,210,0.1680337590649459
Changchun,遗传算法（GA）,GA,211,0.1680337590649459
Changchun,遗传算法（GA）,GA,212,0.1680337590649459
Changchun,遗传算法（GA）,GA,213,0.1680337590649459
Changchun,遗传算法（GA）,GA,214,0.1680337590649459
Changchun,遗传算法（GA）,GA,215,0.1680337590649459
Changchun,遗传算法（GA）,GA,216,0.1680337590649459
Changchun,遗传算法（GA）,GA,217,0.1680337590649459
Changchun,遗传算法（GA）,GA,218,0.1660308357112661
Changchun,遗传算法（GA）,GA,219,0.1660308357112661
Changchun,遗传算法（GA）,GA,220,0.1660308357112661
Changchun,遗传算法（GA）,GA,221,0.1660308357112661
Changchun,遗传算法（GA）,GA,222,0.1660308357112661
Changchun,遗传算法（GA）,GA,223,0.1660308357112661
Changchun,遗传算法（GA）,GA,224,0.1660308357112661
Changchun,遗传算法（GA）,GA,225,0.1660308357112661
Changchun,遗传算法（GA）,GA,226,0.1660308357112661
Changchun,遗传算法（GA）,GA,227,0.1660308357112661
Changchun,遗传算法（GA）,GA,228,0.1660308357112661
Changchun,遗传算法（GA）,GA,229,0.1660308357112661
Changchun,遗传算法（GA）,GA,230,0.1660308357112661
Changchun,遗传算法（GA）,GA,231,0.1660308357112661
Changchun,遗传算法（GA）,GA,232,0.1660308357112661
Changchun,遗传算法（GA）,GA,233,0.1660308357112661
Changchun,遗传算法（GA）,GA,234,0.1660308357112661
Changchun,遗传算法（GA）,GA,235,0.1660308357112661
Changchun,遗传算法（GA）,GA,236,0.1660308357112661
Changchun,遗传算法（GA）,GA,237,0.1660308357112661
Changchun,遗传算法（GA）,GA,238,0.1660308357112661
Changchun,遗传算法（GA）,GA,239,0.1660308357112661
Changchun,遗传算法（GA）,GA,240,0.1660308357112661
Changchun,遗传算法（GA）,GA,241,0.1660308357112661
Changchun,遗传算法（GA）,GA,242,0.1660308357112661
Changchun,遗传算法（GA）,GA,243,0.1660308357112661
Changchun,遗传算法（GA）,GA,244,0.1660308357112661
Changchun,遗传算法（GA）,GA,245,0.1660308357112661
Changchun,遗传算法（GA）,GA,246,0.1660308357112661
Changchun,遗传算法（GA）,GA,247,0.1660308357112661
Changchun,遗传算法（GA）,GA,248,0.1660308357112661
Changchun,遗传算法（GA）,GA,249,0.1660308357112661
Changchun,遗传算法（GA）,GA,250,0.1660308357112661
Changchun,遗传算法（GA）,GA,251,0.1660308357112661
Changchun,遗传算法（GA）,GA,252,0.1660308357112661
Changchun,遗传算法（GA）,GA,253,0.1660308357112661
Changchun,遗传算法（GA）,GA,254,0.1660308357112661
Changchun,遗传算法（GA）,GA,255,0.1660308357112661
Changchun,遗传算法（GA）,GA,256,0.1660308357112661
Changchun,遗传算法（GA）,GA,257,0.1660308357112661
Changchun,遗传算法（GA）,GA,258,0.1660308357112661
Changchun,遗传算法（GA）,GA,259,0.1660308357112661
Changchun,遗传算法（GA）,GA,260,0.1660308357112661
Changchun,遗传算法（GA）,GA,261,0.1660308357112661
Changchun,遗传算法（GA）,GA,262,0.1660308357112661
Changchun,遗传算法（GA）,GA,263,0.1660308357112661
Changchun,遗传算法（GA）,GA,264,0.1660308357112661
Changchun,遗传算法（GA）,GA,265,0.1660308357112661
Changchun,遗传算法（GA）,GA,266,0.1660308357112661
Changchun,遗传算法（GA）,GA,267,0.1660308357112661
Changchun,遗传算法（GA）,GA,268,0.1660308357112661
Changchun,遗传算法（GA）,GA,269,0.1660308357112661
Changchun,遗传算法（GA）,GA,270,0.1660308357112661
Changchun,遗传算法（GA）,GA,271,0.1660308357112661
Changchun,遗传算法（GA）,GA,272,0.1660308357112661
Changchun,遗传算法（GA）,GA,273,0.1660308357112661
Changchun,遗传算法（GA）,GA,274,0.1660308357112661
Changchun,遗传算法（GA）,GA,275,0.1660308357112661
Changchun,遗传算法（GA）,GA,276,0.1660308357112661
Changchun,遗传算法（GA）,GA,277,0.1660308357112661
Changchun,遗传算法（GA）,GA,278,0.1660308357112661
Changchun,遗传算法（GA）,GA,279,0.1660308357112661
Changchun,遗传算法（GA）,GA,280,0.1660308357112661
Changchun,遗传算法（GA）,GA,281,0.1660308357112661
Changchun,遗传算法（GA）,GA,282,0.1660308357112661
Changchun,遗传算法（GA）,GA,283,0.1660308357112661
Changchun,遗传算法（GA）,GA,284,0.1660308357112661
Changchun,遗传算法（GA）,GA,285,0.1660308357112661
Changchun,遗传算法（GA）,GA,286,0.1660308357112661
Changchun,遗传算法（GA）,GA,287,0.1660308357112661
Changchun,遗传算法（GA）,GA,288,0.1660308357112661
Changchun,遗传算法（GA）,GA,289,0.1660308357112661
Changchun,遗传算法（GA）,GA,290,0.1660308357112661
Changchun,遗传算法（GA）,GA,291,0.1660308357112661
Changchun,遗传算法（GA）,GA,292,0.1660308357112661
Changchun,遗传算法（GA）,GA,293,0.1660308357112661
Changchun,遗传算法（GA）,GA,294,0.1660308357112661
Changchun,遗传算法（GA）,GA,295,0.1660308357112661
Changchun,遗传算法（GA）,GA,296,0.1660308357112661
Changchun,遗传算法（GA）,GA,297,0.1660308357112661
Changchun,遗传算法（GA）,GA,298,0.1660308357112661
Changchun,遗传算法（GA）,GA,299,0.1660308357112661
Changchun,遗传算法（GA）,GA,300,0.1660308357112661
Changchun,遗传算法（GA）,GA,301,0.1660308357112661
Changchun,遗传算法（GA）,GA,302,0.1660308357112661
Changchun,遗传算法（GA）,GA,303,0.1660308357112661
Changchun,遗传算法（GA）,GA,304,0.1660308357112661
Changchun,遗传算法（GA）,GA,305,0.1660308357112661
Changchun,遗传算法（GA）,GA,306,0.1660308357112661
Changchun,遗传算法（GA）,GA,307,0.1660308357112661
Changchun,遗传算法（GA）,GA,308,0.1660308357112661
Changchun,遗传算法（GA）,GA,309,0.1660308357112661
Changchun,遗传算法（GA）,GA,310,0.1660308357112661
Changchun,遗传算法（GA）,GA,311,0.1660308357112661
Changchun,遗传算法（GA）,GA,312,0.1660308357112661
Changchun,遗传算法（GA）,GA,313,0.1660308357112661
Changchun,遗传算法（GA）,GA,314,0.1660308357112661
Changchun,遗传算法（GA）,GA,315,0.1660308357112661
Changchun,遗传算法（GA）,GA,316,0.1660308357112661
Changchun,遗传算法（GA）,GA,317,0.1660308357112661
Changchun,遗传算法（GA）,GA,318,0.1660308357112661
Changchun,遗传算法（GA）,GA,319,0.1660308357112661
Changchun,遗传算法（GA）,GA,320,0.1660308357112661
Changchun,遗传算法（GA）,GA,321,0.1660308357112661
Changchun,遗传算法（GA）,GA,322,0.1660308357112661
Changchun,遗传算法（GA）,GA,323,0.1660308357112661
Changchun,遗传算法（GA）,GA,324,0.1660308357112661
Changchun,遗传算法（GA）,GA,325,0.1660308357112661
Changchun,遗传算法（GA）,GA,326,0.1660308357112661
Changchun,遗传算法（GA）,GA,327,0.1660308357112661
Changchun,遗传算法（GA）,GA,328,0.1660308357112661
Changchun,遗传算法（GA）,GA,329,0.1660308357112661
Changchun,遗传算法（GA）,GA,330,0.1660308357112661
Changchun,遗传算法（GA）,GA,331,0.1660308357112661
Changchun,遗传算法（GA）,GA,332,0.1660308357112661
Changchun,遗传算法（GA）,GA,333,0.1660308357112661
Changchun,遗传算法（GA）,GA,334,0.1660308357112661
Changchun,遗传算法（GA）,GA,335,0.1660308357112661
Changchun,遗传算法（GA）,GA,336,0.1660308357112661
Changchun,遗传算法（GA）,GA,337,0.1660308357112661
Changchun,遗传算法（GA）,GA,338,0.1660308357112661
Changchun,遗传算法（GA）,GA,339,0.1660308357112661
Changchun,遗传算法（GA）,GA,340,0.1660308357112661
Changchun,遗传算法（GA）,GA,341,0.1660308357112661
Changchun,遗传算法（GA）,GA,342,0.1660308357112661
Changchun,遗传算法（GA）,GA,343,0.1660308357112661
Changchun,遗传算法（GA）,GA,344,0.1660308357112661
Changchun,遗传算法（GA）,GA,345,0.1660308357112661
Changchun,遗传算法（GA）,GA,346,0.1660308357112661
Changchun,遗传算法（GA）,GA,347,0.1660308357112661
Changchun,遗传算法（GA）,GA,348,0.1660308357112661
Changchun,遗传算法（GA）,GA,349,0.1660308357112661
Changchun,遗传算法（GA）,GA,350,0.1660308357112661
Changchun,遗传算法（GA）,GA,351,0.1660308357112661
Changchun,遗传算法（GA）,GA,352,0.1660308357112661
Changchun,遗传算法（GA）,GA,353,0.1660308357112661
Changchun,遗传算法（GA）,GA,354,0.1660308357112661
Changchun,遗传算法（GA）,GA,355,0.1660308357112661
Changchun,遗传算法（GA）,GA,356,0.1660308357112661
Changchun,遗传算法（GA）,GA,357,0.1660308357112661
Changchun,遗传算法（GA）,GA,358,0.1660308357112661
Changchun,遗传算法（GA）,GA,359,0.1660308357112661
Changchun,遗传算法（GA）,GA,360,0.1660308357112661
Changchun,遗传算法（GA）,GA,361,0.1660308357112661
Changchun,遗传算法（GA）,GA,362,0.1660308357112661
Changchun,遗传算法（GA）,GA,363,0.1660308357112661
Changchun,遗传算法（GA）,GA,364,0.1660308357112661
Changchun,遗传算法（GA）,GA,365,0.1660308357112661
Changchun,遗传算法（GA）,GA,366,0.1660308357112661
Changchun,遗传算法（GA）,GA,367,0.1660308357112661
Changchun,遗传算法（GA）,GA,368,0.1660308357112661
Changchun,遗传算法（GA）,GA,369,0.1660308357112661
Changchun,遗传算法（GA）,GA,370,0.1660308357112661
Changchun,遗传算法（GA）,GA,371,0.1660308357112661
Changchun,遗传算法（GA）,GA,372,0.1660308357112661
Changchun,遗传算法（GA）,GA,373,0.1660308357112661
Changchun,遗传算法（GA）,GA,374,0.1660308357112661
Changchun,遗传算法（GA）,GA,375,0.1660308357112661
Changchun,遗传算法（GA）,GA,376,0.1660308357112661
Changchun,遗传算法（GA）,GA,377,0.1660308357112661
Changchun,遗传算法（GA）,GA,378,0.1660308357112661
Changchun,遗传算法（GA）,GA,379,0.1660308357112661
Changchun,遗传算法（GA）,GA,380,0.1660308357112661
Changchun,遗传算法（GA）,GA,381,0.1660308357112661
Changchun,遗传算法（GA）,GA,382,0.1660308357112661
Changchun,遗传算法（GA）,GA,383,0.1660308357112661
Changchun,遗传算法（GA）,GA,384,0.1660308357112661
Changchun,遗传算法（GA）,GA,385,0.1660308357112661
Changchun,遗传算法（GA）,GA,386,0.1660308357112661
Changchun,遗传算法（GA）,GA,387,0.1660308357112661
Changchun,遗传算法（GA）,GA,388,0.1660308357112661
Changchun,遗传算法（GA）,GA,389,0.1660308357112661
Changchun,遗传算法（GA）,GA,390,0.1660308357112661
Changchun,遗传算法（GA）,GA,391,0.1660308357112661
Changchun,遗传算法（GA）,GA,392,0.1660308357112661
Changchun,遗传算法（GA）,GA,393,0.1660308357112661
Changchun,遗传算法（GA）,GA,394,0.1660308357112661
Changchun,遗传算法（GA）,GA,395,0.1660308357112661
Changchun,遗传算法（GA）,GA,396,0.1660308357112661
Changchun,遗传算法（GA）,GA,397,0.1660308357112661
Changchun,遗传算法（GA）,GA,398,0.1660308357112661
Changchun,遗传算法（GA）,GA,399,0.1660308357112661
Changchun,遗传算法（GA）,GA,400,0.1660308357112661
Changchun,遗传算法（GA）,GA,401,0.1660308357112661
Changchun,遗传算法（GA）,GA,402,0.1660308357112661
Changchun,遗传算法（GA）,GA,403,0.1660308357112661
Changchun,遗传算法（GA）,GA,404,0.1660308357112661
Changchun,遗传算法（GA）,GA,405,0.1660308357112661
Changchun,遗传算法（GA）,GA,406,0.1660308357112661
Changchun,遗传算法（GA）,GA,407,0.1660308357112661
Changchun,遗传算法（GA）,GA,408,0.1660308357112661
Changchun,遗传算法（GA）,GA,409,0.1660308357112661
Changchun,遗传算法（GA）,GA,410,0.1660308357112661
Changchun,遗传算法（GA）,GA,411,0.1660308357112661
Changchun,遗传算法（GA）,GA,412,0.1660308357112661
Changchun,遗传算法（GA）,GA,413,0.1660308357112661
Changchun,遗传算法（GA）,GA,414,0.1660308357112661
Changchun,遗传算法（GA）,GA,415,0.1660308357112661
Changchun,遗传算法（GA）,GA,416,0.1660308357112661
Changchun,遗传算法（GA）,GA,417,0.1660308357112661
Changchun,遗传算法（GA）,GA,418,0.1660308357112661
Changchun,遗传算法（GA）,GA,419,0.1660308357112661
Changchun,遗传算法（GA）,GA,420,0.1660308357112661
Changchun,遗传算法（GA）,GA,421,0.1660308357112661
Changchun,遗传算法（GA）,GA,422,0.1660308357112661
Changchun,遗传算法（GA）,GA,423,0.1660308357112661
Changchun,遗传算法（GA）,GA,424,0.1660308357112661
Changchun,遗传算法（GA）,GA,425,0.1660308357112661
Changchun,遗传算法（GA）,GA,426,0.15402007211643834
Changchun,遗传算法（GA）,GA,427,0.15402007211643834
Changchun,遗传算法（GA）,GA,428,0.15402007211643834
Changchun,遗传算法（GA）,GA,429,0.15402007211643834
Changchun,遗传算法（GA）,GA,430,0.15402007211643834
Changchun,遗传算法（GA）,GA,431,0.15402007211643834
Changchun,遗传算法（GA）,GA,432,0.15402007211643834
Changchun,遗传算法（GA）,GA,433,0.15402007211643834
Changchun,遗传算法（GA）,GA,434,0.15402007211643834
Changchun,遗传算法（GA）,GA,435,0.15402007211643834
Changchun,遗传算法（GA）,GA,436,0.15402007211643834
Changchun,遗传算法（GA）,GA,437,0.15402007211643834
Changchun,遗传算法（GA）,GA,438,0.15402007211643834
Changchun,遗传算法（GA）,GA,439,0.15402007211643834
Changchun,遗传算法（GA）,GA,440,0.15402007211643834
Changchun,遗传算法（GA）,GA,441,0.15402007211643834
Changchun,遗传算法（GA）,GA,442,0.15402007211643834
Changchun,遗传算法（GA）,GA,443,0.15402007211643834
Changchun,遗传算法（GA）,GA,444,0.15402007211643834
Changchun,遗传算法（GA）,GA,445,0.15402007211643834
Changchun,遗传算法（GA）,GA,446,0.15402007211643834
Changchun,遗传算法（GA）,GA,447,0.15402007211643834
Changchun,遗传算法（GA）,GA,448,0.15402007211643834
Changchun,遗传算法（GA）,GA,449,0.15402007211643834
Changchun,遗传算法（GA）,GA,450,0.15402007211643834
Changchun,遗传算法（GA）,GA,451,0.15402007211643834
Changchun,遗传算法（GA）,GA,452,0.15402007211643834
Changchun,遗传算法（GA）,GA,453,0.15402007211643834
Changchun,遗传算法（GA）,GA,454,0.15402007211643834
Changchun,遗传算法（GA）,GA,455,0.15402007211643834
Changchun,遗传算法（GA）,GA,456,0.15402007211643834
Changchun,遗传算法（GA）,GA,457,0.15402007211643834
Changchun,遗传算法（GA）,GA,458,0.15402007211643834
Changchun,遗传算法（GA）,GA,459,0.15402007211643834
Changchun,遗传算法（GA）,GA,460,0.15402007211643834
Changchun,遗传算法（GA）,GA,461,0.15402007211643834
Changchun,遗传算法（GA）,GA,462,0.15402007211643834
Changchun,遗传算法（GA）,GA,463,0.15402007211643834
Changchun,遗传算法（GA）,GA,464,0.15402007211643834
Changchun,遗传算法（GA）,GA,465,0.15402007211643834
Changchun,遗传算法（GA）,GA,466,0.15402007211643834
Changchun,遗传算法（GA）,GA,467,0.15402007211643834
Changchun,遗传算法（GA）,GA,468,0.15402007211643834
Changchun,遗传算法（GA）,GA,469,0.15402007211643834
Changchun,遗传算法（GA）,GA,470,0.15402007211643834
Changchun,遗传算法（GA）,GA,471,0.15402007211643834
Changchun,遗传算法（GA）,GA,472,0.15402007211643834
Changchun,遗传算法（GA）,GA,473,0.15402007211643834
Changchun,遗传算法（GA）,GA,474,0.15402007211643834
Changchun,遗传算法（GA）,GA,475,0.15402007211643834
Changchun,遗传算法（GA）,GA,476,0.15402007211643834
Changchun,遗传算法（GA）,GA,477,0.15402007211643834
Changchun,遗传算法（GA）,GA,478,0.15402007211643834
Changchun,遗传算法（GA）,GA,479,0.15402007211643834
Changchun,遗传算法（GA）,GA,480,0.15402007211643834
Changchun,遗传算法（GA）,GA,481,0.15402007211643834
Changchun,遗传算法（GA）,GA,482,0.15402007211643834
Changchun,遗传算法（GA）,GA,483,0.15402007211643834
Changchun,遗传算法（GA）,GA,484,0.15402007211643834
Changchun,遗传算法（GA）,GA,485,0.15402007211643834
Changchun,遗传算法（GA）,GA,486,0.15402007211643834
Changchun,遗传算法（GA）,GA,487,0.15402007211643834
Changchun,遗传算法（GA）,GA,488,0.15402007211643834
Changchun,遗传算法（GA）,GA,489,0.15402007211643834
Changchun,遗传算法（GA）,GA,490,0.15402007211643834
Changchun,遗传算法（GA）,GA,491,0.15402007211643834
Changchun,遗传算法（GA）,GA,492,0.15402007211643834
Changchun,遗传算法（GA）,GA,493,0.15402007211643834
Changchun,遗传算法（GA）,GA,494,0.15402007211643834
Changchun,遗传算法（GA）,GA,495,0.15402007211643834
Changchun,遗传算法（GA）,GA,496,0.15402007211643834
Changchun,遗传算法（GA）,GA,497,0.15402007211643834
Changchun,遗传算法（GA）,GA,498,0.15402007211643834
Changchun,遗传算法（GA）,GA,499,0.15402007211643834
Changchun,遗传算法（GA）,GA,500,0.15402007211643834
Changchun,遗传算法（GA）,GA,501,0.15402007211643834
Changchun,遗传算法（GA）,GA,502,0.15402007211643834
Changchun,遗传算法（GA）,GA,503,0.15402007211643834
Changchun,遗传算法（GA）,GA,504,0.15402007211643834
Changchun,遗传算法（GA）,GA,505,0.15402007211643834
Changchun,遗传算法（GA）,GA,506,0.15402007211643834
Changchun,遗传算法（GA）,GA,507,0.15402007211643834
Changchun,遗传算法（GA）,GA,508,0.15402007211643834
Changchun,遗传算法（GA）,GA,509,0.15402007211643834
Changchun,遗传算法（GA）,GA,510,0.15402007211643834
Changchun,遗传算法（GA）,GA,511,0.15402007211643834
Changchun,遗传算法（GA）,GA,512,0.15402007211643834
Changchun,遗传算法（GA）,GA,513,0.15402007211643834
Changchun,遗传算法（GA）,GA,514,0.15402007211643834
Changchun,遗传算法（GA）,GA,515,0.15402007211643834
Changchun,遗传算法（GA）,GA,516,0.15402007211643834
Changchun,遗传算法（GA）,GA,517,0.15402007211643834
Changchun,遗传算法（GA）,GA,518,0.15402007211643834
Changchun,遗传算法（GA）,GA,519,0.15402007211643834
Changchun,遗传算法（GA）,GA,520,0.15402007211643834
Changchun,遗传算法（GA）,GA,521,0.15402007211643834
Changchun,遗传算法（GA）,GA,522,0.15402007211643834
Changchun,遗传算法（GA）,GA,523,0.15402007211643834
Changchun,遗传算法（GA）,GA,524,0.15402007211643834
Changchun,遗传算法（GA）,GA,525,0.15402007211643834
Changchun,遗传算法（GA）,GA,526,0.15402007211643834
Changchun,遗传算法（GA）,GA,527,0.15402007211643834
Changchun,遗传算法（GA）,GA,528,0.15402007211643834
Changchun,遗传算法（GA）,GA,529,0.15402007211643834
Changchun,遗传算法（GA）,GA,530,0.15402007211643834
Changchun,遗传算法（GA）,GA,531,0.15402007211643834
Changchun,遗传算法（GA）,GA,532,0.15402007211643834
Changchun,遗传算法（GA）,GA,533,0.15402007211643834
Changchun,遗传算法（GA）,GA,534,0.15402007211643834
Changchun,遗传算法（GA）,GA,535,0.15402007211643834
Changchun,遗传算法（GA）,GA,536,0.15402007211643834
Changchun,遗传算法（GA）,GA,537,0.15402007211643834
Changchun,遗传算法（GA）,GA,538,0.15402007211643834
Changchun,遗传算法（GA）,GA,539,0.15402007211643834
Changchun,遗传算法（GA）,GA,540,0.15402007211643834
Changchun,遗传算法（GA）,GA,541,0.15402007211643834
Changchun,遗传算法（GA）,GA,542,0.15402007211643834
Changchun,遗传算法（GA）,GA,543,0.15402007211643834
Changchun,遗传算法（GA）,GA,544,0.15402007211643834
Changchun,遗传算法（GA）,GA,545,0.15402007211643834
Changchun,遗传算法（GA）,GA,546,0.15402007211643834
Changchun,遗传算法（GA）,GA,547,0.15402007211643834
Changchun,遗传算法（GA）,GA,548,0.15402007211643834
Changchun,遗传算法（GA）,GA,549,0.15402007211643834
Changchun,遗传算法（GA）,GA,550,0.15402007211643834
Changchun,遗传算法（GA）,GA,551,0.15402007211643834
Changchun,遗传算法（GA）,GA,552,0.15402007211643834
Changchun,遗传算法（GA）,GA,553,0.15402007211643834
Changchun,遗传算法（GA）,GA,554,0.15402007211643834
Changchun,遗传算法（GA）,GA,555,0.15402007211643834
Changchun,遗传算法（GA）,GA,556,0.15402007211643834
Changchun,遗传算法（GA）,GA,557,0.15402007211643834
Changchun,遗传算法（GA）,GA,558,0.15402007211643834
Changchun,遗传算法（GA）,GA,559,0.15402007211643834
Changchun,遗传算法（GA）,GA,560,0.15402007211643834
Changchun,遗传算法（GA）,GA,561,0.15402007211643834
Changchun,遗传算法（GA）,GA,562,0.15402007211643834
Changchun,遗传算法（GA）,GA,563,0.15402007211643834
Changchun,遗传算法（GA）,GA,564,0.15402007211643834
Changchun,遗传算法（GA）,GA,565,0.15402007211643834
Changchun,遗传算法（GA）,GA,566,0.15402007211643834
Changchun,遗传算法（GA）,GA,567,0.15402007211643834
Changchun,遗传算法（GA）,GA,568,0.15402007211643834
Changchun,遗传算法（GA）,GA,569,0.15402007211643834
Changchun,遗传算法（GA）,GA,570,0.15402007211643834
Changchun,遗传算法（GA）,GA,571,0.15402007211643834
Changchun,遗传算法（GA）,GA,572,0.15402007211643834
Changchun,遗传算法（GA）,GA,573,0.15402007211643834
Changchun,遗传算法（GA）,GA,574,0.15402007211643834
Changchun,遗传算法（GA）,GA,575,0.15402007211643834
Changchun,遗传算法（GA）,GA,576,0.15402007211643834
Changchun,遗传算法（GA）,GA,577,0.15402007211643834
Changchun,遗传算法（GA）,GA,578,0.15402007211643834
Changchun,遗传算法（GA）,GA,579,0.15402007211643834
Changchun,遗传算法（GA）,GA,580,0.15402007211643834
Changchun,遗传算法（GA）,GA,581,0.15402007211643834
Changchun,遗传算法（GA）,GA,582,0.15402007211643834
Changchun,遗传算法（GA）,GA,583,0.15402007211643834
Changchun,遗传算法（GA）,GA,584,0.15402007211643834
Changchun,遗传算法（GA）,GA,585,0.15402007211643834
Changchun,遗传算法（GA）,GA,586,0.15402007211643834
Changchun,遗传算法（GA）,GA,587,0.15402007211643834
Changchun,遗传算法（GA）,GA,588,0.15402007211643834
Changchun,遗传算法（GA）,GA,589,0.15402007211643834
Changchun,遗传算法（GA）,GA,590,0.15402007211643834
Changchun,遗传算法（GA）,GA,591,0.15402007211643834
Changchun,遗传算法（GA）,GA,592,0.15402007211643834
Changchun,遗传算法（GA）,GA,593,0.15402007211643834
Changchun,遗传算法（GA）,GA,594,0.15402007211643834
Changchun,遗传算法（GA）,GA,595,0.15402007211643834
Changchun,遗传算法（GA）,GA,596,0.15402007211643834
Changchun,遗传算法（GA）,GA,597,0.15402007211643834
Changchun,遗传算法（GA）,GA,598,0.15402007211643834
Changchun,遗传算法（GA）,GA,599,0.15402007211643834
Changchun,遗传算法（GA）,GA,600,0.15402007211643834
Changchun,遗传算法（GA）,GA,601,0.15402007211643834
Changchun,遗传算法（GA）,GA,602,0.15402007211643834
Changchun,遗传算法（GA）,GA,603,0.15402007211643834
Changchun,遗传算法（GA）,GA,604,0.15402007211643834
Changchun,遗传算法（GA）,GA,605,0.15402007211643834
Changchun,遗传算法（GA）,GA,606,0.15402007211643834
Changchun,遗传算法（GA）,GA,607,0.15402007211643834
Changchun,遗传算法（GA）,GA,608,0.15402007211643834
Changchun,遗传算法（GA）,GA,609,0.15402007211643834
Changchun,遗传算法（GA）,GA,610,0.15402007211643834
Changchun,遗传算法（GA）,GA,611,0.15402007211643834
Changchun,遗传算法（GA）,GA,612,0.15402007211643834
Changchun,遗传算法（GA）,GA,613,0.15402007211643834
Changchun,遗传算法（GA）,GA,614,0.15402007211643834
Changchun,遗传算法（GA）,GA,615,0.15402007211643834
Changchun,遗传算法（GA）,GA,616,0.15402007211643834
Changchun,遗传算法（GA）,GA,617,0.15402007211643834
Changchun,遗传算法（GA）,GA,618,0.15402007211643834
Changchun,遗传算法（GA）,GA,619,0.15402007211643834
Changchun,遗传算法（GA）,GA,620,0.15402007211643834
Changchun,遗传算法（GA）,GA,621,0.15402007211643834
Changchun,遗传算法（GA）,GA,622,0.15402007211643834
Changchun,遗传算法（GA）,GA,623,0.15402007211643834
Changchun,遗传算法（GA）,GA,624,0.15402007211643834
Changchun,遗传算法（GA）,GA,625,0.15402007211643834
Changchun,遗传算法（GA）,GA,626,0.15402007211643834
Changchun,遗传算法（GA）,GA,627,0.15402007211643834
Changchun,遗传算法（GA）,GA,628,0.15402007211643834
Changchun,遗传算法（GA）,GA,629,0.15402007211643834
Changchun,遗传算法（GA）,GA,630,0.15402007211643834
Changchun,遗传算法（GA）,GA,631,0.15402007211643834
Changchun,遗传算法（GA）,GA,632,0.15402007211643834
Changchun,遗传算法（GA）,GA,633,0.15402007211643834
Changchun,遗传算法（GA）,GA,634,0.15402007211643834
Changchun,遗传算法（GA）,GA,635,0.15402007211643834
Changchun,遗传算法（GA）,GA,636,0.15402007211643834
Changchun,遗传算法（GA）,GA,637,0.15402007211643834
Changchun,遗传算法（GA）,GA,638,0.15402007211643834
Changchun,遗传算法（GA）,GA,639,0.15402007211643834
Changchun,遗传算法（GA）,GA,640,0.15402007211643834
Changchun,遗传算法（GA）,GA,641,0.15402007211643834
Changchun,遗传算法（GA）,GA,642,0.15402007211643834
Changchun,遗传算法（GA）,GA,643,0.15402007211643834
Changchun,遗传算法（GA）,GA,644,0.15402007211643834
Changchun,遗传算法（GA）,GA,645,0.15402007211643834
Changchun,遗传算法（GA）,GA,646,0.15402007211643834
Changchun,遗传算法（GA）,GA,647,0.15402007211643834
Changchun,遗传算法（GA）,GA,648,0.15402007211643834
Changchun,遗传算法（GA）,GA,649,0.15402007211643834
Changchun,遗传算法（GA）,GA,650,0.15402007211643834
Changchun,遗传算法（GA）,GA,651,0.15402007211643834
Changchun,遗传算法（GA）,GA,652,0.15402007211643834
Changchun,遗传算法（GA）,GA,653,0.15402007211643834
Changchun,遗传算法（GA）,GA,654,0.15402007211643834
Changchun,遗传算法（GA）,GA,655,0.15402007211643834
Changchun,遗传算法（GA）,GA,656,0.15402007211643834
Changchun,遗传算法（GA）,GA,657,0.15402007211643834
Changchun,遗传算法（GA）,GA,658,0.15402007211643834
Changchun,遗传算法（GA）,GA,659,0.15402007211643834
Changchun,遗传算法（GA）,GA,660,0.15402007211643834
Changchun,遗传算法（GA）,GA,661,0.15402007211643834
Changchun,遗传算法（GA）,GA,662,0.15402007211643834
Changchun,遗传算法（GA）,GA,663,0.15402007211643834
Changchun,遗传算法（GA）,GA,664,0.15402007211643834
Changchun,遗传算法（GA）,GA,665,0.15402007211643834
Changchun,遗传算法（GA）,GA,666,0.15402007211643834
Changchun,遗传算法（GA）,GA,667,0.15402007211643834
Changchun,遗传算法（GA）,GA,668,0.15402007211643834
Changchun,遗传算法（GA）,GA,669,0.15402007211643834
Changchun,遗传算法（GA）,GA,670,0.15402007211643834
Changchun,遗传算法（GA）,GA,671,0.15402007211643834
Changchun,遗传算法（GA）,GA,672,0.15402007211643834
Changchun,遗传算法（GA）,GA,673,0.15402007211643834
Changchun,遗传算法（GA）,GA,674,0.15402007211643834
Changchun,遗传算法（GA）,GA,675,0.15402007211643834
Changchun,遗传算法（GA）,GA,676,0.15402007211643834
Changchun,遗传算法（GA）,GA,677,0.15402007211643834
Changchun,遗传算法（GA）,GA,678,0.15402007211643834
Changchun,遗传算法（GA）,GA,679,0.15402007211643834
Changchun,遗传算法（GA）,GA,680,0.15402007211643834
Changchun,遗传算法（GA）,GA,681,0.15402007211643834
Changchun,遗传算法（GA）,GA,682,0.15402007211643834
Changchun,遗传算法（GA）,GA,683,0.15402007211643834
Changchun,遗传算法（GA）,GA,684,0.15402007211643834
Changchun,遗传算法（GA）,GA,685,0.15402007211643834
Changchun,遗传算法（GA）,GA,686,0.15402007211643834
Changchun,遗传算法（GA）,GA,687,0.15402007211643834
Changchun,遗传算法（GA）,GA,688,0.15402007211643834
Changchun,遗传算法（GA）,GA,689,0.15402007211643834
Changchun,遗传算法（GA）,GA,690,0.15402007211643834
Changchun,遗传算法（GA）,GA,691,0.15402007211643834
Changchun,遗传算法（GA）,GA,692,0.15402007211643834
Changchun,遗传算法（GA）,GA,693,0.15402007211643834
Changchun,遗传算法（GA）,GA,694,0.15402007211643834
Changchun,遗传算法（GA）,GA,695,0.15402007211643834
Changchun,遗传算法（GA）,GA,696,0.15402007211643834
Changchun,遗传算法（GA）,GA,697,0.15402007211643834
Changchun,遗传算法（GA）,GA,698,0.15402007211643834
Changchun,遗传算法（GA）,GA,699,0.15402007211643834
Changchun,遗传算法（GA）,GA,700,0.15402007211643834
Changchun,遗传算法（GA）,GA,701,0.15402007211643834
Changchun,遗传算法（GA）,GA,702,0.15402007211643834
Changchun,遗传算法（GA）,GA,703,0.15402007211643834
Changchun,遗传算法（GA）,GA,704,0.15402007211643834
Changchun,遗传算法（GA）,GA,705,0.15402007211643834
Changchun,遗传算法（GA）,GA,706,0.15402007211643834
Changchun,遗传算法（GA）,GA,707,0.15402007211643834
Changchun,遗传算法（GA）,GA,708,0.15402007211643834
Changchun,遗传算法（GA）,GA,709,0.15402007211643834
Changchun,遗传算法（GA）,GA,710,0.15402007211643834
Changchun,遗传算法（GA）,GA,711,0.15402007211643834
Changchun,遗传算法（GA）,GA,712,0.15402007211643834
Changchun,遗传算法（GA）,GA,713,0.15402007211643834
Changchun,遗传算法（GA）,GA,714,0.15402007211643834
Changchun,遗传算法（GA）,GA,715,0.15402007211643834
Changchun,遗传算法（GA）,GA,716,0.15143717992064018
Changchun,遗传算法（GA）,GA,717,0.15143717992064018
Changchun,遗传算法（GA）,GA,718,0.15143717992064018
Changchun,遗传算法（GA）,GA,719,0.15143717992064018
Changchun,遗传算法（GA）,GA,720,0.15143717992064018
Changchun,遗传算法（GA）,GA,721,0.15143717992064018
Changchun,遗传算法（GA）,GA,722,0.15143717992064018
Changchun,遗传算法（GA）,GA,723,0.15143717992064018
Changchun,遗传算法（GA）,GA,724,0.15143717992064018
Changchun,遗传算法（GA）,GA,725,0.15143717992064018
Changchun,遗传算法（GA）,GA,726,0.15143717992064018
Changchun,遗传算法（GA）,GA,727,0.15143717992064018
Changchun,遗传算法（GA）,GA,728,0.15143717992064018
Changchun,遗传算法（GA）,GA,729,0.15143717992064018
Changchun,遗传算法（GA）,GA,730,0.15143717992064018
Changchun,遗传算法（GA）,GA,731,0.15143717992064018
Changchun,遗传算法（GA）,GA,732,0.15143717992064018
Changchun,遗传算法（GA）,GA,733,0.15143717992064018
Changchun,遗传算法（GA）,GA,734,0.15143717992064018
Changchun,遗传算法（GA）,GA,735,0.15143717992064018
Changchun,遗传算法（GA）,GA,736,0.15143717992064018
Changchun,遗传算法（GA）,GA,737,0.15143717992064018
Changchun,遗传算法（GA）,GA,738,0.15143717992064018
Changchun,遗传算法（GA）,GA,739,0.15143717992064018
Changchun,遗传算法（GA）,GA,740,0.15143717992064018
Changchun,遗传算法（GA）,GA,741,0.15143717992064018
Changchun,遗传算法（GA）,GA,742,0.15143717992064018
Changchun,遗传算法（GA）,GA,743,0.15143717992064018
Changchun,遗传算法（GA）,GA,744,0.15143717992064018
Changchun,遗传算法（GA）,GA,745,0.15143717992064018
Changchun,遗传算法（GA）,GA,746,0.15143717992064018
Changchun,遗传算法（GA）,GA,747,0.15143717992064018
Changchun,遗传算法（GA）,GA,748,0.15143717992064018
Changchun,遗传算法（GA）,GA,749,0.15143717992064018
Changchun,遗传算法（GA）,GA,750,0.15143717992064018
Changchun,遗传算法（GA）,GA,751,0.15143717992064018
Changchun,遗传算法（GA）,GA,752,0.15143717992064018
Changchun,遗传算法（GA）,GA,753,0.15143717992064018
Changchun,遗传算法（GA）,GA,754,0.15143717992064018
Changchun,遗传算法（GA）,GA,755,0.15143717992064018
Changchun,遗传算法（GA）,GA,756,0.15143717992064018
Changchun,遗传算法（GA）,GA,757,0.15143717992064018
Changchun,遗传算法（GA）,GA,758,0.15143717992064018
Changchun,遗传算法（GA）,GA,759,0.15143717992064018
Changchun,遗传算法（GA）,GA,760,0.15143717992064018
Changchun,遗传算法（GA）,GA,761,0.15143717992064018
Changchun,遗传算法（GA）,GA,762,0.15143717992064018
Changchun,遗传算法（GA）,GA,763,0.15143717992064018
Changchun,遗传算法（GA）,GA,764,0.15143717992064018
Changchun,遗传算法（GA）,GA,765,0.15143717992064018
Changchun,无LHS（随机 101）,No-LHS,1,0.5263356668459682
Changchun,无LHS（随机 101）,No-LHS,2,0.5263356668459682
Changchun,无LHS（随机 101）,No-LHS,3,0.3777610956763289
Changchun,无LHS（随机 101）,No-LHS,4,0.3777610956763289
Changchun,无LHS（随机 101）,No-LHS,5,0.34823657744592945
Changchun,无LHS（随机 101）,No-LHS,6,0.34823657744592945
Changchun,无LHS（随机 101）,No-LHS,7,0.34823657744592945
Changchun,无LHS（随机 101）,No-LHS,8,0.34823657744592945
Changchun,无LHS（随机 101）,No-LHS,9,0.34823657744592945
Changchun,无LHS（随机 101）,No-LHS,10,0.34823657744592945
Changchun,无LHS（随机 101）,No-LHS,11,0.34823657744592945
Changchun,无LHS（随机 101）,No-LHS,12,0.34823657744592945
Changchun,无LHS（随机 101）,No-LHS,13,0.34823657744592945
Changchun,无LHS（随机 101）,No-LHS,14,0.34823657744592945
Changchun,无LHS（随机 101）,No-LHS,15,0.34823657744592945
Changchun,无LHS（随机 101）,No-LHS,16,0.34823657744592945
Changchun,无LHS（随机 101）,No-LHS,17,0.34823657744592945
Changchun,无LHS（随机 101）,No-LHS,18,0.34823657744592945
Changchun,无LHS（随机 101）,No-LHS,19,0.34823657744592945
Changchun,无LHS（随机 101）,No-LHS,20,0.34823657744592945
Changchun,无LHS（随机 101）,No-LHS,21,0.34823657744592945
Changchun,无LHS（随机 101）,No-LHS,22,0.34823657744592945
Changchun,无LHS（随机 101）,No-LHS,23,0.34823657744592945
Changchun,无LHS（随机 101）,No-LHS,24,0.34823657744592945
Changchun,无LHS（随机 101）,No-LHS,25,0.34823657744592945
Changchun,无LHS（随机 101）,No-LHS,26,0.34823657744592945
Changchun,无LHS（随机 101）,No-LHS,27,0.34823657744592945
Changchun,无LHS（随机 101）,No-LHS,28,0.34823657744592945
Changchun,无LHS（随机 101）,No-LHS,29,0.34823657744592945
Changchun,无LHS（随机 101）,No-LHS,30,0.34823657744592945
Changchun,无LHS（随机 101）,No-LHS,31,0.34823657744592945
Changchun,无LHS（随机 101）,No-LHS,32,0.34823657744592945
Changchun,无LHS（随机 101）,No-LHS,33,0.3187564874391896
Changchun,无LHS（随机 101）,No-LHS,34,0.3187564874391896
Changchun,无LHS（随机 101）,No-LHS,35,0.3187564874391896
Changchun,无LHS（随机 101）,No-LHS,36,0.3187564874391896
Changchun,无LHS（随机 101）,No-LHS,37,0.3187564874391896
Changchun,无LHS（随机 101）,No-LHS,38,0.3187564874391896
Changchun,无LHS（随机 101）,No-LHS,39,0.3187564874391896
Changchun,无LHS（随机 101）,No-LHS,40,0.3187564874391896
Changchun,无LHS（随机 101）,No-LHS,41,0.3187564874391896
Changchun,无LHS（随机 101）,No-LHS,42,0.3187564874391896
Changchun,无LHS（随机 101）,No-LHS,43,0.3187564874391896
Changchun,无LHS（随机 101）,No-LHS,44,0.3187564874391896
Changchun,无LHS（随机 101）,No-LHS,45,0.3187564874391896
Changchun,无LHS（随机 101）,No-LHS,46,0.3187564874391896
Changchun,无LHS（随机 101）,No-LHS,47,0.3187564874391896
Changchun,无LHS（随机 101）,No-LHS,48,0.3187564874391896
Changchun,无LHS（随机 101）,No-LHS,49,0.3187564874391896
Changchun,无LHS（随机 101）,No-LHS,50,0.3187564874391896
Changchun,无LHS（随机 101）,No-LHS,51,0.3187564874391896
Changchun,无LHS（随机 101）,No-LHS,52,0.3187564874391896
Changchun,无LHS（随机 101）,No-LHS,53,0.3187564874391896
Changchun,无LHS（随机 101）,No-LHS,54,0.3187564874391896
Changchun,无LHS（随机 101）,No-LHS,55,0.3187564874391896
Changchun,无LHS（随机 101）,No-LHS,56,0.2328781107603302
Changchun,无LHS（随机 101）,No-LHS,57,0.2328781107603302
Changchun,无LHS（随机 101）,No-LHS,58,0.2328781107603302
Changchun,无LHS（随机 101）,No-LHS,59,0.2328781107603302
Changchun,无LHS（随机 101）,No-LHS,60,0.2328781107603302
Changchun,无LHS（随机 101）,No-LHS,61,0.2328781107603302
Changchun,无LHS（随机 101）,No-LHS,62,0.2328781107603302
Changchun,无LHS（随机 101）,No-LHS,63,0.2328781107603302
Changchun,无LHS（随机 101）,No-LHS,64,0.2328781107603302
Changchun,无LHS（随机 101）,No-LHS,65,0.2328781107603302
Changchun,无LHS（随机 101）,No-LHS,66,0.2328781107603302
Changchun,无LHS（随机 101）,No-LHS,67,0.2328781107603302
Changchun,无LHS（随机 101）,No-LHS,68,0.2328781107603302
Changchun,无LHS（随机 101）,No-LHS,69,0.2328781107603302
Changchun,无LHS（随机 101）,No-LHS,70,0.2328781107603302
Changchun,无LHS（随机 101）,No-LHS,71,0.2328781107603302
Changchun,无LHS（随机 101）,No-LHS,72,0.2328781107603302
Changchun,无LHS（随机 101）,No-LHS,73,0.2328781107603302
Changchun,无LHS（随机 101）,No-LHS,74,0.2328781107603302
Changchun,无LHS（随机 101）,No-LHS,75,0.2328781107603302
Changchun,无LHS（随机 101）,No-LHS,76,0.2328781107603302
Changchun,无LHS（随机 101）,No-LHS,77,0.2328781107603302
Changchun,无LHS（随机 101）,No-LHS,78,0.2328781107603302
Changchun,无LHS（随机 101）,No-LHS,79,0.2328781107603302
Changchun,无LHS（随机 101）,No-LHS,80,0.2328781107603302
Changchun,无LHS（随机 101）,No-LHS,81,0.2328781107603302
Changchun,无LHS（随机 101）,No-LHS,82,0.2328781107603302
Changchun,无LHS（随机 101）,No-LHS,83,0.2328781107603302
Changchun,无LHS（随机 101）,No-LHS,84,0.2328781107603302
Changchun,无LHS（随机 101）,No-LHS,85,0.2328781107603302
Changchun,无LHS（随机 101）,No-LHS,86,0.2328781107603302
Changchun,无LHS（随机 101）,No-LHS,87,0.2328781107603302
Changchun,无LHS（随机 101）,No-LHS,88,0.2328781107603302
Changchun,无LHS（随机 101）,No-LHS,89,0.2328781107603302
Changchun,无LHS（随机 101）,No-LHS,90,0.2328781107603302
Changchun,无LHS（随机 101）,No-LHS,91,0.2328781107603302
Changchun,无LHS（随机 101）,No-LHS,92,0.2328781107603302
Changchun,无LHS（随机 101）,No-LHS,93,0.2328781107603302
Changchun,无LHS（随机 101）,No-LHS,94,0.2328781107603302
Changchun,无LHS（随机 101）,No-LHS,95,0.2328781107603302
Changchun,无LHS（随机 101）,No-LHS,96,0.2328781107603302
Changchun,无LHS（随机 101）,No-LHS,97,0.2328781107603302
Changchun,无LHS（随机 101）,No-LHS,98,0.2328781107603302
Changchun,无LHS（随机 101）,No-LHS,99,0.2328781107603302
Changchun,无LHS（随机 101）,No-LHS,100,0.2328781107603302
Changchun,无LHS（随机 101）,No-LHS,101,0.2328781107603302
Changchun,无RF（LHS 101）,No-RF,1,0.5692770337291971
Changchun,无RF（LHS 101）,No-RF,2,0.5692770337291971
Changchun,无RF（LHS 101）,No-RF,3,0.5692770337291971
Changchun,无RF（LHS 101）,No-RF,4,0.5692770337291971
Changchun,无RF（LHS 101）,No-RF,5,0.30786907009118164
Changchun,无RF（LHS 101）,No-RF,6,0.30786907009118164
Changchun,无RF（LHS 101）,No-RF,7,0.30786907009118164
Changchun,无RF（LHS 101）,No-RF,8,0.30786907009118164
Changchun,无RF（LHS 101）,No-RF,9,0.30786907009118164
Changchun,无RF（LHS 101）,No-RF,10,0.30786907009118164
Changchun,无RF（LHS 101）,No-RF,11,0.3007154213004759
Changchun,无RF（LHS 101）,No-RF,12,0.3007154213004759
Changchun,无RF（LHS 101）,No-RF,13,0.3007154213004759
Changchun,无RF（LHS 101）,No-RF,14,0.3007154213004759
Changchun,无RF（LHS 101）,No-RF,15,0.3007154213004759
Changchun,无RF（LHS 101）,No-RF,16,0.3007154213004759
Changchun,无RF（LHS 101）,No-RF,17,0.3007154213004759
Changchun,无RF（LHS 101）,No-RF,18,0.3007154213004759
Changchun,无RF（LHS 101）,No-RF,19,0.3007154213004759
Changchun,无RF（LHS 101）,No-RF,20,0.3007154213004759
Changchun,无RF（LHS 101）,No-RF,21,0.3007154213004759
Changchun,无RF（LHS 101）,No-RF,22,0.2591553958836507
Changchun,无RF（LHS 101）,No-RF,23,0.2591553958836507
Changchun,无RF（LHS 101）,No-RF,24,0.2591553958836507
Changchun,无RF（LHS 101）,No-RF,25,0.2591553958836507
Changchun,无RF（LHS 101）,No-RF,26,0.2591553958836507
Changchun,无RF（LHS 101）,No-RF,27,0.2591553958836507
Changchun,无RF（LHS 101）,No-RF,28,0.2591553958836507
Changchun,无RF（LHS 101）,No-RF,29,0.2591553958836507
Changchun,无RF（LHS 101）,No-RF,30,0.2591553958836507
Changchun,无RF（LHS 101）,No-RF,31,0.2591553958836507
Changchun,无RF（LHS 101）,No-RF,32,0.2591553958836507
Changchun,无RF（LHS 101）,No-RF,33,0.2591553958836507
Changchun,无RF（LHS 101）,No-RF,34,0.2591553958836507
Changchun,无RF（LHS 101）,No-RF,35,0.2591553958836507
Changchun,无RF（LHS 101）,No-RF,36,0.2591553958836507
Changchun,无RF（LHS 101）,No-RF,37,0.2591553958836507
Changchun,无RF（LHS 101）,No-RF,38,0.2591553958836507
Changchun,无RF（LHS 101）,No-RF,39,0.2591553958836507
Changchun,无RF（LHS 101）,No-RF,40,0.2591553958836507
Changchun,无RF（LHS 101）,No-RF,41,0.2591553958836507
Changchun,无RF（LHS 101）,No-RF,42,0.2591553958836507
Changchun,无RF（LHS 101）,No-RF,43,0.2591553958836507
Changchun,无RF（LHS 101）,No-RF,44,0.2591553958836507
Changchun,无RF（LHS 101）,No-RF,45,0.2591553958836507
Changchun,无RF（LHS 101）,No-RF,46,0.2591553958836507
Changchun,无RF（LHS 101）,No-RF,47,0.2591553958836507
Changchun,无RF（LHS 101）,No-RF,48,0.2591553958836507
Changchun,无RF（LHS 101）,No-RF,49,0.2591553958836507
Changchun,无RF（LHS 101）,No-RF,50,0.2591553958836507
Changchun,无RF（LHS 101）,No-RF,51,0.2591553958836507
Changchun,无RF（LHS 101）,No-RF,52,0.2591553958836507
Changchun,无RF（LHS 101）,No-RF,53,0.2591553958836507
Changchun,无RF（LHS 101）,No-RF,54,0.2591553958836507
Changchun,无RF（LHS 101）,No-RF,55,0.2591553958836507
Changchun,无RF（LHS 101）,No-RF,56,0.2591553958836507
Changchun,无RF（LHS 101）,No-RF,57,0.2591553958836507
Changchun,无RF（LHS 101）,No-RF,58,0.2591553958836507
Changchun,无RF（LHS 101）,No-RF,59,0.22684639478017404
Changchun,无RF（LHS 101）,No-RF,60,0.22684639478017404
Changchun,无RF（LHS 101）,No-RF,61,0.22684639478017404
Changchun,无RF（LHS 101）,No-RF,62,0.22684639478017404
Changchun,无RF（LHS 101）,No-RF,63,0.22684639478017404
Changchun,无RF（LHS 101）,No-RF,64,0.22684639478017404
Changchun,无RF（LHS 101）,No-RF,65,0.22684639478017404
Changchun,无RF（LHS 101）,No-RF,66,0.22684639478017404
Changchun,无RF（LHS 101）,No-RF,67,0.22684639478017404
Changchun,无RF（LHS 101）,No-RF,68,0.22684639478017404
Changchun,无RF（LHS 101）,No-RF,69,0.22684639478017404
Changchun,无RF（LHS 101）,No-RF,70,0.22684639478017404
Changchun,无RF（LHS 101）,No-RF,71,0.22684639478017404
Changchun,无RF（LHS 101）,No-RF,72,0.22684639478017404
Changchun,无RF（LHS 101）,No-RF,73,0.22684639478017404
Changchun,无RF（LHS 101）,No-RF,74,0.22684639478017404
Changchun,无RF（LHS 101）,No-RF,75,0.22684639478017404
Changchun,无RF（LHS 101）,No-RF,76,0.22684639478017404
Changchun,无RF（LHS 101）,No-RF,77,0.22684639478017404
Changchun,无RF（LHS 101）,No-RF,78,0.22684639478017404
Changchun,无RF（LHS 101）,No-RF,79,0.22684639478017404
Changchun,无RF（LHS 101）,No-RF,80,0.22684639478017404
Changchun,无RF（LHS 101）,No-RF,81,0.22684639478017404
Changchun,无RF（LHS 101）,No-RF,82,0.22684639478017404
Changchun,无RF（LHS 101）,No-RF,83,0.22684639478017404
Changchun,无RF（LHS 101）,No-RF,84,0.22684639478017404
Changchun,无RF（LHS 101）,No-RF,85,0.22684639478017404
Changchun,无RF（LHS 101）,No-RF,86,0.22684639478017404
Changchun,无RF（LHS 101）,No-RF,87,0.22684639478017404
Changchun,无RF（LHS 101）,No-RF,88,0.22684639478017404
Changchun,无RF（LHS 101）,No-RF,89,0.22684639478017404
Changchun,无RF（LHS 101）,No-RF,90,0.22684639478017404
Changchun,无RF（LHS 101）,No-RF,91,0.22684639478017404
Changchun,无RF（LHS 101）,No-RF,92,0.22684639478017404
Changchun,无RF（LHS 101）,No-RF,93,0.22684639478017404
Changchun,无RF（LHS 101）,No-RF,94,0.22684639478017404
Changchun,无RF（LHS 101）,No-RF,95,0.22684639478017404
Changchun,无RF（LHS 101）,No-RF,96,0.22684639478017404
Changchun,无RF（LHS 101）,No-RF,97,0.22684639478017404
Changchun,无RF（LHS 101）,No-RF,98,0.22684639478017404
Changchun,无RF（LHS 101）,No-RF,99,0.22684639478017404
Changchun,无RF（LHS 101）,No-RF,100,0.22684639478017404
Changchun,无RF（LHS 101）,No-RF,101,0.22684639478017404
Changchun,SPSA,SPSA,1,0.5074015855886364
Changchun,SPSA,SPSA,2,0.45899884688641
Changchun,SPSA,SPSA,3,0.45899884688641
Changchun,SPSA,SPSA,4,0.45899884688641
Changchun,SPSA,SPSA,5,0.45899884688641
Changchun,SPSA,SPSA,6,0.45899884688641
Changchun,SPSA,SPSA,7,0.45899884688641
Changchun,SPSA,SPSA,8,0.45899884688641
Changchun,SPSA,SPSA,9,0.45899884688641
Changchun,SPSA,SPSA,10,0.45899884688641
Changchun,SPSA,SPSA,11,0.45899884688641
Changchun,SPSA,SPSA,12,0.4284357321207422
Changchun,SPSA,SPSA,13,0.4284357321207422
Changchun,SPSA,SPSA,14,0.4284357321207422
Changchun,SPSA,SPSA,15,0.4284357321207422
Changchun,SPSA,SPSA,16,0.4284357321207422
Changchun,SPSA,SPSA,17,0.4284357321207422
Changchun,SPSA,SPSA,18,0.4284357321207422
Changchun,SPSA,SPSA,19,0.4284357321207422
Changchun,SPSA,SPSA,20,0.4284357321207422
Changchun,SPSA,SPSA,21,0.4284357321207422
Changchun,SPSA,SPSA,22,0.4284357321207422
Changchun,SPSA,SPSA,23,0.4284357321207422
Changchun,SPSA,SPSA,24,0.4284357321207422
Changchun,SPSA,SPSA,25,0.4284357321207422
Changchun,SPSA,SPSA,26,0.4284357321207422
Changchun,SPSA,SPSA,27,0.4284357321207422
Changchun,SPSA,SPSA,28,0.4284357321207422
Changchun,SPSA,SPSA,29,0.4284357321207422
Changchun,SPSA,SPSA,30,0.4284357321207422
Changchun,SPSA,SPSA,31,0.4284357321207422
Changchun,SPSA,SPSA,32,0.4284357321207422
Changchun,SPSA,SPSA,33,0.4284357321207422
Changchun,SPSA,SPSA,34,0.4284357321207422
Changchun,SPSA,SPSA,35,0.4284357321207422
Changchun,SPSA,SPSA,36,0.4284357321207422
Changchun,SPSA,SPSA,37,0.4284357321207422
Changchun,SPSA,SPSA,38,0.4284357321207422
Changchun,SPSA,SPSA,39,0.4284357321207422
Changchun,SPSA,SPSA,40,0.4284357321207422
Changchun,SPSA,SPSA,41,0.4284357321207422
Changchun,SPSA,SPSA,42,0.4284357321207422
Changchun,SPSA,SPSA,43,0.4284357321207422
Changchun,SPSA,SPSA,44,0.4284357321207422
Changchun,SPSA,SPSA,45,0.4284357321207422
Changchun,SPSA,SPSA,46,0.4284357321207422
Changchun,SPSA,SPSA,47,0.4284357321207422
Changchun,SPSA,SPSA,48,0.4284357321207422
Changchun,SPSA,SPSA,49,0.4284357321207422
Changchun,SPSA,SPSA,50,0.4284357321207422
Changchun,SPSA,SPSA,51,0.4284357321207422
Changchun,SPSA,SPSA,52,0.4284357321207422
Changchun,SPSA,SPSA,53,0.4284357321207422
Changchun,SPSA,SPSA,54,0.4284357321207422
Changchun,SPSA,SPSA,55,0.4284357321207422
Changchun,SPSA,SPSA,56,0.4284357321207422
Changchun,SPSA,SPSA,57,0.4284357321207422
Changchun,SPSA,SPSA,58,0.41768952941171056
Changchun,SPSA,SPSA,59,0.41768952941171056
Changchun,SPSA,SPSA,60,0.41768952941171056
Changchun,SPSA,SPSA,61,0.41768952941171056
Changchun,SPSA,SPSA,62,0.41768952941171056
Changchun,SPSA,SPSA,63,0.41768952941171056
Changchun,SPSA,SPSA,64,0.41768952941171056
Changchun,SPSA,SPSA,65,0.41768952941171056
Changchun,SPSA,SPSA,66,0.41768952941171056
Changchun,SPSA,SPSA,67,0.41768952941171056
Changchun,SPSA,SPSA,68,0.41768952941171056
Changchun,SPSA,SPSA,69,0.41768952941171056
Changchun,SPSA,SPSA,70,0.41768952941171056
Changchun,SPSA,SPSA,71,0.41768952941171056
Changchun,SPSA,SPSA,72,0.41768952941171056
Changchun,SPSA,SPSA,73,0.41768952941171056
Changchun,SPSA,SPSA,74,0.41768952941171056
Changchun,SPSA,SPSA,75,0.41768952941171056
Changchun,SPSA,SPSA,76,0.41768952941171056
Changchun,SPSA,SPSA,77,0.41768952941171056
Changchun,SPSA,SPSA,78,0.41768952941171056
Changchun,SPSA,SPSA,79,0.41768952941171056
Changchun,SPSA,SPSA,80,0.41768952941171056
Changchun,SPSA,SPSA,81,0.41768952941171056
Changchun,SPSA,SPSA,82,0.41768952941171056
Changchun,SPSA,SPSA,83,0.41768952941171056
Changchun,SPSA,SPSA,84,0.41768952941171056
Changchun,SPSA,SPSA,85,0.41768952941171056
Changchun,SPSA,SPSA,86,0.41768952941171056
Changchun,SPSA,SPSA,87,0.41768952941171056
Changchun,SPSA,SPSA,88,0.41768952941171056
Changchun,SPSA,SPSA,89,0.41768952941171056
Changchun,SPSA,SPSA,90,0.3960418842537766
Changchun,SPSA,SPSA,91,0.3960418842537766
Changchun,SPSA,SPSA,92,0.3960418842537766
Changchun,SPSA,SPSA,93,0.3960418842537766
Changchun,SPSA,SPSA,94,0.3960418842537766
Changchun,SPSA,SPSA,95,0.3916608474878986
Changchun,SPSA,SPSA,96,0.3916608474878986
Changchun,SPSA,SPSA,97,0.3916608474878986
Changchun,SPSA,SPSA,98,0.3916608474878986
Changchun,SPSA,SPSA,99,0.3916608474878986
Changchun,SPSA,SPSA,100,0.3916608474878986
Changchun,SPSA,SPSA,101,0.3916608474878986
Changchun,SPSA,SPSA,102,0.38152322095984864
Changchun,SPSA,SPSA,103,0.38152322095984864
Changchun,SPSA,SPSA,104,0.38152322095984864
Changchun,SPSA,SPSA,105,0.38152322095984864
Changchun,SPSA,SPSA,106,0.38152322095984864
Changchun,SPSA,SPSA,107,0.38152322095984864
Changchun,SPSA,SPSA,108,0.38152322095984864
Changchun,SPSA,SPSA,109,0.38152322095984864
Changchun,SPSA,SPSA,110,0.38152322095984864
Changchun,SPSA,SPSA,111,0.38152322095984864
Changchun,SPSA,SPSA,112,0.38152322095984864
Changchun,SPSA,SPSA,113,0.38152322095984864
Changchun,SPSA,SPSA,114,0.38152322095984864
Changchun,SPSA,SPSA,115,0.38152322095984864
Changchun,SPSA,SPSA,116,0.38152322095984864
Changchun,SPSA,SPSA,117,0.38152322095984864
Changchun,SPSA,SPSA,118,0.38152322095984864
Changchun,SPSA,SPSA,119,0.38152322095984864
Changchun,SPSA,SPSA,120,0.38152322095984864
Changchun,SPSA,SPSA,121,0.38152322095984864
Changchun,SPSA,SPSA,122,0.38152322095984864
Changchun,SPSA,SPSA,123,0.38152322095984864
Changchun,SPSA,SPSA,124,0.38152322095984864
Changchun,SPSA,SPSA,125,0.38152322095984864
Changchun,SPSA,SPSA,126,0.38152322095984864
Changchun,SPSA,SPSA,127,0.38152322095984864
Changchun,SPSA,SPSA,128,0.38152322095984864
Changchun,SPSA,SPSA,129,0.38152322095984864
Changchun,SPSA,SPSA,130,0.38152322095984864
Changchun,SPSA,SPSA,131,0.38152322095984864
Changchun,SPSA,SPSA,132,0.38152322095984864
Changchun,SPSA,SPSA,133,0.38152322095984864
Changchun,SPSA,SPSA,134,0.38152322095984864
Changchun,SPSA,SPSA,135,0.38152322095984864
Changchun,SPSA,SPSA,136,0.38152322095984864
Changchun,SPSA,SPSA,137,0.38152322095984864
Changchun,SPSA,SPSA,138,0.38152322095984864
Changchun,SPSA,SPSA,139,0.38152322095984864
Changchun,SPSA,SPSA,140,0.38152322095984864
Changchun,SPSA,SPSA,141,0.38152322095984864
Changchun,SPSA,SPSA,142,0.38152322095984864
Changchun,SPSA,SPSA,143,0.38152322095984864
Changchun,SPSA,SPSA,144,0.38152322095984864
Changchun,SPSA,SPSA,145,0.38152322095984864
Changchun,SPSA,SPSA,146,0.38152322095984864
Changchun,SPSA,SPSA,147,0.38152322095984864
Changchun,SPSA,SPSA,148,0.37176562186715956
Changchun,SPSA,SPSA,149,0.37176562186715956
Changchun,SPSA,SPSA,150,0.37176562186715956
Changchun,SPSA,SPSA,151,0.37176562186715956
Changchun,SPSA,SPSA,152,0.3431046946421116
Changchun,SPSA,SPSA,153,0.3431046946421116
Changchun,SPSA,SPSA,154,0.3431046946421116
Changchun,SPSA,SPSA,155,0.3431046946421116
Changchun,SPSA,SPSA,156,0.3431046946421116
Changchun,SPSA,SPSA,157,0.3403487020797823
Changchun,SPSA,SPSA,158,0.3403487020797823
Changchun,SPSA,SPSA,159,0.3403487020797823
Changchun,SPSA,SPSA,160,0.3403487020797823
Changchun,SPSA,SPSA,161,0.3403487020797823
Changchun,SPSA,SPSA,162,0.3403487020797823
Changchun,SPSA,SPSA,163,0.3403487020797823
Changchun,SPSA,SPSA,164,0.3403487020797823
Changchun,SPSA,SPSA,165,0.3403487020797823
Changchun,SPSA,SPSA,166,0.3403487020797823
Changchun,SPSA,SPSA,167,0.3403487020797823
Changchun,SPSA,SPSA,168,0.3403487020797823
Changchun,SPSA,SPSA,169,0.3403487020797823
Changchun,SPSA,SPSA,170,0.3403487020797823
Changchun,SPSA,SPSA,171,0.3403487020797823
Changchun,SPSA,SPSA,172,0.3403487020797823
Changchun,SPSA,SPSA,173,0.3403487020797823
Changchun,SPSA,SPSA,174,0.3403487020797823
Changchun,SPSA,SPSA,175,0.3403487020797823
Changchun,SPSA,SPSA,176,0.3403487020797823
Changchun,SPSA,SPSA,177,0.3403487020797823
Changchun,SPSA,SPSA,178,0.3403487020797823
Changchun,SPSA,SPSA,179,0.3403487020797823
Changchun,SPSA,SPSA,180,0.3403487020797823
Changchun,SPSA,SPSA,181,0.3403487020797823
Changchun,SPSA,SPSA,182,0.3403487020797823
Changchun,SPSA,SPSA,183,0.3403487020797823
Changchun,SPSA,SPSA,184,0.32257789444703633
Changchun,SPSA,SPSA,185,0.32257789444703633
Changchun,SPSA,SPSA,186,0.32257789444703633
Changchun,SPSA,SPSA,187,0.32257789444703633
Changchun,SPSA,SPSA,188,0.32257789444703633
Changchun,SPSA,SPSA,189,0.32257789444703633
Changchun,SPSA,SPSA,190,0.32257789444703633
Changchun,SPSA,SPSA,191,0.32257789444703633
Changchun,SPSA,SPSA,192,0.32257789444703633
Changchun,SPSA,SPSA,193,0.32257789444703633
Changchun,SPSA,SPSA,194,0.32257789444703633
Changchun,SPSA,SPSA,195,0.32257789444703633
Changchun,SPSA,SPSA,196,0.32257789444703633
Changchun,SPSA,SPSA,197,0.32257789444703633
Changchun,SPSA,SPSA,198,0.32257789444703633
Changchun,SPSA,SPSA,199,0.32257789444703633
Changchun,SPSA,SPSA,200,0.32257789444703633
Changchun,SPSA,SPSA,201,0.32257789444703633
Changchun,SPSA,SPSA,202,0.30551876963160446
Changchun,SPSA,SPSA,203,0.30551876963160446
Changchun,SPSA,SPSA,204,0.30551876963160446
Changchun,SPSA,SPSA,205,0.30551876963160446
Changchun,SPSA,SPSA,206,0.30551876963160446
Changchun,SPSA,SPSA,207,0.30551876963160446
Changchun,SPSA,SPSA,208,0.28667489554287406
Changchun,SPSA,SPSA,209,0.28667489554287406
Changchun,SPSA,SPSA,210,0.28667489554287406
Changchun,SPSA,SPSA,211,0.28667489554287406
Changchun,SPSA,SPSA,212,0.28667489554287406
Changchun,SPSA,SPSA,213,0.28667489554287406
Changchun,SPSA,SPSA,214,0.28667489554287406
Changchun,SPSA,SPSA,215,0.2640683723223818
Changchun,SPSA,SPSA,216,0.2640683723223818
Changchun,SPSA,SPSA,217,0.2640683723223818
Changchun,SPSA,SPSA,218,0.2640683723223818
Changchun,SPSA,SPSA,219,0.2640683723223818
Changchun,SPSA,SPSA,220,0.2640683723223818
Changchun,SPSA,SPSA,221,0.2640683723223818
Changchun,SPSA,SPSA,222,0.2640683723223818
Changchun,SPSA,SPSA,223,0.2640683723223818
Changchun,SPSA,SPSA,224,0.2640683723223818
Changchun,SPSA,SPSA,225,0.2640683723223818
Changchun,SPSA,SPSA,226,0.2640683723223818
Changchun,SPSA,SPSA,227,0.2640683723223818
Changchun,SPSA,SPSA,228,0.2640683723223818
Changchun,SPSA,SPSA,229,0.2640683723223818
Changchun,SPSA,SPSA,230,0.2640683723223818
Changchun,SPSA,SPSA,231,0.2640683723223818
Changchun,SPSA,SPSA,232,0.2455909431314195
Changchun,SPSA,SPSA,233,0.2455909431314195
Changchun,SPSA,SPSA,234,0.2455909431314195
Changchun,SPSA,SPSA,235,0.2455909431314195
Changchun,SPSA,SPSA,236,0.2455909431314195
Changchun,SPSA,SPSA,237,0.2455909431314195
Changchun,SPSA,SPSA,238,0.2455909431314195
Changchun,SPSA,SPSA,239,0.2455909431314195
Changchun,SPSA,SPSA,240,0.2455909431314195
Changchun,SPSA,SPSA,241,0.2455909431314195
Changchun,SPSA,SPSA,242,0.2455909431314195
Changchun,SPSA,SPSA,243,0.2455909431314195
Changchun,SPSA,SPSA,244,0.2455909431314195
Changchun,SPSA,SPSA,245,0.2455909431314195
Changchun,SPSA,SPSA,246,0.2455909431314195
Changchun,SPSA,SPSA,247,0.2455909431314195
Changchun,SPSA,SPSA,248,0.2455909431314195
Changchun,SPSA,SPSA,249,0.2455909431314195
Changchun,SPSA,SPSA,250,0.2455909431314195
Changchun,SPSA,SPSA,251,0.2455909431314195
Changchun,SPSA,SPSA,252,0.2455909431314195
Changchun,SPSA,SPSA,253,0.2455909431314195
Changchun,SPSA,SPSA,254,0.2455909431314195
Changchun,SPSA,SPSA,255,0.2455909431314195
Changchun,SPSA,SPSA,256,0.2455909431314195
Changchun,SPSA,SPSA,257,0.2455909431314195
Changchun,SPSA,SPSA,258,0.2455909431314195
Changchun,SPSA,SPSA,259,0.2455909431314195
Changchun,SPSA,SPSA,260,0.2455909431314195
Changchun,SPSA,SPSA,261,0.2455909431314195
Changchun,SPSA,SPSA,262,0.2455909431314195
Changchun,SPSA,SPSA,263,0.2455909431314195
Changchun,SPSA,SPSA,264,0.2455909431314195
Changchun,SPSA,SPSA,265,0.2455909431314195
Changchun,SPSA,SPSA,266,0.2455909431314195
Changchun,SPSA,SPSA,267,0.2455909431314195
Changchun,SPSA,SPSA,268,0.2455909431314195
Changchun,SPSA,SPSA,269,0.2455909431314195
Changchun,SPSA,SPSA,270,0.2455909431314195
Changchun,SPSA,SPSA,271,0.2455909431314195
Changchun,SPSA,SPSA,272,0.2455909431314195
Changchun,SPSA,SPSA,273,0.2455909431314195
Changchun,SPSA,SPSA,274,0.2455909431314195
Changchun,SPSA,SPSA,275,0.2455909431314195
Changchun,SPSA,SPSA,276,0.2455909431314195
Changchun,SPSA,SPSA,277,0.2455909431314195
Changchun,SPSA,SPSA,278,0.2455909431314195
Changchun,SPSA,SPSA,279,0.2455909431314195
Changchun,SPSA,SPSA,280,0.2455909431314195
Changchun,SPSA,SPSA,281,0.2455909431314195
Changchun,SPSA,SPSA,282,0.2455909431314195
Changchun,SPSA,SPSA,283,0.2455909431314195
Changchun,SPSA,SPSA,284,0.2455909431314195
Changchun,SPSA,SPSA,285,0.2455909431314195
Changchun,SPSA,SPSA,286,0.2455909431314195
Changchun,SPSA,SPSA,287,0.2455909431314195
Changchun,SPSA,SPSA,288,0.2455909431314195
Changchun,SPSA,SPSA,289,0.2455909431314195
Changchun,SPSA,SPSA,290,0.2455909431314195
Changchun,SPSA,SPSA,291,0.2455909431314195
Changchun,SPSA,SPSA,292,0.2455909431314195
Changchun,SPSA,SPSA,293,0.2455909431314195
Changchun,SPSA,SPSA,294,0.2455909431314195
Changchun,SPSA,SPSA,295,0.2455909431314195
Changchun,SPSA,SPSA,296,0.2455909431314195
Changchun,SPSA,SPSA,297,0.2455909431314195
Changchun,SPSA,SPSA,298,0.2455909431314195
Changchun,SPSA,SPSA,299,0.2455909431314195
Changchun,SPSA,SPSA,300,0.2455909431314195
Changchun,SPSA,SPSA,301,0.2455909431314195
RML,BF-SAC（序贯LCB）,BF-SAC,1,0.801122
RML,BF-SAC（序贯LCB）,BF-SAC,2,0.801122
RML,BF-SAC（序贯LCB）,BF-SAC,3,0.717616
RML,BF-SAC（序贯LCB）,BF-SAC,4,0.717616
RML,BF-SAC（序贯LCB）,BF-SAC,5,0.717616
RML,BF-SAC（序贯LCB）,BF-SAC,6,0.717616
RML,BF-SAC（序贯LCB）,BF-SAC,7,0.717616
RML,BF-SAC（序贯LCB）,BF-SAC,8,0.54344
RML,BF-SAC（序贯LCB）,BF-SAC,9,0.54344
RML,BF-SAC（序贯LCB）,BF-SAC,10,0.54344
RML,BF-SAC（序贯LCB）,BF-SAC,11,0.54344
RML,BF-SAC（序贯LCB）,BF-SAC,12,0.54344
RML,BF-SAC（序贯LCB）,BF-SAC,13,0.54344
RML,BF-SAC（序贯LCB）,BF-SAC,14,0.54344
RML,BF-SAC（序贯LCB）,BF-SAC,15,0.54344
RML,BF-SAC（序贯LCB）,BF-SAC,16,0.54344
RML,BF-SAC（序贯LCB）,BF-SAC,17,0.54344
RML,BF-SAC（序贯LCB）,BF-SAC,18,0.54344
RML,BF-SAC（序贯LCB）,BF-SAC,19,0.54344
RML,BF-SAC（序贯LCB）,BF-SAC,20,0.54344
RML,BF-SAC（序贯LCB）,BF-SAC,21,0.54344
RML,BF-SAC（序贯LCB）,BF-SAC,22,0.54344
RML,BF-SAC（序贯LCB）,BF-SAC,23,0.54344
RML,BF-SAC（序贯LCB）,BF-SAC,24,0.54344
RML,BF-SAC（序贯LCB）,BF-SAC,25,0.54344
RML,BF-SAC（序贯LCB）,BF-SAC,26,0.54344
RML,BF-SAC（序贯LCB）,BF-SAC,27,0.54344
RML,BF-SAC（序贯LCB）,BF-SAC,28,0.54344
RML,BF-SAC（序贯LCB）,BF-SAC,29,0.54344
RML,BF-SAC（序贯LCB）,BF-SAC,30,0.54344
RML,BF-SAC（序贯LCB）,BF-SAC,31,0.54344
RML,BF-SAC（序贯LCB）,BF-SAC,32,0.54344
RML,BF-SAC（序贯LCB）,BF-SAC,33,0.54344
RML,BF-SAC（序贯LCB）,BF-SAC,34,0.54344
RML,BF-SAC（序贯LCB）,BF-SAC,35,0.475191
RML,BF-SAC（序贯LCB）,BF-SAC,36,0.475191
RML,BF-SAC（序贯LCB）,BF-SAC,37,0.475191
RML,BF-SAC（序贯LCB）,BF-SAC,38,0.475191
RML,BF-SAC（序贯LCB）,BF-SAC,39,0.475191
RML,BF-SAC（序贯LCB）,BF-SAC,40,0.475191
RML,BF-SAC（序贯LCB）,BF-SAC,41,0.475191
RML,BF-SAC（序贯LCB）,BF-SAC,42,0.475191
RML,BF-SAC（序贯LCB）,BF-SAC,43,0.475191
RML,BF-SAC（序贯LCB）,BF-SAC,44,0.475191
RML,BF-SAC（序贯LCB）,BF-SAC,45,0.475191
RML,BF-SAC（序贯LCB）,BF-SAC,46,0.475191
RML,BF-SAC（序贯LCB）,BF-SAC,47,0.475191
RML,BF-SAC（序贯LCB）,BF-SAC,48,0.475191
RML,BF-SAC（序贯LCB）,BF-SAC,49,0.475191
RML,BF-SAC（序贯LCB）,BF-SAC,50,0.475191
RML,BF-SAC（序贯LCB）,BF-SAC,51,0.475191
RML,BF-SAC（序贯LCB）,BF-SAC,52,0.475191
RML,BF-SAC（序贯LCB）,BF-SAC,53,0.475191
RML,BF-SAC（序贯LCB）,BF-SAC,54,0.475191
RML,BF-SAC（序贯LCB）,BF-SAC,55,0.475191
RML,BF-SAC（序贯LCB）,BF-SAC,56,0.475191
RML,BF-SAC（序贯LCB）,BF-SAC,57,0.475191
RML,BF-SAC（序贯LCB）,BF-SAC,58,0.475191
RML,BF-SAC（序贯LCB）,BF-SAC,59,0.475191
RML,BF-SAC（序贯LCB）,BF-SAC,60,0.475191
RML,BF-SAC（序贯LCB）,BF-SAC,61,0.475191
RML,BF-SAC（序贯LCB）,BF-SAC,62,0.475191
RML,BF-SAC（序贯LCB）,BF-SAC,63,0.475191
RML,BF-SAC（序贯LCB）,BF-SAC,64,0.475191
RML,BF-SAC（序贯LCB）,BF-SAC,65,0.475191
RML,BF-SAC（序贯LCB）,BF-SAC,66,0.475191
RML,BF-SAC（序贯LCB）,BF-SAC,67,0.475191
RML,BF-SAC（序贯LCB）,BF-SAC,68,0.475191
RML,BF-SAC（序贯LCB）,BF-SAC,69,0.475191
RML,BF-SAC（序贯LCB）,BF-SAC,70,0.475191
RML,BF-SAC（序贯LCB）,BF-SAC,71,0.475191
RML,BF-SAC（序贯LCB）,BF-SAC,72,0.475191
RML,BF-SAC（序贯LCB）,BF-SAC,73,0.475191
RML,BF-SAC（序贯LCB）,BF-SAC,74,0.475191
RML,BF-SAC（序贯LCB）,BF-SAC,75,0.475191
RML,BF-SAC（序贯LCB）,BF-SAC,76,0.475191
RML,BF-SAC（序贯LCB）,BF-SAC,77,0.475191
RML,BF-SAC（序贯LCB）,BF-SAC,78,0.45209
RML,BF-SAC（序贯LCB）,BF-SAC,79,0.45209
RML,BF-SAC（序贯LCB）,BF-SAC,80,0.45209
RML,BF-SAC（序贯LCB）,BF-SAC,81,0.45209
RML,BF-SAC（序贯LCB）,BF-SAC,82,0.45209
RML,BF-SAC（序贯LCB）,BF-SAC,83,0.45209
RML,BF-SAC（序贯LCB）,BF-SAC,84,0.447641
RML,BF-SAC（序贯LCB）,BF-SAC,85,0.447641
RML,BF-SAC（序贯LCB）,BF-SAC,86,0.447641
RML,BF-SAC（序贯LCB）,BF-SAC,87,0.447641
RML,BF-SAC（序贯LCB）,BF-SAC,88,0.447641
RML,BF-SAC（序贯LCB）,BF-SAC,89,0.447641
RML,BF-SAC（序贯LCB）,BF-SAC,90,0.447641
RML,BF-SAC（序贯LCB）,BF-SAC,91,0.447641
RML,BF-SAC（序贯LCB）,BF-SAC,92,0.447641
RML,BF-SAC（序贯LCB）,BF-SAC,93,0.447641
RML,BF-SAC（序贯LCB）,BF-SAC,94,0.447641
RML,BF-SAC（序贯LCB）,BF-SAC,95,0.447641
RML,BF-SAC（序贯LCB）,BF-SAC,96,0.447641
RML,BF-SAC（序贯LCB）,BF-SAC,97,0.447641
RML,BF-SAC（序贯LCB）,BF-SAC,98,0.447641
RML,BF-SAC（序贯LCB）,BF-SAC,99,0.447641
RML,BF-SAC（序贯LCB）,BF-SAC,100,0.447641
RML,BF-SAC（序贯LCB）,BF-SAC,101,0.447641
RML,遗传算法（GA）,GA,1,0.835560713945478
RML,遗传算法（GA）,GA,2,0.835560713945478
RML,遗传算法（GA）,GA,3,0.835560713945478
RML,遗传算法（GA）,GA,4,0.835560713945478
RML,遗传算法（GA）,GA,5,0.835560713945478
RML,遗传算法（GA）,GA,6,0.5330292211559697
RML,遗传算法（GA）,GA,7,0.5292335425163441
RML,遗传算法（GA）,GA,8,0.5292335425163441
RML,遗传算法（GA）,GA,9,0.5292335425163441
RML,遗传算法（GA）,GA,10,0.5292335425163441
RML,遗传算法（GA）,GA,11,0.5292335425163441
RML,遗传算法（GA）,GA,12,0.5292335425163441
RML,遗传算法（GA）,GA,13,0.4881816029703795
RML,遗传算法（GA）,GA,14,0.4881816029703795
RML,遗传算法（GA）,GA,15,0.4881816029703795
RML,遗传算法（GA）,GA,16,0.4881816029703795
RML,遗传算法（GA）,GA,17,0.4881816029703795
RML,遗传算法（GA）,GA,18,0.4881816029703795
RML,遗传算法（GA）,GA,19,0.4881816029703795
RML,遗传算法（GA）,GA,20,0.4881816029703795
RML,遗传算法（GA）,GA,21,0.4881816029703795
RML,遗传算法（GA）,GA,22,0.4881816029703795
RML,遗传算法（GA）,GA,23,0.4881816029703795
RML,遗传算法（GA）,GA,24,0.4881816029703795
RML,遗传算法（GA）,GA,25,0.4881816029703795
RML,遗传算法（GA）,GA,26,0.4881816029703795
RML,遗传算法（GA）,GA,27,0.4881816029703795
RML,遗传算法（GA）,GA,28,0.4881816029703795
RML,遗传算法（GA）,GA,29,0.4881816029703795
RML,遗传算法（GA）,GA,30,0.4881816029703795
RML,遗传算法（GA）,GA,31,0.46309839444074563
RML,遗传算法（GA）,GA,32,0.46309839444074563
RML,遗传算法（GA）,GA,33,0.46309839444074563
RML,遗传算法（GA）,GA,34,0.46309839444074563
RML,遗传算法（GA）,GA,35,0.46309839444074563
RML,遗传算法（GA）,GA,36,0.46309839444074563
RML,遗传算法（GA）,GA,37,0.46309839444074563
RML,遗传算法（GA）,GA,38,0.46309839444074563
RML,遗传算法（GA）,GA,39,0.46309839444074563
RML,遗传算法（GA）,GA,40,0.46309839444074563
RML,遗传算法（GA）,GA,41,0.46309839444074563
RML,遗传算法（GA）,GA,42,0.46309839444074563
RML,遗传算法（GA）,GA,43,0.46309839444074563
RML,遗传算法（GA）,GA,44,0.46309839444074563
RML,遗传算法（GA）,GA,45,0.46309839444074563
RML,遗传算法（GA）,GA,46,0.46309839444074563
RML,遗传算法（GA）,GA,47,0.46309839444074563
RML,遗传算法（GA）,GA,48,0.46309839444074563
RML,遗传算法（GA）,GA,49,0.46309839444074563
RML,遗传算法（GA）,GA,50,0.46309839444074563
RML,遗传算法（GA）,GA,51,0.46309839444074563
RML,遗传算法（GA）,GA,52,0.46309839444074563
RML,遗传算法（GA）,GA,53,0.46309839444074563
RML,遗传算法（GA）,GA,54,0.46309839444074563
RML,遗传算法（GA）,GA,55,0.46309839444074563
RML,遗传算法（GA）,GA,56,0.4531157902257226
RML,遗传算法（GA）,GA,57,0.4531157902257226
RML,遗传算法（GA）,GA,58,0.4531157902257226
RML,遗传算法（GA）,GA,59,0.4531157902257226
RML,遗传算法（GA）,GA,60,0.4531157902257226
RML,遗传算法（GA）,GA,61,0.4531157902257226
RML,遗传算法（GA）,GA,62,0.4531157902257226
RML,遗传算法（GA）,GA,63,0.4531157902257226
RML,遗传算法（GA）,GA,64,0.4531157902257226
RML,遗传算法（GA）,GA,65,0.4531157902257226
RML,遗传算法（GA）,GA,66,0.4531157902257226
RML,遗传算法（GA）,GA,67,0.4531157902257226
RML,遗传算法（GA）,GA,68,0.4531157902257226
RML,遗传算法（GA）,GA,69,0.4531157902257226
RML,遗传算法（GA）,GA,70,0.4531157902257226
RML,遗传算法（GA）,GA,71,0.4531157902257226
RML,遗传算法（GA）,GA,72,0.4531157902257226
RML,遗传算法（GA）,GA,73,0.4531157902257226
RML,遗传算法（GA）,GA,74,0.4531157902257226
RML,遗传算法（GA）,GA,75,0.4531157902257226
RML,遗传算法（GA）,GA,76,0.4531157902257226
RML,遗传算法（GA）,GA,77,0.4531157902257226
RML,遗传算法（GA）,GA,78,0.4531157902257226
RML,遗传算法（GA）,GA,79,0.4531157902257226
RML,遗传算法（GA）,GA,80,0.43862624555979823
RML,遗传算法（GA）,GA,81,0.43862624555979823
RML,遗传算法（GA）,GA,82,0.43862624555979823
RML,遗传算法（GA）,GA,83,0.43862624555979823
RML,遗传算法（GA）,GA,84,0.43862624555979823
RML,遗传算法（GA）,GA,85,0.43862624555979823
RML,遗传算法（GA）,GA,86,0.43862624555979823
RML,遗传算法（GA）,GA,87,0.43862624555979823
RML,遗传算法（GA）,GA,88,0.43862624555979823
RML,遗传算法（GA）,GA,89,0.43862624555979823
RML,遗传算法（GA）,GA,90,0.43862624555979823
RML,遗传算法（GA）,GA,91,0.43862624555979823
RML,遗传算法（GA）,GA,92,0.43862624555979823
RML,遗传算法（GA）,GA,93,0.43862624555979823
RML,遗传算法（GA）,GA,94,0.43862624555979823
RML,遗传算法（GA）,GA,95,0.43862624555979823
RML,遗传算法（GA）,GA,96,0.43862624555979823
RML,遗传算法（GA）,GA,97,0.43862624555979823
RML,遗传算法（GA）,GA,98,0.43862624555979823
RML,遗传算法（GA）,GA,99,0.43862624555979823
RML,遗传算法（GA）,GA,100,0.43862624555979823
RML,遗传算法（GA）,GA,101,0.43862624555979823
RML,遗传算法（GA）,GA,102,0.43862624555979823
RML,遗传算法（GA）,GA,103,0.43862624555979823
RML,遗传算法（GA）,GA,104,0.43862624555979823
RML,遗传算法（GA）,GA,105,0.43862624555979823
RML,遗传算法（GA）,GA,106,0.43862624555979823
RML,遗传算法（GA）,GA,107,0.43862624555979823
RML,遗传算法（GA）,GA,108,0.43862624555979823
RML,遗传算法（GA）,GA,109,0.43862624555979823
RML,遗传算法（GA）,GA,110,0.43862624555979823
RML,遗传算法（GA）,GA,111,0.43862624555979823
RML,遗传算法（GA）,GA,112,0.43862624555979823
RML,遗传算法（GA）,GA,113,0.43862624555979823
RML,遗传算法（GA）,GA,114,0.43862624555979823
RML,遗传算法（GA）,GA,115,0.43862624555979823
RML,遗传算法（GA）,GA,116,0.43862624555979823
RML,遗传算法（GA）,GA,117,0.43862624555979823
RML,遗传算法（GA）,GA,118,0.43862624555979823
RML,遗传算法（GA）,GA,119,0.43862624555979823
RML,遗传算法（GA）,GA,120,0.43862624555979823
RML,遗传算法（GA）,GA,121,0.43862624555979823
RML,遗传算法（GA）,GA,122,0.43862624555979823
RML,遗传算法（GA）,GA,123,0.43862624555979823
RML,遗传算法（GA）,GA,124,0.43862624555979823
RML,遗传算法（GA）,GA,125,0.43862624555979823
RML,遗传算法（GA）,GA,126,0.43862624555979823
RML,遗传算法（GA）,GA,127,0.43862624555979823
RML,遗传算法（GA）,GA,128,0.43862624555979823
RML,遗传算法（GA）,GA,129,0.43862624555979823
RML,遗传算法（GA）,GA,130,0.43862624555979823
RML,遗传算法（GA）,GA,131,0.43862624555979823
RML,遗传算法（GA）,GA,132,0.43862624555979823
RML,遗传算法（GA）,GA,133,0.43862624555979823
RML,遗传算法（GA）,GA,134,0.43862624555979823
RML,遗传算法（GA）,GA,135,0.43862624555979823
RML,遗传算法（GA）,GA,136,0.43862624555979823
RML,遗传算法（GA）,GA,137,0.43862624555979823
RML,遗传算法（GA）,GA,138,0.43862624555979823
RML,遗传算法（GA）,GA,139,0.43862624555979823
RML,遗传算法（GA）,GA,140,0.43862624555979823
RML,遗传算法（GA）,GA,141,0.43862624555979823
RML,遗传算法（GA）,GA,142,0.43862624555979823
RML,遗传算法（GA）,GA,143,0.43862624555979823
RML,遗传算法（GA）,GA,144,0.43862624555979823
RML,遗传算法（GA）,GA,145,0.43862624555979823
RML,遗传算法（GA）,GA,146,0.43862624555979823
RML,遗传算法（GA）,GA,147,0.43862624555979823
RML,遗传算法（GA）,GA,148,0.43862624555979823
RML,遗传算法（GA）,GA,149,0.43862624555979823
RML,遗传算法（GA）,GA,150,0.43862624555979823
RML,遗传算法（GA）,GA,151,0.43862624555979823
RML,遗传算法（GA）,GA,152,0.43862624555979823
RML,遗传算法（GA）,GA,153,0.43862624555979823
RML,遗传算法（GA）,GA,154,0.43862624555979823
RML,遗传算法（GA）,GA,155,0.43862624555979823
RML,遗传算法（GA）,GA,156,0.43862624555979823
RML,遗传算法（GA）,GA,157,0.43862624555979823
RML,遗传算法（GA）,GA,158,0.43862624555979823
RML,遗传算法（GA）,GA,159,0.43862624555979823
RML,遗传算法（GA）,GA,160,0.43862624555979823
RML,遗传算法（GA）,GA,161,0.43862624555979823
RML,遗传算法（GA）,GA,162,0.43862624555979823
RML,遗传算法（GA）,GA,163,0.43862624555979823
RML,遗传算法（GA）,GA,164,0.43862624555979823
RML,遗传算法（GA）,GA,165,0.43862624555979823
RML,遗传算法（GA）,GA,166,0.43862624555979823
RML,遗传算法（GA）,GA,167,0.43862624555979823
RML,遗传算法（GA）,GA,168,0.43862624555979823
RML,遗传算法（GA）,GA,169,0.43862624555979823
RML,遗传算法（GA）,GA,170,0.43862624555979823
RML,遗传算法（GA）,GA,171,0.43862624555979823
RML,遗传算法（GA）,GA,172,0.43862624555979823
RML,遗传算法（GA）,GA,173,0.43862624555979823
RML,遗传算法（GA）,GA,174,0.43862624555979823
RML,遗传算法（GA）,GA,175,0.43862624555979823
RML,遗传算法（GA）,GA,176,0.43862624555979823
RML,遗传算法（GA）,GA,177,0.43862624555979823
RML,遗传算法（GA）,GA,178,0.43862624555979823
RML,遗传算法（GA）,GA,179,0.43862624555979823
RML,遗传算法（GA）,GA,180,0.43862624555979823
RML,遗传算法（GA）,GA,181,0.43862624555979823
RML,遗传算法（GA）,GA,182,0.43862624555979823
RML,遗传算法（GA）,GA,183,0.43862624555979823
RML,遗传算法（GA）,GA,184,0.43862624555979823
RML,遗传算法（GA）,GA,185,0.43862624555979823
RML,遗传算法（GA）,GA,186,0.43862624555979823
RML,遗传算法（GA）,GA,187,0.43862624555979823
RML,遗传算法（GA）,GA,188,0.43862624555979823
RML,遗传算法（GA）,GA,189,0.43862624555979823
RML,遗传算法（GA）,GA,190,0.43862624555979823
RML,遗传算法（GA）,GA,191,0.43862624555979823
RML,遗传算法（GA）,GA,192,0.43862624555979823
RML,遗传算法（GA）,GA,193,0.43862624555979823
RML,遗传算法（GA）,GA,194,0.43862624555979823
RML,遗传算法（GA）,GA,195,0.43862624555979823
RML,遗传算法（GA）,GA,196,0.43862624555979823
RML,遗传算法（GA）,GA,197,0.43862624555979823
RML,遗传算法（GA）,GA,198,0.43862624555979823
RML,遗传算法（GA）,GA,199,0.43862624555979823
RML,遗传算法（GA）,GA,200,0.43862624555979823
RML,遗传算法（GA）,GA,201,0.43862624555979823
RML,遗传算法（GA）,GA,202,0.43862624555979823
RML,遗传算法（GA）,GA,203,0.43862624555979823
RML,遗传算法（GA）,GA,204,0.43862624555979823
RML,遗传算法（GA）,GA,205,0.43862624555979823
RML,遗传算法（GA）,GA,206,0.43862624555979823
RML,遗传算法（GA）,GA,207,0.43862624555979823
RML,遗传算法（GA）,GA,208,0.43862624555979823
RML,遗传算法（GA）,GA,209,0.43862624555979823
RML,遗传算法（GA）,GA,210,0.43862624555979823
RML,遗传算法（GA）,GA,211,0.43862624555979823
RML,遗传算法（GA）,GA,212,0.43862624555979823
RML,遗传算法（GA）,GA,213,0.43862624555979823
RML,遗传算法（GA）,GA,214,0.43862624555979823
RML,遗传算法（GA）,GA,215,0.43862624555979823
RML,遗传算法（GA）,GA,216,0.43862624555979823
RML,遗传算法（GA）,GA,217,0.43862624555979823
RML,遗传算法（GA）,GA,218,0.43862624555979823
RML,遗传算法（GA）,GA,219,0.43862624555979823
RML,遗传算法（GA）,GA,220,0.43862624555979823
RML,遗传算法（GA）,GA,221,0.43862624555979823
RML,遗传算法（GA）,GA,222,0.43862624555979823
RML,遗传算法（GA）,GA,223,0.43862624555979823
RML,遗传算法（GA）,GA,224,0.43862624555979823
RML,遗传算法（GA）,GA,225,0.43862624555979823
RML,遗传算法（GA）,GA,226,0.43862624555979823
RML,遗传算法（GA）,GA,227,0.43862624555979823
RML,遗传算法（GA）,GA,228,0.43862624555979823
RML,遗传算法（GA）,GA,229,0.43862624555979823
RML,遗传算法（GA）,GA,230,0.43862624555979823
RML,遗传算法（GA）,GA,231,0.43862624555979823
RML,遗传算法（GA）,GA,232,0.43862624555979823
RML,遗传算法（GA）,GA,233,0.43862624555979823
RML,遗传算法（GA）,GA,234,0.43862624555979823
RML,遗传算法（GA）,GA,235,0.43862624555979823
RML,遗传算法（GA）,GA,236,0.43862624555979823
RML,遗传算法（GA）,GA,237,0.43862624555979823
RML,遗传算法（GA）,GA,238,0.43862624555979823
RML,遗传算法（GA）,GA,239,0.43862624555979823
RML,遗传算法（GA）,GA,240,0.43862624555979823
RML,遗传算法（GA）,GA,241,0.43862624555979823
RML,遗传算法（GA）,GA,242,0.43862624555979823
RML,遗传算法（GA）,GA,243,0.43862624555979823
RML,遗传算法（GA）,GA,244,0.43862624555979823
RML,遗传算法（GA）,GA,245,0.43862624555979823
RML,遗传算法（GA）,GA,246,0.43862624555979823
RML,遗传算法（GA）,GA,247,0.43862624555979823
RML,遗传算法（GA）,GA,248,0.43862624555979823
RML,遗传算法（GA）,GA,249,0.43862624555979823
RML,遗传算法（GA）,GA,250,0.43862624555979823
RML,遗传算法（GA）,GA,251,0.43862624555979823
RML,遗传算法（GA）,GA,252,0.43862624555979823
RML,遗传算法（GA）,GA,253,0.43862624555979823
RML,遗传算法（GA）,GA,254,0.43862624555979823
RML,遗传算法（GA）,GA,255,0.43862624555979823
RML,遗传算法（GA）,GA,256,0.43862624555979823
RML,遗传算法（GA）,GA,257,0.43862624555979823
RML,遗传算法（GA）,GA,258,0.43862624555979823
RML,遗传算法（GA）,GA,259,0.43862624555979823
RML,遗传算法（GA）,GA,260,0.43862624555979823
RML,遗传算法（GA）,GA,261,0.43862624555979823
RML,遗传算法（GA）,GA,262,0.43862624555979823
RML,遗传算法（GA）,GA,263,0.43862624555979823
RML,遗传算法（GA）,GA,264,0.43862624555979823
RML,遗传算法（GA）,GA,265,0.43862624555979823
RML,遗传算法（GA）,GA,266,0.43862624555979823
RML,遗传算法（GA）,GA,267,0.43862624555979823
RML,遗传算法（GA）,GA,268,0.43862624555979823
RML,遗传算法（GA）,GA,269,0.43862624555979823
RML,遗传算法（GA）,GA,270,0.43862624555979823
RML,遗传算法（GA）,GA,271,0.43862624555979823
RML,遗传算法（GA）,GA,272,0.43862624555979823
RML,遗传算法（GA）,GA,273,0.43862624555979823
RML,遗传算法（GA）,GA,274,0.43862624555979823
RML,遗传算法（GA）,GA,275,0.43862624555979823
RML,遗传算法（GA）,GA,276,0.43862624555979823
RML,遗传算法（GA）,GA,277,0.43862624555979823
RML,遗传算法（GA）,GA,278,0.43862624555979823
RML,遗传算法（GA）,GA,279,0.43862624555979823
RML,遗传算法（GA）,GA,280,0.43862624555979823
RML,遗传算法（GA）,GA,281,0.43862624555979823
RML,遗传算法（GA）,GA,282,0.43862624555979823
RML,遗传算法（GA）,GA,283,0.43746914663139513
RML,遗传算法（GA）,GA,284,0.43746914663139513
RML,遗传算法（GA）,GA,285,0.43746914663139513
RML,遗传算法（GA）,GA,286,0.43746914663139513
RML,遗传算法（GA）,GA,287,0.43746914663139513
RML,遗传算法（GA）,GA,288,0.43746914663139513
RML,遗传算法（GA）,GA,289,0.43746914663139513
RML,遗传算法（GA）,GA,290,0.43746914663139513
RML,遗传算法（GA）,GA,291,0.43746914663139513
RML,遗传算法（GA）,GA,292,0.43746914663139513
RML,遗传算法（GA）,GA,293,0.43746914663139513
RML,遗传算法（GA）,GA,294,0.43746914663139513
RML,遗传算法（GA）,GA,295,0.43746914663139513
RML,遗传算法（GA）,GA,296,0.43746914663139513
RML,遗传算法（GA）,GA,297,0.43746914663139513
RML,遗传算法（GA）,GA,298,0.43746914663139513
RML,遗传算法（GA）,GA,299,0.43746914663139513
RML,遗传算法（GA）,GA,300,0.43746914663139513
RML,遗传算法（GA）,GA,301,0.43746914663139513
RML,遗传算法（GA）,GA,302,0.43746914663139513
RML,遗传算法（GA）,GA,303,0.43746914663139513
RML,遗传算法（GA）,GA,304,0.43746914663139513
RML,遗传算法（GA）,GA,305,0.43746914663139513
RML,遗传算法（GA）,GA,306,0.43746914663139513
RML,遗传算法（GA）,GA,307,0.43746914663139513
RML,遗传算法（GA）,GA,308,0.43746914663139513
RML,遗传算法（GA）,GA,309,0.43746914663139513
RML,遗传算法（GA）,GA,310,0.43746914663139513
RML,遗传算法（GA）,GA,311,0.43746914663139513
RML,遗传算法（GA）,GA,312,0.43746914663139513
RML,遗传算法（GA）,GA,313,0.43746914663139513
RML,遗传算法（GA）,GA,314,0.43746914663139513
RML,遗传算法（GA）,GA,315,0.43746914663139513
RML,遗传算法（GA）,GA,316,0.43746914663139513
RML,遗传算法（GA）,GA,317,0.43746914663139513
RML,遗传算法（GA）,GA,318,0.43746914663139513
RML,遗传算法（GA）,GA,319,0.43746914663139513
RML,遗传算法（GA）,GA,320,0.43746914663139513
RML,遗传算法（GA）,GA,321,0.43746914663139513
RML,遗传算法（GA）,GA,322,0.43746914663139513
RML,遗传算法（GA）,GA,323,0.43746914663139513
RML,遗传算法（GA）,GA,324,0.43746914663139513
RML,遗传算法（GA）,GA,325,0.43746914663139513
RML,遗传算法（GA）,GA,326,0.43746914663139513
RML,遗传算法（GA）,GA,327,0.43746914663139513
RML,遗传算法（GA）,GA,328,0.43746914663139513
RML,遗传算法（GA）,GA,329,0.43746914663139513
RML,遗传算法（GA）,GA,330,0.43746914663139513
RML,遗传算法（GA）,GA,331,0.43746914663139513
RML,遗传算法（GA）,GA,332,0.43746914663139513
RML,遗传算法（GA）,GA,333,0.43746914663139513
RML,遗传算法（GA）,GA,334,0.43746914663139513
RML,遗传算法（GA）,GA,335,0.43746914663139513
RML,遗传算法（GA）,GA,336,0.43746914663139513
RML,遗传算法（GA）,GA,337,0.43746914663139513
RML,遗传算法（GA）,GA,338,0.43746914663139513
RML,遗传算法（GA）,GA,339,0.43746914663139513
RML,遗传算法（GA）,GA,340,0.43746914663139513
RML,遗传算法（GA）,GA,341,0.43746914663139513
RML,遗传算法（GA）,GA,342,0.43746914663139513
RML,遗传算法（GA）,GA,343,0.43746914663139513
RML,遗传算法（GA）,GA,344,0.43746914663139513
RML,遗传算法（GA）,GA,345,0.43746914663139513
RML,遗传算法（GA）,GA,346,0.43746914663139513
RML,遗传算法（GA）,GA,347,0.43746914663139513
RML,遗传算法（GA）,GA,348,0.43746914663139513
RML,遗传算法（GA）,GA,349,0.43746914663139513
RML,遗传算法（GA）,GA,350,0.43746914663139513
RML,遗传算法（GA）,GA,351,0.43746914663139513
RML,遗传算法（GA）,GA,352,0.43746914663139513
RML,遗传算法（GA）,GA,353,0.4329480655837094
RML,遗传算法（GA）,GA,354,0.4329480655837094
RML,遗传算法（GA）,GA,355,0.4329480655837094
RML,遗传算法（GA）,GA,356,0.4329480655837094
RML,遗传算法（GA）,GA,357,0.4329480655837094
RML,遗传算法（GA）,GA,358,0.4329480655837094
RML,遗传算法（GA）,GA,359,0.4329480655837094
RML,遗传算法（GA）,GA,360,0.4329480655837094
RML,遗传算法（GA）,GA,361,0.4329480655837094
RML,遗传算法（GA）,GA,362,0.4329480655837094
RML,遗传算法（GA）,GA,363,0.4329480655837094
RML,遗传算法（GA）,GA,364,0.4329480655837094
RML,遗传算法（GA）,GA,365,0.4329480655837094
RML,遗传算法（GA）,GA,366,0.4329480655837094
RML,遗传算法（GA）,GA,367,0.4329480655837094
RML,遗传算法（GA）,GA,368,0.4329480655837094
RML,遗传算法（GA）,GA,369,0.4329480655837094
RML,遗传算法（GA）,GA,370,0.4329480655837094
RML,遗传算法（GA）,GA,371,0.4329480655837094
RML,遗传算法（GA）,GA,372,0.4329480655837094
RML,遗传算法（GA）,GA,373,0.4329480655837094
RML,遗传算法（GA）,GA,374,0.4329480655837094
RML,遗传算法（GA）,GA,375,0.4329480655837094
RML,遗传算法（GA）,GA,376,0.4329480655837094
RML,遗传算法（GA）,GA,377,0.4329480655837094
RML,遗传算法（GA）,GA,378,0.4329480655837094
RML,遗传算法（GA）,GA,379,0.4293963556940573
RML,遗传算法（GA）,GA,380,0.4293963556940573
RML,遗传算法（GA）,GA,381,0.4293963556940573
RML,遗传算法（GA）,GA,382,0.4293963556940573
RML,遗传算法（GA）,GA,383,0.4293963556940573
RML,遗传算法（GA）,GA,384,0.4293963556940573
RML,遗传算法（GA）,GA,385,0.4293963556940573
RML,遗传算法（GA）,GA,386,0.4293963556940573
RML,遗传算法（GA）,GA,387,0.4293963556940573
RML,遗传算法（GA）,GA,388,0.4293963556940573
RML,遗传算法（GA）,GA,389,0.4293963556940573
RML,遗传算法（GA）,GA,390,0.4293963556940573
RML,遗传算法（GA）,GA,391,0.4293963556940573
RML,遗传算法（GA）,GA,392,0.4293963556940573
RML,遗传算法（GA）,GA,393,0.4293963556940573
RML,遗传算法（GA）,GA,394,0.4293963556940573
RML,遗传算法（GA）,GA,395,0.4293963556940573
RML,遗传算法（GA）,GA,396,0.4293963556940573
RML,遗传算法（GA）,GA,397,0.4293963556940573
RML,遗传算法（GA）,GA,398,0.4293963556940573
RML,遗传算法（GA）,GA,399,0.4293963556940573
RML,遗传算法（GA）,GA,400,0.4293963556940573
RML,遗传算法（GA）,GA,401,0.4293963556940573
RML,遗传算法（GA）,GA,402,0.4293963556940573
RML,遗传算法（GA）,GA,403,0.4293963556940573
RML,遗传算法（GA）,GA,404,0.4293963556940573
RML,遗传算法（GA）,GA,405,0.4293963556940573
RML,遗传算法（GA）,GA,406,0.4293963556940573
RML,遗传算法（GA）,GA,407,0.4293963556940573
RML,遗传算法（GA）,GA,408,0.4293963556940573
RML,遗传算法（GA）,GA,409,0.4293963556940573
RML,遗传算法（GA）,GA,410,0.4293963556940573
RML,遗传算法（GA）,GA,411,0.4293963556940573
RML,遗传算法（GA）,GA,412,0.4293963556940573
RML,遗传算法（GA）,GA,413,0.4293963556940573
RML,遗传算法（GA）,GA,414,0.4293963556940573
RML,遗传算法（GA）,GA,415,0.4293963556940573
RML,遗传算法（GA）,GA,416,0.4293963556940573
RML,遗传算法（GA）,GA,417,0.4293963556940573
RML,遗传算法（GA）,GA,418,0.4293963556940573
RML,遗传算法（GA）,GA,419,0.4293963556940573
RML,遗传算法（GA）,GA,420,0.4293963556940573
RML,遗传算法（GA）,GA,421,0.4293963556940573
RML,遗传算法（GA）,GA,422,0.4293963556940573
RML,遗传算法（GA）,GA,423,0.4293963556940573
RML,遗传算法（GA）,GA,424,0.4293963556940573
RML,遗传算法（GA）,GA,425,0.4293963556940573
RML,遗传算法（GA）,GA,426,0.4293963556940573
RML,遗传算法（GA）,GA,427,0.4293963556940573
RML,遗传算法（GA）,GA,428,0.4293963556940573
RML,遗传算法（GA）,GA,429,0.4293963556940573
RML,遗传算法（GA）,GA,430,0.4293963556940573
RML,遗传算法（GA）,GA,431,0.4293963556940573
RML,遗传算法（GA）,GA,432,0.4293963556940573
RML,遗传算法（GA）,GA,433,0.4293963556940573
RML,遗传算法（GA）,GA,434,0.4293963556940573
RML,遗传算法（GA）,GA,435,0.4293963556940573
RML,遗传算法（GA）,GA,436,0.4293963556940573
RML,遗传算法（GA）,GA,437,0.4293963556940573
RML,遗传算法（GA）,GA,438,0.4293963556940573
RML,遗传算法（GA）,GA,439,0.4293963556940573
RML,遗传算法（GA）,GA,440,0.4293963556940573
RML,遗传算法（GA）,GA,441,0.4293963556940573
RML,遗传算法（GA）,GA,442,0.4293963556940573
RML,遗传算法（GA）,GA,443,0.4293963556940573
RML,遗传算法（GA）,GA,444,0.4293963556940573
RML,遗传算法（GA）,GA,445,0.4293963556940573
RML,遗传算法（GA）,GA,446,0.4293963556940573
RML,遗传算法（GA）,GA,447,0.4293963556940573
RML,遗传算法（GA）,GA,448,0.4293963556940573
RML,遗传算法（GA）,GA,449,0.4293963556940573
RML,遗传算法（GA）,GA,450,0.4293963556940573
RML,遗传算法（GA）,GA,451,0.4293963556940573
RML,遗传算法（GA）,GA,452,0.4293963556940573
RML,遗传算法（GA）,GA,453,0.4293963556940573
RML,遗传算法（GA）,GA,454,0.4293963556940573
RML,遗传算法（GA）,GA,455,0.4293963556940573
RML,遗传算法（GA）,GA,456,0.4293963556940573
RML,遗传算法（GA）,GA,457,0.4293963556940573
RML,遗传算法（GA）,GA,458,0.4293963556940573
RML,遗传算法（GA）,GA,459,0.4293963556940573
RML,遗传算法（GA）,GA,460,0.4293963556940573
RML,遗传算法（GA）,GA,461,0.4293963556940573
RML,遗传算法（GA）,GA,462,0.4293963556940573
RML,遗传算法（GA）,GA,463,0.4293963556940573
RML,遗传算法（GA）,GA,464,0.4293963556940573
RML,遗传算法（GA）,GA,465,0.4293963556940573
RML,遗传算法（GA）,GA,466,0.4293963556940573
RML,遗传算法（GA）,GA,467,0.4293963556940573
RML,遗传算法（GA）,GA,468,0.4293963556940573
RML,遗传算法（GA）,GA,469,0.4293963556940573
RML,遗传算法（GA）,GA,470,0.4293963556940573
RML,遗传算法（GA）,GA,471,0.4293963556940573
RML,遗传算法（GA）,GA,472,0.4293963556940573
RML,遗传算法（GA）,GA,473,0.4293963556940573
RML,遗传算法（GA）,GA,474,0.4293963556940573
RML,遗传算法（GA）,GA,475,0.4293963556940573
RML,遗传算法（GA）,GA,476,0.4293963556940573
RML,遗传算法（GA）,GA,477,0.4293963556940573
RML,遗传算法（GA）,GA,478,0.4293963556940573
RML,遗传算法（GA）,GA,479,0.4293963556940573
RML,遗传算法（GA）,GA,480,0.4293963556940573
RML,遗传算法（GA）,GA,481,0.4293963556940573
RML,遗传算法（GA）,GA,482,0.4293963556940573
RML,遗传算法（GA）,GA,483,0.4293963556940573
RML,遗传算法（GA）,GA,484,0.4293963556940573
RML,遗传算法（GA）,GA,485,0.4293963556940573
RML,遗传算法（GA）,GA,486,0.4293963556940573
RML,遗传算法（GA）,GA,487,0.4293963556940573
RML,遗传算法（GA）,GA,488,0.4293963556940573
RML,遗传算法（GA）,GA,489,0.4293963556940573
RML,遗传算法（GA）,GA,490,0.4293963556940573
RML,遗传算法（GA）,GA,491,0.4293963556940573
RML,遗传算法（GA）,GA,492,0.4293963556940573
RML,遗传算法（GA）,GA,493,0.4293963556940573
RML,遗传算法（GA）,GA,494,0.4293963556940573
RML,遗传算法（GA）,GA,495,0.4293963556940573
RML,遗传算法（GA）,GA,496,0.4293963556940573
RML,遗传算法（GA）,GA,497,0.4293963556940573
RML,遗传算法（GA）,GA,498,0.4293963556940573
RML,遗传算法（GA）,GA,499,0.4293963556940573
RML,遗传算法（GA）,GA,500,0.4293963556940573
RML,遗传算法（GA）,GA,501,0.4293963556940573
RML,遗传算法（GA）,GA,502,0.4293963556940573
RML,遗传算法（GA）,GA,503,0.4293963556940573
RML,遗传算法（GA）,GA,504,0.4293963556940573
RML,遗传算法（GA）,GA,505,0.4293963556940573
RML,遗传算法（GA）,GA,506,0.4293963556940573
RML,遗传算法（GA）,GA,507,0.4293963556940573
RML,遗传算法（GA）,GA,508,0.4293963556940573
RML,遗传算法（GA）,GA,509,0.4293963556940573
RML,遗传算法（GA）,GA,510,0.4293963556940573
RML,遗传算法（GA）,GA,511,0.4293963556940573
RML,遗传算法（GA）,GA,512,0.4293963556940573
RML,遗传算法（GA）,GA,513,0.4293963556940573
RML,遗传算法（GA）,GA,514,0.4293963556940573
RML,遗传算法（GA）,GA,515,0.4293963556940573
RML,遗传算法（GA）,GA,516,0.4293963556940573
RML,遗传算法（GA）,GA,517,0.4293963556940573
RML,遗传算法（GA）,GA,518,0.4293963556940573
RML,遗传算法（GA）,GA,519,0.4293963556940573
RML,遗传算法（GA）,GA,520,0.4293963556940573
RML,遗传算法（GA）,GA,521,0.4293963556940573
RML,遗传算法（GA）,GA,522,0.4293963556940573
RML,遗传算法（GA）,GA,523,0.4293963556940573
RML,遗传算法（GA）,GA,524,0.4293963556940573
RML,遗传算法（GA）,GA,525,0.4293963556940573
RML,遗传算法（GA）,GA,526,0.4293963556940573
RML,遗传算法（GA）,GA,527,0.4293963556940573
RML,遗传算法（GA）,GA,528,0.4293963556940573
RML,遗传算法（GA）,GA,529,0.4293963556940573
RML,遗传算法（GA）,GA,530,0.4293963556940573
RML,遗传算法（GA）,GA,531,0.4293963556940573
RML,遗传算法（GA）,GA,532,0.4293963556940573
RML,遗传算法（GA）,GA,533,0.4293963556940573
RML,遗传算法（GA）,GA,534,0.4293963556940573
RML,遗传算法（GA）,GA,535,0.4293963556940573
RML,遗传算法（GA）,GA,536,0.4293963556940573
RML,遗传算法（GA）,GA,537,0.4293963556940573
RML,遗传算法（GA）,GA,538,0.4293963556940573
RML,遗传算法（GA）,GA,539,0.4293963556940573
RML,遗传算法（GA）,GA,540,0.4293963556940573
RML,遗传算法（GA）,GA,541,0.4293963556940573
RML,遗传算法（GA）,GA,542,0.4293963556940573
RML,遗传算法（GA）,GA,543,0.4293963556940573
RML,遗传算法（GA）,GA,544,0.4293963556940573
RML,遗传算法（GA）,GA,545,0.4293963556940573
RML,遗传算法（GA）,GA,546,0.4293963556940573
RML,遗传算法（GA）,GA,547,0.4293963556940573
RML,遗传算法（GA）,GA,548,0.4293963556940573
RML,遗传算法（GA）,GA,549,0.4293963556940573
RML,遗传算法（GA）,GA,550,0.4293963556940573
RML,遗传算法（GA）,GA,551,0.4293963556940573
RML,遗传算法（GA）,GA,552,0.4293963556940573
RML,遗传算法（GA）,GA,553,0.4293963556940573
RML,遗传算法（GA）,GA,554,0.4293963556940573
RML,遗传算法（GA）,GA,555,0.4293963556940573
RML,遗传算法（GA）,GA,556,0.4293963556940573
RML,遗传算法（GA）,GA,557,0.4293963556940573
RML,遗传算法（GA）,GA,558,0.4293963556940573
RML,遗传算法（GA）,GA,559,0.4293963556940573
RML,遗传算法（GA）,GA,560,0.4293963556940573
RML,遗传算法（GA）,GA,561,0.4293963556940573
RML,遗传算法（GA）,GA,562,0.4293963556940573
RML,遗传算法（GA）,GA,563,0.4293963556940573
RML,遗传算法（GA）,GA,564,0.4293963556940573
RML,遗传算法（GA）,GA,565,0.4293963556940573
RML,遗传算法（GA）,GA,566,0.4293963556940573
RML,遗传算法（GA）,GA,567,0.4293963556940573
RML,遗传算法（GA）,GA,568,0.4293963556940573
RML,遗传算法（GA）,GA,569,0.4293963556940573
RML,遗传算法（GA）,GA,570,0.4293963556940573
RML,遗传算法（GA）,GA,571,0.4293963556940573
RML,遗传算法（GA）,GA,572,0.4293963556940573
RML,遗传算法（GA）,GA,573,0.4293963556940573
RML,遗传算法（GA）,GA,574,0.4293963556940573
RML,遗传算法（GA）,GA,575,0.4293963556940573
RML,遗传算法（GA）,GA,576,0.4293963556940573
RML,遗传算法（GA）,GA,577,0.4293963556940573
RML,遗传算法（GA）,GA,578,0.4293963556940573
RML,遗传算法（GA）,GA,579,0.4293963556940573
RML,遗传算法（GA）,GA,580,0.4293963556940573
RML,遗传算法（GA）,GA,581,0.4293963556940573
RML,遗传算法（GA）,GA,582,0.4293963556940573
RML,遗传算法（GA）,GA,583,0.4293963556940573
RML,遗传算法（GA）,GA,584,0.4293963556940573
RML,遗传算法（GA）,GA,585,0.4293963556940573
RML,遗传算法（GA）,GA,586,0.4293963556940573
RML,遗传算法（GA）,GA,587,0.4293963556940573
RML,遗传算法（GA）,GA,588,0.4293963556940573
RML,遗传算法（GA）,GA,589,0.4293963556940573
RML,遗传算法（GA）,GA,590,0.4293963556940573
RML,遗传算法（GA）,GA,591,0.4293963556940573
RML,遗传算法（GA）,GA,592,0.4293963556940573
RML,遗传算法（GA）,GA,593,0.4293963556940573
RML,遗传算法（GA）,GA,594,0.4293963556940573
RML,遗传算法（GA）,GA,595,0.4293963556940573
RML,遗传算法（GA）,GA,596,0.4293963556940573
RML,遗传算法（GA）,GA,597,0.4293963556940573
RML,遗传算法（GA）,GA,598,0.4293963556940573
RML,遗传算法（GA）,GA,599,0.4293963556940573
RML,遗传算法（GA）,GA,600,0.4293963556940573
RML,遗传算法（GA）,GA,601,0.4293963556940573
RML,遗传算法（GA）,GA,602,0.4293963556940573
RML,遗传算法（GA）,GA,603,0.4293963556940573
RML,遗传算法（GA）,GA,604,0.4293963556940573
RML,遗传算法（GA）,GA,605,0.4293963556940573
RML,遗传算法（GA）,GA,606,0.4293963556940573
RML,遗传算法（GA）,GA,607,0.4293963556940573
RML,遗传算法（GA）,GA,608,0.4293963556940573
RML,遗传算法（GA）,GA,609,0.4293963556940573
RML,遗传算法（GA）,GA,610,0.4293963556940573
RML,遗传算法（GA）,GA,611,0.4293963556940573
RML,遗传算法（GA）,GA,612,0.4293963556940573
RML,遗传算法（GA）,GA,613,0.4293963556940573
RML,遗传算法（GA）,GA,614,0.4293963556940573
RML,遗传算法（GA）,GA,615,0.4293963556940573
RML,遗传算法（GA）,GA,616,0.4293963556940573
RML,遗传算法（GA）,GA,617,0.4293963556940573
RML,遗传算法（GA）,GA,618,0.4293963556940573
RML,遗传算法（GA）,GA,619,0.4293963556940573
RML,遗传算法（GA）,GA,620,0.4293963556940573
RML,遗传算法（GA）,GA,621,0.4293963556940573
RML,遗传算法（GA）,GA,622,0.4293963556940573
RML,遗传算法（GA）,GA,623,0.4293963556940573
RML,遗传算法（GA）,GA,624,0.4293963556940573
RML,遗传算法（GA）,GA,625,0.4293963556940573
RML,遗传算法（GA）,GA,626,0.4293963556940573
RML,遗传算法（GA）,GA,627,0.4293963556940573
RML,遗传算法（GA）,GA,628,0.4293963556940573
RML,遗传算法（GA）,GA,629,0.4293963556940573
RML,遗传算法（GA）,GA,630,0.4293963556940573
RML,遗传算法（GA）,GA,631,0.4293963556940573
RML,遗传算法（GA）,GA,632,0.4293963556940573
RML,遗传算法（GA）,GA,633,0.4293963556940573
RML,遗传算法（GA）,GA,634,0.4293963556940573
RML,遗传算法（GA）,GA,635,0.4293963556940573
RML,遗传算法（GA）,GA,636,0.4293963556940573
RML,遗传算法（GA）,GA,637,0.4293963556940573
RML,遗传算法（GA）,GA,638,0.4293963556940573
RML,遗传算法（GA）,GA,639,0.4293963556940573
RML,遗传算法（GA）,GA,640,0.4293963556940573
RML,遗传算法（GA）,GA,641,0.4293963556940573
RML,遗传算法（GA）,GA,642,0.4293963556940573
RML,遗传算法（GA）,GA,643,0.4293963556940573
RML,遗传算法（GA）,GA,644,0.4293963556940573
RML,遗传算法（GA）,GA,645,0.4293963556940573
RML,遗传算法（GA）,GA,646,0.4293963556940573
RML,遗传算法（GA）,GA,647,0.4293963556940573
RML,遗传算法（GA）,GA,648,0.4293963556940573
RML,遗传算法（GA）,GA,649,0.4293963556940573
RML,遗传算法（GA）,GA,650,0.4293963556940573
RML,遗传算法（GA）,GA,651,0.4293963556940573
RML,遗传算法（GA）,GA,652,0.4293963556940573
RML,遗传算法（GA）,GA,653,0.4293963556940573
RML,遗传算法（GA）,GA,654,0.4293963556940573
RML,遗传算法（GA）,GA,655,0.4293963556940573
RML,遗传算法（GA）,GA,656,0.4293963556940573
RML,遗传算法（GA）,GA,657,0.4293963556940573
RML,遗传算法（GA）,GA,658,0.4293963556940573
RML,遗传算法（GA）,GA,659,0.4293963556940573
RML,遗传算法（GA）,GA,660,0.4293963556940573
RML,遗传算法（GA）,GA,661,0.4293963556940573
RML,遗传算法（GA）,GA,662,0.4293963556940573
RML,遗传算法（GA）,GA,663,0.4293963556940573
RML,遗传算法（GA）,GA,664,0.4293963556940573
RML,遗传算法（GA）,GA,665,0.4293963556940573
RML,遗传算法（GA）,GA,666,0.4293963556940573
RML,遗传算法（GA）,GA,667,0.4293963556940573
RML,遗传算法（GA）,GA,668,0.4293963556940573
RML,遗传算法（GA）,GA,669,0.4293963556940573
RML,遗传算法（GA）,GA,670,0.4293963556940573
RML,遗传算法（GA）,GA,671,0.4293963556940573
RML,遗传算法（GA）,GA,672,0.4293963556940573
RML,遗传算法（GA）,GA,673,0.4293963556940573
RML,遗传算法（GA）,GA,674,0.4293963556940573
RML,遗传算法（GA）,GA,675,0.4293963556940573
RML,遗传算法（GA）,GA,676,0.4293963556940573
RML,遗传算法（GA）,GA,677,0.4293963556940573
RML,遗传算法（GA）,GA,678,0.4293963556940573
RML,遗传算法（GA）,GA,679,0.4293963556940573
RML,遗传算法（GA）,GA,680,0.4293963556940573
RML,遗传算法（GA）,GA,681,0.4293963556940573
RML,遗传算法（GA）,GA,682,0.4293963556940573
RML,遗传算法（GA）,GA,683,0.4293963556940573
RML,遗传算法（GA）,GA,684,0.4293963556940573
RML,遗传算法（GA）,GA,685,0.4293963556940573
RML,遗传算法（GA）,GA,686,0.4293963556940573
RML,遗传算法（GA）,GA,687,0.4293963556940573
RML,遗传算法（GA）,GA,688,0.4293963556940573
RML,遗传算法（GA）,GA,689,0.4293963556940573
RML,遗传算法（GA）,GA,690,0.4293963556940573
RML,遗传算法（GA）,GA,691,0.4293963556940573
RML,遗传算法（GA）,GA,692,0.4293963556940573
RML,遗传算法（GA）,GA,693,0.4293963556940573
RML,遗传算法（GA）,GA,694,0.4293963556940573
RML,遗传算法（GA）,GA,695,0.4293963556940573
RML,遗传算法（GA）,GA,696,0.4293963556940573
RML,遗传算法（GA）,GA,697,0.4247842673691845
RML,遗传算法（GA）,GA,698,0.4247842673691845
RML,遗传算法（GA）,GA,699,0.4247842673691845
RML,遗传算法（GA）,GA,700,0.4247842673691845
RML,遗传算法（GA）,GA,701,0.4247842673691845
RML,遗传算法（GA）,GA,702,0.4247842673691845
RML,遗传算法（GA）,GA,703,0.4247842673691845
RML,遗传算法（GA）,GA,704,0.4247842673691845
RML,遗传算法（GA）,GA,705,0.4247842673691845
RML,遗传算法（GA）,GA,706,0.4247842673691845
RML,遗传算法（GA）,GA,707,0.4247842673691845
RML,遗传算法（GA）,GA,708,0.4247842673691845
RML,遗传算法（GA）,GA,709,0.4247842673691845
RML,遗传算法（GA）,GA,710,0.4247842673691845
RML,遗传算法（GA）,GA,711,0.4247842673691845
RML,遗传算法（GA）,GA,712,0.4247842673691845
RML,遗传算法（GA）,GA,713,0.4247842673691845
RML,遗传算法（GA）,GA,714,0.4247842673691845
RML,遗传算法（GA）,GA,715,0.4247842673691845
RML,遗传算法（GA）,GA,716,0.4247842673691845
RML,遗传算法（GA）,GA,717,0.4247842673691845
RML,遗传算法（GA）,GA,718,0.4247842673691845
RML,遗传算法（GA）,GA,719,0.4247842673691845
RML,遗传算法（GA）,GA,720,0.4247842673691845
RML,遗传算法（GA）,GA,721,0.4247842673691845
RML,遗传算法（GA）,GA,722,0.4247842673691845
RML,遗传算法（GA）,GA,723,0.4247842673691845
RML,遗传算法（GA）,GA,724,0.4247842673691845
RML,遗传算法（GA）,GA,725,0.4247842673691845
RML,遗传算法（GA）,GA,726,0.4247842673691845
RML,遗传算法（GA）,GA,727,0.4247842673691845
RML,遗传算法（GA）,GA,728,0.4247842673691845
RML,遗传算法（GA）,GA,729,0.4247842673691845
RML,遗传算法（GA）,GA,730,0.4247842673691845
RML,遗传算法（GA）,GA,731,0.4247842673691845
RML,遗传算法（GA）,GA,732,0.4247842673691845
RML,遗传算法（GA）,GA,733,0.4247842673691845
RML,遗传算法（GA）,GA,734,0.4247842673691845
RML,遗传算法（GA）,GA,735,0.4247842673691845
RML,遗传算法（GA）,GA,736,0.4247842673691845
RML,遗传算法（GA）,GA,737,0.4247842673691845
RML,遗传算法（GA）,GA,738,0.4247842673691845
RML,遗传算法（GA）,GA,739,0.4247842673691845
RML,遗传算法（GA）,GA,740,0.4247842673691845
RML,遗传算法（GA）,GA,741,0.4247842673691845
RML,遗传算法（GA）,GA,742,0.4247842673691845
RML,遗传算法（GA）,GA,743,0.4247842673691845
RML,遗传算法（GA）,GA,744,0.4247842673691845
RML,遗传算法（GA）,GA,745,0.4247842673691845
RML,遗传算法（GA）,GA,746,0.4247842673691845
RML,遗传算法（GA）,GA,747,0.4247842673691845
RML,遗传算法（GA）,GA,748,0.4247842673691845
RML,遗传算法（GA）,GA,749,0.4247842673691845
RML,遗传算法（GA）,GA,750,0.4247842673691845
RML,遗传算法（GA）,GA,751,0.4247842673691845
RML,遗传算法（GA）,GA,752,0.4247842673691845
RML,遗传算法（GA）,GA,753,0.4247842673691845
RML,遗传算法（GA）,GA,754,0.4247842673691845
RML,遗传算法（GA）,GA,755,0.4247842673691845
RML,遗传算法（GA）,GA,756,0.4247842673691845
RML,遗传算法（GA）,GA,757,0.4247842673691845
RML,遗传算法（GA）,GA,758,0.4247842673691845
RML,遗传算法（GA）,GA,759,0.4247842673691845
RML,遗传算法（GA）,GA,760,0.4247842673691845
RML,遗传算法（GA）,GA,761,0.4247842673691845
RML,遗传算法（GA）,GA,762,0.4247842673691845
RML,遗传算法（GA）,GA,763,0.4247842673691845
RML,遗传算法（GA）,GA,764,0.4247842673691845
RML,遗传算法（GA）,GA,765,0.4247842673691845
RML,无LHS（随机 101）,No-LHS,1,0.8340627336212507
RML,无LHS（随机 101）,No-LHS,2,0.8340627336212507
RML,无LHS（随机 101）,No-LHS,3,0.8340627336212507
RML,无LHS（随机 101）,No-LHS,4,0.8340627336212507
RML,无LHS（随机 101）,No-LHS,5,0.8340627336212507
RML,无LHS（随机 101）,No-LHS,6,0.532504109685783
RML,无LHS（随机 101）,No-LHS,7,0.5125684243259956
RML,无LHS（随机 101）,No-LHS,8,0.5125684243259956
RML,无LHS（随机 101）,No-LHS,9,0.5125684243259956
RML,无LHS（随机 101）,No-LHS,10,0.5125684243259956
RML,无LHS（随机 101）,No-LHS,11,0.5125684243259956
RML,无LHS（随机 101）,No-LHS,12,0.5125684243259956
RML,无LHS（随机 101）,No-LHS,13,0.4815466186564973
RML,无LHS（随机 101）,No-LHS,14,0.4815466186564973
RML,无LHS（随机 101）,No-LHS,15,0.4815466186564973
RML,无LHS（随机 101）,No-LHS,16,0.4815466186564973
RML,无LHS（随机 101）,No-LHS,17,0.4815466186564973
RML,无LHS（随机 101）,No-LHS,18,0.4815466186564973
RML,无LHS（随机 101）,No-LHS,19,0.4815466186564973
RML,无LHS（随机 101）,No-LHS,20,0.4815466186564973
RML,无LHS（随机 101）,No-LHS,21,0.4815466186564973
RML,无LHS（随机 101）,No-LHS,22,0.4815466186564973
RML,无LHS（随机 101）,No-LHS,23,0.4815466186564973
RML,无LHS（随机 101）,No-LHS,24,0.4815466186564973
RML,无LHS（随机 101）,No-LHS,25,0.4815466186564973
RML,无LHS（随机 101）,No-LHS,26,0.4815466186564973
RML,无LHS（随机 101）,No-LHS,27,0.4815466186564973
RML,无LHS（随机 101）,No-LHS,28,0.4815466186564973
RML,无LHS（随机 101）,No-LHS,29,0.4815466186564973
RML,无LHS（随机 101）,No-LHS,30,0.4815466186564973
RML,无LHS（随机 101）,No-LHS,31,0.4815466186564973
RML,无LHS（随机 101）,No-LHS,32,0.4815466186564973
RML,无LHS（随机 101）,No-LHS,33,0.4815466186564973
RML,无LHS（随机 101）,No-LHS,34,0.4815466186564973
RML,无LHS（随机 101）,No-LHS,35,0.4815466186564973
RML,无LHS（随机 101）,No-LHS,36,0.4815466186564973
RML,无LHS（随机 101）,No-LHS,37,0.4815466186564973
RML,无LHS（随机 101）,No-LHS,38,0.4815466186564973
RML,无LHS（随机 101）,No-LHS,39,0.4815466186564973
RML,无LHS（随机 101）,No-LHS,40,0.4815466186564973
RML,无LHS（随机 101）,No-LHS,41,0.4815466186564973
RML,无LHS（随机 101）,No-LHS,42,0.4815466186564973
RML,无LHS（随机 101）,No-LHS,43,0.4815466186564973
RML,无LHS（随机 101）,No-LHS,44,0.4815466186564973
RML,无LHS（随机 101）,No-LHS,45,0.4815466186564973
RML,无LHS（随机 101）,No-LHS,46,0.4815466186564973
RML,无LHS（随机 101）,No-LHS,47,0.4815466186564973
RML,无LHS（随机 101）,No-LHS,48,0.4815466186564973
RML,无LHS（随机 101）,No-LHS,49,0.4815466186564973
RML,无LHS（随机 101）,No-LHS,50,0.4815466186564973
RML,无LHS（随机 101）,No-LHS,51,0.4815466186564973
RML,无LHS（随机 101）,No-LHS,52,0.4815466186564973
RML,无LHS（随机 101）,No-LHS,53,0.4815466186564973
RML,无LHS（随机 101）,No-LHS,54,0.4815466186564973
RML,无LHS（随机 101）,No-LHS,55,0.4815466186564973
RML,无LHS（随机 101）,No-LHS,56,0.4815466186564973
RML,无LHS（随机 101）,No-LHS,57,0.4815466186564973
RML,无LHS（随机 101）,No-LHS,58,0.4815466186564973
RML,无LHS（随机 101）,No-LHS,59,0.4815466186564973
RML,无LHS（随机 101）,No-LHS,60,0.4815466186564973
RML,无LHS（随机 101）,No-LHS,61,0.4815466186564973
RML,无LHS（随机 101）,No-LHS,62,0.4815466186564973
RML,无LHS（随机 101）,No-LHS,63,0.4815466186564973
RML,无LHS（随机 101）,No-LHS,64,0.4815466186564973
RML,无LHS（随机 101）,No-LHS,65,0.4815466186564973
RML,无LHS（随机 101）,No-LHS,66,0.4815466186564973
RML,无LHS（随机 101）,No-LHS,67,0.4815466186564973
RML,无LHS（随机 101）,No-LHS,68,0.4815466186564973
RML,无LHS（随机 101）,No-LHS,69,0.4815466186564973
RML,无LHS（随机 101）,No-LHS,70,0.4815466186564973
RML,无LHS（随机 101）,No-LHS,71,0.4815466186564973
RML,无LHS（随机 101）,No-LHS,72,0.4815466186564973
RML,无LHS（随机 101）,No-LHS,73,0.4815466186564973
RML,无LHS（随机 101）,No-LHS,74,0.4815466186564973
RML,无LHS（随机 101）,No-LHS,75,0.4815466186564973
RML,无LHS（随机 101）,No-LHS,76,0.4815466186564973
RML,无LHS（随机 101）,No-LHS,77,0.4815466186564973
RML,无LHS（随机 101）,No-LHS,78,0.4815466186564973
RML,无LHS（随机 101）,No-LHS,79,0.4815466186564973
RML,无LHS（随机 101）,No-LHS,80,0.4815466186564973
RML,无LHS（随机 101）,No-LHS,81,0.4815466186564973
RML,无LHS（随机 101）,No-LHS,82,0.4815466186564973
RML,无LHS（随机 101）,No-LHS,83,0.4815466186564973
RML,无LHS（随机 101）,No-LHS,84,0.4815466186564973
RML,无LHS（随机 101）,No-LHS,85,0.4815466186564973
RML,无LHS（随机 101）,No-LHS,86,0.4815466186564973
RML,无LHS（随机 101）,No-LHS,87,0.4815466186564973
RML,无LHS（随机 101）,No-LHS,88,0.4815466186564973
RML,无LHS（随机 101）,No-LHS,89,0.4815466186564973
RML,无LHS（随机 101）,No-LHS,90,0.4815466186564973
RML,无LHS（随机 101）,No-LHS,91,0.4815466186564973
RML,无LHS（随机 101）,No-LHS,92,0.4815466186564973
RML,无LHS（随机 101）,No-LHS,93,0.4815466186564973
RML,无LHS（随机 101）,No-LHS,94,0.4815466186564973
RML,无LHS（随机 101）,No-LHS,95,0.4815466186564973
RML,无LHS（随机 101）,No-LHS,96,0.4815466186564973
RML,无LHS（随机 101）,No-LHS,97,0.4815466186564973
RML,无LHS（随机 101）,No-LHS,98,0.4815466186564973
RML,无LHS（随机 101）,No-LHS,99,0.4815466186564973
RML,无LHS（随机 101）,No-LHS,100,0.4815466186564973
RML,无LHS（随机 101）,No-LHS,101,0.4815466186564973
RML,无RF（LHS 101）,No-RF,1,1.0791354126103312
RML,无RF（LHS 101）,No-RF,2,1.0791354126103312
RML,无RF（LHS 101）,No-RF,3,0.9908894730108457
RML,无RF（LHS 101）,No-RF,4,0.9087301257410687
RML,无RF（LHS 101）,No-RF,5,0.5647903381604744
RML,无RF（LHS 101）,No-RF,6,0.5647903381604744
RML,无RF（LHS 101）,No-RF,7,0.5647903381604744
RML,无RF（LHS 101）,No-RF,8,0.5647903381604744
RML,无RF（LHS 101）,No-RF,9,0.5647903381604744
RML,无RF（LHS 101）,No-RF,10,0.5647903381604744
RML,无RF（LHS 101）,No-RF,11,0.5647903381604744
RML,无RF（LHS 101）,No-RF,12,0.5647903381604744
RML,无RF（LHS 101）,No-RF,13,0.5647903381604744
RML,无RF（LHS 101）,No-RF,14,0.5647903381604744
RML,无RF（LHS 101）,No-RF,15,0.5217584639998742
RML,无RF（LHS 101）,No-RF,16,0.5217584639998742
RML,无RF（LHS 101）,No-RF,17,0.5217584639998742
RML,无RF（LHS 101）,No-RF,18,0.5217584639998742
RML,无RF（LHS 101）,No-RF,19,0.5217584639998742
RML,无RF（LHS 101）,No-RF,20,0.5217584639998742
RML,无RF（LHS 101）,No-RF,21,0.5217584639998742
RML,无RF（LHS 101）,No-RF,22,0.5217584639998742
RML,无RF（LHS 101）,No-RF,23,0.5217584639998742
RML,无RF（LHS 101）,No-RF,24,0.5217584639998742
RML,无RF（LHS 101）,No-RF,25,0.5217584639998742
RML,无RF（LHS 101）,No-RF,26,0.5217584639998742
RML,无RF（LHS 101）,No-RF,27,0.5217584639998742
RML,无RF（LHS 101）,No-RF,28,0.5217584639998742
RML,无RF（LHS 101）,No-RF,29,0.5217584639998742
RML,无RF（LHS 101）,No-RF,30,0.5217584639998742
RML,无RF（LHS 101）,No-RF,31,0.5217584639998742
RML,无RF（LHS 101）,No-RF,32,0.5217584639998742
RML,无RF（LHS 101）,No-RF,33,0.5217584639998742
RML,无RF（LHS 101）,No-RF,34,0.5217584639998742
RML,无RF（LHS 101）,No-RF,35,0.5217584639998742
RML,无RF（LHS 101）,No-RF,36,0.5217584639998742
RML,无RF（LHS 101）,No-RF,37,0.5217584639998742
RML,无RF（LHS 101）,No-RF,38,0.5217584639998742
RML,无RF（LHS 101）,No-RF,39,0.5217584639998742
RML,无RF（LHS 101）,No-RF,40,0.5217584639998742
RML,无RF（LHS 101）,No-RF,41,0.5217584639998742
RML,无RF（LHS 101）,No-RF,42,0.5217584639998742
RML,无RF（LHS 101）,No-RF,43,0.5217584639998742
RML,无RF（LHS 101）,No-RF,44,0.5217584639998742
RML,无RF（LHS 101）,No-RF,45,0.5217584639998742
RML,无RF（LHS 101）,No-RF,46,0.5217584639998742
RML,无RF（LHS 101）,No-RF,47,0.5217584639998742
RML,无RF（LHS 101）,No-RF,48,0.5217584639998742
RML,无RF（LHS 101）,No-RF,49,0.5217584639998742
RML,无RF（LHS 101）,No-RF,50,0.5217584639998742
RML,无RF（LHS 101）,No-RF,51,0.5217584639998742
RML,无RF（LHS 101）,No-RF,52,0.5217584639998742
RML,无RF（LHS 101）,No-RF,53,0.5217584639998742
RML,无RF（LHS 101）,No-RF,54,0.5217584639998742
RML,无RF（LHS 101）,No-RF,55,0.5217584639998742
RML,无RF（LHS 101）,No-RF,56,0.5217584639998742
RML,无RF（LHS 101）,No-RF,57,0.5217584639998742
RML,无RF（LHS 101）,No-RF,58,0.5217584639998742
RML,无RF（LHS 101）,No-RF,59,0.5217584639998742
RML,无RF（LHS 101）,No-RF,60,0.5217584639998742
RML,无RF（LHS 101）,No-RF,61,0.5217584639998742
RML,无RF（LHS 101）,No-RF,62,0.5217584639998742
RML,无RF（LHS 101）,No-RF,63,0.5217584639998742
RML,无RF（LHS 101）,No-RF,64,0.5217584639998742
RML,无RF（LHS 101）,No-RF,65,0.5217584639998742
RML,无RF（LHS 101）,No-RF,66,0.5217584639998742
RML,无RF（LHS 101）,No-RF,67,0.5217584639998742
RML,无RF（LHS 101）,No-RF,68,0.5217584639998742
RML,无RF（LHS 101）,No-RF,69,0.5217584639998742
RML,无RF（LHS 101）,No-RF,70,0.5217584639998742
RML,无RF（LHS 101）,No-RF,71,0.5217584639998742
RML,无RF（LHS 101）,No-RF,72,0.5217584639998742
RML,无RF（LHS 101）,No-RF,73,0.5217584639998742
RML,无RF（LHS 101）,No-RF,74,0.5217584639998742
RML,无RF（LHS 101）,No-RF,75,0.5217584639998742
RML,无RF（LHS 101）,No-RF,76,0.5217584639998742
RML,无RF（LHS 101）,No-RF,77,0.5217584639998742
RML,无RF（LHS 101）,No-RF,78,0.5217584639998742
RML,无RF（LHS 101）,No-RF,79,0.5054864530702099
RML,无RF（LHS 101）,No-RF,80,0.5054864530702099
RML,无RF（LHS 101）,No-RF,81,0.5054864530702099
RML,无RF（LHS 101）,No-RF,82,0.5054864530702099
RML,无RF（LHS 101）,No-RF,83,0.5054864530702099
RML,无RF（LHS 101）,No-RF,84,0.5054864530702099
RML,无RF（LHS 101）,No-RF,85,0.5054864530702099
RML,无RF（LHS 101）,No-RF,86,0.5054864530702099
RML,无RF（LHS 101）,No-RF,87,0.5054864530702099
RML,无RF（LHS 101）,No-RF,88,0.5054864530702099
RML,无RF（LHS 101）,No-RF,89,0.5054864530702099
RML,无RF（LHS 101）,No-RF,90,0.5054864530702099
RML,无RF（LHS 101）,No-RF,91,0.5054864530702099
RML,无RF（LHS 101）,No-RF,92,0.5054864530702099
RML,无RF（LHS 101）,No-RF,93,0.5054864530702099
RML,无RF（LHS 101）,No-RF,94,0.5054864530702099
RML,无RF（LHS 101）,No-RF,95,0.5054864530702099
RML,无RF（LHS 101）,No-RF,96,0.5054864530702099
RML,无RF（LHS 101）,No-RF,97,0.5054864530702099
RML,无RF（LHS 101）,No-RF,98,0.5054864530702099
RML,无RF（LHS 101）,No-RF,99,0.5054864530702099
RML,无RF（LHS 101）,No-RF,100,0.5054864530702099
RML,无RF（LHS 101）,No-RF,101,0.5054864530702099
RML,SPSA,SPSA,1,0.797891053464844
RML,SPSA,SPSA,2,0.7801427321049726
RML,SPSA,SPSA,3,0.7801427321049726
RML,SPSA,SPSA,4,0.7801427321049726
RML,SPSA,SPSA,5,0.7681509583453774
RML,SPSA,SPSA,6,0.7557964090906537
RML,SPSA,SPSA,7,0.7557964090906537
RML,SPSA,SPSA,8,0.7557964090906537
RML,SPSA,SPSA,9,0.7231724375993851
RML,SPSA,SPSA,10,0.7231724375993851
RML,SPSA,SPSA,11,0.7231724375993851
RML,SPSA,SPSA,12,0.7154375827830021
RML,SPSA,SPSA,13,0.7154375827830021
RML,SPSA,SPSA,14,0.7154375827830021
RML,SPSA,SPSA,15,0.7154375827830021
RML,SPSA,SPSA,16,0.7154375827830021
RML,SPSA,SPSA,17,0.6584004083295882
RML,SPSA,SPSA,18,0.6584004083295882
RML,SPSA,SPSA,19,0.6584004083295882
RML,SPSA,SPSA,20,0.6584004083295882
RML,SPSA,SPSA,21,0.6584004083295882
RML,SPSA,SPSA,22,0.6444372146782488
RML,SPSA,SPSA,23,0.6444372146782488
RML,SPSA,SPSA,24,0.6444372146782488
RML,SPSA,SPSA,25,0.6444372146782488
RML,SPSA,SPSA,26,0.6044587184094357
RML,SPSA,SPSA,27,0.6044587184094357
RML,SPSA,SPSA,28,0.6044587184094357
RML,SPSA,SPSA,29,0.6030653147371356
RML,SPSA,SPSA,30,0.6030653147371356
RML,SPSA,SPSA,31,0.6030653147371356
RML,SPSA,SPSA,32,0.6030653147371356
RML,SPSA,SPSA,33,0.6030653147371356
RML,SPSA,SPSA,34,0.6030653147371356
RML,SPSA,SPSA,35,0.6030653147371356
RML,SPSA,SPSA,36,0.5546596093892022
RML,SPSA,SPSA,37,0.5546596093892022
RML,SPSA,SPSA,38,0.5546596093892022
RML,SPSA,SPSA,39,0.5321135614038237
RML,SPSA,SPSA,40,0.5321135614038237
RML,SPSA,SPSA,41,0.5321135614038237
RML,SPSA,SPSA,42,0.5321135614038237
RML,SPSA,SPSA,43,0.4961545979755344
RML,SPSA,SPSA,44,0.4961545979755344
RML,SPSA,SPSA,45,0.4961545979755344
RML,SPSA,SPSA,46,0.4961545979755344
RML,SPSA,SPSA,47,0.4961545979755344
RML,SPSA,SPSA,48,0.4961545979755344
RML,SPSA,SPSA,49,0.4961545979755344
RML,SPSA,SPSA,50,0.4961545979755344
RML,SPSA,SPSA,51,0.4961545979755344
RML,SPSA,SPSA,52,0.4961545979755344
RML,SPSA,SPSA,53,0.4961545979755344
RML,SPSA,SPSA,54,0.4961545979755344
RML,SPSA,SPSA,55,0.4922160793712423
RML,SPSA,SPSA,56,0.4922160793712423
RML,SPSA,SPSA,57,0.4922160793712423
RML,SPSA,SPSA,58,0.4922160793712423
RML,SPSA,SPSA,59,0.4709133763030208
RML,SPSA,SPSA,60,0.4709133763030208
RML,SPSA,SPSA,61,0.46797935397055085
RML,SPSA,SPSA,62,0.46797935397055085
RML,SPSA,SPSA,63,0.46797935397055085
RML,SPSA,SPSA,64,0.46797935397055085
RML,SPSA,SPSA,65,0.4628157725212917
RML,SPSA,SPSA,66,0.4628157725212917
RML,SPSA,SPSA,67,0.4628157725212917
RML,SPSA,SPSA,68,0.4573365916014861
RML,SPSA,SPSA,69,0.4573365916014861
RML,SPSA,SPSA,70,0.4573365916014861
RML,SPSA,SPSA,71,0.4573365916014861
RML,SPSA,SPSA,72,0.4573365916014861
RML,SPSA,SPSA,73,0.4573365916014861
RML,SPSA,SPSA,74,0.4573365916014861
RML,SPSA,SPSA,75,0.4573365916014861
RML,SPSA,SPSA,76,0.4573365916014861
RML,SPSA,SPSA,77,0.4573365916014861
RML,SPSA,SPSA,78,0.4573365916014861
RML,SPSA,SPSA,79,0.4573365916014861
RML,SPSA,SPSA,80,0.4573365916014861
RML,SPSA,SPSA,81,0.4573365916014861
RML,SPSA,SPSA,82,0.4573365916014861
RML,SPSA,SPSA,83,0.4573365916014861
RML,SPSA,SPSA,84,0.4573365916014861
RML,SPSA,SPSA,85,0.4573365916014861
RML,SPSA,SPSA,86,0.4573365916014861
RML,SPSA,SPSA,87,0.4573365916014861
RML,SPSA,SPSA,88,0.4573365916014861
RML,SPSA,SPSA,89,0.4573365916014861
RML,SPSA,SPSA,90,0.4573365916014861
RML,SPSA,SPSA,91,0.4573365916014861
RML,SPSA,SPSA,92,0.4573365916014861
RML,SPSA,SPSA,93,0.4573365916014861
RML,SPSA,SPSA,94,0.4573365916014861
RML,SPSA,SPSA,95,0.4573365916014861
RML,SPSA,SPSA,96,0.4573365916014861
RML,SPSA,SPSA,97,0.4573365916014861
RML,SPSA,SPSA,98,0.4573365916014861
RML,SPSA,SPSA,99,0.4573365916014861
RML,SPSA,SPSA,100,0.4573365916014861
RML,SPSA,SPSA,101,0.4573365916014861
RML,SPSA,SPSA,102,0.4573365916014861
RML,SPSA,SPSA,103,0.4573365916014861
RML,SPSA,SPSA,104,0.4573365916014861
RML,SPSA,SPSA,105,0.4573365916014861
RML,SPSA,SPSA,106,0.4573365916014861
RML,SPSA,SPSA,107,0.4573365916014861
RML,SPSA,SPSA,108,0.4573365916014861
RML,SPSA,SPSA,109,0.4573365916014861
RML,SPSA,SPSA,110,0.4573365916014861
RML,SPSA,SPSA,111,0.4573365916014861
RML,SPSA,SPSA,112,0.4573365916014861
RML,SPSA,SPSA,113,0.4573365916014861
RML,SPSA,SPSA,114,0.4573365916014861
RML,SPSA,SPSA,115,0.4573365916014861
RML,SPSA,SPSA,116,0.4573365916014861
RML,SPSA,SPSA,117,0.4573365916014861
RML,SPSA,SPSA,118,0.4573365916014861
RML,SPSA,SPSA,119,0.4573365916014861
RML,SPSA,SPSA,120,0.4573365916014861
RML,SPSA,SPSA,121,0.4573365916014861
RML,SPSA,SPSA,122,0.4573365916014861
RML,SPSA,SPSA,123,0.4573365916014861
RML,SPSA,SPSA,124,0.4573365916014861
RML,SPSA,SPSA,125,0.4573365916014861
RML,SPSA,SPSA,126,0.4573365916014861
RML,SPSA,SPSA,127,0.4573365916014861
RML,SPSA,SPSA,128,0.4573365916014861
RML,SPSA,SPSA,129,0.4573365916014861
RML,SPSA,SPSA,130,0.4573365916014861
RML,SPSA,SPSA,131,0.4573365916014861
RML,SPSA,SPSA,132,0.4573365916014861
RML,SPSA,SPSA,133,0.4573365916014861
RML,SPSA,SPSA,134,0.4573365916014861
RML,SPSA,SPSA,135,0.4573365916014861
RML,SPSA,SPSA,136,0.4573365916014861
RML,SPSA,SPSA,137,0.4573365916014861
RML,SPSA,SPSA,138,0.4573365916014861
RML,SPSA,SPSA,139,0.4573365916014861
RML,SPSA,SPSA,140,0.4573365916014861
RML,SPSA,SPSA,141,0.4573365916014861
RML,SPSA,SPSA,142,0.4573365916014861
RML,SPSA,SPSA,143,0.4573365916014861
RML,SPSA,SPSA,144,0.4573365916014861
RML,SPSA,SPSA,145,0.4573365916014861
RML,SPSA,SPSA,146,0.4573365916014861
RML,SPSA,SPSA,147,0.4573365916014861
RML,SPSA,SPSA,148,0.4573365916014861
RML,SPSA,SPSA,149,0.4573365916014861
RML,SPSA,SPSA,150,0.4573365916014861
RML,SPSA,SPSA,151,0.4573365916014861
RML,SPSA,SPSA,152,0.4573365916014861
RML,SPSA,SPSA,153,0.4573365916014861
RML,SPSA,SPSA,154,0.4573365916014861
RML,SPSA,SPSA,155,0.4573365916014861
RML,SPSA,SPSA,156,0.4573365916014861
RML,SPSA,SPSA,157,0.4573365916014861
RML,SPSA,SPSA,158,0.4573365916014861
RML,SPSA,SPSA,159,0.4573365916014861
RML,SPSA,SPSA,160,0.4573365916014861
RML,SPSA,SPSA,161,0.4573365916014861
RML,SPSA,SPSA,162,0.4573365916014861
RML,SPSA,SPSA,163,0.4573365916014861
RML,SPSA,SPSA,164,0.4573365916014861
RML,SPSA,SPSA,165,0.4573365916014861
RML,SPSA,SPSA,166,0.4573365916014861
RML,SPSA,SPSA,167,0.4573365916014861
RML,SPSA,SPSA,168,0.4573365916014861
RML,SPSA,SPSA,169,0.4573365916014861
RML,SPSA,SPSA,170,0.4573365916014861
RML,SPSA,SPSA,171,0.4573365916014861
RML,SPSA,SPSA,172,0.4573365916014861
RML,SPSA,SPSA,173,0.4573365916014861
RML,SPSA,SPSA,174,0.4573365916014861
RML,SPSA,SPSA,175,0.4573365916014861
RML,SPSA,SPSA,176,0.4573365916014861
RML,SPSA,SPSA,177,0.4573365916014861
RML,SPSA,SPSA,178,0.4573365916014861
RML,SPSA,SPSA,179,0.4573365916014861
RML,SPSA,SPSA,180,0.4573365916014861
RML,SPSA,SPSA,181,0.4488367972438696
RML,SPSA,SPSA,182,0.4488367972438696
RML,SPSA,SPSA,183,0.4488367972438696
RML,SPSA,SPSA,184,0.4488367972438696
RML,SPSA,SPSA,185,0.4488367972438696
RML,SPSA,SPSA,186,0.4488367972438696
RML,SPSA,SPSA,187,0.4488367972438696
RML,SPSA,SPSA,188,0.4488367972438696
RML,SPSA,SPSA,189,0.4488367972438696
RML,SPSA,SPSA,190,0.4488367972438696
RML,SPSA,SPSA,191,0.4488367972438696
RML,SPSA,SPSA,192,0.4488367972438696
RML,SPSA,SPSA,193,0.4488367972438696
RML,SPSA,SPSA,194,0.4488367972438696
RML,SPSA,SPSA,195,0.4488367972438696
RML,SPSA,SPSA,196,0.4488367972438696
RML,SPSA,SPSA,197,0.4488367972438696
RML,SPSA,SPSA,198,0.4488367972438696
RML,SPSA,SPSA,199,0.4488367972438696
RML,SPSA,SPSA,200,0.4488367972438696
RML,SPSA,SPSA,201,0.4488367972438696
RML,SPSA,SPSA,202,0.4488367972438696
RML,SPSA,SPSA,203,0.4488367972438696
RML,SPSA,SPSA,204,0.4488367972438696
RML,SPSA,SPSA,205,0.4488367972438696
RML,SPSA,SPSA,206,0.4488367972438696
RML,SPSA,SPSA,207,0.4488367972438696
RML,SPSA,SPSA,208,0.4488367972438696
RML,SPSA,SPSA,209,0.4488367972438696
RML,SPSA,SPSA,210,0.4488367972438696
RML,SPSA,SPSA,211,0.4488367972438696
RML,SPSA,SPSA,212,0.4488367972438696
RML,SPSA,SPSA,213,0.4488367972438696
RML,SPSA,SPSA,214,0.4488367972438696
RML,SPSA,SPSA,215,0.4488367972438696
RML,SPSA,SPSA,216,0.4488367972438696
RML,SPSA,SPSA,217,0.4488367972438696
RML,SPSA,SPSA,218,0.4488367972438696
RML,SPSA,SPSA,219,0.4488367972438696
RML,SPSA,SPSA,220,0.4488367972438696
RML,SPSA,SPSA,221,0.4488367972438696
RML,SPSA,SPSA,222,0.4488367972438696
RML,SPSA,SPSA,223,0.4488367972438696
RML,SPSA,SPSA,224,0.4488367972438696
RML,SPSA,SPSA,225,0.4488367972438696
RML,SPSA,SPSA,226,0.4488367972438696
RML,SPSA,SPSA,227,0.4488367972438696
RML,SPSA,SPSA,228,0.4488367972438696
RML,SPSA,SPSA,229,0.4488367972438696
RML,SPSA,SPSA,230,0.4488367972438696
RML,SPSA,SPSA,231,0.4488367972438696
RML,SPSA,SPSA,232,0.4488367972438696
RML,SPSA,SPSA,233,0.4488367972438696
RML,SPSA,SPSA,234,0.4488367972438696
RML,SPSA,SPSA,235,0.4488367972438696
RML,SPSA,SPSA,236,0.4488367972438696
RML,SPSA,SPSA,237,0.4488367972438696
RML,SPSA,SPSA,238,0.4488367972438696
RML,SPSA,SPSA,239,0.4488367972438696
RML,SPSA,SPSA,240,0.4488367972438696
RML,SPSA,SPSA,241,0.4488367972438696
RML,SPSA,SPSA,242,0.4488367972438696
RML,SPSA,SPSA,243,0.4488367972438696
RML,SPSA,SPSA,244,0.4488367972438696
RML,SPSA,SPSA,245,0.4488367972438696
RML,SPSA,SPSA,246,0.4488367972438696
RML,SPSA,SPSA,247,0.4488367972438696
RML,SPSA,SPSA,248,0.4488367972438696
RML,SPSA,SPSA,249,0.4488367972438696
RML,SPSA,SPSA,250,0.4488367972438696
RML,SPSA,SPSA,251,0.4488367972438696
RML,SPSA,SPSA,252,0.4488367972438696
RML,SPSA,SPSA,253,0.4488367972438696
RML,SPSA,SPSA,254,0.4488367972438696
RML,SPSA,SPSA,255,0.4488367972438696
RML,SPSA,SPSA,256,0.4488367972438696
RML,SPSA,SPSA,257,0.4488367972438696
RML,SPSA,SPSA,258,0.4488367972438696
RML,SPSA,SPSA,259,0.4488367972438696
RML,SPSA,SPSA,260,0.4488367972438696
RML,SPSA,SPSA,261,0.4488367972438696
RML,SPSA,SPSA,262,0.4488367972438696
RML,SPSA,SPSA,263,0.4488367972438696
RML,SPSA,SPSA,264,0.4488367972438696
RML,SPSA,SPSA,265,0.4488367972438696
RML,SPSA,SPSA,266,0.4488367972438696
RML,SPSA,SPSA,267,0.4488367972438696
RML,SPSA,SPSA,268,0.4488367972438696
RML,SPSA,SPSA,269,0.4488367972438696
RML,SPSA,SPSA,270,0.4488367972438696
RML,SPSA,SPSA,271,0.4488367972438696
RML,SPSA,SPSA,272,0.4488367972438696
RML,SPSA,SPSA,273,0.4488367972438696
RML,SPSA,SPSA,274,0.4488367972438696
RML,SPSA,SPSA,275,0.4488367972438696
RML,SPSA,SPSA,276,0.4488367972438696
RML,SPSA,SPSA,277,0.4488367972438696
RML,SPSA,SPSA,278,0.4488367972438696
RML,SPSA,SPSA,279,0.4488367972438696
RML,SPSA,SPSA,280,0.4488367972438696
RML,SPSA,SPSA,281,0.4488367972438696
RML,SPSA,SPSA,282,0.4488367972438696
RML,SPSA,SPSA,283,0.4488367972438696
RML,SPSA,SPSA,284,0.4488367972438696
RML,SPSA,SPSA,285,0.4488367972438696
RML,SPSA,SPSA,286,0.4488367972438696
RML,SPSA,SPSA,287,0.4488367972438696
RML,SPSA,SPSA,288,0.4488367972438696
RML,SPSA,SPSA,289,0.4488367972438696
RML,SPSA,SPSA,290,0.4488367972438696
RML,SPSA,SPSA,291,0.4488367972438696
RML,SPSA,SPSA,292,0.4488367972438696
RML,SPSA,SPSA,293,0.4488367972438696
RML,SPSA,SPSA,294,0.4488367972438696
RML,SPSA,SPSA,295,0.4488367972438696
RML,SPSA,SPSA,296,0.4488367972438696
RML,SPSA,SPSA,297,0.4488367972438696
RML,SPSA,SPSA,298,0.4488367972438696
RML,SPSA,SPSA,299,0.4488367972438696
RML,SPSA,SPSA,300,0.4488367972438696
RML,SPSA,SPSA,301,0.4488367972438696
Tianjin,BF-SAC（序贯LCB）,BF-SAC,1,1.176094
Tianjin,BF-SAC（序贯LCB）,BF-SAC,2,1.051764
Tianjin,BF-SAC（序贯LCB）,BF-SAC,3,0.653494
Tianjin,BF-SAC（序贯LCB）,BF-SAC,4,0.653494
Tianjin,BF-SAC（序贯LCB）,BF-SAC,5,0.653494
Tianjin,BF-SAC（序贯LCB）,BF-SAC,6,0.569831
Tianjin,BF-SAC（序贯LCB）,BF-SAC,7,0.569831
Tianjin,BF-SAC（序贯LCB）,BF-SAC,8,0.243566
Tianjin,BF-SAC（序贯LCB）,BF-SAC,9,0.243566
Tianjin,BF-SAC（序贯LCB）,BF-SAC,10,0.243566
Tianjin,BF-SAC（序贯LCB）,BF-SAC,11,0.243566
Tianjin,BF-SAC（序贯LCB）,BF-SAC,12,0.243566
Tianjin,BF-SAC（序贯LCB）,BF-SAC,13,0.243566
Tianjin,BF-SAC（序贯LCB）,BF-SAC,14,0.243566
Tianjin,BF-SAC（序贯LCB）,BF-SAC,15,0.243566
Tianjin,BF-SAC（序贯LCB）,BF-SAC,16,0.243566
Tianjin,BF-SAC（序贯LCB）,BF-SAC,17,0.243566
Tianjin,BF-SAC（序贯LCB）,BF-SAC,18,0.243566
Tianjin,BF-SAC（序贯LCB）,BF-SAC,19,0.243566
Tianjin,BF-SAC（序贯LCB）,BF-SAC,20,0.243566
Tianjin,BF-SAC（序贯LCB）,BF-SAC,21,0.243566
Tianjin,BF-SAC（序贯LCB）,BF-SAC,22,0.243566
Tianjin,BF-SAC（序贯LCB）,BF-SAC,23,0.23945
Tianjin,BF-SAC（序贯LCB）,BF-SAC,24,0.23945
Tianjin,BF-SAC（序贯LCB）,BF-SAC,25,0.23945
Tianjin,BF-SAC（序贯LCB）,BF-SAC,26,0.23945
Tianjin,BF-SAC（序贯LCB）,BF-SAC,27,0.23945
Tianjin,BF-SAC（序贯LCB）,BF-SAC,28,0.23945
Tianjin,BF-SAC（序贯LCB）,BF-SAC,29,0.23945
Tianjin,BF-SAC（序贯LCB）,BF-SAC,30,0.23945
Tianjin,BF-SAC（序贯LCB）,BF-SAC,31,0.23945
Tianjin,BF-SAC（序贯LCB）,BF-SAC,32,0.23945
Tianjin,BF-SAC（序贯LCB）,BF-SAC,33,0.23945
Tianjin,BF-SAC（序贯LCB）,BF-SAC,34,0.23945
Tianjin,BF-SAC（序贯LCB）,BF-SAC,35,0.23945
Tianjin,BF-SAC（序贯LCB）,BF-SAC,36,0.231065
Tianjin,BF-SAC（序贯LCB）,BF-SAC,37,0.231065
Tianjin,BF-SAC（序贯LCB）,BF-SAC,38,0.231065
Tianjin,BF-SAC（序贯LCB）,BF-SAC,39,0.231065
Tianjin,BF-SAC（序贯LCB）,BF-SAC,40,0.231065
Tianjin,BF-SAC（序贯LCB）,BF-SAC,41,0.231065
Tianjin,BF-SAC（序贯LCB）,BF-SAC,42,0.231065
Tianjin,BF-SAC（序贯LCB）,BF-SAC,43,0.231065
Tianjin,BF-SAC（序贯LCB）,BF-SAC,44,0.231065
Tianjin,BF-SAC（序贯LCB）,BF-SAC,45,0.231065
Tianjin,BF-SAC（序贯LCB）,BF-SAC,46,0.213919
Tianjin,BF-SAC（序贯LCB）,BF-SAC,47,0.213919
Tianjin,BF-SAC（序贯LCB）,BF-SAC,48,0.213919
Tianjin,BF-SAC（序贯LCB）,BF-SAC,49,0.213919
Tianjin,BF-SAC（序贯LCB）,BF-SAC,50,0.213919
Tianjin,BF-SAC（序贯LCB）,BF-SAC,51,0.213919
Tianjin,BF-SAC（序贯LCB）,BF-SAC,52,0.213919
Tianjin,BF-SAC（序贯LCB）,BF-SAC,53,0.213919
Tianjin,BF-SAC（序贯LCB）,BF-SAC,54,0.213919
Tianjin,BF-SAC（序贯LCB）,BF-SAC,55,0.213919
Tianjin,BF-SAC（序贯LCB）,BF-SAC,56,0.213919
Tianjin,BF-SAC（序贯LCB）,BF-SAC,57,0.213919
Tianjin,BF-SAC（序贯LCB）,BF-SAC,58,0.213919
Tianjin,BF-SAC（序贯LCB）,BF-SAC,59,0.213919
Tianjin,BF-SAC（序贯LCB）,BF-SAC,60,0.213919
Tianjin,BF-SAC（序贯LCB）,BF-SAC,61,0.213919
Tianjin,BF-SAC（序贯LCB）,BF-SAC,62,0.213919
Tianjin,BF-SAC（序贯LCB）,BF-SAC,63,0.213919
Tianjin,BF-SAC（序贯LCB）,BF-SAC,64,0.213919
Tianjin,BF-SAC（序贯LCB）,BF-SAC,65,0.213919
Tianjin,BF-SAC（序贯LCB）,BF-SAC,66,0.213919
Tianjin,BF-SAC（序贯LCB）,BF-SAC,67,0.213919
Tianjin,BF-SAC（序贯LCB）,BF-SAC,68,0.213919
Tianjin,BF-SAC（序贯LCB）,BF-SAC,69,0.213919
Tianjin,BF-SAC（序贯LCB）,BF-SAC,70,0.213919
Tianjin,BF-SAC（序贯LCB）,BF-SAC,71,0.213919
Tianjin,BF-SAC（序贯LCB）,BF-SAC,72,0.213919
Tianjin,BF-SAC（序贯LCB）,BF-SAC,73,0.213919
Tianjin,BF-SAC（序贯LCB）,BF-SAC,74,0.213919
Tianjin,BF-SAC（序贯LCB）,BF-SAC,75,0.213919
Tianjin,BF-SAC（序贯LCB）,BF-SAC,76,0.213919
Tianjin,BF-SAC（序贯LCB）,BF-SAC,77,0.213919
Tianjin,BF-SAC（序贯LCB）,BF-SAC,78,0.213919
Tianjin,BF-SAC（序贯LCB）,BF-SAC,79,0.213919
Tianjin,BF-SAC（序贯LCB）,BF-SAC,80,0.213919
Tianjin,BF-SAC（序贯LCB）,BF-SAC,81,0.213919
Tianjin,BF-SAC（序贯LCB）,BF-SAC,82,0.213919
Tianjin,BF-SAC（序贯LCB）,BF-SAC,83,0.213919
Tianjin,BF-SAC（序贯LCB）,BF-SAC,84,0.213919
Tianjin,BF-SAC（序贯LCB）,BF-SAC,85,0.213919
Tianjin,BF-SAC（序贯LCB）,BF-SAC,86,0.213919
Tianjin,BF-SAC（序贯LCB）,BF-SAC,87,0.213919
Tianjin,BF-SAC（序贯LCB）,BF-SAC,88,0.213919
Tianjin,BF-SAC（序贯LCB）,BF-SAC,89,0.213919
Tianjin,BF-SAC（序贯LCB）,BF-SAC,90,0.166318
Tianjin,BF-SAC（序贯LCB）,BF-SAC,91,0.14809
Tianjin,BF-SAC（序贯LCB）,BF-SAC,92,0.14809
Tianjin,BF-SAC（序贯LCB）,BF-SAC,93,0.14809
Tianjin,BF-SAC（序贯LCB）,BF-SAC,94,0.14809
Tianjin,BF-SAC（序贯LCB）,BF-SAC,95,0.14809
Tianjin,BF-SAC（序贯LCB）,BF-SAC,96,0.14809
Tianjin,BF-SAC（序贯LCB）,BF-SAC,97,0.14809
Tianjin,BF-SAC（序贯LCB）,BF-SAC,98,0.14809
Tianjin,BF-SAC（序贯LCB）,BF-SAC,99,0.14809
Tianjin,BF-SAC（序贯LCB）,BF-SAC,100,0.14809
Tianjin,BF-SAC（序贯LCB）,BF-SAC,101,0.14809
Tianjin,遗传算法（GA）,GA,1,0.9241738712471843
Tianjin,遗传算法（GA）,GA,2,0.6630171307751658
Tianjin,遗传算法（GA）,GA,3,0.39175340474597026
Tianjin,遗传算法（GA）,GA,4,0.39175340474597026
Tianjin,遗传算法（GA）,GA,5,0.39175340474597026
Tianjin,遗传算法（GA）,GA,6,0.39175340474597026
Tianjin,遗传算法（GA）,GA,7,0.2431618932322812
Tianjin,遗传算法（GA）,GA,8,0.2431618932322812
Tianjin,遗传算法（GA）,GA,9,0.2431618932322812
Tianjin,遗传算法（GA）,GA,10,0.2431618932322812
Tianjin,遗传算法（GA）,GA,11,0.2431618932322812
Tianjin,遗传算法（GA）,GA,12,0.2431618932322812
Tianjin,遗传算法（GA）,GA,13,0.2431618932322812
Tianjin,遗传算法（GA）,GA,14,0.2431618932322812
Tianjin,遗传算法（GA）,GA,15,0.2431618932322812
Tianjin,遗传算法（GA）,GA,16,0.2431618932322812
Tianjin,遗传算法（GA）,GA,17,0.2431618932322812
Tianjin,遗传算法（GA）,GA,18,0.2431618932322812
Tianjin,遗传算法（GA）,GA,19,0.2431618932322812
Tianjin,遗传算法（GA）,GA,20,0.22321005130655927
Tianjin,遗传算法（GA）,GA,21,0.22321005130655927
Tianjin,遗传算法（GA）,GA,22,0.22321005130655927
Tianjin,遗传算法（GA）,GA,23,0.22321005130655927
Tianjin,遗传算法（GA）,GA,24,0.22321005130655927
Tianjin,遗传算法（GA）,GA,25,0.22321005130655927
Tianjin,遗传算法（GA）,GA,26,0.22321005130655927
Tianjin,遗传算法（GA）,GA,27,0.22321005130655927
Tianjin,遗传算法（GA）,GA,28,0.1992475845668995
Tianjin,遗传算法（GA）,GA,29,0.1992475845668995
Tianjin,遗传算法（GA）,GA,30,0.1992475845668995
Tianjin,遗传算法（GA）,GA,31,0.1992475845668995
Tianjin,遗传算法（GA）,GA,32,0.1992475845668995
Tianjin,遗传算法（GA）,GA,33,0.1992475845668995
Tianjin,遗传算法（GA）,GA,34,0.1992475845668995
Tianjin,遗传算法（GA）,GA,35,0.1992475845668995
Tianjin,遗传算法（GA）,GA,36,0.1992475845668995
Tianjin,遗传算法（GA）,GA,37,0.1992475845668995
Tianjin,遗传算法（GA）,GA,38,0.1992475845668995
Tianjin,遗传算法（GA）,GA,39,0.1992475845668995
Tianjin,遗传算法（GA）,GA,40,0.1992475845668995
Tianjin,遗传算法（GA）,GA,41,0.1992475845668995
Tianjin,遗传算法（GA）,GA,42,0.1992475845668995
Tianjin,遗传算法（GA）,GA,43,0.1992475845668995
Tianjin,遗传算法（GA）,GA,44,0.1992475845668995
Tianjin,遗传算法（GA）,GA,45,0.1992475845668995
Tianjin,遗传算法（GA）,GA,46,0.1992475845668995
Tianjin,遗传算法（GA）,GA,47,0.1992475845668995
Tianjin,遗传算法（GA）,GA,48,0.1992475845668995
Tianjin,遗传算法（GA）,GA,49,0.1992475845668995
Tianjin,遗传算法（GA）,GA,50,0.1992475845668995
Tianjin,遗传算法（GA）,GA,51,0.1992475845668995
Tianjin,遗传算法（GA）,GA,52,0.1992475845668995
Tianjin,遗传算法（GA）,GA,53,0.1992475845668995
Tianjin,遗传算法（GA）,GA,54,0.1992475845668995
Tianjin,遗传算法（GA）,GA,55,0.1992475845668995
Tianjin,遗传算法（GA）,GA,56,0.1992475845668995
Tianjin,遗传算法（GA）,GA,57,0.1992475845668995
Tianjin,遗传算法（GA）,GA,58,0.19620804192298413
Tianjin,遗传算法（GA）,GA,59,0.19620804192298413
Tianjin,遗传算法（GA）,GA,60,0.19620804192298413
Tianjin,遗传算法（GA）,GA,61,0.19620804192298413
Tianjin,遗传算法（GA）,GA,62,0.19565478814871123
Tianjin,遗传算法（GA）,GA,63,0.19565478814871123
Tianjin,遗传算法（GA）,GA,64,0.19565478814871123
Tianjin,遗传算法（GA）,GA,65,0.18611540032744045
Tianjin,遗传算法（GA）,GA,66,0.18611540032744045
Tianjin,遗传算法（GA）,GA,67,0.18611540032744045
Tianjin,遗传算法（GA）,GA,68,0.18611540032744045
Tianjin,遗传算法（GA）,GA,69,0.18611540032744045
Tianjin,遗传算法（GA）,GA,70,0.18611540032744045
Tianjin,遗传算法（GA）,GA,71,0.18611540032744045
Tianjin,遗传算法（GA）,GA,72,0.18611540032744045
Tianjin,遗传算法（GA）,GA,73,0.18611540032744045
Tianjin,遗传算法（GA）,GA,74,0.18611540032744045
Tianjin,遗传算法（GA）,GA,75,0.18611540032744045
Tianjin,遗传算法（GA）,GA,76,0.18611540032744045
Tianjin,遗传算法（GA）,GA,77,0.18611540032744045
Tianjin,遗传算法（GA）,GA,78,0.18611540032744045
Tianjin,遗传算法（GA）,GA,79,0.18611540032744045
Tianjin,遗传算法（GA）,GA,80,0.18611540032744045
Tianjin,遗传算法（GA）,GA,81,0.18611540032744045
Tianjin,遗传算法（GA）,GA,82,0.18611540032744045
Tianjin,遗传算法（GA）,GA,83,0.18611540032744045
Tianjin,遗传算法（GA）,GA,84,0.18611540032744045
Tianjin,遗传算法（GA）,GA,85,0.18611540032744045
Tianjin,遗传算法（GA）,GA,86,0.18611540032744045
Tianjin,遗传算法（GA）,GA,87,0.18611540032744045
Tianjin,遗传算法（GA）,GA,88,0.18611540032744045
Tianjin,遗传算法（GA）,GA,89,0.18611540032744045
Tianjin,遗传算法（GA）,GA,90,0.18611540032744045
Tianjin,遗传算法（GA）,GA,91,0.18611540032744045
Tianjin,遗传算法（GA）,GA,92,0.18611540032744045
Tianjin,遗传算法（GA）,GA,93,0.18611540032744045
Tianjin,遗传算法（GA）,GA,94,0.16885242629719255
Tianjin,遗传算法（GA）,GA,95,0.16885242629719255
Tianjin,遗传算法（GA）,GA,96,0.16885242629719255
Tianjin,遗传算法（GA）,GA,97,0.16885242629719255
Tianjin,遗传算法（GA）,GA,98,0.16885242629719255
Tianjin,遗传算法（GA）,GA,99,0.16885242629719255
Tianjin,遗传算法（GA）,GA,100,0.16885242629719255
Tianjin,遗传算法（GA）,GA,101,0.16885242629719255
Tianjin,遗传算法（GA）,GA,102,0.16885242629719255
Tianjin,遗传算法（GA）,GA,103,0.16885242629719255
Tianjin,遗传算法（GA）,GA,104,0.16885242629719255
Tianjin,遗传算法（GA）,GA,105,0.16885242629719255
Tianjin,遗传算法（GA）,GA,106,0.16885242629719255
Tianjin,遗传算法（GA）,GA,107,0.16885242629719255
Tianjin,遗传算法（GA）,GA,108,0.16885242629719255
Tianjin,遗传算法（GA）,GA,109,0.16885242629719255
Tianjin,遗传算法（GA）,GA,110,0.16885242629719255
Tianjin,遗传算法（GA）,GA,111,0.16885242629719255
Tianjin,遗传算法（GA）,GA,112,0.16885242629719255
Tianjin,遗传算法（GA）,GA,113,0.16885242629719255
Tianjin,遗传算法（GA）,GA,114,0.16885242629719255
Tianjin,遗传算法（GA）,GA,115,0.16885242629719255
Tianjin,遗传算法（GA）,GA,116,0.16885242629719255
Tianjin,遗传算法（GA）,GA,117,0.16885242629719255
Tianjin,遗传算法（GA）,GA,118,0.16885242629719255
Tianjin,遗传算法（GA）,GA,119,0.16885242629719255
Tianjin,遗传算法（GA）,GA,120,0.16885242629719255
Tianjin,遗传算法（GA）,GA,121,0.16885242629719255
Tianjin,遗传算法（GA）,GA,122,0.16885242629719255
Tianjin,遗传算法（GA）,GA,123,0.16885242629719255
Tianjin,遗传算法（GA）,GA,124,0.16885242629719255
Tianjin,遗传算法（GA）,GA,125,0.16885242629719255
Tianjin,遗传算法（GA）,GA,126,0.16885242629719255
Tianjin,遗传算法（GA）,GA,127,0.16885242629719255
Tianjin,遗传算法（GA）,GA,128,0.16885242629719255
Tianjin,遗传算法（GA）,GA,129,0.16885242629719255
Tianjin,遗传算法（GA）,GA,130,0.16885242629719255
Tianjin,遗传算法（GA）,GA,131,0.167117440868858
Tianjin,遗传算法（GA）,GA,132,0.167117440868858
Tianjin,遗传算法（GA）,GA,133,0.167117440868858
Tianjin,遗传算法（GA）,GA,134,0.1596256182831312
Tianjin,遗传算法（GA）,GA,135,0.1596256182831312
Tianjin,遗传算法（GA）,GA,136,0.1596256182831312
Tianjin,遗传算法（GA）,GA,137,0.1596256182831312
Tianjin,遗传算法（GA）,GA,138,0.1596256182831312
Tianjin,遗传算法（GA）,GA,139,0.1596256182831312
Tianjin,遗传算法（GA）,GA,140,0.1596256182831312
Tianjin,遗传算法（GA）,GA,141,0.1596256182831312
Tianjin,遗传算法（GA）,GA,142,0.1596256182831312
Tianjin,遗传算法（GA）,GA,143,0.1596256182831312
Tianjin,遗传算法（GA）,GA,144,0.1596256182831312
Tianjin,遗传算法（GA）,GA,145,0.1596256182831312
Tianjin,遗传算法（GA）,GA,146,0.1596256182831312
Tianjin,遗传算法（GA）,GA,147,0.1596256182831312
Tianjin,遗传算法（GA）,GA,148,0.1596256182831312
Tianjin,遗传算法（GA）,GA,149,0.1596256182831312
Tianjin,遗传算法（GA）,GA,150,0.1596256182831312
Tianjin,遗传算法（GA）,GA,151,0.1596256182831312
Tianjin,遗传算法（GA）,GA,152,0.1596256182831312
Tianjin,遗传算法（GA）,GA,153,0.1596256182831312
Tianjin,遗传算法（GA）,GA,154,0.1596256182831312
Tianjin,遗传算法（GA）,GA,155,0.1596256182831312
Tianjin,遗传算法（GA）,GA,156,0.1596256182831312
Tianjin,遗传算法（GA）,GA,157,0.1596256182831312
Tianjin,遗传算法（GA）,GA,158,0.1596256182831312
Tianjin,遗传算法（GA）,GA,159,0.1596256182831312
Tianjin,遗传算法（GA）,GA,160,0.1596256182831312
Tianjin,遗传算法（GA）,GA,161,0.1596256182831312
Tianjin,遗传算法（GA）,GA,162,0.1596256182831312
Tianjin,遗传算法（GA）,GA,163,0.1596256182831312
Tianjin,遗传算法（GA）,GA,164,0.1596256182831312
Tianjin,遗传算法（GA）,GA,165,0.1596256182831312
Tianjin,遗传算法（GA）,GA,166,0.1596256182831312
Tianjin,遗传算法（GA）,GA,167,0.1596256182831312
Tianjin,遗传算法（GA）,GA,168,0.1596256182831312
Tianjin,遗传算法（GA）,GA,169,0.1596256182831312
Tianjin,遗传算法（GA）,GA,170,0.1596256182831312
Tianjin,遗传算法（GA）,GA,171,0.1596256182831312
Tianjin,遗传算法（GA）,GA,172,0.1596256182831312
Tianjin,遗传算法（GA）,GA,173,0.1596256182831312
Tianjin,遗传算法（GA）,GA,174,0.1596256182831312
Tianjin,遗传算法（GA）,GA,175,0.1596256182831312
Tianjin,遗传算法（GA）,GA,176,0.1596256182831312
Tianjin,遗传算法（GA）,GA,177,0.1596256182831312
Tianjin,遗传算法（GA）,GA,178,0.1596256182831312
Tianjin,遗传算法（GA）,GA,179,0.1596256182831312
Tianjin,遗传算法（GA）,GA,180,0.1596256182831312
Tianjin,遗传算法（GA）,GA,181,0.1596256182831312
Tianjin,遗传算法（GA）,GA,182,0.1596256182831312
Tianjin,遗传算法（GA）,GA,183,0.1596256182831312
Tianjin,遗传算法（GA）,GA,184,0.1596256182831312
Tianjin,遗传算法（GA）,GA,185,0.1596256182831312
Tianjin,遗传算法（GA）,GA,186,0.1596256182831312
Tianjin,遗传算法（GA）,GA,187,0.1596256182831312
Tianjin,遗传算法（GA）,GA,188,0.1596256182831312
Tianjin,遗传算法（GA）,GA,189,0.1596256182831312
Tianjin,遗传算法（GA）,GA,190,0.1596256182831312
Tianjin,遗传算法（GA）,GA,191,0.1596256182831312
Tianjin,遗传算法（GA）,GA,192,0.1596256182831312
Tianjin,遗传算法（GA）,GA,193,0.1596256182831312
Tianjin,遗传算法（GA）,GA,194,0.1596256182831312
Tianjin,遗传算法（GA）,GA,195,0.1596256182831312
Tianjin,遗传算法（GA）,GA,196,0.1596256182831312
Tianjin,遗传算法（GA）,GA,197,0.1596256182831312
Tianjin,遗传算法（GA）,GA,198,0.1596256182831312
Tianjin,遗传算法（GA）,GA,199,0.1596256182831312
Tianjin,遗传算法（GA）,GA,200,0.1596256182831312
Tianjin,遗传算法（GA）,GA,201,0.1596256182831312
Tianjin,遗传算法（GA）,GA,202,0.1596256182831312
Tianjin,遗传算法（GA）,GA,203,0.1596256182831312
Tianjin,遗传算法（GA）,GA,204,0.1596256182831312
Tianjin,遗传算法（GA）,GA,205,0.1596256182831312
Tianjin,遗传算法（GA）,GA,206,0.1596256182831312
Tianjin,遗传算法（GA）,GA,207,0.1596256182831312
Tianjin,遗传算法（GA）,GA,208,0.1596256182831312
Tianjin,遗传算法（GA）,GA,209,0.1596256182831312
Tianjin,遗传算法（GA）,GA,210,0.1596256182831312
Tianjin,遗传算法（GA）,GA,211,0.1596256182831312
Tianjin,遗传算法（GA）,GA,212,0.1596256182831312
Tianjin,遗传算法（GA）,GA,213,0.1596256182831312
Tianjin,遗传算法（GA）,GA,214,0.1596256182831312
Tianjin,遗传算法（GA）,GA,215,0.1596256182831312
Tianjin,遗传算法（GA）,GA,216,0.1596256182831312
Tianjin,遗传算法（GA）,GA,217,0.1596256182831312
Tianjin,遗传算法（GA）,GA,218,0.1596256182831312
Tianjin,遗传算法（GA）,GA,219,0.1596256182831312
Tianjin,遗传算法（GA）,GA,220,0.1596256182831312
Tianjin,遗传算法（GA）,GA,221,0.1596256182831312
Tianjin,遗传算法（GA）,GA,222,0.1596256182831312
Tianjin,遗传算法（GA）,GA,223,0.1596256182831312
Tianjin,遗传算法（GA）,GA,224,0.1596256182831312
Tianjin,遗传算法（GA）,GA,225,0.1596256182831312
Tianjin,遗传算法（GA）,GA,226,0.1596256182831312
Tianjin,遗传算法（GA）,GA,227,0.1596256182831312
Tianjin,遗传算法（GA）,GA,228,0.1596256182831312
Tianjin,遗传算法（GA）,GA,229,0.1596256182831312
Tianjin,遗传算法（GA）,GA,230,0.1596256182831312
Tianjin,遗传算法（GA）,GA,231,0.1596256182831312
Tianjin,遗传算法（GA）,GA,232,0.1596256182831312
Tianjin,遗传算法（GA）,GA,233,0.1596256182831312
Tianjin,遗传算法（GA）,GA,234,0.1596256182831312
Tianjin,遗传算法（GA）,GA,235,0.1596256182831312
Tianjin,遗传算法（GA）,GA,236,0.1596256182831312
Tianjin,遗传算法（GA）,GA,237,0.1596256182831312
Tianjin,遗传算法（GA）,GA,238,0.1596256182831312
Tianjin,遗传算法（GA）,GA,239,0.1596256182831312
Tianjin,遗传算法（GA）,GA,240,0.1596256182831312
Tianjin,遗传算法（GA）,GA,241,0.1596256182831312
Tianjin,遗传算法（GA）,GA,242,0.1596256182831312
Tianjin,遗传算法（GA）,GA,243,0.1596256182831312
Tianjin,遗传算法（GA）,GA,244,0.1596256182831312
Tianjin,遗传算法（GA）,GA,245,0.1596256182831312
Tianjin,遗传算法（GA）,GA,246,0.1596256182831312
Tianjin,遗传算法（GA）,GA,247,0.1596256182831312
Tianjin,遗传算法（GA）,GA,248,0.1596256182831312
Tianjin,遗传算法（GA）,GA,249,0.1596256182831312
Tianjin,遗传算法（GA）,GA,250,0.1596256182831312
Tianjin,遗传算法（GA）,GA,251,0.1596256182831312
Tianjin,遗传算法（GA）,GA,252,0.1596256182831312
Tianjin,遗传算法（GA）,GA,253,0.1596256182831312
Tianjin,遗传算法（GA）,GA,254,0.1596256182831312
Tianjin,遗传算法（GA）,GA,255,0.1596256182831312
Tianjin,遗传算法（GA）,GA,256,0.1596256182831312
Tianjin,遗传算法（GA）,GA,257,0.1596256182831312
Tianjin,遗传算法（GA）,GA,258,0.1596256182831312
Tianjin,遗传算法（GA）,GA,259,0.1596256182831312
Tianjin,遗传算法（GA）,GA,260,0.1596256182831312
Tianjin,遗传算法（GA）,GA,261,0.1596256182831312
Tianjin,遗传算法（GA）,GA,262,0.1596256182831312
Tianjin,遗传算法（GA）,GA,263,0.1596256182831312
Tianjin,遗传算法（GA）,GA,264,0.1596256182831312
Tianjin,遗传算法（GA）,GA,265,0.1596256182831312
Tianjin,遗传算法（GA）,GA,266,0.1596256182831312
Tianjin,遗传算法（GA）,GA,267,0.1596256182831312
Tianjin,遗传算法（GA）,GA,268,0.1596256182831312
Tianjin,遗传算法（GA）,GA,269,0.1596256182831312
Tianjin,遗传算法（GA）,GA,270,0.1596256182831312
Tianjin,遗传算法（GA）,GA,271,0.1596256182831312
Tianjin,遗传算法（GA）,GA,272,0.1596256182831312
Tianjin,遗传算法（GA）,GA,273,0.1596256182831312
Tianjin,遗传算法（GA）,GA,274,0.1596256182831312
Tianjin,遗传算法（GA）,GA,275,0.1596256182831312
Tianjin,遗传算法（GA）,GA,276,0.1596256182831312
Tianjin,遗传算法（GA）,GA,277,0.1596256182831312
Tianjin,遗传算法（GA）,GA,278,0.1596256182831312
Tianjin,遗传算法（GA）,GA,279,0.1596256182831312
Tianjin,遗传算法（GA）,GA,280,0.1596256182831312
Tianjin,遗传算法（GA）,GA,281,0.1596256182831312
Tianjin,遗传算法（GA）,GA,282,0.1596256182831312
Tianjin,遗传算法（GA）,GA,283,0.1596256182831312
Tianjin,遗传算法（GA）,GA,284,0.1596256182831312
Tianjin,遗传算法（GA）,GA,285,0.1596256182831312
Tianjin,遗传算法（GA）,GA,286,0.1596256182831312
Tianjin,遗传算法（GA）,GA,287,0.1596256182831312
Tianjin,遗传算法（GA）,GA,288,0.1596256182831312
Tianjin,遗传算法（GA）,GA,289,0.1596256182831312
Tianjin,遗传算法（GA）,GA,290,0.1596256182831312
Tianjin,遗传算法（GA）,GA,291,0.1596256182831312
Tianjin,遗传算法（GA）,GA,292,0.1596256182831312
Tianjin,遗传算法（GA）,GA,293,0.1596256182831312
Tianjin,遗传算法（GA）,GA,294,0.1596256182831312
Tianjin,遗传算法（GA）,GA,295,0.1596256182831312
Tianjin,遗传算法（GA）,GA,296,0.1596256182831312
Tianjin,遗传算法（GA）,GA,297,0.1596256182831312
Tianjin,遗传算法（GA）,GA,298,0.1596256182831312
Tianjin,遗传算法（GA）,GA,299,0.1596256182831312
Tianjin,遗传算法（GA）,GA,300,0.1596256182831312
Tianjin,遗传算法（GA）,GA,301,0.1596256182831312
Tianjin,遗传算法（GA）,GA,302,0.1596256182831312
Tianjin,遗传算法（GA）,GA,303,0.1596256182831312
Tianjin,遗传算法（GA）,GA,304,0.1596256182831312
Tianjin,遗传算法（GA）,GA,305,0.1596256182831312
Tianjin,遗传算法（GA）,GA,306,0.1596256182831312
Tianjin,遗传算法（GA）,GA,307,0.1596256182831312
Tianjin,遗传算法（GA）,GA,308,0.1596256182831312
Tianjin,遗传算法（GA）,GA,309,0.1596256182831312
Tianjin,遗传算法（GA）,GA,310,0.1596256182831312
Tianjin,遗传算法（GA）,GA,311,0.1596256182831312
Tianjin,遗传算法（GA）,GA,312,0.1596256182831312
Tianjin,遗传算法（GA）,GA,313,0.1596256182831312
Tianjin,遗传算法（GA）,GA,314,0.1596256182831312
Tianjin,遗传算法（GA）,GA,315,0.1596256182831312
Tianjin,遗传算法（GA）,GA,316,0.1596256182831312
Tianjin,遗传算法（GA）,GA,317,0.1596256182831312
Tianjin,遗传算法（GA）,GA,318,0.1596256182831312
Tianjin,遗传算法（GA）,GA,319,0.1596256182831312
Tianjin,遗传算法（GA）,GA,320,0.1596256182831312
Tianjin,遗传算法（GA）,GA,321,0.1596256182831312
Tianjin,遗传算法（GA）,GA,322,0.1596256182831312
Tianjin,遗传算法（GA）,GA,323,0.1596256182831312
Tianjin,遗传算法（GA）,GA,324,0.1596256182831312
Tianjin,遗传算法（GA）,GA,325,0.1596256182831312
Tianjin,遗传算法（GA）,GA,326,0.1596256182831312
Tianjin,遗传算法（GA）,GA,327,0.1596256182831312
Tianjin,遗传算法（GA）,GA,328,0.1596256182831312
Tianjin,遗传算法（GA）,GA,329,0.1596256182831312
Tianjin,遗传算法（GA）,GA,330,0.1596256182831312
Tianjin,遗传算法（GA）,GA,331,0.1596256182831312
Tianjin,遗传算法（GA）,GA,332,0.1596256182831312
Tianjin,遗传算法（GA）,GA,333,0.1596256182831312
Tianjin,遗传算法（GA）,GA,334,0.1596256182831312
Tianjin,遗传算法（GA）,GA,335,0.1596256182831312
Tianjin,遗传算法（GA）,GA,336,0.1596256182831312
Tianjin,遗传算法（GA）,GA,337,0.1596256182831312
Tianjin,遗传算法（GA）,GA,338,0.1596256182831312
Tianjin,遗传算法（GA）,GA,339,0.1596256182831312
Tianjin,遗传算法（GA）,GA,340,0.1596256182831312
Tianjin,遗传算法（GA）,GA,341,0.1596256182831312
Tianjin,遗传算法（GA）,GA,342,0.1596256182831312
Tianjin,遗传算法（GA）,GA,343,0.1596256182831312
Tianjin,遗传算法（GA）,GA,344,0.1596256182831312
Tianjin,遗传算法（GA）,GA,345,0.1596256182831312
Tianjin,遗传算法（GA）,GA,346,0.1596256182831312
Tianjin,遗传算法（GA）,GA,347,0.1596256182831312
Tianjin,遗传算法（GA）,GA,348,0.1596256182831312
Tianjin,遗传算法（GA）,GA,349,0.1596256182831312
Tianjin,遗传算法（GA）,GA,350,0.1596256182831312
Tianjin,遗传算法（GA）,GA,351,0.1596256182831312
Tianjin,遗传算法（GA）,GA,352,0.1596256182831312
Tianjin,遗传算法（GA）,GA,353,0.1596256182831312
Tianjin,遗传算法（GA）,GA,354,0.1596256182831312
Tianjin,遗传算法（GA）,GA,355,0.1596256182831312
Tianjin,遗传算法（GA）,GA,356,0.1596256182831312
Tianjin,遗传算法（GA）,GA,357,0.1596256182831312
Tianjin,遗传算法（GA）,GA,358,0.1596256182831312
Tianjin,遗传算法（GA）,GA,359,0.15588562994122868
Tianjin,遗传算法（GA）,GA,360,0.15588562994122868
Tianjin,遗传算法（GA）,GA,361,0.15588562994122868
Tianjin,遗传算法（GA）,GA,362,0.15588562994122868
Tianjin,遗传算法（GA）,GA,363,0.15588562994122868
Tianjin,遗传算法（GA）,GA,364,0.15588562994122868
Tianjin,遗传算法（GA）,GA,365,0.15588562994122868
Tianjin,遗传算法（GA）,GA,366,0.15588562994122868
Tianjin,遗传算法（GA）,GA,367,0.15588562994122868
Tianjin,遗传算法（GA）,GA,368,0.15588562994122868
Tianjin,遗传算法（GA）,GA,369,0.15588562994122868
Tianjin,遗传算法（GA）,GA,370,0.15588562994122868
Tianjin,遗传算法（GA）,GA,371,0.15588562994122868
Tianjin,遗传算法（GA）,GA,372,0.15588562994122868
Tianjin,遗传算法（GA）,GA,373,0.15588562994122868
Tianjin,遗传算法（GA）,GA,374,0.15588562994122868
Tianjin,遗传算法（GA）,GA,375,0.15588562994122868
Tianjin,遗传算法（GA）,GA,376,0.15588562994122868
Tianjin,遗传算法（GA）,GA,377,0.15588562994122868
Tianjin,遗传算法（GA）,GA,378,0.15588562994122868
Tianjin,遗传算法（GA）,GA,379,0.15588562994122868
Tianjin,遗传算法（GA）,GA,380,0.15588562994122868
Tianjin,遗传算法（GA）,GA,381,0.15588562994122868
Tianjin,遗传算法（GA）,GA,382,0.15588562994122868
Tianjin,遗传算法（GA）,GA,383,0.15588562994122868
Tianjin,遗传算法（GA）,GA,384,0.15588562994122868
Tianjin,遗传算法（GA）,GA,385,0.15588562994122868
Tianjin,遗传算法（GA）,GA,386,0.15588562994122868
Tianjin,遗传算法（GA）,GA,387,0.15588562994122868
Tianjin,遗传算法（GA）,GA,388,0.15588562994122868
Tianjin,遗传算法（GA）,GA,389,0.15588562994122868
Tianjin,遗传算法（GA）,GA,390,0.15588562994122868
Tianjin,遗传算法（GA）,GA,391,0.15588562994122868
Tianjin,遗传算法（GA）,GA,392,0.15588562994122868
Tianjin,遗传算法（GA）,GA,393,0.15588562994122868
Tianjin,遗传算法（GA）,GA,394,0.15588562994122868
Tianjin,遗传算法（GA）,GA,395,0.15588562994122868
Tianjin,遗传算法（GA）,GA,396,0.15588562994122868
Tianjin,遗传算法（GA）,GA,397,0.15588562994122868
Tianjin,遗传算法（GA）,GA,398,0.15588562994122868
Tianjin,遗传算法（GA）,GA,399,0.15588562994122868
Tianjin,遗传算法（GA）,GA,400,0.15588562994122868
Tianjin,遗传算法（GA）,GA,401,0.15588562994122868
Tianjin,遗传算法（GA）,GA,402,0.15588562994122868
Tianjin,遗传算法（GA）,GA,403,0.15588562994122868
Tianjin,遗传算法（GA）,GA,404,0.15588562994122868
Tianjin,遗传算法（GA）,GA,405,0.15588562994122868
Tianjin,遗传算法（GA）,GA,406,0.15588562994122868
Tianjin,遗传算法（GA）,GA,407,0.15588562994122868
Tianjin,遗传算法（GA）,GA,408,0.15588562994122868
Tianjin,遗传算法（GA）,GA,409,0.15588562994122868
Tianjin,遗传算法（GA）,GA,410,0.15588562994122868
Tianjin,遗传算法（GA）,GA,411,0.15588562994122868
Tianjin,遗传算法（GA）,GA,412,0.15588562994122868
Tianjin,遗传算法（GA）,GA,413,0.15588562994122868
Tianjin,遗传算法（GA）,GA,414,0.15588562994122868
Tianjin,遗传算法（GA）,GA,415,0.15588562994122868
Tianjin,遗传算法（GA）,GA,416,0.15588562994122868
Tianjin,遗传算法（GA）,GA,417,0.15588562994122868
Tianjin,遗传算法（GA）,GA,418,0.15588562994122868
Tianjin,遗传算法（GA）,GA,419,0.15588562994122868
Tianjin,遗传算法（GA）,GA,420,0.15588562994122868
Tianjin,遗传算法（GA）,GA,421,0.15588562994122868
Tianjin,遗传算法（GA）,GA,422,0.15588562994122868
Tianjin,遗传算法（GA）,GA,423,0.15588562994122868
Tianjin,遗传算法（GA）,GA,424,0.15588562994122868
Tianjin,遗传算法（GA）,GA,425,0.15588562994122868
Tianjin,遗传算法（GA）,GA,426,0.15588562994122868
Tianjin,遗传算法（GA）,GA,427,0.15588562994122868
Tianjin,遗传算法（GA）,GA,428,0.15588562994122868
Tianjin,遗传算法（GA）,GA,429,0.15588562994122868
Tianjin,遗传算法（GA）,GA,430,0.15588562994122868
Tianjin,遗传算法（GA）,GA,431,0.15588562994122868
Tianjin,遗传算法（GA）,GA,432,0.15588562994122868
Tianjin,遗传算法（GA）,GA,433,0.15588562994122868
Tianjin,遗传算法（GA）,GA,434,0.15588562994122868
Tianjin,遗传算法（GA）,GA,435,0.15588562994122868
Tianjin,遗传算法（GA）,GA,436,0.15588562994122868
Tianjin,遗传算法（GA）,GA,437,0.15588562994122868
Tianjin,遗传算法（GA）,GA,438,0.15588562994122868
Tianjin,遗传算法（GA）,GA,439,0.15588562994122868
Tianjin,遗传算法（GA）,GA,440,0.15588562994122868
Tianjin,遗传算法（GA）,GA,441,0.15588562994122868
Tianjin,遗传算法（GA）,GA,442,0.15588562994122868
Tianjin,遗传算法（GA）,GA,443,0.15588562994122868
Tianjin,遗传算法（GA）,GA,444,0.15588562994122868
Tianjin,遗传算法（GA）,GA,445,0.15588562994122868
Tianjin,遗传算法（GA）,GA,446,0.15588562994122868
Tianjin,遗传算法（GA）,GA,447,0.15588562994122868
Tianjin,遗传算法（GA）,GA,448,0.15588562994122868
Tianjin,遗传算法（GA）,GA,449,0.15588562994122868
Tianjin,遗传算法（GA）,GA,450,0.15588562994122868
Tianjin,遗传算法（GA）,GA,451,0.15588562994122868
Tianjin,遗传算法（GA）,GA,452,0.15588562994122868
Tianjin,遗传算法（GA）,GA,453,0.15588562994122868
Tianjin,遗传算法（GA）,GA,454,0.15588562994122868
Tianjin,遗传算法（GA）,GA,455,0.15588562994122868
Tianjin,遗传算法（GA）,GA,456,0.15588562994122868
Tianjin,遗传算法（GA）,GA,457,0.15588562994122868
Tianjin,遗传算法（GA）,GA,458,0.15588562994122868
Tianjin,遗传算法（GA）,GA,459,0.15588562994122868
Tianjin,遗传算法（GA）,GA,460,0.15588562994122868
Tianjin,遗传算法（GA）,GA,461,0.15588562994122868
Tianjin,遗传算法（GA）,GA,462,0.15588562994122868
Tianjin,遗传算法（GA）,GA,463,0.15588562994122868
Tianjin,遗传算法（GA）,GA,464,0.15588562994122868
Tianjin,遗传算法（GA）,GA,465,0.15588562994122868
Tianjin,遗传算法（GA）,GA,466,0.15588562994122868
Tianjin,遗传算法（GA）,GA,467,0.15588562994122868
Tianjin,遗传算法（GA）,GA,468,0.15588562994122868
Tianjin,遗传算法（GA）,GA,469,0.15588562994122868
Tianjin,遗传算法（GA）,GA,470,0.15588562994122868
Tianjin,遗传算法（GA）,GA,471,0.15588562994122868
Tianjin,遗传算法（GA）,GA,472,0.15588562994122868
Tianjin,遗传算法（GA）,GA,473,0.15588562994122868
Tianjin,遗传算法（GA）,GA,474,0.15588562994122868
Tianjin,遗传算法（GA）,GA,475,0.15588562994122868
Tianjin,遗传算法（GA）,GA,476,0.15588562994122868
Tianjin,遗传算法（GA）,GA,477,0.15588562994122868
Tianjin,遗传算法（GA）,GA,478,0.15588562994122868
Tianjin,遗传算法（GA）,GA,479,0.15588562994122868
Tianjin,遗传算法（GA）,GA,480,0.15588562994122868
Tianjin,遗传算法（GA）,GA,481,0.15588562994122868
Tianjin,遗传算法（GA）,GA,482,0.15588562994122868
Tianjin,遗传算法（GA）,GA,483,0.15588562994122868
Tianjin,遗传算法（GA）,GA,484,0.15588562994122868
Tianjin,遗传算法（GA）,GA,485,0.15588562994122868
Tianjin,遗传算法（GA）,GA,486,0.15588562994122868
Tianjin,遗传算法（GA）,GA,487,0.15588562994122868
Tianjin,遗传算法（GA）,GA,488,0.15588562994122868
Tianjin,遗传算法（GA）,GA,489,0.15588562994122868
Tianjin,遗传算法（GA）,GA,490,0.15588562994122868
Tianjin,遗传算法（GA）,GA,491,0.14384105005161582
Tianjin,遗传算法（GA）,GA,492,0.14384105005161582
Tianjin,遗传算法（GA）,GA,493,0.14384105005161582
Tianjin,遗传算法（GA）,GA,494,0.14384105005161582
Tianjin,遗传算法（GA）,GA,495,0.14384105005161582
Tianjin,遗传算法（GA）,GA,496,0.14384105005161582
Tianjin,遗传算法（GA）,GA,497,0.14384105005161582
Tianjin,遗传算法（GA）,GA,498,0.14384105005161582
Tianjin,遗传算法（GA）,GA,499,0.14384105005161582
Tianjin,遗传算法（GA）,GA,500,0.14384105005161582
Tianjin,遗传算法（GA）,GA,501,0.14384105005161582
Tianjin,遗传算法（GA）,GA,502,0.14384105005161582
Tianjin,遗传算法（GA）,GA,503,0.14384105005161582
Tianjin,遗传算法（GA）,GA,504,0.14384105005161582
Tianjin,遗传算法（GA）,GA,505,0.14384105005161582
Tianjin,遗传算法（GA）,GA,506,0.14384105005161582
Tianjin,遗传算法（GA）,GA,507,0.14384105005161582
Tianjin,遗传算法（GA）,GA,508,0.14384105005161582
Tianjin,遗传算法（GA）,GA,509,0.14384105005161582
Tianjin,遗传算法（GA）,GA,510,0.14384105005161582
Tianjin,遗传算法（GA）,GA,511,0.14384105005161582
Tianjin,遗传算法（GA）,GA,512,0.14384105005161582
Tianjin,遗传算法（GA）,GA,513,0.14384105005161582
Tianjin,遗传算法（GA）,GA,514,0.14384105005161582
Tianjin,遗传算法（GA）,GA,515,0.14384105005161582
Tianjin,遗传算法（GA）,GA,516,0.14384105005161582
Tianjin,遗传算法（GA）,GA,517,0.14384105005161582
Tianjin,遗传算法（GA）,GA,518,0.14384105005161582
Tianjin,遗传算法（GA）,GA,519,0.14384105005161582
Tianjin,遗传算法（GA）,GA,520,0.14384105005161582
Tianjin,遗传算法（GA）,GA,521,0.14384105005161582
Tianjin,遗传算法（GA）,GA,522,0.14384105005161582
Tianjin,遗传算法（GA）,GA,523,0.14384105005161582
Tianjin,遗传算法（GA）,GA,524,0.14384105005161582
Tianjin,遗传算法（GA）,GA,525,0.14384105005161582
Tianjin,遗传算法（GA）,GA,526,0.14384105005161582
Tianjin,遗传算法（GA）,GA,527,0.14384105005161582
Tianjin,遗传算法（GA）,GA,528,0.14384105005161582
Tianjin,遗传算法（GA）,GA,529,0.14384105005161582
Tianjin,遗传算法（GA）,GA,530,0.14384105005161582
Tianjin,遗传算法（GA）,GA,531,0.14384105005161582
Tianjin,遗传算法（GA）,GA,532,0.14384105005161582
Tianjin,遗传算法（GA）,GA,533,0.14384105005161582
Tianjin,遗传算法（GA）,GA,534,0.14384105005161582
Tianjin,遗传算法（GA）,GA,535,0.14384105005161582
Tianjin,遗传算法（GA）,GA,536,0.14384105005161582
Tianjin,遗传算法（GA）,GA,537,0.14384105005161582
Tianjin,遗传算法（GA）,GA,538,0.14384105005161582
Tianjin,遗传算法（GA）,GA,539,0.14384105005161582
Tianjin,遗传算法（GA）,GA,540,0.14384105005161582
Tianjin,遗传算法（GA）,GA,541,0.14384105005161582
Tianjin,遗传算法（GA）,GA,542,0.14384105005161582
Tianjin,遗传算法（GA）,GA,543,0.14384105005161582
Tianjin,遗传算法（GA）,GA,544,0.14384105005161582
Tianjin,遗传算法（GA）,GA,545,0.14384105005161582
Tianjin,遗传算法（GA）,GA,546,0.14384105005161582
Tianjin,遗传算法（GA）,GA,547,0.14384105005161582
Tianjin,遗传算法（GA）,GA,548,0.14384105005161582
Tianjin,遗传算法（GA）,GA,549,0.14384105005161582
Tianjin,遗传算法（GA）,GA,550,0.14384105005161582
Tianjin,遗传算法（GA）,GA,551,0.14384105005161582
Tianjin,遗传算法（GA）,GA,552,0.14384105005161582
Tianjin,遗传算法（GA）,GA,553,0.14384105005161582
Tianjin,遗传算法（GA）,GA,554,0.14384105005161582
Tianjin,遗传算法（GA）,GA,555,0.14384105005161582
Tianjin,遗传算法（GA）,GA,556,0.14384105005161582
Tianjin,遗传算法（GA）,GA,557,0.14384105005161582
Tianjin,遗传算法（GA）,GA,558,0.14384105005161582
Tianjin,遗传算法（GA）,GA,559,0.14384105005161582
Tianjin,遗传算法（GA）,GA,560,0.14384105005161582
Tianjin,遗传算法（GA）,GA,561,0.14384105005161582
Tianjin,遗传算法（GA）,GA,562,0.14384105005161582
Tianjin,遗传算法（GA）,GA,563,0.14384105005161582
Tianjin,遗传算法（GA）,GA,564,0.14384105005161582
Tianjin,遗传算法（GA）,GA,565,0.14384105005161582
Tianjin,遗传算法（GA）,GA,566,0.14384105005161582
Tianjin,遗传算法（GA）,GA,567,0.14384105005161582
Tianjin,遗传算法（GA）,GA,568,0.14384105005161582
Tianjin,遗传算法（GA）,GA,569,0.14384105005161582
Tianjin,遗传算法（GA）,GA,570,0.14384105005161582
Tianjin,遗传算法（GA）,GA,571,0.14384105005161582
Tianjin,遗传算法（GA）,GA,572,0.14384105005161582
Tianjin,遗传算法（GA）,GA,573,0.14384105005161582
Tianjin,遗传算法（GA）,GA,574,0.14384105005161582
Tianjin,遗传算法（GA）,GA,575,0.14384105005161582
Tianjin,遗传算法（GA）,GA,576,0.14384105005161582
Tianjin,遗传算法（GA）,GA,577,0.14384105005161582
Tianjin,遗传算法（GA）,GA,578,0.14384105005161582
Tianjin,遗传算法（GA）,GA,579,0.14384105005161582
Tianjin,遗传算法（GA）,GA,580,0.14384105005161582
Tianjin,遗传算法（GA）,GA,581,0.14384105005161582
Tianjin,遗传算法（GA）,GA,582,0.14384105005161582
Tianjin,遗传算法（GA）,GA,583,0.14384105005161582
Tianjin,遗传算法（GA）,GA,584,0.14384105005161582
Tianjin,遗传算法（GA）,GA,585,0.14384105005161582
Tianjin,遗传算法（GA）,GA,586,0.14384105005161582
Tianjin,遗传算法（GA）,GA,587,0.14384105005161582
Tianjin,遗传算法（GA）,GA,588,0.14384105005161582
Tianjin,遗传算法（GA）,GA,589,0.14384105005161582
Tianjin,遗传算法（GA）,GA,590,0.14384105005161582
Tianjin,遗传算法（GA）,GA,591,0.14384105005161582
Tianjin,遗传算法（GA）,GA,592,0.14384105005161582
Tianjin,遗传算法（GA）,GA,593,0.14384105005161582
Tianjin,遗传算法（GA）,GA,594,0.14384105005161582
Tianjin,遗传算法（GA）,GA,595,0.14384105005161582
Tianjin,遗传算法（GA）,GA,596,0.14384105005161582
Tianjin,遗传算法（GA）,GA,597,0.14384105005161582
Tianjin,遗传算法（GA）,GA,598,0.14384105005161582
Tianjin,遗传算法（GA）,GA,599,0.14384105005161582
Tianjin,遗传算法（GA）,GA,600,0.14384105005161582
Tianjin,遗传算法（GA）,GA,601,0.14384105005161582
Tianjin,遗传算法（GA）,GA,602,0.14384105005161582
Tianjin,遗传算法（GA）,GA,603,0.14384105005161582
Tianjin,遗传算法（GA）,GA,604,0.14384105005161582
Tianjin,遗传算法（GA）,GA,605,0.14384105005161582
Tianjin,遗传算法（GA）,GA,606,0.14384105005161582
Tianjin,遗传算法（GA）,GA,607,0.14384105005161582
Tianjin,遗传算法（GA）,GA,608,0.14384105005161582
Tianjin,遗传算法（GA）,GA,609,0.14384105005161582
Tianjin,遗传算法（GA）,GA,610,0.14384105005161582
Tianjin,遗传算法（GA）,GA,611,0.14384105005161582
Tianjin,遗传算法（GA）,GA,612,0.14384105005161582
Tianjin,遗传算法（GA）,GA,613,0.14384105005161582
Tianjin,遗传算法（GA）,GA,614,0.14384105005161582
Tianjin,遗传算法（GA）,GA,615,0.14384105005161582
Tianjin,遗传算法（GA）,GA,616,0.14384105005161582
Tianjin,遗传算法（GA）,GA,617,0.14384105005161582
Tianjin,遗传算法（GA）,GA,618,0.14384105005161582
Tianjin,遗传算法（GA）,GA,619,0.14384105005161582
Tianjin,遗传算法（GA）,GA,620,0.14384105005161582
Tianjin,遗传算法（GA）,GA,621,0.14384105005161582
Tianjin,遗传算法（GA）,GA,622,0.14384105005161582
Tianjin,遗传算法（GA）,GA,623,0.14384105005161582
Tianjin,遗传算法（GA）,GA,624,0.14384105005161582
Tianjin,遗传算法（GA）,GA,625,0.14384105005161582
Tianjin,遗传算法（GA）,GA,626,0.14384105005161582
Tianjin,遗传算法（GA）,GA,627,0.14384105005161582
Tianjin,遗传算法（GA）,GA,628,0.14384105005161582
Tianjin,遗传算法（GA）,GA,629,0.14384105005161582
Tianjin,遗传算法（GA）,GA,630,0.14384105005161582
Tianjin,遗传算法（GA）,GA,631,0.14384105005161582
Tianjin,遗传算法（GA）,GA,632,0.14384105005161582
Tianjin,遗传算法（GA）,GA,633,0.14384105005161582
Tianjin,遗传算法（GA）,GA,634,0.14384105005161582
Tianjin,遗传算法（GA）,GA,635,0.14384105005161582
Tianjin,遗传算法（GA）,GA,636,0.14384105005161582
Tianjin,遗传算法（GA）,GA,637,0.14384105005161582
Tianjin,遗传算法（GA）,GA,638,0.14384105005161582
Tianjin,遗传算法（GA）,GA,639,0.14384105005161582
Tianjin,遗传算法（GA）,GA,640,0.14384105005161582
Tianjin,遗传算法（GA）,GA,641,0.14384105005161582
Tianjin,遗传算法（GA）,GA,642,0.14384105005161582
Tianjin,遗传算法（GA）,GA,643,0.14384105005161582
Tianjin,遗传算法（GA）,GA,644,0.14384105005161582
Tianjin,遗传算法（GA）,GA,645,0.14384105005161582
Tianjin,遗传算法（GA）,GA,646,0.14384105005161582
Tianjin,遗传算法（GA）,GA,647,0.14384105005161582
Tianjin,遗传算法（GA）,GA,648,0.14384105005161582
Tianjin,遗传算法（GA）,GA,649,0.14384105005161582
Tianjin,遗传算法（GA）,GA,650,0.14384105005161582
Tianjin,遗传算法（GA）,GA,651,0.14384105005161582
Tianjin,遗传算法（GA）,GA,652,0.14384105005161582
Tianjin,遗传算法（GA）,GA,653,0.14384105005161582
Tianjin,遗传算法（GA）,GA,654,0.14384105005161582
Tianjin,遗传算法（GA）,GA,655,0.14384105005161582
Tianjin,遗传算法（GA）,GA,656,0.14384105005161582
Tianjin,遗传算法（GA）,GA,657,0.14384105005161582
Tianjin,遗传算法（GA）,GA,658,0.14384105005161582
Tianjin,遗传算法（GA）,GA,659,0.14384105005161582
Tianjin,遗传算法（GA）,GA,660,0.14384105005161582
Tianjin,遗传算法（GA）,GA,661,0.14384105005161582
Tianjin,遗传算法（GA）,GA,662,0.14384105005161582
Tianjin,遗传算法（GA）,GA,663,0.14384105005161582
Tianjin,遗传算法（GA）,GA,664,0.14384105005161582
Tianjin,遗传算法（GA）,GA,665,0.14384105005161582
Tianjin,遗传算法（GA）,GA,666,0.14384105005161582
Tianjin,遗传算法（GA）,GA,667,0.14384105005161582
Tianjin,遗传算法（GA）,GA,668,0.14384105005161582
Tianjin,遗传算法（GA）,GA,669,0.14384105005161582
Tianjin,遗传算法（GA）,GA,670,0.14384105005161582
Tianjin,遗传算法（GA）,GA,671,0.14384105005161582
Tianjin,遗传算法（GA）,GA,672,0.14384105005161582
Tianjin,遗传算法（GA）,GA,673,0.14384105005161582
Tianjin,遗传算法（GA）,GA,674,0.14384105005161582
Tianjin,遗传算法（GA）,GA,675,0.14384105005161582
Tianjin,遗传算法（GA）,GA,676,0.14384105005161582
Tianjin,遗传算法（GA）,GA,677,0.14384105005161582
Tianjin,遗传算法（GA）,GA,678,0.14384105005161582
Tianjin,遗传算法（GA）,GA,679,0.14384105005161582
Tianjin,遗传算法（GA）,GA,680,0.14384105005161582
Tianjin,遗传算法（GA）,GA,681,0.14384105005161582
Tianjin,遗传算法（GA）,GA,682,0.14384105005161582
Tianjin,遗传算法（GA）,GA,683,0.14384105005161582
Tianjin,遗传算法（GA）,GA,684,0.14384105005161582
Tianjin,遗传算法（GA）,GA,685,0.14384105005161582
Tianjin,遗传算法（GA）,GA,686,0.14384105005161582
Tianjin,遗传算法（GA）,GA,687,0.14384105005161582
Tianjin,遗传算法（GA）,GA,688,0.14384105005161582
Tianjin,遗传算法（GA）,GA,689,0.14384105005161582
Tianjin,遗传算法（GA）,GA,690,0.14384105005161582
Tianjin,遗传算法（GA）,GA,691,0.14384105005161582
Tianjin,遗传算法（GA）,GA,692,0.14384105005161582
Tianjin,遗传算法（GA）,GA,693,0.14384105005161582
Tianjin,遗传算法（GA）,GA,694,0.14384105005161582
Tianjin,遗传算法（GA）,GA,695,0.14384105005161582
Tianjin,遗传算法（GA）,GA,696,0.14384105005161582
Tianjin,遗传算法（GA）,GA,697,0.14384105005161582
Tianjin,遗传算法（GA）,GA,698,0.14384105005161582
Tianjin,遗传算法（GA）,GA,699,0.14384105005161582
Tianjin,遗传算法（GA）,GA,700,0.14384105005161582
Tianjin,遗传算法（GA）,GA,701,0.14384105005161582
Tianjin,遗传算法（GA）,GA,702,0.14384105005161582
Tianjin,遗传算法（GA）,GA,703,0.14384105005161582
Tianjin,遗传算法（GA）,GA,704,0.14384105005161582
Tianjin,遗传算法（GA）,GA,705,0.14384105005161582
Tianjin,遗传算法（GA）,GA,706,0.14384105005161582
Tianjin,遗传算法（GA）,GA,707,0.14384105005161582
Tianjin,遗传算法（GA）,GA,708,0.14384105005161582
Tianjin,遗传算法（GA）,GA,709,0.14384105005161582
Tianjin,遗传算法（GA）,GA,710,0.14384105005161582
Tianjin,遗传算法（GA）,GA,711,0.14384105005161582
Tianjin,遗传算法（GA）,GA,712,0.14384105005161582
Tianjin,遗传算法（GA）,GA,713,0.14384105005161582
Tianjin,遗传算法（GA）,GA,714,0.14384105005161582
Tianjin,遗传算法（GA）,GA,715,0.14384105005161582
Tianjin,遗传算法（GA）,GA,716,0.14384105005161582
Tianjin,遗传算法（GA）,GA,717,0.14384105005161582
Tianjin,遗传算法（GA）,GA,718,0.14384105005161582
Tianjin,遗传算法（GA）,GA,719,0.14384105005161582
Tianjin,遗传算法（GA）,GA,720,0.14384105005161582
Tianjin,遗传算法（GA）,GA,721,0.14384105005161582
Tianjin,遗传算法（GA）,GA,722,0.14384105005161582
Tianjin,遗传算法（GA）,GA,723,0.14384105005161582
Tianjin,遗传算法（GA）,GA,724,0.14384105005161582
Tianjin,遗传算法（GA）,GA,725,0.14384105005161582
Tianjin,遗传算法（GA）,GA,726,0.14384105005161582
Tianjin,遗传算法（GA）,GA,727,0.14384105005161582
Tianjin,遗传算法（GA）,GA,728,0.14384105005161582
Tianjin,遗传算法（GA）,GA,729,0.14384105005161582
Tianjin,遗传算法（GA）,GA,730,0.14384105005161582
Tianjin,遗传算法（GA）,GA,731,0.14384105005161582
Tianjin,遗传算法（GA）,GA,732,0.14384105005161582
Tianjin,遗传算法（GA）,GA,733,0.14384105005161582
Tianjin,遗传算法（GA）,GA,734,0.14384105005161582
Tianjin,遗传算法（GA）,GA,735,0.14384105005161582
Tianjin,遗传算法（GA）,GA,736,0.14384105005161582
Tianjin,遗传算法（GA）,GA,737,0.14384105005161582
Tianjin,遗传算法（GA）,GA,738,0.14384105005161582
Tianjin,遗传算法（GA）,GA,739,0.14384105005161582
Tianjin,遗传算法（GA）,GA,740,0.14384105005161582
Tianjin,遗传算法（GA）,GA,741,0.14384105005161582
Tianjin,遗传算法（GA）,GA,742,0.14384105005161582
Tianjin,遗传算法（GA）,GA,743,0.14384105005161582
Tianjin,遗传算法（GA）,GA,744,0.14384105005161582
Tianjin,遗传算法（GA）,GA,745,0.14384105005161582
Tianjin,遗传算法（GA）,GA,746,0.14384105005161582
Tianjin,遗传算法（GA）,GA,747,0.14384105005161582
Tianjin,遗传算法（GA）,GA,748,0.14384105005161582
Tianjin,遗传算法（GA）,GA,749,0.14384105005161582
Tianjin,遗传算法（GA）,GA,750,0.14384105005161582
Tianjin,遗传算法（GA）,GA,751,0.14384105005161582
Tianjin,遗传算法（GA）,GA,752,0.14384105005161582
Tianjin,遗传算法（GA）,GA,753,0.14384105005161582
Tianjin,遗传算法（GA）,GA,754,0.14384105005161582
Tianjin,遗传算法（GA）,GA,755,0.14384105005161582
Tianjin,遗传算法（GA）,GA,756,0.14384105005161582
Tianjin,遗传算法（GA）,GA,757,0.14384105005161582
Tianjin,遗传算法（GA）,GA,758,0.14384105005161582
Tianjin,遗传算法（GA）,GA,759,0.14384105005161582
Tianjin,遗传算法（GA）,GA,760,0.14384105005161582
Tianjin,遗传算法（GA）,GA,761,0.14384105005161582
Tianjin,遗传算法（GA）,GA,762,0.14384105005161582
Tianjin,遗传算法（GA）,GA,763,0.14384105005161582
Tianjin,遗传算法（GA）,GA,764,0.14384105005161582
Tianjin,遗传算法（GA）,GA,765,0.14384105005161582
Tianjin,无LHS（随机 101）,No-LHS,1,0.896934543826643
Tianjin,无LHS（随机 101）,No-LHS,2,0.5350034946606721
Tianjin,无LHS（随机 101）,No-LHS,3,0.3891122961122158
Tianjin,无LHS（随机 101）,No-LHS,4,0.3891122961122158
Tianjin,无LHS（随机 101）,No-LHS,5,0.3891122961122158
Tianjin,无LHS（随机 101）,No-LHS,6,0.3891122961122158
Tianjin,无LHS（随机 101）,No-LHS,7,0.26018942771088066
Tianjin,无LHS（随机 101）,No-LHS,8,0.26018942771088066
Tianjin,无LHS（随机 101）,No-LHS,9,0.23482991884299959
Tianjin,无LHS（随机 101）,No-LHS,10,0.23482991884299959
Tianjin,无LHS（随机 101）,No-LHS,11,0.23482991884299959
Tianjin,无LHS（随机 101）,No-LHS,12,0.23482991884299959
Tianjin,无LHS（随机 101）,No-LHS,13,0.23482991884299959
Tianjin,无LHS（随机 101）,No-LHS,14,0.23482991884299959
Tianjin,无LHS（随机 101）,No-LHS,15,0.23482991884299959
Tianjin,无LHS（随机 101）,No-LHS,16,0.23482991884299959
Tianjin,无LHS（随机 101）,No-LHS,17,0.23482991884299959
Tianjin,无LHS（随机 101）,No-LHS,18,0.23482991884299959
Tianjin,无LHS（随机 101）,No-LHS,19,0.23482991884299959
Tianjin,无LHS（随机 101）,No-LHS,20,0.23482991884299959
Tianjin,无LHS（随机 101）,No-LHS,21,0.23482991884299959
Tianjin,无LHS（随机 101）,No-LHS,22,0.23482991884299959
Tianjin,无LHS（随机 101）,No-LHS,23,0.23482991884299959
Tianjin,无LHS（随机 101）,No-LHS,24,0.23482991884299959
Tianjin,无LHS（随机 101）,No-LHS,25,0.23482991884299959
Tianjin,无LHS（随机 101）,No-LHS,26,0.17798927499319894
Tianjin,无LHS（随机 101）,No-LHS,27,0.17798927499319894
Tianjin,无LHS（随机 101）,No-LHS,28,0.17798927499319894
Tianjin,无LHS（随机 101）,No-LHS,29,0.17798927499319894
Tianjin,无LHS（随机 101）,No-LHS,30,0.17798927499319894
Tianjin,无LHS（随机 101）,No-LHS,31,0.17798927499319894
Tianjin,无LHS（随机 101）,No-LHS,32,0.17798927499319894
Tianjin,无LHS（随机 101）,No-LHS,33,0.17798927499319894
Tianjin,无LHS（随机 101）,No-LHS,34,0.17798927499319894
Tianjin,无LHS（随机 101）,No-LHS,35,0.17798927499319894
Tianjin,无LHS（随机 101）,No-LHS,36,0.17798927499319894
Tianjin,无LHS（随机 101）,No-LHS,37,0.17798927499319894
Tianjin,无LHS（随机 101）,No-LHS,38,0.17798927499319894
Tianjin,无LHS（随机 101）,No-LHS,39,0.17798927499319894
Tianjin,无LHS（随机 101）,No-LHS,40,0.17798927499319894
Tianjin,无LHS（随机 101）,No-LHS,41,0.17798927499319894
Tianjin,无LHS（随机 101）,No-LHS,42,0.17798927499319894
Tianjin,无LHS（随机 101）,No-LHS,43,0.17798927499319894
Tianjin,无LHS（随机 101）,No-LHS,44,0.17798927499319894
Tianjin,无LHS（随机 101）,No-LHS,45,0.17798927499319894
Tianjin,无LHS（随机 101）,No-LHS,46,0.17798927499319894
Tianjin,无LHS（随机 101）,No-LHS,47,0.17798927499319894
Tianjin,无LHS（随机 101）,No-LHS,48,0.17798927499319894
Tianjin,无LHS（随机 101）,No-LHS,49,0.17798927499319894
Tianjin,无LHS（随机 101）,No-LHS,50,0.17798927499319894
Tianjin,无LHS（随机 101）,No-LHS,51,0.17798927499319894
Tianjin,无LHS（随机 101）,No-LHS,52,0.17798927499319894
Tianjin,无LHS（随机 101）,No-LHS,53,0.17798927499319894
Tianjin,无LHS（随机 101）,No-LHS,54,0.17798927499319894
Tianjin,无LHS（随机 101）,No-LHS,55,0.17798927499319894
Tianjin,无LHS（随机 101）,No-LHS,56,0.17798927499319894
Tianjin,无LHS（随机 101）,No-LHS,57,0.17798927499319894
Tianjin,无LHS（随机 101）,No-LHS,58,0.17798927499319894
Tianjin,无LHS（随机 101）,No-LHS,59,0.17798927499319894
Tianjin,无LHS（随机 101）,No-LHS,60,0.17798927499319894
Tianjin,无LHS（随机 101）,No-LHS,61,0.17798927499319894
Tianjin,无LHS（随机 101）,No-LHS,62,0.17798927499319894
Tianjin,无LHS（随机 101）,No-LHS,63,0.17798927499319894
Tianjin,无LHS（随机 101）,No-LHS,64,0.17798927499319894
Tianjin,无LHS（随机 101）,No-LHS,65,0.17798927499319894
Tianjin,无LHS（随机 101）,No-LHS,66,0.17798927499319894
Tianjin,无LHS（随机 101）,No-LHS,67,0.17798927499319894
Tianjin,无LHS（随机 101）,No-LHS,68,0.17798927499319894
Tianjin,无LHS（随机 101）,No-LHS,69,0.17798927499319894
Tianjin,无LHS（随机 101）,No-LHS,70,0.17798927499319894
Tianjin,无LHS（随机 101）,No-LHS,71,0.17798927499319894
Tianjin,无LHS（随机 101）,No-LHS,72,0.17798927499319894
Tianjin,无LHS（随机 101）,No-LHS,73,0.17798927499319894
Tianjin,无LHS（随机 101）,No-LHS,74,0.17798927499319894
Tianjin,无LHS（随机 101）,No-LHS,75,0.17798927499319894
Tianjin,无LHS（随机 101）,No-LHS,76,0.17798927499319894
Tianjin,无LHS（随机 101）,No-LHS,77,0.17798927499319894
Tianjin,无LHS（随机 101）,No-LHS,78,0.17798927499319894
Tianjin,无LHS（随机 101）,No-LHS,79,0.17798927499319894
Tianjin,无LHS（随机 101）,No-LHS,80,0.17798927499319894
Tianjin,无LHS（随机 101）,No-LHS,81,0.17798927499319894
Tianjin,无LHS（随机 101）,No-LHS,82,0.17798927499319894
Tianjin,无LHS（随机 101）,No-LHS,83,0.17798927499319894
Tianjin,无LHS（随机 101）,No-LHS,84,0.17798927499319894
Tianjin,无LHS（随机 101）,No-LHS,85,0.17798927499319894
Tianjin,无LHS（随机 101）,No-LHS,86,0.17798927499319894
Tianjin,无LHS（随机 101）,No-LHS,87,0.17798927499319894
Tianjin,无LHS（随机 101）,No-LHS,88,0.17798927499319894
Tianjin,无LHS（随机 101）,No-LHS,89,0.17798927499319894
Tianjin,无LHS（随机 101）,No-LHS,90,0.17798927499319894
Tianjin,无LHS（随机 101）,No-LHS,91,0.17798927499319894
Tianjin,无LHS（随机 101）,No-LHS,92,0.17798927499319894
Tianjin,无LHS（随机 101）,No-LHS,93,0.17798927499319894
Tianjin,无LHS（随机 101）,No-LHS,94,0.17798927499319894
Tianjin,无LHS（随机 101）,No-LHS,95,0.17798927499319894
Tianjin,无LHS（随机 101）,No-LHS,96,0.17798927499319894
Tianjin,无LHS（随机 101）,No-LHS,97,0.17798927499319894
Tianjin,无LHS（随机 101）,No-LHS,98,0.17798927499319894
Tianjin,无LHS（随机 101）,No-LHS,99,0.17798927499319894
Tianjin,无LHS（随机 101）,No-LHS,100,0.17798927499319894
Tianjin,无LHS（随机 101）,No-LHS,101,0.17798927499319894
Tianjin,无RF（LHS 101）,No-RF,1,0.5939538126014732
Tianjin,无RF（LHS 101）,No-RF,2,0.5939538126014732
Tianjin,无RF（LHS 101）,No-RF,3,0.5179747382133351
Tianjin,无RF（LHS 101）,No-RF,4,0.28966243607521447
Tianjin,无RF（LHS 101）,No-RF,5,0.28966243607521447
Tianjin,无RF（LHS 101）,No-RF,6,0.2379530092261536
Tianjin,无RF（LHS 101）,No-RF,7,0.2379530092261536
Tianjin,无RF（LHS 101）,No-RF,8,0.2379530092261536
Tianjin,无RF（LHS 101）,No-RF,9,0.17542362486307428
Tianjin,无RF（LHS 101）,No-RF,10,0.17542362486307428
Tianjin,无RF（LHS 101）,No-RF,11,0.17542362486307428
Tianjin,无RF（LHS 101）,No-RF,12,0.17542362486307428
Tianjin,无RF（LHS 101）,No-RF,13,0.17542362486307428
Tianjin,无RF（LHS 101）,No-RF,14,0.17542362486307428
Tianjin,无RF（LHS 101）,No-RF,15,0.17542362486307428
Tianjin,无RF（LHS 101）,No-RF,16,0.17542362486307428
Tianjin,无RF（LHS 101）,No-RF,17,0.17542362486307428
Tianjin,无RF（LHS 101）,No-RF,18,0.17542362486307428
Tianjin,无RF（LHS 101）,No-RF,19,0.17542362486307428
Tianjin,无RF（LHS 101）,No-RF,20,0.17542362486307428
Tianjin,无RF（LHS 101）,No-RF,21,0.17542362486307428
Tianjin,无RF（LHS 101）,No-RF,22,0.17542362486307428
Tianjin,无RF（LHS 101）,No-RF,23,0.17542362486307428
Tianjin,无RF（LHS 101）,No-RF,24,0.17542362486307428
Tianjin,无RF（LHS 101）,No-RF,25,0.17542362486307428
Tianjin,无RF（LHS 101）,No-RF,26,0.17542362486307428
Tianjin,无RF（LHS 101）,No-RF,27,0.17542362486307428
Tianjin,无RF（LHS 101）,No-RF,28,0.17542362486307428
Tianjin,无RF（LHS 101）,No-RF,29,0.17542362486307428
Tianjin,无RF（LHS 101）,No-RF,30,0.17542362486307428
Tianjin,无RF（LHS 101）,No-RF,31,0.17542362486307428
Tianjin,无RF（LHS 101）,No-RF,32,0.17542362486307428
Tianjin,无RF（LHS 101）,No-RF,33,0.17542362486307428
Tianjin,无RF（LHS 101）,No-RF,34,0.17542362486307428
Tianjin,无RF（LHS 101）,No-RF,35,0.17542362486307428
Tianjin,无RF（LHS 101）,No-RF,36,0.17542362486307428
Tianjin,无RF（LHS 101）,No-RF,37,0.17542362486307428
Tianjin,无RF（LHS 101）,No-RF,38,0.17542362486307428
Tianjin,无RF（LHS 101）,No-RF,39,0.17542362486307428
Tianjin,无RF（LHS 101）,No-RF,40,0.17542362486307428
Tianjin,无RF（LHS 101）,No-RF,41,0.17542362486307428
Tianjin,无RF（LHS 101）,No-RF,42,0.17542362486307428
Tianjin,无RF（LHS 101）,No-RF,43,0.17542362486307428
Tianjin,无RF（LHS 101）,No-RF,44,0.17542362486307428
Tianjin,无RF（LHS 101）,No-RF,45,0.17542362486307428
Tianjin,无RF（LHS 101）,No-RF,46,0.17542362486307428
Tianjin,无RF（LHS 101）,No-RF,47,0.17542362486307428
Tianjin,无RF（LHS 101）,No-RF,48,0.17542362486307428
Tianjin,无RF（LHS 101）,No-RF,49,0.17542362486307428
Tianjin,无RF（LHS 101）,No-RF,50,0.17542362486307428
Tianjin,无RF（LHS 101）,No-RF,51,0.17542362486307428
Tianjin,无RF（LHS 101）,No-RF,52,0.17542362486307428
Tianjin,无RF（LHS 101）,No-RF,53,0.17542362486307428
Tianjin,无RF（LHS 101）,No-RF,54,0.17542362486307428
Tianjin,无RF（LHS 101）,No-RF,55,0.17542362486307428
Tianjin,无RF（LHS 101）,No-RF,56,0.17542362486307428
Tianjin,无RF（LHS 101）,No-RF,57,0.17542362486307428
Tianjin,无RF（LHS 101）,No-RF,58,0.17542362486307428
Tianjin,无RF（LHS 101）,No-RF,59,0.17542362486307428
Tianjin,无RF（LHS 101）,No-RF,60,0.17542362486307428
Tianjin,无RF（LHS 101）,No-RF,61,0.17542362486307428
Tianjin,无RF（LHS 101）,No-RF,62,0.17542362486307428
Tianjin,无RF（LHS 101）,No-RF,63,0.17542362486307428
Tianjin,无RF（LHS 101）,No-RF,64,0.17542362486307428
Tianjin,无RF（LHS 101）,No-RF,65,0.17542362486307428
Tianjin,无RF（LHS 101）,No-RF,66,0.17542362486307428
Tianjin,无RF（LHS 101）,No-RF,67,0.17542362486307428
Tianjin,无RF（LHS 101）,No-RF,68,0.17542362486307428
Tianjin,无RF（LHS 101）,No-RF,69,0.17542362486307428
Tianjin,无RF（LHS 101）,No-RF,70,0.17542362486307428
Tianjin,无RF（LHS 101）,No-RF,71,0.17542362486307428
Tianjin,无RF（LHS 101）,No-RF,72,0.17542362486307428
Tianjin,无RF（LHS 101）,No-RF,73,0.17542362486307428
Tianjin,无RF（LHS 101）,No-RF,74,0.17542362486307428
Tianjin,无RF（LHS 101）,No-RF,75,0.17542362486307428
Tianjin,无RF（LHS 101）,No-RF,76,0.17542362486307428
Tianjin,无RF（LHS 101）,No-RF,77,0.17542362486307428
Tianjin,无RF（LHS 101）,No-RF,78,0.17542362486307428
Tianjin,无RF（LHS 101）,No-RF,79,0.17542362486307428
Tianjin,无RF（LHS 101）,No-RF,80,0.17542362486307428
Tianjin,无RF（LHS 101）,No-RF,81,0.17542362486307428
Tianjin,无RF（LHS 101）,No-RF,82,0.17542362486307428
Tianjin,无RF（LHS 101）,No-RF,83,0.17542362486307428
Tianjin,无RF（LHS 101）,No-RF,84,0.17542362486307428
Tianjin,无RF（LHS 101）,No-RF,85,0.17542362486307428
Tianjin,无RF（LHS 101）,No-RF,86,0.17542362486307428
Tianjin,无RF（LHS 101）,No-RF,87,0.17542362486307428
Tianjin,无RF（LHS 101）,No-RF,88,0.17542362486307428
Tianjin,无RF（LHS 101）,No-RF,89,0.17542362486307428
Tianjin,无RF（LHS 101）,No-RF,90,0.17542362486307428
Tianjin,无RF（LHS 101）,No-RF,91,0.17542362486307428
Tianjin,无RF（LHS 101）,No-RF,92,0.17542362486307428
Tianjin,无RF（LHS 101）,No-RF,93,0.17542362486307428
Tianjin,无RF（LHS 101）,No-RF,94,0.17542362486307428
Tianjin,无RF（LHS 101）,No-RF,95,0.17542362486307428
Tianjin,无RF（LHS 101）,No-RF,96,0.17542362486307428
Tianjin,无RF（LHS 101）,No-RF,97,0.17542362486307428
Tianjin,无RF（LHS 101）,No-RF,98,0.17542362486307428
Tianjin,无RF（LHS 101）,No-RF,99,0.17542362486307428
Tianjin,无RF（LHS 101）,No-RF,100,0.17542362486307428
Tianjin,无RF（LHS 101）,No-RF,101,0.17542362486307428
Tianjin,SPSA,SPSA,1,0.9153434578083304
Tianjin,SPSA,SPSA,2,0.7402325809969162
Tianjin,SPSA,SPSA,3,0.7402325809969162
Tianjin,SPSA,SPSA,4,0.5512307557165519
Tianjin,SPSA,SPSA,5,0.5512307557165519
Tianjin,SPSA,SPSA,6,0.5512307557165519
Tianjin,SPSA,SPSA,7,0.5380431197123345
Tianjin,SPSA,SPSA,8,0.5380431197123345
Tianjin,SPSA,SPSA,9,0.5380431197123345
Tianjin,SPSA,SPSA,10,0.5275225089626355
Tianjin,SPSA,SPSA,11,0.5275225089626355
Tianjin,SPSA,SPSA,12,0.5275225089626355
Tianjin,SPSA,SPSA,13,0.45215324861093775
Tianjin,SPSA,SPSA,14,0.45215324861093775
Tianjin,SPSA,SPSA,15,0.45215324861093775
Tianjin,SPSA,SPSA,16,0.45215324861093775
Tianjin,SPSA,SPSA,17,0.45215324861093775
Tianjin,SPSA,SPSA,18,0.4243582428764028
Tianjin,SPSA,SPSA,19,0.4243582428764028
Tianjin,SPSA,SPSA,20,0.4243582428764028
Tianjin,SPSA,SPSA,21,0.36400448226585536
Tianjin,SPSA,SPSA,22,0.36400448226585536
Tianjin,SPSA,SPSA,23,0.2950081104849297
Tianjin,SPSA,SPSA,24,0.2950081104849297
Tianjin,SPSA,SPSA,25,0.28221993568331694
Tianjin,SPSA,SPSA,26,0.28221993568331694
Tianjin,SPSA,SPSA,27,0.28221993568331694
Tianjin,SPSA,SPSA,28,0.28221993568331694
Tianjin,SPSA,SPSA,29,0.28221993568331694
Tianjin,SPSA,SPSA,30,0.28221993568331694
Tianjin,SPSA,SPSA,31,0.28221993568331694
Tianjin,SPSA,SPSA,32,0.28221993568331694
Tianjin,SPSA,SPSA,33,0.28221993568331694
Tianjin,SPSA,SPSA,34,0.28221993568331694
Tianjin,SPSA,SPSA,35,0.28221993568331694
Tianjin,SPSA,SPSA,36,0.28221993568331694
Tianjin,SPSA,SPSA,37,0.28221993568331694
Tianjin,SPSA,SPSA,38,0.28221993568331694
Tianjin,SPSA,SPSA,39,0.28221993568331694
Tianjin,SPSA,SPSA,40,0.28221993568331694
Tianjin,SPSA,SPSA,41,0.28221993568331694
Tianjin,SPSA,SPSA,42,0.28221993568331694
Tianjin,SPSA,SPSA,43,0.28221993568331694
Tianjin,SPSA,SPSA,44,0.28221993568331694
Tianjin,SPSA,SPSA,45,0.2739880297265633
Tianjin,SPSA,SPSA,46,0.2739880297265633
Tianjin,SPSA,SPSA,47,0.2739880297265633
Tianjin,SPSA,SPSA,48,0.2739880297265633
Tianjin,SPSA,SPSA,49,0.2602529817193444
Tianjin,SPSA,SPSA,50,0.2602529817193444
Tianjin,SPSA,SPSA,51,0.2602529817193444
Tianjin,SPSA,SPSA,52,0.2602529817193444
Tianjin,SPSA,SPSA,53,0.2602529817193444
Tianjin,SPSA,SPSA,54,0.2602529817193444
Tianjin,SPSA,SPSA,55,0.2602529817193444
Tianjin,SPSA,SPSA,56,0.2602529817193444
Tianjin,SPSA,SPSA,57,0.2602529817193444
Tianjin,SPSA,SPSA,58,0.2602529817193444
Tianjin,SPSA,SPSA,59,0.2602529817193444
Tianjin,SPSA,SPSA,60,0.2602529817193444
Tianjin,SPSA,SPSA,61,0.24136363076592676
Tianjin,SPSA,SPSA,62,0.24136363076592676
Tianjin,SPSA,SPSA,63,0.24136363076592676
Tianjin,SPSA,SPSA,64,0.24136363076592676
Tianjin,SPSA,SPSA,65,0.24136363076592676
Tianjin,SPSA,SPSA,66,0.24136363076592676
Tianjin,SPSA,SPSA,67,0.24136363076592676
Tianjin,SPSA,SPSA,68,0.24136363076592676
Tianjin,SPSA,SPSA,69,0.23356744129002344
Tianjin,SPSA,SPSA,70,0.23356744129002344
Tianjin,SPSA,SPSA,71,0.23356744129002344
Tianjin,SPSA,SPSA,72,0.23356744129002344
Tianjin,SPSA,SPSA,73,0.23356744129002344
Tianjin,SPSA,SPSA,74,0.23356744129002344
Tianjin,SPSA,SPSA,75,0.23356744129002344
Tianjin,SPSA,SPSA,76,0.23356744129002344
Tianjin,SPSA,SPSA,77,0.23356744129002344
Tianjin,SPSA,SPSA,78,0.21343628733471606
Tianjin,SPSA,SPSA,79,0.21343628733471606
Tianjin,SPSA,SPSA,80,0.20875866722345593
Tianjin,SPSA,SPSA,81,0.20875866722345593
Tianjin,SPSA,SPSA,82,0.20875866722345593
Tianjin,SPSA,SPSA,83,0.20875866722345593
Tianjin,SPSA,SPSA,84,0.20875866722345593
Tianjin,SPSA,SPSA,85,0.20875866722345593
Tianjin,SPSA,SPSA,86,0.20875866722345593
Tianjin,SPSA,SPSA,87,0.20875866722345593
Tianjin,SPSA,SPSA,88,0.20875866722345593
Tianjin,SPSA,SPSA,89,0.20875866722345593
Tianjin,SPSA,SPSA,90,0.20875866722345593
Tianjin,SPSA,SPSA,91,0.20875866722345593
Tianjin,SPSA,SPSA,92,0.20875866722345593
Tianjin,SPSA,SPSA,93,0.20875866722345593
Tianjin,SPSA,SPSA,94,0.20875866722345593
Tianjin,SPSA,SPSA,95,0.20875866722345593
Tianjin,SPSA,SPSA,96,0.20875866722345593
Tianjin,SPSA,SPSA,97,0.20875866722345593
Tianjin,SPSA,SPSA,98,0.20875866722345593
Tianjin,SPSA,SPSA,99,0.19222284820601482
Tianjin,SPSA,SPSA,100,0.19222284820601482
Tianjin,SPSA,SPSA,101,0.19051814488565325
Tianjin,SPSA,SPSA,102,0.19051814488565325
Tianjin,SPSA,SPSA,103,0.19051814488565325
Tianjin,SPSA,SPSA,104,0.19051814488565325
Tianjin,SPSA,SPSA,105,0.19051814488565325
Tianjin,SPSA,SPSA,106,0.19051814488565325
Tianjin,SPSA,SPSA,107,0.19051814488565325
Tianjin,SPSA,SPSA,108,0.19051814488565325
Tianjin,SPSA,SPSA,109,0.1591679097540152
Tianjin,SPSA,SPSA,110,0.1591679097540152
Tianjin,SPSA,SPSA,111,0.1591679097540152
Tianjin,SPSA,SPSA,112,0.1591679097540152
Tianjin,SPSA,SPSA,113,0.1591679097540152
Tianjin,SPSA,SPSA,114,0.1591679097540152
Tianjin,SPSA,SPSA,115,0.1591679097540152
Tianjin,SPSA,SPSA,116,0.1591679097540152
Tianjin,SPSA,SPSA,117,0.1591679097540152
Tianjin,SPSA,SPSA,118,0.1591679097540152
Tianjin,SPSA,SPSA,119,0.1591679097540152
Tianjin,SPSA,SPSA,120,0.1591679097540152
Tianjin,SPSA,SPSA,121,0.1591679097540152
Tianjin,SPSA,SPSA,122,0.1591679097540152
Tianjin,SPSA,SPSA,123,0.1591679097540152
Tianjin,SPSA,SPSA,124,0.1591679097540152
Tianjin,SPSA,SPSA,125,0.1591679097540152
Tianjin,SPSA,SPSA,126,0.1591679097540152
Tianjin,SPSA,SPSA,127,0.1591679097540152
Tianjin,SPSA,SPSA,128,0.1591679097540152
Tianjin,SPSA,SPSA,129,0.1591679097540152
Tianjin,SPSA,SPSA,130,0.1591679097540152
Tianjin,SPSA,SPSA,131,0.1591679097540152
Tianjin,SPSA,SPSA,132,0.1591679097540152
Tianjin,SPSA,SPSA,133,0.1591679097540152
Tianjin,SPSA,SPSA,134,0.1591679097540152
Tianjin,SPSA,SPSA,135,0.1591679097540152
Tianjin,SPSA,SPSA,136,0.1591679097540152
Tianjin,SPSA,SPSA,137,0.1591679097540152
Tianjin,SPSA,SPSA,138,0.1591679097540152
Tianjin,SPSA,SPSA,139,0.1591679097540152
Tianjin,SPSA,SPSA,140,0.1591679097540152
Tianjin,SPSA,SPSA,141,0.1591679097540152
Tianjin,SPSA,SPSA,142,0.1591679097540152
Tianjin,SPSA,SPSA,143,0.1591679097540152
Tianjin,SPSA,SPSA,144,0.1591679097540152
Tianjin,SPSA,SPSA,145,0.1591679097540152
Tianjin,SPSA,SPSA,146,0.1591679097540152
Tianjin,SPSA,SPSA,147,0.1591679097540152
Tianjin,SPSA,SPSA,148,0.1591679097540152
Tianjin,SPSA,SPSA,149,0.1591679097540152
Tianjin,SPSA,SPSA,150,0.1591679097540152
Tianjin,SPSA,SPSA,151,0.1591679097540152
Tianjin,SPSA,SPSA,152,0.1591679097540152
Tianjin,SPSA,SPSA,153,0.1591679097540152
Tianjin,SPSA,SPSA,154,0.1591679097540152
Tianjin,SPSA,SPSA,155,0.1591679097540152
Tianjin,SPSA,SPSA,156,0.1591679097540152
Tianjin,SPSA,SPSA,157,0.1591679097540152
Tianjin,SPSA,SPSA,158,0.1591679097540152
Tianjin,SPSA,SPSA,159,0.1591679097540152
Tianjin,SPSA,SPSA,160,0.1591679097540152
Tianjin,SPSA,SPSA,161,0.1591679097540152
Tianjin,SPSA,SPSA,162,0.1591679097540152
Tianjin,SPSA,SPSA,163,0.1591679097540152
Tianjin,SPSA,SPSA,164,0.1591679097540152
Tianjin,SPSA,SPSA,165,0.1591679097540152
Tianjin,SPSA,SPSA,166,0.1591679097540152
Tianjin,SPSA,SPSA,167,0.1591679097540152
Tianjin,SPSA,SPSA,168,0.1591679097540152
Tianjin,SPSA,SPSA,169,0.1591679097540152
Tianjin,SPSA,SPSA,170,0.1591679097540152
Tianjin,SPSA,SPSA,171,0.1591679097540152
Tianjin,SPSA,SPSA,172,0.1591679097540152
Tianjin,SPSA,SPSA,173,0.1591679097540152
Tianjin,SPSA,SPSA,174,0.1591679097540152
Tianjin,SPSA,SPSA,175,0.1591679097540152
Tianjin,SPSA,SPSA,176,0.1591679097540152
Tianjin,SPSA,SPSA,177,0.1591679097540152
Tianjin,SPSA,SPSA,178,0.1591679097540152
Tianjin,SPSA,SPSA,179,0.1591679097540152
Tianjin,SPSA,SPSA,180,0.1591679097540152
Tianjin,SPSA,SPSA,181,0.1591679097540152
Tianjin,SPSA,SPSA,182,0.1591679097540152
Tianjin,SPSA,SPSA,183,0.1591679097540152
Tianjin,SPSA,SPSA,184,0.1591679097540152
Tianjin,SPSA,SPSA,185,0.1591679097540152
Tianjin,SPSA,SPSA,186,0.1591679097540152
Tianjin,SPSA,SPSA,187,0.1591679097540152
Tianjin,SPSA,SPSA,188,0.1591679097540152
Tianjin,SPSA,SPSA,189,0.1591679097540152
Tianjin,SPSA,SPSA,190,0.15695000692719457
Tianjin,SPSA,SPSA,191,0.15695000692719457
Tianjin,SPSA,SPSA,192,0.15695000692719457
Tianjin,SPSA,SPSA,193,0.15695000692719457
Tianjin,SPSA,SPSA,194,0.15695000692719457
Tianjin,SPSA,SPSA,195,0.15695000692719457
Tianjin,SPSA,SPSA,196,0.15695000692719457
Tianjin,SPSA,SPSA,197,0.15695000692719457
Tianjin,SPSA,SPSA,198,0.15695000692719457
Tianjin,SPSA,SPSA,199,0.15695000692719457
Tianjin,SPSA,SPSA,200,0.15695000692719457
Tianjin,SPSA,SPSA,201,0.14737095292642194
Tianjin,SPSA,SPSA,202,0.14737095292642194
Tianjin,SPSA,SPSA,203,0.14737095292642194
Tianjin,SPSA,SPSA,204,0.14737095292642194
Tianjin,SPSA,SPSA,205,0.14737095292642194
Tianjin,SPSA,SPSA,206,0.14737095292642194
Tianjin,SPSA,SPSA,207,0.14737095292642194
Tianjin,SPSA,SPSA,208,0.14737095292642194
Tianjin,SPSA,SPSA,209,0.14737095292642194
Tianjin,SPSA,SPSA,210,0.14737095292642194
Tianjin,SPSA,SPSA,211,0.14737095292642194
Tianjin,SPSA,SPSA,212,0.14737095292642194
Tianjin,SPSA,SPSA,213,0.14737095292642194
Tianjin,SPSA,SPSA,214,0.14737095292642194
Tianjin,SPSA,SPSA,215,0.14737095292642194
Tianjin,SPSA,SPSA,216,0.14737095292642194
Tianjin,SPSA,SPSA,217,0.14737095292642194
Tianjin,SPSA,SPSA,218,0.14737095292642194
Tianjin,SPSA,SPSA,219,0.14737095292642194
Tianjin,SPSA,SPSA,220,0.14737095292642194
Tianjin,SPSA,SPSA,221,0.1386780035425291
Tianjin,SPSA,SPSA,222,0.1386780035425291
Tianjin,SPSA,SPSA,223,0.1386780035425291
Tianjin,SPSA,SPSA,224,0.1386780035425291
Tianjin,SPSA,SPSA,225,0.1386780035425291
Tianjin,SPSA,SPSA,226,0.1386780035425291
Tianjin,SPSA,SPSA,227,0.1386780035425291
Tianjin,SPSA,SPSA,228,0.1386780035425291
Tianjin,SPSA,SPSA,229,0.1386780035425291
Tianjin,SPSA,SPSA,230,0.1386780035425291
Tianjin,SPSA,SPSA,231,0.1386780035425291
Tianjin,SPSA,SPSA,232,0.1386780035425291
Tianjin,SPSA,SPSA,233,0.1386780035425291
Tianjin,SPSA,SPSA,234,0.1386780035425291
Tianjin,SPSA,SPSA,235,0.1386780035425291
Tianjin,SPSA,SPSA,236,0.1386780035425291
Tianjin,SPSA,SPSA,237,0.1386780035425291
Tianjin,SPSA,SPSA,238,0.1386780035425291
Tianjin,SPSA,SPSA,239,0.1386780035425291
Tianjin,SPSA,SPSA,240,0.1386780035425291
Tianjin,SPSA,SPSA,241,0.1386780035425291
Tianjin,SPSA,SPSA,242,0.1386780035425291
Tianjin,SPSA,SPSA,243,0.1386780035425291
Tianjin,SPSA,SPSA,244,0.1386780035425291
Tianjin,SPSA,SPSA,245,0.1386780035425291
Tianjin,SPSA,SPSA,246,0.1386780035425291
Tianjin,SPSA,SPSA,247,0.1386780035425291
Tianjin,SPSA,SPSA,248,0.1386780035425291
Tianjin,SPSA,SPSA,249,0.1386780035425291
Tianjin,SPSA,SPSA,250,0.1386780035425291
Tianjin,SPSA,SPSA,251,0.1386780035425291
Tianjin,SPSA,SPSA,252,0.1386780035425291
Tianjin,SPSA,SPSA,253,0.1386780035425291
Tianjin,SPSA,SPSA,254,0.1386780035425291
Tianjin,SPSA,SPSA,255,0.1386780035425291
Tianjin,SPSA,SPSA,256,0.1386780035425291
Tianjin,SPSA,SPSA,257,0.1386780035425291
Tianjin,SPSA,SPSA,258,0.1386780035425291
Tianjin,SPSA,SPSA,259,0.1386780035425291
Tianjin,SPSA,SPSA,260,0.1386780035425291
Tianjin,SPSA,SPSA,261,0.1386780035425291
Tianjin,SPSA,SPSA,262,0.1386780035425291
Tianjin,SPSA,SPSA,263,0.1386780035425291
Tianjin,SPSA,SPSA,264,0.1386780035425291
Tianjin,SPSA,SPSA,265,0.1386780035425291
Tianjin,SPSA,SPSA,266,0.1386780035425291
Tianjin,SPSA,SPSA,267,0.1386780035425291
Tianjin,SPSA,SPSA,268,0.1386780035425291
Tianjin,SPSA,SPSA,269,0.13390286620344852
Tianjin,SPSA,SPSA,270,0.13390286620344852
Tianjin,SPSA,SPSA,271,0.13390286620344852
Tianjin,SPSA,SPSA,272,0.13390286620344852
Tianjin,SPSA,SPSA,273,0.13390286620344852
Tianjin,SPSA,SPSA,274,0.13390286620344852
Tianjin,SPSA,SPSA,275,0.13390286620344852
Tianjin,SPSA,SPSA,276,0.13390286620344852
Tianjin,SPSA,SPSA,277,0.13390286620344852
Tianjin,SPSA,SPSA,278,0.13390286620344852
Tianjin,SPSA,SPSA,279,0.13390286620344852
Tianjin,SPSA,SPSA,280,0.13390286620344852
Tianjin,SPSA,SPSA,281,0.13390286620344852
Tianjin,SPSA,SPSA,282,0.13390286620344852
Tianjin,SPSA,SPSA,283,0.13390286620344852
Tianjin,SPSA,SPSA,284,0.13390286620344852
Tianjin,SPSA,SPSA,285,0.13390286620344852
Tianjin,SPSA,SPSA,286,0.13390286620344852
Tianjin,SPSA,SPSA,287,0.13390286620344852
Tianjin,SPSA,SPSA,288,0.13390286620344852
Tianjin,SPSA,SPSA,289,0.13390286620344852
Tianjin,SPSA,SPSA,290,0.13390286620344852
Tianjin,SPSA,SPSA,291,0.13390286620344852
Tianjin,SPSA,SPSA,292,0.13390286620344852
Tianjin,SPSA,SPSA,293,0.13390286620344852
Tianjin,SPSA,SPSA,294,0.13390286620344852
Tianjin,SPSA,SPSA,295,0.13390286620344852
Tianjin,SPSA,SPSA,296,0.13390286620344852
Tianjin,SPSA,SPSA,297,0.13390286620344852
Tianjin,SPSA,SPSA,298,0.13390286620344852
Tianjin,SPSA,SPSA,299,0.13390286620344852
Tianjin,SPSA,SPSA,300,0.13390286620344852
Tianjin,SPSA,SPSA,301,0.13390286620344852
XAM-N6,BF-SAC（序贯LCB）,BF-SAC,1,0.220484
XAM-N6,BF-SAC（序贯LCB）,BF-SAC,2,0.083561
XAM-N6,BF-SAC（序贯LCB）,BF-SAC,3,0.083561
XAM-N6,BF-SAC（序贯LCB）,BF-SAC,4,0.083561
XAM-N6,BF-SAC（序贯LCB）,BF-SAC,5,0.083561
XAM-N6,BF-SAC（序贯LCB）,BF-SAC,6,0.083561
XAM-N6,BF-SAC（序贯LCB）,BF-SAC,7,0.083561
XAM-N6,BF-SAC（序贯LCB）,BF-SAC,8,0.083561
XAM-N6,BF-SAC（序贯LCB）,BF-SAC,9,0.083561
XAM-N6,BF-SAC（序贯LCB）,BF-SAC,10,0.083561
XAM-N6,BF-SAC（序贯LCB）,BF-SAC,11,0.083561
XAM-N6,BF-SAC（序贯LCB）,BF-SAC,12,0.083561
XAM-N6,BF-SAC（序贯LCB）,BF-SAC,13,0.083561
XAM-N6,BF-SAC（序贯LCB）,BF-SAC,14,0.083561
XAM-N6,BF-SAC（序贯LCB）,BF-SAC,15,0.083561
XAM-N6,BF-SAC（序贯LCB）,BF-SAC,16,0.083561
XAM-N6,BF-SAC（序贯LCB）,BF-SAC,17,0.083561
XAM-N6,BF-SAC（序贯LCB）,BF-SAC,18,0.083561
XAM-N6,BF-SAC（序贯LCB）,BF-SAC,19,0.083561
XAM-N6,BF-SAC（序贯LCB）,BF-SAC,20,0.083561
XAM-N6,BF-SAC（序贯LCB）,BF-SAC,21,0.083561
XAM-N6,BF-SAC（序贯LCB）,BF-SAC,22,0.083561
XAM-N6,BF-SAC（序贯LCB）,BF-SAC,23,0.083561
XAM-N6,BF-SAC（序贯LCB）,BF-SAC,24,0.083561
XAM-N6,BF-SAC（序贯LCB）,BF-SAC,25,0.083561
XAM-N6,BF-SAC（序贯LCB）,BF-SAC,26,0.083561
XAM-N6,BF-SAC（序贯LCB）,BF-SAC,27,0.083561
XAM-N6,BF-SAC（序贯LCB）,BF-SAC,28,0.083561
XAM-N6,BF-SAC（序贯LCB）,BF-SAC,29,0.052356
XAM-N6,BF-SAC（序贯LCB）,BF-SAC,30,0.052356
XAM-N6,BF-SAC（序贯LCB）,BF-SAC,31,0.052356
XAM-N6,BF-SAC（序贯LCB）,BF-SAC,32,0.052356
XAM-N6,BF-SAC（序贯LCB）,BF-SAC,33,0.052356
XAM-N6,BF-SAC（序贯LCB）,BF-SAC,34,0.052356
XAM-N6,BF-SAC（序贯LCB）,BF-SAC,35,0.052356
XAM-N6,BF-SAC（序贯LCB）,BF-SAC,36,0.052356
XAM-N6,BF-SAC（序贯LCB）,BF-SAC,37,0.052356
XAM-N6,BF-SAC（序贯LCB）,BF-SAC,38,0.052356
XAM-N6,BF-SAC（序贯LCB）,BF-SAC,39,0.052356
XAM-N6,BF-SAC（序贯LCB）,BF-SAC,40,0.052356
XAM-N6,BF-SAC（序贯LCB）,BF-SAC,41,0.052356
XAM-N6,BF-SAC（序贯LCB）,BF-SAC,42,0.052356
XAM-N6,BF-SAC（序贯LCB）,BF-SAC,43,0.052356
XAM-N6,BF-SAC（序贯LCB）,BF-SAC,44,0.052356
XAM-N6,BF-SAC（序贯LCB）,BF-SAC,45,0.052356
XAM-N6,BF-SAC（序贯LCB）,BF-SAC,46,0.052356
XAM-N6,BF-SAC（序贯LCB）,BF-SAC,47,0.052356
XAM-N6,BF-SAC（序贯LCB）,BF-SAC,48,0.052356
XAM-N6,BF-SAC（序贯LCB）,BF-SAC,49,0.052356
XAM-N6,BF-SAC（序贯LCB）,BF-SAC,50,0.052356
XAM-N6,BF-SAC（序贯LCB）,BF-SAC,51,0.052356
XAM-N6,BF-SAC（序贯LCB）,BF-SAC,52,0.052356
XAM-N6,BF-SAC（序贯LCB）,BF-SAC,53,0.052356
XAM-N6,BF-SAC（序贯LCB）,BF-SAC,54,0.052356
XAM-N6,BF-SAC（序贯LCB）,BF-SAC,55,0.052356
XAM-N6,BF-SAC（序贯LCB）,BF-SAC,56,0.052356
XAM-N6,BF-SAC（序贯LCB）,BF-SAC,57,0.052356
XAM-N6,BF-SAC（序贯LCB）,BF-SAC,58,0.052356
XAM-N6,BF-SAC（序贯LCB）,BF-SAC,59,0.052356
XAM-N6,BF-SAC（序贯LCB）,BF-SAC,60,0.052356
XAM-N6,BF-SAC（序贯LCB）,BF-SAC,61,0.052356
XAM-N6,BF-SAC（序贯LCB）,BF-SAC,62,0.052356
XAM-N6,BF-SAC（序贯LCB）,BF-SAC,63,0.052356
XAM-N6,BF-SAC（序贯LCB）,BF-SAC,64,0.052356
XAM-N6,BF-SAC（序贯LCB）,BF-SAC,65,0.052356
XAM-N6,BF-SAC（序贯LCB）,BF-SAC,66,0.052356
XAM-N6,BF-SAC（序贯LCB）,BF-SAC,67,0.052356
XAM-N6,BF-SAC（序贯LCB）,BF-SAC,68,0.052356
XAM-N6,BF-SAC（序贯LCB）,BF-SAC,69,0.052356
XAM-N6,BF-SAC（序贯LCB）,BF-SAC,70,0.052356
XAM-N6,BF-SAC（序贯LCB）,BF-SAC,71,0.052356
XAM-N6,BF-SAC（序贯LCB）,BF-SAC,72,0.052356
XAM-N6,BF-SAC（序贯LCB）,BF-SAC,73,0.052356
XAM-N6,BF-SAC（序贯LCB）,BF-SAC,74,0.052356
XAM-N6,BF-SAC（序贯LCB）,BF-SAC,75,0.052356
XAM-N6,BF-SAC（序贯LCB）,BF-SAC,76,0.052356
XAM-N6,BF-SAC（序贯LCB）,BF-SAC,77,0.052356
XAM-N6,BF-SAC（序贯LCB）,BF-SAC,78,0.046814
XAM-N6,BF-SAC（序贯LCB）,BF-SAC,79,0.046814
XAM-N6,BF-SAC（序贯LCB）,BF-SAC,80,0.046814
XAM-N6,BF-SAC（序贯LCB）,BF-SAC,81,0.046814
XAM-N6,BF-SAC（序贯LCB）,BF-SAC,82,0.046814
XAM-N6,BF-SAC（序贯LCB）,BF-SAC,83,0.046814
XAM-N6,BF-SAC（序贯LCB）,BF-SAC,84,0.046814
XAM-N6,BF-SAC（序贯LCB）,BF-SAC,85,0.046814
XAM-N6,BF-SAC（序贯LCB）,BF-SAC,86,0.046814
XAM-N6,BF-SAC（序贯LCB）,BF-SAC,87,0.046814
XAM-N6,BF-SAC（序贯LCB）,BF-SAC,88,0.046814
XAM-N6,BF-SAC（序贯LCB）,BF-SAC,89,0.046814
XAM-N6,BF-SAC（序贯LCB）,BF-SAC,90,0.046814
XAM-N6,BF-SAC（序贯LCB）,BF-SAC,91,0.046814
XAM-N6,BF-SAC（序贯LCB）,BF-SAC,92,0.046814
XAM-N6,BF-SAC（序贯LCB）,BF-SAC,93,0.046814
XAM-N6,BF-SAC（序贯LCB）,BF-SAC,94,0.046814
XAM-N6,BF-SAC（序贯LCB）,BF-SAC,95,0.046814
XAM-N6,BF-SAC（序贯LCB）,BF-SAC,96,0.046814
XAM-N6,BF-SAC（序贯LCB）,BF-SAC,97,0.046814
XAM-N6,BF-SAC（序贯LCB）,BF-SAC,98,0.046814
XAM-N6,BF-SAC（序贯LCB）,BF-SAC,99,0.046814
XAM-N6,BF-SAC（序贯LCB）,BF-SAC,100,0.046814
XAM-N6,BF-SAC（序贯LCB）,BF-SAC,101,0.046814
XAM-N6,遗传算法（GA）,GA,1,0.2291593528846086
XAM-N6,遗传算法（GA）,GA,2,0.2291593528846086
XAM-N6,遗传算法（GA）,GA,3,0.18188460364524495
XAM-N6,遗传算法（GA）,GA,4,0.18188460364524495
XAM-N6,遗传算法（GA）,GA,5,0.18188460364524495
XAM-N6,遗传算法（GA）,GA,6,0.18188460364524495
XAM-N6,遗传算法（GA）,GA,7,0.18188460364524495
XAM-N6,遗传算法（GA）,GA,8,0.1721986208784135
XAM-N6,遗传算法（GA）,GA,9,0.1721986208784135
XAM-N6,遗传算法（GA）,GA,10,0.1721986208784135
XAM-N6,遗传算法（GA）,GA,11,0.1721986208784135
XAM-N6,遗传算法（GA）,GA,12,0.1721986208784135
XAM-N6,遗传算法（GA）,GA,13,0.15330820644791077
XAM-N6,遗传算法（GA）,GA,14,0.15330820644791077
XAM-N6,遗传算法（GA）,GA,15,0.06891205770996794
XAM-N6,遗传算法（GA）,GA,16,0.06891205770996794
XAM-N6,遗传算法（GA）,GA,17,0.06891205770996794
XAM-N6,遗传算法（GA）,GA,18,0.06891205770996794
XAM-N6,遗传算法（GA）,GA,19,0.06891205770996794
XAM-N6,遗传算法（GA）,GA,20,0.06891205770996794
XAM-N6,遗传算法（GA）,GA,21,0.06891205770996794
XAM-N6,遗传算法（GA）,GA,22,0.06891205770996794
XAM-N6,遗传算法（GA）,GA,23,0.06891205770996794
XAM-N6,遗传算法（GA）,GA,24,0.06891205770996794
XAM-N6,遗传算法（GA）,GA,25,0.06891205770996794
XAM-N6,遗传算法（GA）,GA,26,0.06891205770996794
XAM-N6,遗传算法（GA）,GA,27,0.06879793361713642
XAM-N6,遗传算法（GA）,GA,28,0.06879793361713642
XAM-N6,遗传算法（GA）,GA,29,0.06879793361713642
XAM-N6,遗传算法（GA）,GA,30,0.06879793361713642
XAM-N6,遗传算法（GA）,GA,31,0.06879793361713642
XAM-N6,遗传算法（GA）,GA,32,0.06879793361713642
XAM-N6,遗传算法（GA）,GA,33,0.06879793361713642
XAM-N6,遗传算法（GA）,GA,34,0.06879793361713642
XAM-N6,遗传算法（GA）,GA,35,0.06879793361713642
XAM-N6,遗传算法（GA）,GA,36,0.06879793361713642
XAM-N6,遗传算法（GA）,GA,37,0.06879793361713642
XAM-N6,遗传算法（GA）,GA,38,0.06879793361713642
XAM-N6,遗传算法（GA）,GA,39,0.06879793361713642
XAM-N6,遗传算法（GA）,GA,40,0.06879793361713642
XAM-N6,遗传算法（GA）,GA,41,0.06879793361713642
XAM-N6,遗传算法（GA）,GA,42,0.06879793361713642
XAM-N6,遗传算法（GA）,GA,43,0.06879793361713642
XAM-N6,遗传算法（GA）,GA,44,0.05644576216427744
XAM-N6,遗传算法（GA）,GA,45,0.05644576216427744
XAM-N6,遗传算法（GA）,GA,46,0.05644576216427744
XAM-N6,遗传算法（GA）,GA,47,0.05644576216427744
XAM-N6,遗传算法（GA）,GA,48,0.05644576216427744
XAM-N6,遗传算法（GA）,GA,49,0.05644576216427744
XAM-N6,遗传算法（GA）,GA,50,0.05644576216427744
XAM-N6,遗传算法（GA）,GA,51,0.05644576216427744
XAM-N6,遗传算法（GA）,GA,52,0.05644576216427744
XAM-N6,遗传算法（GA）,GA,53,0.05644576216427744
XAM-N6,遗传算法（GA）,GA,54,0.05644576216427744
XAM-N6,遗传算法（GA）,GA,55,0.05644576216427744
XAM-N6,遗传算法（GA）,GA,56,0.05644576216427744
XAM-N6,遗传算法（GA）,GA,57,0.05644576216427744
XAM-N6,遗传算法（GA）,GA,58,0.05644576216427744
XAM-N6,遗传算法（GA）,GA,59,0.05644576216427744
XAM-N6,遗传算法（GA）,GA,60,0.05644576216427744
XAM-N6,遗传算法（GA）,GA,61,0.05644576216427744
XAM-N6,遗传算法（GA）,GA,62,0.05644576216427744
XAM-N6,遗传算法（GA）,GA,63,0.05644576216427744
XAM-N6,遗传算法（GA）,GA,64,0.05644576216427744
XAM-N6,遗传算法（GA）,GA,65,0.05644576216427744
XAM-N6,遗传算法（GA）,GA,66,0.05644576216427744
XAM-N6,遗传算法（GA）,GA,67,0.05644576216427744
XAM-N6,遗传算法（GA）,GA,68,0.05644576216427744
XAM-N6,遗传算法（GA）,GA,69,0.05644576216427744
XAM-N6,遗传算法（GA）,GA,70,0.05644576216427744
XAM-N6,遗传算法（GA）,GA,71,0.051716458497078045
XAM-N6,遗传算法（GA）,GA,72,0.051716458497078045
XAM-N6,遗传算法（GA）,GA,73,0.051716458497078045
XAM-N6,遗传算法（GA）,GA,74,0.051716458497078045
XAM-N6,遗传算法（GA）,GA,75,0.051716458497078045
XAM-N6,遗传算法（GA）,GA,76,0.051716458497078045
XAM-N6,遗传算法（GA）,GA,77,0.051716458497078045
XAM-N6,遗传算法（GA）,GA,78,0.051716458497078045
XAM-N6,遗传算法（GA）,GA,79,0.051716458497078045
XAM-N6,遗传算法（GA）,GA,80,0.051716458497078045
XAM-N6,遗传算法（GA）,GA,81,0.051716458497078045
XAM-N6,遗传算法（GA）,GA,82,0.051716458497078045
XAM-N6,遗传算法（GA）,GA,83,0.051716458497078045
XAM-N6,遗传算法（GA）,GA,84,0.051716458497078045
XAM-N6,遗传算法（GA）,GA,85,0.051716458497078045
XAM-N6,遗传算法（GA）,GA,86,0.051716458497078045
XAM-N6,遗传算法（GA）,GA,87,0.051716458497078045
XAM-N6,遗传算法（GA）,GA,88,0.051716458497078045
XAM-N6,遗传算法（GA）,GA,89,0.051716458497078045
XAM-N6,遗传算法（GA）,GA,90,0.051716458497078045
XAM-N6,遗传算法（GA）,GA,91,0.051716458497078045
XAM-N6,遗传算法（GA）,GA,92,0.051716458497078045
XAM-N6,遗传算法（GA）,GA,93,0.051716458497078045
XAM-N6,遗传算法（GA）,GA,94,0.051716458497078045
XAM-N6,遗传算法（GA）,GA,95,0.051716458497078045
XAM-N6,遗传算法（GA）,GA,96,0.051716458497078045
XAM-N6,遗传算法（GA）,GA,97,0.051716458497078045
XAM-N6,遗传算法（GA）,GA,98,0.051716458497078045
XAM-N6,遗传算法（GA）,GA,99,0.048409157969801046
XAM-N6,遗传算法（GA）,GA,100,0.048409157969801046
XAM-N6,遗传算法（GA）,GA,101,0.048409157969801046
XAM-N6,遗传算法（GA）,GA,102,0.04423368831262292
XAM-N6,遗传算法（GA）,GA,103,0.04423368831262292
XAM-N6,遗传算法（GA）,GA,104,0.04423368831262292
XAM-N6,遗传算法（GA）,GA,105,0.04423368831262292
XAM-N6,遗传算法（GA）,GA,106,0.04423368831262292
XAM-N6,遗传算法（GA）,GA,107,0.04423368831262292
XAM-N6,遗传算法（GA）,GA,108,0.04423368831262292
XAM-N6,遗传算法（GA）,GA,109,0.04423368831262292
XAM-N6,遗传算法（GA）,GA,110,0.04423368831262292
XAM-N6,遗传算法（GA）,GA,111,0.04423368831262292
XAM-N6,遗传算法（GA）,GA,112,0.04423368831262292
XAM-N6,遗传算法（GA）,GA,113,0.04423368831262292
XAM-N6,遗传算法（GA）,GA,114,0.04423368831262292
XAM-N6,遗传算法（GA）,GA,115,0.04423368831262292
XAM-N6,遗传算法（GA）,GA,116,0.04423368831262292
XAM-N6,遗传算法（GA）,GA,117,0.04423368831262292
XAM-N6,遗传算法（GA）,GA,118,0.04423368831262292
XAM-N6,遗传算法（GA）,GA,119,0.04423368831262292
XAM-N6,遗传算法（GA）,GA,120,0.04423368831262292
XAM-N6,遗传算法（GA）,GA,121,0.04423368831262292
XAM-N6,遗传算法（GA）,GA,122,0.04423368831262292
XAM-N6,遗传算法（GA）,GA,123,0.04423368831262292
XAM-N6,遗传算法（GA）,GA,124,0.04423368831262292
XAM-N6,遗传算法（GA）,GA,125,0.04423368831262292
XAM-N6,遗传算法（GA）,GA,126,0.04423368831262292
XAM-N6,遗传算法（GA）,GA,127,0.04423368831262292
XAM-N6,遗传算法（GA）,GA,128,0.04423368831262292
XAM-N6,遗传算法（GA）,GA,129,0.04423368831262292
XAM-N6,遗传算法（GA）,GA,130,0.04423368831262292
XAM-N6,遗传算法（GA）,GA,131,0.04423368831262292
XAM-N6,遗传算法（GA）,GA,132,0.04423368831262292
XAM-N6,遗传算法（GA）,GA,133,0.04423368831262292
XAM-N6,遗传算法（GA）,GA,134,0.04423368831262292
XAM-N6,遗传算法（GA）,GA,135,0.04423368831262292
XAM-N6,遗传算法（GA）,GA,136,0.04423368831262292
XAM-N6,遗传算法（GA）,GA,137,0.04423368831262292
XAM-N6,遗传算法（GA）,GA,138,0.04423368831262292
XAM-N6,遗传算法（GA）,GA,139,0.04423368831262292
XAM-N6,遗传算法（GA）,GA,140,0.04423368831262292
XAM-N6,遗传算法（GA）,GA,141,0.04423368831262292
XAM-N6,遗传算法（GA）,GA,142,0.04423368831262292
XAM-N6,遗传算法（GA）,GA,143,0.04423368831262292
XAM-N6,遗传算法（GA）,GA,144,0.04423368831262292
XAM-N6,遗传算法（GA）,GA,145,0.04423368831262292
XAM-N6,遗传算法（GA）,GA,146,0.04423368831262292
XAM-N6,遗传算法（GA）,GA,147,0.04423368831262292
XAM-N6,遗传算法（GA）,GA,148,0.04423368831262292
XAM-N6,遗传算法（GA）,GA,149,0.04423368831262292
XAM-N6,遗传算法（GA）,GA,150,0.04423368831262292
XAM-N6,遗传算法（GA）,GA,151,0.04423368831262292
XAM-N6,遗传算法（GA）,GA,152,0.04423368831262292
XAM-N6,遗传算法（GA）,GA,153,0.04423368831262292
XAM-N6,遗传算法（GA）,GA,154,0.04423368831262292
XAM-N6,遗传算法（GA）,GA,155,0.04423368831262292
XAM-N6,遗传算法（GA）,GA,156,0.04423368831262292
XAM-N6,遗传算法（GA）,GA,157,0.04114132685083319
XAM-N6,遗传算法（GA）,GA,158,0.04114132685083319
XAM-N6,遗传算法（GA）,GA,159,0.04114132685083319
XAM-N6,遗传算法（GA）,GA,160,0.04114132685083319
XAM-N6,遗传算法（GA）,GA,161,0.04114132685083319
XAM-N6,遗传算法（GA）,GA,162,0.04114132685083319
XAM-N6,遗传算法（GA）,GA,163,0.04114132685083319
XAM-N6,遗传算法（GA）,GA,164,0.04114132685083319
XAM-N6,遗传算法（GA）,GA,165,0.04114132685083319
XAM-N6,遗传算法（GA）,GA,166,0.04114132685083319
XAM-N6,遗传算法（GA）,GA,167,0.04114132685083319
XAM-N6,遗传算法（GA）,GA,168,0.04114132685083319
XAM-N6,遗传算法（GA）,GA,169,0.04114132685083319
XAM-N6,遗传算法（GA）,GA,170,0.04114132685083319
XAM-N6,遗传算法（GA）,GA,171,0.04114132685083319
XAM-N6,遗传算法（GA）,GA,172,0.04114132685083319
XAM-N6,遗传算法（GA）,GA,173,0.04114132685083319
XAM-N6,遗传算法（GA）,GA,174,0.04114132685083319
XAM-N6,遗传算法（GA）,GA,175,0.04114132685083319
XAM-N6,遗传算法（GA）,GA,176,0.04114132685083319
XAM-N6,遗传算法（GA）,GA,177,0.04114132685083319
XAM-N6,遗传算法（GA）,GA,178,0.04114132685083319
XAM-N6,遗传算法（GA）,GA,179,0.04114132685083319
XAM-N6,遗传算法（GA）,GA,180,0.04114132685083319
XAM-N6,遗传算法（GA）,GA,181,0.04114132685083319
XAM-N6,遗传算法（GA）,GA,182,0.04114132685083319
XAM-N6,遗传算法（GA）,GA,183,0.04114132685083319
XAM-N6,遗传算法（GA）,GA,184,0.04114132685083319
XAM-N6,遗传算法（GA）,GA,185,0.04114132685083319
XAM-N6,遗传算法（GA）,GA,186,0.04114132685083319
XAM-N6,遗传算法（GA）,GA,187,0.04114132685083319
XAM-N6,遗传算法（GA）,GA,188,0.04114132685083319
XAM-N6,遗传算法（GA）,GA,189,0.04114132685083319
XAM-N6,遗传算法（GA）,GA,190,0.04114132685083319
XAM-N6,遗传算法（GA）,GA,191,0.04114132685083319
XAM-N6,遗传算法（GA）,GA,192,0.04114132685083319
XAM-N6,遗传算法（GA）,GA,193,0.04114132685083319
XAM-N6,遗传算法（GA）,GA,194,0.04114132685083319
XAM-N6,遗传算法（GA）,GA,195,0.04114132685083319
XAM-N6,遗传算法（GA）,GA,196,0.04114132685083319
XAM-N6,遗传算法（GA）,GA,197,0.04114132685083319
XAM-N6,遗传算法（GA）,GA,198,0.04114132685083319
XAM-N6,遗传算法（GA）,GA,199,0.04114132685083319
XAM-N6,遗传算法（GA）,GA,200,0.04114132685083319
XAM-N6,遗传算法（GA）,GA,201,0.04114132685083319
XAM-N6,遗传算法（GA）,GA,202,0.04114132685083319
XAM-N6,遗传算法（GA）,GA,203,0.04114132685083319
XAM-N6,遗传算法（GA）,GA,204,0.04114132685083319
XAM-N6,遗传算法（GA）,GA,205,0.04114132685083319
XAM-N6,遗传算法（GA）,GA,206,0.04114132685083319
XAM-N6,遗传算法（GA）,GA,207,0.04114132685083319
XAM-N6,遗传算法（GA）,GA,208,0.04114132685083319
XAM-N6,遗传算法（GA）,GA,209,0.04114132685083319
XAM-N6,遗传算法（GA）,GA,210,0.04114132685083319
XAM-N6,遗传算法（GA）,GA,211,0.04114132685083319
XAM-N6,遗传算法（GA）,GA,212,0.04114132685083319
XAM-N6,遗传算法（GA）,GA,213,0.04114132685083319
XAM-N6,遗传算法（GA）,GA,214,0.04114132685083319
XAM-N6,遗传算法（GA）,GA,215,0.04114132685083319
XAM-N6,遗传算法（GA）,GA,216,0.04114132685083319
XAM-N6,遗传算法（GA）,GA,217,0.04114132685083319
XAM-N6,遗传算法（GA）,GA,218,0.04114132685083319
XAM-N6,遗传算法（GA）,GA,219,0.04114132685083319
XAM-N6,遗传算法（GA）,GA,220,0.04114132685083319
XAM-N6,遗传算法（GA）,GA,221,0.04114132685083319
XAM-N6,遗传算法（GA）,GA,222,0.04114132685083319
XAM-N6,遗传算法（GA）,GA,223,0.04114132685083319
XAM-N6,遗传算法（GA）,GA,224,0.04114132685083319
XAM-N6,遗传算法（GA）,GA,225,0.04114132685083319
XAM-N6,遗传算法（GA）,GA,226,0.04114132685083319
XAM-N6,遗传算法（GA）,GA,227,0.04114132685083319
XAM-N6,遗传算法（GA）,GA,228,0.04114132685083319
XAM-N6,遗传算法（GA）,GA,229,0.04114132685083319
XAM-N6,遗传算法（GA）,GA,230,0.04114132685083319
XAM-N6,遗传算法（GA）,GA,231,0.04114132685083319
XAM-N6,遗传算法（GA）,GA,232,0.04114132685083319
XAM-N6,遗传算法（GA）,GA,233,0.04114132685083319
XAM-N6,遗传算法（GA）,GA,234,0.04114132685083319
XAM-N6,遗传算法（GA）,GA,235,0.04114132685083319
XAM-N6,遗传算法（GA）,GA,236,0.04114132685083319
XAM-N6,遗传算法（GA）,GA,237,0.04114132685083319
XAM-N6,遗传算法（GA）,GA,238,0.04114132685083319
XAM-N6,遗传算法（GA）,GA,239,0.04114132685083319
XAM-N6,遗传算法（GA）,GA,240,0.04114132685083319
XAM-N6,遗传算法（GA）,GA,241,0.04114132685083319
XAM-N6,遗传算法（GA）,GA,242,0.04114132685083319
XAM-N6,遗传算法（GA）,GA,243,0.04114132685083319
XAM-N6,遗传算法（GA）,GA,244,0.04114132685083319
XAM-N6,遗传算法（GA）,GA,245,0.04114132685083319
XAM-N6,遗传算法（GA）,GA,246,0.04114132685083319
XAM-N6,遗传算法（GA）,GA,247,0.04114132685083319
XAM-N6,遗传算法（GA）,GA,248,0.04114132685083319
XAM-N6,遗传算法（GA）,GA,249,0.04114132685083319
XAM-N6,遗传算法（GA）,GA,250,0.04114132685083319
XAM-N6,遗传算法（GA）,GA,251,0.04114132685083319
XAM-N6,遗传算法（GA）,GA,252,0.04114132685083319
XAM-N6,遗传算法（GA）,GA,253,0.04114132685083319
XAM-N6,遗传算法（GA）,GA,254,0.04114132685083319
XAM-N6,遗传算法（GA）,GA,255,0.04114132685083319
XAM-N6,遗传算法（GA）,GA,256,0.04114132685083319
XAM-N6,遗传算法（GA）,GA,257,0.04114132685083319
XAM-N6,遗传算法（GA）,GA,258,0.04114132685083319
XAM-N6,遗传算法（GA）,GA,259,0.04114132685083319
XAM-N6,遗传算法（GA）,GA,260,0.04114132685083319
XAM-N6,遗传算法（GA）,GA,261,0.04114132685083319
XAM-N6,遗传算法（GA）,GA,262,0.04114132685083319
XAM-N6,遗传算法（GA）,GA,263,0.04114132685083319
XAM-N6,遗传算法（GA）,GA,264,0.04114132685083319
XAM-N6,遗传算法（GA）,GA,265,0.04114132685083319
XAM-N6,遗传算法（GA）,GA,266,0.04114132685083319
XAM-N6,遗传算法（GA）,GA,267,0.04114132685083319
XAM-N6,遗传算法（GA）,GA,268,0.04114132685083319
XAM-N6,遗传算法（GA）,GA,269,0.04114132685083319
XAM-N6,遗传算法（GA）,GA,270,0.04114132685083319
XAM-N6,遗传算法（GA）,GA,271,0.04114132685083319
XAM-N6,遗传算法（GA）,GA,272,0.04114132685083319
XAM-N6,遗传算法（GA）,GA,273,0.04114132685083319
XAM-N6,遗传算法（GA）,GA,274,0.04114132685083319
XAM-N6,遗传算法（GA）,GA,275,0.04114132685083319
XAM-N6,遗传算法（GA）,GA,276,0.04114132685083319
XAM-N6,遗传算法（GA）,GA,277,0.04114132685083319
XAM-N6,遗传算法（GA）,GA,278,0.04114132685083319
XAM-N6,遗传算法（GA）,GA,279,0.04114132685083319
XAM-N6,遗传算法（GA）,GA,280,0.04114132685083319
XAM-N6,遗传算法（GA）,GA,281,0.04114132685083319
XAM-N6,遗传算法（GA）,GA,282,0.04114132685083319
XAM-N6,遗传算法（GA）,GA,283,0.04114132685083319
XAM-N6,遗传算法（GA）,GA,284,0.04114132685083319
XAM-N6,遗传算法（GA）,GA,285,0.04114132685083319
XAM-N6,遗传算法（GA）,GA,286,0.04114132685083319
XAM-N6,遗传算法（GA）,GA,287,0.04114132685083319
XAM-N6,遗传算法（GA）,GA,288,0.04114132685083319
XAM-N6,遗传算法（GA）,GA,289,0.04114132685083319
XAM-N6,遗传算法（GA）,GA,290,0.04114132685083319
XAM-N6,遗传算法（GA）,GA,291,0.04114132685083319
XAM-N6,遗传算法（GA）,GA,292,0.04114132685083319
XAM-N6,遗传算法（GA）,GA,293,0.04114132685083319
XAM-N6,遗传算法（GA）,GA,294,0.04114132685083319
XAM-N6,遗传算法（GA）,GA,295,0.04114132685083319
XAM-N6,遗传算法（GA）,GA,296,0.04114132685083319
XAM-N6,遗传算法（GA）,GA,297,0.04114132685083319
XAM-N6,遗传算法（GA）,GA,298,0.04114132685083319
XAM-N6,遗传算法（GA）,GA,299,0.04114132685083319
XAM-N6,遗传算法（GA）,GA,300,0.04114132685083319
XAM-N6,遗传算法（GA）,GA,301,0.04114132685083319
XAM-N6,遗传算法（GA）,GA,302,0.04114132685083319
XAM-N6,遗传算法（GA）,GA,303,0.04114132685083319
XAM-N6,遗传算法（GA）,GA,304,0.04114132685083319
XAM-N6,遗传算法（GA）,GA,305,0.04114132685083319
XAM-N6,遗传算法（GA）,GA,306,0.04114132685083319
XAM-N6,遗传算法（GA）,GA,307,0.04114132685083319
XAM-N6,遗传算法（GA）,GA,308,0.04114132685083319
XAM-N6,遗传算法（GA）,GA,309,0.04114132685083319
XAM-N6,遗传算法（GA）,GA,310,0.04114132685083319
XAM-N6,遗传算法（GA）,GA,311,0.04114132685083319
XAM-N6,遗传算法（GA）,GA,312,0.04114132685083319
XAM-N6,遗传算法（GA）,GA,313,0.04114132685083319
XAM-N6,遗传算法（GA）,GA,314,0.04114132685083319
XAM-N6,遗传算法（GA）,GA,315,0.04114132685083319
XAM-N6,遗传算法（GA）,GA,316,0.04114132685083319
XAM-N6,遗传算法（GA）,GA,317,0.04114132685083319
XAM-N6,遗传算法（GA）,GA,318,0.04114132685083319
XAM-N6,遗传算法（GA）,GA,319,0.04114132685083319
XAM-N6,遗传算法（GA）,GA,320,0.04114132685083319
XAM-N6,遗传算法（GA）,GA,321,0.04114132685083319
XAM-N6,遗传算法（GA）,GA,322,0.04114132685083319
XAM-N6,遗传算法（GA）,GA,323,0.04114132685083319
XAM-N6,遗传算法（GA）,GA,324,0.04114132685083319
XAM-N6,遗传算法（GA）,GA,325,0.04114132685083319
XAM-N6,遗传算法（GA）,GA,326,0.04114132685083319
XAM-N6,遗传算法（GA）,GA,327,0.04114132685083319
XAM-N6,遗传算法（GA）,GA,328,0.0379134899125958
XAM-N6,遗传算法（GA）,GA,329,0.0379134899125958
XAM-N6,遗传算法（GA）,GA,330,0.0379134899125958
XAM-N6,遗传算法（GA）,GA,331,0.0379134899125958
XAM-N6,遗传算法（GA）,GA,332,0.0379134899125958
XAM-N6,遗传算法（GA）,GA,333,0.0379134899125958
XAM-N6,遗传算法（GA）,GA,334,0.0379134899125958
XAM-N6,遗传算法（GA）,GA,335,0.0379134899125958
XAM-N6,遗传算法（GA）,GA,336,0.0379134899125958
XAM-N6,遗传算法（GA）,GA,337,0.0379134899125958
XAM-N6,遗传算法（GA）,GA,338,0.0379134899125958
XAM-N6,遗传算法（GA）,GA,339,0.0379134899125958
XAM-N6,遗传算法（GA）,GA,340,0.0379134899125958
XAM-N6,遗传算法（GA）,GA,341,0.0379134899125958
XAM-N6,遗传算法（GA）,GA,342,0.0379134899125958
XAM-N6,遗传算法（GA）,GA,343,0.0379134899125958
XAM-N6,遗传算法（GA）,GA,344,0.0379134899125958
XAM-N6,遗传算法（GA）,GA,345,0.0379134899125958
XAM-N6,遗传算法（GA）,GA,346,0.0379134899125958
XAM-N6,遗传算法（GA）,GA,347,0.0379134899125958
XAM-N6,遗传算法（GA）,GA,348,0.0379134899125958
XAM-N6,遗传算法（GA）,GA,349,0.0379134899125958
XAM-N6,遗传算法（GA）,GA,350,0.0379134899125958
XAM-N6,遗传算法（GA）,GA,351,0.0379134899125958
XAM-N6,遗传算法（GA）,GA,352,0.0379134899125958
XAM-N6,遗传算法（GA）,GA,353,0.0379134899125958
XAM-N6,遗传算法（GA）,GA,354,0.0379134899125958
XAM-N6,遗传算法（GA）,GA,355,0.0379134899125958
XAM-N6,遗传算法（GA）,GA,356,0.0379134899125958
XAM-N6,遗传算法（GA）,GA,357,0.0379134899125958
XAM-N6,遗传算法（GA）,GA,358,0.0379134899125958
XAM-N6,遗传算法（GA）,GA,359,0.0379134899125958
XAM-N6,遗传算法（GA）,GA,360,0.0379134899125958
XAM-N6,遗传算法（GA）,GA,361,0.0379134899125958
XAM-N6,遗传算法（GA）,GA,362,0.0379134899125958
XAM-N6,遗传算法（GA）,GA,363,0.0379134899125958
XAM-N6,遗传算法（GA）,GA,364,0.0379134899125958
XAM-N6,遗传算法（GA）,GA,365,0.0379134899125958
XAM-N6,遗传算法（GA）,GA,366,0.0379134899125958
XAM-N6,遗传算法（GA）,GA,367,0.0379134899125958
XAM-N6,遗传算法（GA）,GA,368,0.0379134899125958
XAM-N6,遗传算法（GA）,GA,369,0.0379134899125958
XAM-N6,遗传算法（GA）,GA,370,0.0379134899125958
XAM-N6,遗传算法（GA）,GA,371,0.0379134899125958
XAM-N6,遗传算法（GA）,GA,372,0.0379134899125958
XAM-N6,遗传算法（GA）,GA,373,0.0379134899125958
XAM-N6,遗传算法（GA）,GA,374,0.0379134899125958
XAM-N6,遗传算法（GA）,GA,375,0.0379134899125958
XAM-N6,遗传算法（GA）,GA,376,0.0379134899125958
XAM-N6,遗传算法（GA）,GA,377,0.0379134899125958
XAM-N6,遗传算法（GA）,GA,378,0.0379134899125958
XAM-N6,遗传算法（GA）,GA,379,0.0379134899125958
XAM-N6,遗传算法（GA）,GA,380,0.0379134899125958
XAM-N6,遗传算法（GA）,GA,381,0.0379134899125958
XAM-N6,遗传算法（GA）,GA,382,0.0379134899125958
XAM-N6,遗传算法（GA）,GA,383,0.0379134899125958
XAM-N6,遗传算法（GA）,GA,384,0.0379134899125958
XAM-N6,遗传算法（GA）,GA,385,0.0379134899125958
XAM-N6,遗传算法（GA）,GA,386,0.0379134899125958
XAM-N6,遗传算法（GA）,GA,387,0.0379134899125958
XAM-N6,遗传算法（GA）,GA,388,0.0379134899125958
XAM-N6,遗传算法（GA）,GA,389,0.0379134899125958
XAM-N6,遗传算法（GA）,GA,390,0.0379134899125958
XAM-N6,遗传算法（GA）,GA,391,0.0379134899125958
XAM-N6,遗传算法（GA）,GA,392,0.0379134899125958
XAM-N6,遗传算法（GA）,GA,393,0.0379134899125958
XAM-N6,遗传算法（GA）,GA,394,0.0379134899125958
XAM-N6,遗传算法（GA）,GA,395,0.0379134899125958
XAM-N6,遗传算法（GA）,GA,396,0.0379134899125958
XAM-N6,遗传算法（GA）,GA,397,0.0379134899125958
XAM-N6,遗传算法（GA）,GA,398,0.0379134899125958
XAM-N6,遗传算法（GA）,GA,399,0.0379134899125958
XAM-N6,遗传算法（GA）,GA,400,0.0379134899125958
XAM-N6,遗传算法（GA）,GA,401,0.0379134899125958
XAM-N6,遗传算法（GA）,GA,402,0.0379134899125958
XAM-N6,遗传算法（GA）,GA,403,0.0379134899125958
XAM-N6,遗传算法（GA）,GA,404,0.0379134899125958
XAM-N6,遗传算法（GA）,GA,405,0.0379134899125958
XAM-N6,遗传算法（GA）,GA,406,0.0379134899125958
XAM-N6,遗传算法（GA）,GA,407,0.0379134899125958
XAM-N6,遗传算法（GA）,GA,408,0.0379134899125958
XAM-N6,遗传算法（GA）,GA,409,0.0379134899125958
XAM-N6,遗传算法（GA）,GA,410,0.0379134899125958
XAM-N6,遗传算法（GA）,GA,411,0.0379134899125958
XAM-N6,遗传算法（GA）,GA,412,0.0379134899125958
XAM-N6,遗传算法（GA）,GA,413,0.0379134899125958
XAM-N6,遗传算法（GA）,GA,414,0.0379134899125958
XAM-N6,遗传算法（GA）,GA,415,0.0379134899125958
XAM-N6,遗传算法（GA）,GA,416,0.0379134899125958
XAM-N6,遗传算法（GA）,GA,417,0.0379134899125958
XAM-N6,遗传算法（GA）,GA,418,0.0379134899125958
XAM-N6,遗传算法（GA）,GA,419,0.0379134899125958
XAM-N6,遗传算法（GA）,GA,420,0.0379134899125958
XAM-N6,遗传算法（GA）,GA,421,0.0379134899125958
XAM-N6,遗传算法（GA）,GA,422,0.0379134899125958
XAM-N6,遗传算法（GA）,GA,423,0.0379134899125958
XAM-N6,遗传算法（GA）,GA,424,0.0379134899125958
XAM-N6,遗传算法（GA）,GA,425,0.0379134899125958
XAM-N6,遗传算法（GA）,GA,426,0.0379134899125958
XAM-N6,遗传算法（GA）,GA,427,0.0379134899125958
XAM-N6,遗传算法（GA）,GA,428,0.0379134899125958
XAM-N6,遗传算法（GA）,GA,429,0.0379134899125958
XAM-N6,遗传算法（GA）,GA,430,0.0379134899125958
XAM-N6,遗传算法（GA）,GA,431,0.0379134899125958
XAM-N6,遗传算法（GA）,GA,432,0.0379134899125958
XAM-N6,遗传算法（GA）,GA,433,0.0379134899125958
XAM-N6,遗传算法（GA）,GA,434,0.0379134899125958
XAM-N6,遗传算法（GA）,GA,435,0.0379134899125958
XAM-N6,遗传算法（GA）,GA,436,0.0379134899125958
XAM-N6,遗传算法（GA）,GA,437,0.0379134899125958
XAM-N6,遗传算法（GA）,GA,438,0.0379134899125958
XAM-N6,遗传算法（GA）,GA,439,0.0379134899125958
XAM-N6,遗传算法（GA）,GA,440,0.0379134899125958
XAM-N6,遗传算法（GA）,GA,441,0.0379134899125958
XAM-N6,遗传算法（GA）,GA,442,0.0379134899125958
XAM-N6,遗传算法（GA）,GA,443,0.0379134899125958
XAM-N6,遗传算法（GA）,GA,444,0.0379134899125958
XAM-N6,遗传算法（GA）,GA,445,0.0379134899125958
XAM-N6,遗传算法（GA）,GA,446,0.0379134899125958
XAM-N6,遗传算法（GA）,GA,447,0.0379134899125958
XAM-N6,遗传算法（GA）,GA,448,0.0379134899125958
XAM-N6,遗传算法（GA）,GA,449,0.0379134899125958
XAM-N6,遗传算法（GA）,GA,450,0.0379134899125958
XAM-N6,遗传算法（GA）,GA,451,0.0379134899125958
XAM-N6,遗传算法（GA）,GA,452,0.0379134899125958
XAM-N6,遗传算法（GA）,GA,453,0.0379134899125958
XAM-N6,遗传算法（GA）,GA,454,0.0379134899125958
XAM-N6,遗传算法（GA）,GA,455,0.0379134899125958
XAM-N6,遗传算法（GA）,GA,456,0.0379134899125958
XAM-N6,遗传算法（GA）,GA,457,0.0379134899125958
XAM-N6,遗传算法（GA）,GA,458,0.0379134899125958
XAM-N6,遗传算法（GA）,GA,459,0.0379134899125958
XAM-N6,遗传算法（GA）,GA,460,0.0379134899125958
XAM-N6,遗传算法（GA）,GA,461,0.0379134899125958
XAM-N6,遗传算法（GA）,GA,462,0.0379134899125958
XAM-N6,遗传算法（GA）,GA,463,0.0379134899125958
XAM-N6,遗传算法（GA）,GA,464,0.0379134899125958
XAM-N6,遗传算法（GA）,GA,465,0.0379134899125958
XAM-N6,遗传算法（GA）,GA,466,0.0379134899125958
XAM-N6,遗传算法（GA）,GA,467,0.0379134899125958
XAM-N6,遗传算法（GA）,GA,468,0.0379134899125958
XAM-N6,遗传算法（GA）,GA,469,0.0379134899125958
XAM-N6,遗传算法（GA）,GA,470,0.0379134899125958
XAM-N6,遗传算法（GA）,GA,471,0.0379134899125958
XAM-N6,遗传算法（GA）,GA,472,0.0379134899125958
XAM-N6,遗传算法（GA）,GA,473,0.0379134899125958
XAM-N6,遗传算法（GA）,GA,474,0.0379134899125958
XAM-N6,遗传算法（GA）,GA,475,0.0379134899125958
XAM-N6,遗传算法（GA）,GA,476,0.0379134899125958
XAM-N6,遗传算法（GA）,GA,477,0.0379134899125958
XAM-N6,遗传算法（GA）,GA,478,0.0379134899125958
XAM-N6,遗传算法（GA）,GA,479,0.0379134899125958
XAM-N6,遗传算法（GA）,GA,480,0.0379134899125958
XAM-N6,遗传算法（GA）,GA,481,0.0379134899125958
XAM-N6,遗传算法（GA）,GA,482,0.0379134899125958
XAM-N6,遗传算法（GA）,GA,483,0.0379134899125958
XAM-N6,遗传算法（GA）,GA,484,0.0379134899125958
XAM-N6,遗传算法（GA）,GA,485,0.0379134899125958
XAM-N6,遗传算法（GA）,GA,486,0.0379134899125958
XAM-N6,遗传算法（GA）,GA,487,0.0379134899125958
XAM-N6,遗传算法（GA）,GA,488,0.0379134899125958
XAM-N6,遗传算法（GA）,GA,489,0.0379134899125958
XAM-N6,遗传算法（GA）,GA,490,0.0379134899125958
XAM-N6,遗传算法（GA）,GA,491,0.0379134899125958
XAM-N6,遗传算法（GA）,GA,492,0.0379134899125958
XAM-N6,遗传算法（GA）,GA,493,0.0379134899125958
XAM-N6,遗传算法（GA）,GA,494,0.0379134899125958
XAM-N6,遗传算法（GA）,GA,495,0.0379134899125958
XAM-N6,遗传算法（GA）,GA,496,0.0379134899125958
XAM-N6,遗传算法（GA）,GA,497,0.0379134899125958
XAM-N6,遗传算法（GA）,GA,498,0.0379134899125958
XAM-N6,遗传算法（GA）,GA,499,0.0379134899125958
XAM-N6,遗传算法（GA）,GA,500,0.0379134899125958
XAM-N6,遗传算法（GA）,GA,501,0.0379134899125958
XAM-N6,遗传算法（GA）,GA,502,0.0379134899125958
XAM-N6,遗传算法（GA）,GA,503,0.0379134899125958
XAM-N6,遗传算法（GA）,GA,504,0.0379134899125958
XAM-N6,遗传算法（GA）,GA,505,0.0379134899125958
XAM-N6,遗传算法（GA）,GA,506,0.0379134899125958
XAM-N6,遗传算法（GA）,GA,507,0.0379134899125958
XAM-N6,遗传算法（GA）,GA,508,0.0379134899125958
XAM-N6,遗传算法（GA）,GA,509,0.0379134899125958
XAM-N6,遗传算法（GA）,GA,510,0.0379134899125958
XAM-N6,遗传算法（GA）,GA,511,0.0379134899125958
XAM-N6,遗传算法（GA）,GA,512,0.0379134899125958
XAM-N6,遗传算法（GA）,GA,513,0.0379134899125958
XAM-N6,遗传算法（GA）,GA,514,0.0379134899125958
XAM-N6,遗传算法（GA）,GA,515,0.0379134899125958
XAM-N6,遗传算法（GA）,GA,516,0.0379134899125958
XAM-N6,遗传算法（GA）,GA,517,0.0379134899125958
XAM-N6,遗传算法（GA）,GA,518,0.0379134899125958
XAM-N6,遗传算法（GA）,GA,519,0.0379134899125958
XAM-N6,遗传算法（GA）,GA,520,0.0379134899125958
XAM-N6,遗传算法（GA）,GA,521,0.0379134899125958
XAM-N6,遗传算法（GA）,GA,522,0.0379134899125958
XAM-N6,遗传算法（GA）,GA,523,0.0379134899125958
XAM-N6,遗传算法（GA）,GA,524,0.0379134899125958
XAM-N6,遗传算法（GA）,GA,525,0.0379134899125958
XAM-N6,遗传算法（GA）,GA,526,0.0379134899125958
XAM-N6,遗传算法（GA）,GA,527,0.0379134899125958
XAM-N6,遗传算法（GA）,GA,528,0.0379134899125958
XAM-N6,遗传算法（GA）,GA,529,0.0379134899125958
XAM-N6,遗传算法（GA）,GA,530,0.0379134899125958
XAM-N6,遗传算法（GA）,GA,531,0.0379134899125958
XAM-N6,遗传算法（GA）,GA,532,0.0379134899125958
XAM-N6,遗传算法（GA）,GA,533,0.0379134899125958
XAM-N6,遗传算法（GA）,GA,534,0.0379134899125958
XAM-N6,遗传算法（GA）,GA,535,0.0379134899125958
XAM-N6,遗传算法（GA）,GA,536,0.0379134899125958
XAM-N6,遗传算法（GA）,GA,537,0.0379134899125958
XAM-N6,遗传算法（GA）,GA,538,0.0379134899125958
XAM-N6,遗传算法（GA）,GA,539,0.0379134899125958
XAM-N6,遗传算法（GA）,GA,540,0.0379134899125958
XAM-N6,遗传算法（GA）,GA,541,0.0379134899125958
XAM-N6,遗传算法（GA）,GA,542,0.0379134899125958
XAM-N6,遗传算法（GA）,GA,543,0.0379134899125958
XAM-N6,遗传算法（GA）,GA,544,0.0379134899125958
XAM-N6,遗传算法（GA）,GA,545,0.0379134899125958
XAM-N6,遗传算法（GA）,GA,546,0.0379134899125958
XAM-N6,遗传算法（GA）,GA,547,0.0379134899125958
XAM-N6,遗传算法（GA）,GA,548,0.0379134899125958
XAM-N6,遗传算法（GA）,GA,549,0.0379134899125958
XAM-N6,遗传算法（GA）,GA,550,0.0379134899125958
XAM-N6,遗传算法（GA）,GA,551,0.0379134899125958
XAM-N6,遗传算法（GA）,GA,552,0.0379134899125958
XAM-N6,遗传算法（GA）,GA,553,0.0379134899125958
XAM-N6,遗传算法（GA）,GA,554,0.0379134899125958
XAM-N6,遗传算法（GA）,GA,555,0.0379134899125958
XAM-N6,遗传算法（GA）,GA,556,0.0379134899125958
XAM-N6,遗传算法（GA）,GA,557,0.0379134899125958
XAM-N6,遗传算法（GA）,GA,558,0.0379134899125958
XAM-N6,遗传算法（GA）,GA,559,0.0379134899125958
XAM-N6,遗传算法（GA）,GA,560,0.0379134899125958
XAM-N6,遗传算法（GA）,GA,561,0.0379134899125958
XAM-N6,遗传算法（GA）,GA,562,0.0379134899125958
XAM-N6,遗传算法（GA）,GA,563,0.0379134899125958
XAM-N6,遗传算法（GA）,GA,564,0.0379134899125958
XAM-N6,遗传算法（GA）,GA,565,0.0379134899125958
XAM-N6,遗传算法（GA）,GA,566,0.0379134899125958
XAM-N6,遗传算法（GA）,GA,567,0.0379134899125958
XAM-N6,遗传算法（GA）,GA,568,0.0379134899125958
XAM-N6,遗传算法（GA）,GA,569,0.0379134899125958
XAM-N6,遗传算法（GA）,GA,570,0.0379134899125958
XAM-N6,遗传算法（GA）,GA,571,0.0379134899125958
XAM-N6,遗传算法（GA）,GA,572,0.0379134899125958
XAM-N6,遗传算法（GA）,GA,573,0.0379134899125958
XAM-N6,遗传算法（GA）,GA,574,0.0379134899125958
XAM-N6,遗传算法（GA）,GA,575,0.0379134899125958
XAM-N6,遗传算法（GA）,GA,576,0.0379134899125958
XAM-N6,遗传算法（GA）,GA,577,0.0379134899125958
XAM-N6,遗传算法（GA）,GA,578,0.0379134899125958
XAM-N6,遗传算法（GA）,GA,579,0.0379134899125958
XAM-N6,遗传算法（GA）,GA,580,0.0379134899125958
XAM-N6,遗传算法（GA）,GA,581,0.0379134899125958
XAM-N6,遗传算法（GA）,GA,582,0.0379134899125958
XAM-N6,遗传算法（GA）,GA,583,0.0379134899125958
XAM-N6,遗传算法（GA）,GA,584,0.0379134899125958
XAM-N6,遗传算法（GA）,GA,585,0.0379134899125958
XAM-N6,遗传算法（GA）,GA,586,0.0379134899125958
XAM-N6,遗传算法（GA）,GA,587,0.0379134899125958
XAM-N6,遗传算法（GA）,GA,588,0.0379134899125958
XAM-N6,遗传算法（GA）,GA,589,0.0379134899125958
XAM-N6,遗传算法（GA）,GA,590,0.0379134899125958
XAM-N6,遗传算法（GA）,GA,591,0.0379134899125958
XAM-N6,遗传算法（GA）,GA,592,0.0379134899125958
XAM-N6,遗传算法（GA）,GA,593,0.0379134899125958
XAM-N6,遗传算法（GA）,GA,594,0.0379134899125958
XAM-N6,遗传算法（GA）,GA,595,0.0379134899125958
XAM-N6,遗传算法（GA）,GA,596,0.0379134899125958
XAM-N6,遗传算法（GA）,GA,597,0.0379134899125958
XAM-N6,遗传算法（GA）,GA,598,0.0379134899125958
XAM-N6,遗传算法（GA）,GA,599,0.0379134899125958
XAM-N6,遗传算法（GA）,GA,600,0.0379134899125958
XAM-N6,遗传算法（GA）,GA,601,0.0379134899125958
XAM-N6,遗传算法（GA）,GA,602,0.0379134899125958
XAM-N6,遗传算法（GA）,GA,603,0.0379134899125958
XAM-N6,遗传算法（GA）,GA,604,0.0379134899125958
XAM-N6,遗传算法（GA）,GA,605,0.0379134899125958
XAM-N6,遗传算法（GA）,GA,606,0.03397836486198324
XAM-N6,遗传算法（GA）,GA,607,0.03397836486198324
XAM-N6,遗传算法（GA）,GA,608,0.03397836486198324
XAM-N6,遗传算法（GA）,GA,609,0.03397836486198324
XAM-N6,遗传算法（GA）,GA,610,0.03397836486198324
XAM-N6,遗传算法（GA）,GA,611,0.03397836486198324
XAM-N6,遗传算法（GA）,GA,612,0.03397836486198324
XAM-N6,遗传算法（GA）,GA,613,0.03397836486198324
XAM-N6,遗传算法（GA）,GA,614,0.03397836486198324
XAM-N6,遗传算法（GA）,GA,615,0.03397836486198324
XAM-N6,遗传算法（GA）,GA,616,0.03397836486198324
XAM-N6,遗传算法（GA）,GA,617,0.03397836486198324
XAM-N6,遗传算法（GA）,GA,618,0.03397836486198324
XAM-N6,遗传算法（GA）,GA,619,0.03397836486198324
XAM-N6,遗传算法（GA）,GA,620,0.03397836486198324
XAM-N6,遗传算法（GA）,GA,621,0.03397836486198324
XAM-N6,遗传算法（GA）,GA,622,0.03397836486198324
XAM-N6,遗传算法（GA）,GA,623,0.03397836486198324
XAM-N6,遗传算法（GA）,GA,624,0.03397836486198324
XAM-N6,遗传算法（GA）,GA,625,0.03397836486198324
XAM-N6,遗传算法（GA）,GA,626,0.03397836486198324
XAM-N6,遗传算法（GA）,GA,627,0.03397836486198324
XAM-N6,遗传算法（GA）,GA,628,0.03397836486198324
XAM-N6,遗传算法（GA）,GA,629,0.03397836486198324
XAM-N6,遗传算法（GA）,GA,630,0.03397836486198324
XAM-N6,遗传算法（GA）,GA,631,0.03397836486198324
XAM-N6,遗传算法（GA）,GA,632,0.03397836486198324
XAM-N6,遗传算法（GA）,GA,633,0.03397836486198324
XAM-N6,遗传算法（GA）,GA,634,0.03397836486198324
XAM-N6,遗传算法（GA）,GA,635,0.03397836486198324
XAM-N6,遗传算法（GA）,GA,636,0.03397836486198324
XAM-N6,遗传算法（GA）,GA,637,0.03397836486198324
XAM-N6,遗传算法（GA）,GA,638,0.03397836486198324
XAM-N6,遗传算法（GA）,GA,639,0.03397836486198324
XAM-N6,遗传算法（GA）,GA,640,0.03397836486198324
XAM-N6,遗传算法（GA）,GA,641,0.03397836486198324
XAM-N6,遗传算法（GA）,GA,642,0.03397836486198324
XAM-N6,遗传算法（GA）,GA,643,0.03397836486198324
XAM-N6,遗传算法（GA）,GA,644,0.03397836486198324
XAM-N6,遗传算法（GA）,GA,645,0.03397836486198324
XAM-N6,遗传算法（GA）,GA,646,0.03397836486198324
XAM-N6,遗传算法（GA）,GA,647,0.03397836486198324
XAM-N6,遗传算法（GA）,GA,648,0.03397836486198324
XAM-N6,遗传算法（GA）,GA,649,0.03397836486198324
XAM-N6,遗传算法（GA）,GA,650,0.03397836486198324
XAM-N6,遗传算法（GA）,GA,651,0.03397836486198324
XAM-N6,遗传算法（GA）,GA,652,0.03397836486198324
XAM-N6,遗传算法（GA）,GA,653,0.03397836486198324
XAM-N6,遗传算法（GA）,GA,654,0.03397836486198324
XAM-N6,遗传算法（GA）,GA,655,0.03397836486198324
XAM-N6,遗传算法（GA）,GA,656,0.03397836486198324
XAM-N6,遗传算法（GA）,GA,657,0.03397836486198324
XAM-N6,遗传算法（GA）,GA,658,0.03397836486198324
XAM-N6,遗传算法（GA）,GA,659,0.03397836486198324
XAM-N6,遗传算法（GA）,GA,660,0.03397836486198324
XAM-N6,遗传算法（GA）,GA,661,0.03397836486198324
XAM-N6,遗传算法（GA）,GA,662,0.03397836486198324
XAM-N6,遗传算法（GA）,GA,663,0.03397836486198324
XAM-N6,遗传算法（GA）,GA,664,0.03397836486198324
XAM-N6,遗传算法（GA）,GA,665,0.03397836486198324
XAM-N6,遗传算法（GA）,GA,666,0.03397836486198324
XAM-N6,遗传算法（GA）,GA,667,0.03397836486198324
XAM-N6,遗传算法（GA）,GA,668,0.03397836486198324
XAM-N6,遗传算法（GA）,GA,669,0.03397836486198324
XAM-N6,遗传算法（GA）,GA,670,0.03397836486198324
XAM-N6,遗传算法（GA）,GA,671,0.03397836486198324
XAM-N6,遗传算法（GA）,GA,672,0.03397836486198324
XAM-N6,遗传算法（GA）,GA,673,0.03397836486198324
XAM-N6,遗传算法（GA）,GA,674,0.03397836486198324
XAM-N6,遗传算法（GA）,GA,675,0.03397836486198324
XAM-N6,遗传算法（GA）,GA,676,0.03397836486198324
XAM-N6,遗传算法（GA）,GA,677,0.03397836486198324
XAM-N6,遗传算法（GA）,GA,678,0.03397836486198324
XAM-N6,遗传算法（GA）,GA,679,0.03397836486198324
XAM-N6,遗传算法（GA）,GA,680,0.03397836486198324
XAM-N6,遗传算法（GA）,GA,681,0.03397836486198324
XAM-N6,遗传算法（GA）,GA,682,0.03397836486198324
XAM-N6,遗传算法（GA）,GA,683,0.03397836486198324
XAM-N6,遗传算法（GA）,GA,684,0.03397836486198324
XAM-N6,遗传算法（GA）,GA,685,0.03397836486198324
XAM-N6,遗传算法（GA）,GA,686,0.03397836486198324
XAM-N6,遗传算法（GA）,GA,687,0.03397836486198324
XAM-N6,遗传算法（GA）,GA,688,0.03397836486198324
XAM-N6,遗传算法（GA）,GA,689,0.03397836486198324
XAM-N6,遗传算法（GA）,GA,690,0.03397836486198324
XAM-N6,遗传算法（GA）,GA,691,0.03397836486198324
XAM-N6,遗传算法（GA）,GA,692,0.03397836486198324
XAM-N6,遗传算法（GA）,GA,693,0.03397836486198324
XAM-N6,遗传算法（GA）,GA,694,0.03397836486198324
XAM-N6,遗传算法（GA）,GA,695,0.03397836486198324
XAM-N6,遗传算法（GA）,GA,696,0.03397836486198324
XAM-N6,遗传算法（GA）,GA,697,0.03397836486198324
XAM-N6,遗传算法（GA）,GA,698,0.03397836486198324
XAM-N6,遗传算法（GA）,GA,699,0.03397836486198324
XAM-N6,遗传算法（GA）,GA,700,0.03397836486198324
XAM-N6,遗传算法（GA）,GA,701,0.03397836486198324
XAM-N6,遗传算法（GA）,GA,702,0.03397836486198324
XAM-N6,遗传算法（GA）,GA,703,0.03397836486198324
XAM-N6,遗传算法（GA）,GA,704,0.03397836486198324
XAM-N6,遗传算法（GA）,GA,705,0.03397836486198324
XAM-N6,遗传算法（GA）,GA,706,0.03397836486198324
XAM-N6,遗传算法（GA）,GA,707,0.03397836486198324
XAM-N6,遗传算法（GA）,GA,708,0.03397836486198324
XAM-N6,遗传算法（GA）,GA,709,0.03397836486198324
XAM-N6,遗传算法（GA）,GA,710,0.03397836486198324
XAM-N6,遗传算法（GA）,GA,711,0.03397836486198324
XAM-N6,遗传算法（GA）,GA,712,0.03397836486198324
XAM-N6,遗传算法（GA）,GA,713,0.03397836486198324
XAM-N6,遗传算法（GA）,GA,714,0.03397836486198324
XAM-N6,遗传算法（GA）,GA,715,0.03397836486198324
XAM-N6,遗传算法（GA）,GA,716,0.03397836486198324
XAM-N6,遗传算法（GA）,GA,717,0.03397836486198324
XAM-N6,遗传算法（GA）,GA,718,0.03397836486198324
XAM-N6,遗传算法（GA）,GA,719,0.03397836486198324
XAM-N6,遗传算法（GA）,GA,720,0.03397836486198324
XAM-N6,遗传算法（GA）,GA,721,0.03397836486198324
XAM-N6,遗传算法（GA）,GA,722,0.03397836486198324
XAM-N6,遗传算法（GA）,GA,723,0.03397836486198324
XAM-N6,遗传算法（GA）,GA,724,0.03397836486198324
XAM-N6,遗传算法（GA）,GA,725,0.03397836486198324
XAM-N6,遗传算法（GA）,GA,726,0.03397836486198324
XAM-N6,遗传算法（GA）,GA,727,0.03397836486198324
XAM-N6,遗传算法（GA）,GA,728,0.03397836486198324
XAM-N6,遗传算法（GA）,GA,729,0.03397836486198324
XAM-N6,遗传算法（GA）,GA,730,0.03397836486198324
XAM-N6,遗传算法（GA）,GA,731,0.03397836486198324
XAM-N6,遗传算法（GA）,GA,732,0.03397836486198324
XAM-N6,遗传算法（GA）,GA,733,0.03397836486198324
XAM-N6,遗传算法（GA）,GA,734,0.03397836486198324
XAM-N6,遗传算法（GA）,GA,735,0.03397836486198324
XAM-N6,遗传算法（GA）,GA,736,0.03397836486198324
XAM-N6,遗传算法（GA）,GA,737,0.03397836486198324
XAM-N6,遗传算法（GA）,GA,738,0.03397836486198324
XAM-N6,遗传算法（GA）,GA,739,0.03397836486198324
XAM-N6,遗传算法（GA）,GA,740,0.03397836486198324
XAM-N6,遗传算法（GA）,GA,741,0.03397836486198324
XAM-N6,遗传算法（GA）,GA,742,0.03397836486198324
XAM-N6,遗传算法（GA）,GA,743,0.03397836486198324
XAM-N6,遗传算法（GA）,GA,744,0.03397836486198324
XAM-N6,遗传算法（GA）,GA,745,0.03397836486198324
XAM-N6,遗传算法（GA）,GA,746,0.03397836486198324
XAM-N6,遗传算法（GA）,GA,747,0.03397836486198324
XAM-N6,遗传算法（GA）,GA,748,0.03397836486198324
XAM-N6,遗传算法（GA）,GA,749,0.03397836486198324
XAM-N6,遗传算法（GA）,GA,750,0.03397836486198324
XAM-N6,遗传算法（GA）,GA,751,0.03397836486198324
XAM-N6,遗传算法（GA）,GA,752,0.03397836486198324
XAM-N6,遗传算法（GA）,GA,753,0.03397836486198324
XAM-N6,遗传算法（GA）,GA,754,0.03397836486198324
XAM-N6,遗传算法（GA）,GA,755,0.03397836486198324
XAM-N6,遗传算法（GA）,GA,756,0.03397836486198324
XAM-N6,遗传算法（GA）,GA,757,0.03397836486198324
XAM-N6,遗传算法（GA）,GA,758,0.03397836486198324
XAM-N6,遗传算法（GA）,GA,759,0.03397836486198324
XAM-N6,遗传算法（GA）,GA,760,0.03397836486198324
XAM-N6,遗传算法（GA）,GA,761,0.03397836486198324
XAM-N6,遗传算法（GA）,GA,762,0.03397836486198324
XAM-N6,遗传算法（GA）,GA,763,0.03397836486198324
XAM-N6,遗传算法（GA）,GA,764,0.03397836486198324
XAM-N6,遗传算法（GA）,GA,765,0.03397836486198324
XAM-N6,无LHS（随机 101）,No-LHS,1,0.35108310896951095
XAM-N6,无LHS（随机 101）,No-LHS,2,0.3146975450215905
XAM-N6,无LHS（随机 101）,No-LHS,3,0.2518517091612859
XAM-N6,无LHS（随机 101）,No-LHS,4,0.2325686955148801
XAM-N6,无LHS（随机 101）,No-LHS,5,0.2325686955148801
XAM-N6,无LHS（随机 101）,No-LHS,6,0.19111934459624821
XAM-N6,无LHS（随机 101）,No-LHS,7,0.19111934459624821
XAM-N6,无LHS（随机 101）,No-LHS,8,0.19111934459624821
XAM-N6,无LHS（随机 101）,No-LHS,9,0.19111934459624821
XAM-N6,无LHS（随机 101）,No-LHS,10,0.19111934459624821
XAM-N6,无LHS（随机 101）,No-LHS,11,0.17201862469004897
XAM-N6,无LHS（随机 101）,No-LHS,12,0.17201862469004897
XAM-N6,无LHS（随机 101）,No-LHS,13,0.1282785380345429
XAM-N6,无LHS（随机 101）,No-LHS,14,0.1282785380345429
XAM-N6,无LHS（随机 101）,No-LHS,15,0.07198391189037837
XAM-N6,无LHS（随机 101）,No-LHS,16,0.07198391189037837
XAM-N6,无LHS（随机 101）,No-LHS,17,0.07198391189037837
XAM-N6,无LHS（随机 101）,No-LHS,18,0.07198391189037837
XAM-N6,无LHS（随机 101）,No-LHS,19,0.07198391189037837
XAM-N6,无LHS（随机 101）,No-LHS,20,0.07198391189037837
XAM-N6,无LHS（随机 101）,No-LHS,21,0.07198391189037837
XAM-N6,无LHS（随机 101）,No-LHS,22,0.07198391189037837
XAM-N6,无LHS（随机 101）,No-LHS,23,0.07198391189037837
XAM-N6,无LHS（随机 101）,No-LHS,24,0.07198391189037837
XAM-N6,无LHS（随机 101）,No-LHS,25,0.07198391189037837
XAM-N6,无LHS（随机 101）,No-LHS,26,0.07198391189037837
XAM-N6,无LHS（随机 101）,No-LHS,27,0.07198391189037837
XAM-N6,无LHS（随机 101）,No-LHS,28,0.07198391189037837
XAM-N6,无LHS（随机 101）,No-LHS,29,0.07198391189037837
XAM-N6,无LHS（随机 101）,No-LHS,30,0.07198391189037837
XAM-N6,无LHS（随机 101）,No-LHS,31,0.07198391189037837
XAM-N6,无LHS（随机 101）,No-LHS,32,0.07198391189037837
XAM-N6,无LHS（随机 101）,No-LHS,33,0.07198391189037837
XAM-N6,无LHS（随机 101）,No-LHS,34,0.07198391189037837
XAM-N6,无LHS（随机 101）,No-LHS,35,0.07198391189037837
XAM-N6,无LHS（随机 101）,No-LHS,36,0.07198391189037837
XAM-N6,无LHS（随机 101）,No-LHS,37,0.07198391189037837
XAM-N6,无LHS（随机 101）,No-LHS,38,0.07198391189037837
XAM-N6,无LHS（随机 101）,No-LHS,39,0.07198391189037837
XAM-N6,无LHS（随机 101）,No-LHS,40,0.07198391189037837
XAM-N6,无LHS（随机 101）,No-LHS,41,0.07198391189037837
XAM-N6,无LHS（随机 101）,No-LHS,42,0.07198391189037837
XAM-N6,无LHS（随机 101）,No-LHS,43,0.07198391189037837
XAM-N6,无LHS（随机 101）,No-LHS,44,0.07198391189037837
XAM-N6,无LHS（随机 101）,No-LHS,45,0.05648400149745943
XAM-N6,无LHS（随机 101）,No-LHS,46,0.05648400149745943
XAM-N6,无LHS（随机 101）,No-LHS,47,0.05648400149745943
XAM-N6,无LHS（随机 101）,No-LHS,48,0.05648400149745943
XAM-N6,无LHS（随机 101）,No-LHS,49,0.05648400149745943
XAM-N6,无LHS（随机 101）,No-LHS,50,0.05648400149745943
XAM-N6,无LHS（随机 101）,No-LHS,51,0.05648400149745943
XAM-N6,无LHS（随机 101）,No-LHS,52,0.05648400149745943
XAM-N6,无LHS（随机 101）,No-LHS,53,0.05648400149745943
XAM-N6,无LHS（随机 101）,No-LHS,54,0.05648400149745943
XAM-N6,无LHS（随机 101）,No-LHS,55,0.05648400149745943
XAM-N6,无LHS（随机 101）,No-LHS,56,0.05648400149745943
XAM-N6,无LHS（随机 101）,No-LHS,57,0.05648400149745943
XAM-N6,无LHS（随机 101）,No-LHS,58,0.05648400149745943
XAM-N6,无LHS（随机 101）,No-LHS,59,0.05648400149745943
XAM-N6,无LHS（随机 101）,No-LHS,60,0.05648400149745943
XAM-N6,无LHS（随机 101）,No-LHS,61,0.05648400149745943
XAM-N6,无LHS（随机 101）,No-LHS,62,0.05648400149745943
XAM-N6,无LHS（随机 101）,No-LHS,63,0.05648400149745943
XAM-N6,无LHS（随机 101）,No-LHS,64,0.05648400149745943
XAM-N6,无LHS（随机 101）,No-LHS,65,0.05648400149745943
XAM-N6,无LHS（随机 101）,No-LHS,66,0.05648400149745943
XAM-N6,无LHS（随机 101）,No-LHS,67,0.05648400149745943
XAM-N6,无LHS（随机 101）,No-LHS,68,0.05648400149745943
XAM-N6,无LHS（随机 101）,No-LHS,69,0.05648400149745943
XAM-N6,无LHS（随机 101）,No-LHS,70,0.05648400149745943
XAM-N6,无LHS（随机 101）,No-LHS,71,0.05648400149745943
XAM-N6,无LHS（随机 101）,No-LHS,72,0.05648400149745943
XAM-N6,无LHS（随机 101）,No-LHS,73,0.05648400149745943
XAM-N6,无LHS（随机 101）,No-LHS,74,0.05648400149745943
XAM-N6,无LHS（随机 101）,No-LHS,75,0.05648400149745943
XAM-N6,无LHS（随机 101）,No-LHS,76,0.05648400149745943
XAM-N6,无LHS（随机 101）,No-LHS,77,0.05648400149745943
XAM-N6,无LHS（随机 101）,No-LHS,78,0.05648400149745943
XAM-N6,无LHS（随机 101）,No-LHS,79,0.05648400149745943
XAM-N6,无LHS（随机 101）,No-LHS,80,0.05648400149745943
XAM-N6,无LHS（随机 101）,No-LHS,81,0.05648400149745943
XAM-N6,无LHS（随机 101）,No-LHS,82,0.05648400149745943
XAM-N6,无LHS（随机 101）,No-LHS,83,0.05648400149745943
XAM-N6,无LHS（随机 101）,No-LHS,84,0.05648400149745943
XAM-N6,无LHS（随机 101）,No-LHS,85,0.05648400149745943
XAM-N6,无LHS（随机 101）,No-LHS,86,0.05648400149745943
XAM-N6,无LHS（随机 101）,No-LHS,87,0.05648400149745943
XAM-N6,无LHS（随机 101）,No-LHS,88,0.05648400149745943
XAM-N6,无LHS（随机 101）,No-LHS,89,0.05648400149745943
XAM-N6,无LHS（随机 101）,No-LHS,90,0.04484788202477212
XAM-N6,无LHS（随机 101）,No-LHS,91,0.04484788202477212
XAM-N6,无LHS（随机 101）,No-LHS,92,0.04484788202477212
XAM-N6,无LHS（随机 101）,No-LHS,93,0.04484788202477212
XAM-N6,无LHS（随机 101）,No-LHS,94,0.04484788202477212
XAM-N6,无LHS（随机 101）,No-LHS,95,0.04484788202477212
XAM-N6,无LHS（随机 101）,No-LHS,96,0.04484788202477212
XAM-N6,无LHS（随机 101）,No-LHS,97,0.04484788202477212
XAM-N6,无LHS（随机 101）,No-LHS,98,0.04484788202477212
XAM-N6,无LHS（随机 101）,No-LHS,99,0.04484788202477212
XAM-N6,无LHS（随机 101）,No-LHS,100,0.04484788202477212
XAM-N6,无LHS（随机 101）,No-LHS,101,0.04484788202477212
XAM-N6,无RF（LHS 101）,No-RF,1,0.14532189107881785
XAM-N6,无RF（LHS 101）,No-RF,2,0.14532189107881785
XAM-N6,无RF（LHS 101）,No-RF,3,0.14532189107881785
XAM-N6,无RF（LHS 101）,No-RF,4,0.14532189107881785
XAM-N6,无RF（LHS 101）,No-RF,5,0.14532189107881785
XAM-N6,无RF（LHS 101）,No-RF,6,0.14532189107881785
XAM-N6,无RF（LHS 101）,No-RF,7,0.11193955673761755
XAM-N6,无RF（LHS 101）,No-RF,8,0.11193955673761755
XAM-N6,无RF（LHS 101）,No-RF,9,0.11193955673761755
XAM-N6,无RF（LHS 101）,No-RF,10,0.10825763947660656
XAM-N6,无RF（LHS 101）,No-RF,11,0.10825763947660656
XAM-N6,无RF（LHS 101）,No-RF,12,0.10825763947660656
XAM-N6,无RF（LHS 101）,No-RF,13,0.10825763947660656
XAM-N6,无RF（LHS 101）,No-RF,14,0.10825763947660656
XAM-N6,无RF（LHS 101）,No-RF,15,0.10825763947660656
XAM-N6,无RF（LHS 101）,No-RF,16,0.10825763947660656
XAM-N6,无RF（LHS 101）,No-RF,17,0.10825763947660656
XAM-N6,无RF（LHS 101）,No-RF,18,0.10825763947660656
XAM-N6,无RF（LHS 101）,No-RF,19,0.04243423557261125
XAM-N6,无RF（LHS 101）,No-RF,20,0.04243423557261125
XAM-N6,无RF（LHS 101）,No-RF,21,0.04243423557261125
XAM-N6,无RF（LHS 101）,No-RF,22,0.04243423557261125
XAM-N6,无RF（LHS 101）,No-RF,23,0.04243423557261125
XAM-N6,无RF（LHS 101）,No-RF,24,0.04243423557261125
XAM-N6,无RF（LHS 101）,No-RF,25,0.04243423557261125
XAM-N6,无RF（LHS 101）,No-RF,26,0.04243423557261125
XAM-N6,无RF（LHS 101）,No-RF,27,0.04243423557261125
XAM-N6,无RF（LHS 101）,No-RF,28,0.04243423557261125
XAM-N6,无RF（LHS 101）,No-RF,29,0.04243423557261125
XAM-N6,无RF（LHS 101）,No-RF,30,0.04243423557261125
XAM-N6,无RF（LHS 101）,No-RF,31,0.04243423557261125
XAM-N6,无RF（LHS 101）,No-RF,32,0.04243423557261125
XAM-N6,无RF（LHS 101）,No-RF,33,0.04243423557261125
XAM-N6,无RF（LHS 101）,No-RF,34,0.04243423557261125
XAM-N6,无RF（LHS 101）,No-RF,35,0.04243423557261125
XAM-N6,无RF（LHS 101）,No-RF,36,0.04243423557261125
XAM-N6,无RF（LHS 101）,No-RF,37,0.04243423557261125
XAM-N6,无RF（LHS 101）,No-RF,38,0.04243423557261125
XAM-N6,无RF（LHS 101）,No-RF,39,0.04243423557261125
XAM-N6,无RF（LHS 101）,No-RF,40,0.04243423557261125
XAM-N6,无RF（LHS 101）,No-RF,41,0.04243423557261125
XAM-N6,无RF（LHS 101）,No-RF,42,0.04243423557261125
XAM-N6,无RF（LHS 101）,No-RF,43,0.04243423557261125
XAM-N6,无RF（LHS 101）,No-RF,44,0.04243423557261125
XAM-N6,无RF（LHS 101）,No-RF,45,0.04243423557261125
XAM-N6,无RF（LHS 101）,No-RF,46,0.04243423557261125
XAM-N6,无RF（LHS 101）,No-RF,47,0.04243423557261125
XAM-N6,无RF（LHS 101）,No-RF,48,0.04243423557261125
XAM-N6,无RF（LHS 101）,No-RF,49,0.04243423557261125
XAM-N6,无RF（LHS 101）,No-RF,50,0.04243423557261125
XAM-N6,无RF（LHS 101）,No-RF,51,0.04243423557261125
XAM-N6,无RF（LHS 101）,No-RF,52,0.04243423557261125
XAM-N6,无RF（LHS 101）,No-RF,53,0.04243423557261125
XAM-N6,无RF（LHS 101）,No-RF,54,0.04243423557261125
XAM-N6,无RF（LHS 101）,No-RF,55,0.04243423557261125
XAM-N6,无RF（LHS 101）,No-RF,56,0.04243423557261125
XAM-N6,无RF（LHS 101）,No-RF,57,0.04243423557261125
XAM-N6,无RF（LHS 101）,No-RF,58,0.04243423557261125
XAM-N6,无RF（LHS 101）,No-RF,59,0.04243423557261125
XAM-N6,无RF（LHS 101）,No-RF,60,0.04243423557261125
XAM-N6,无RF（LHS 101）,No-RF,61,0.04243423557261125
XAM-N6,无RF（LHS 101）,No-RF,62,0.04243423557261125
XAM-N6,无RF（LHS 101）,No-RF,63,0.04243423557261125
XAM-N6,无RF（LHS 101）,No-RF,64,0.04243423557261125
XAM-N6,无RF（LHS 101）,No-RF,65,0.04243423557261125
XAM-N6,无RF（LHS 101）,No-RF,66,0.04243423557261125
XAM-N6,无RF（LHS 101）,No-RF,67,0.04243423557261125
XAM-N6,无RF（LHS 101）,No-RF,68,0.04243423557261125
XAM-N6,无RF（LHS 101）,No-RF,69,0.04243423557261125
XAM-N6,无RF（LHS 101）,No-RF,70,0.04243423557261125
XAM-N6,无RF（LHS 101）,No-RF,71,0.04243423557261125
XAM-N6,无RF（LHS 101）,No-RF,72,0.04243423557261125
XAM-N6,无RF（LHS 101）,No-RF,73,0.04243423557261125
XAM-N6,无RF（LHS 101）,No-RF,74,0.04243423557261125
XAM-N6,无RF（LHS 101）,No-RF,75,0.04243423557261125
XAM-N6,无RF（LHS 101）,No-RF,76,0.04243423557261125
XAM-N6,无RF（LHS 101）,No-RF,77,0.04243423557261125
XAM-N6,无RF（LHS 101）,No-RF,78,0.04243423557261125
XAM-N6,无RF（LHS 101）,No-RF,79,0.04243423557261125
XAM-N6,无RF（LHS 101）,No-RF,80,0.04243423557261125
XAM-N6,无RF（LHS 101）,No-RF,81,0.04243423557261125
XAM-N6,无RF（LHS 101）,No-RF,82,0.04243423557261125
XAM-N6,无RF（LHS 101）,No-RF,83,0.04243423557261125
XAM-N6,无RF（LHS 101）,No-RF,84,0.04243423557261125
XAM-N6,无RF（LHS 101）,No-RF,85,0.04243423557261125
XAM-N6,无RF（LHS 101）,No-RF,86,0.04243423557261125
XAM-N6,无RF（LHS 101）,No-RF,87,0.04243423557261125
XAM-N6,无RF（LHS 101）,No-RF,88,0.04243423557261125
XAM-N6,无RF（LHS 101）,No-RF,89,0.04243423557261125
XAM-N6,无RF（LHS 101）,No-RF,90,0.04243423557261125
XAM-N6,无RF（LHS 101）,No-RF,91,0.04243423557261125
XAM-N6,无RF（LHS 101）,No-RF,92,0.04243423557261125
XAM-N6,无RF（LHS 101）,No-RF,93,0.04243423557261125
XAM-N6,无RF（LHS 101）,No-RF,94,0.04243423557261125
XAM-N6,无RF（LHS 101）,No-RF,95,0.04243423557261125
XAM-N6,无RF（LHS 101）,No-RF,96,0.04243423557261125
XAM-N6,无RF（LHS 101）,No-RF,97,0.04243423557261125
XAM-N6,无RF（LHS 101）,No-RF,98,0.04243423557261125
XAM-N6,无RF（LHS 101）,No-RF,99,0.04243423557261125
XAM-N6,无RF（LHS 101）,No-RF,100,0.04243423557261125
XAM-N6,无RF（LHS 101）,No-RF,101,0.04243423557261125
XAM-N6,SPSA,SPSA,1,0.17344600826373097
XAM-N6,SPSA,SPSA,2,0.0978571974884026
XAM-N6,SPSA,SPSA,3,0.0978571974884026
XAM-N6,SPSA,SPSA,4,0.0978571974884026
XAM-N6,SPSA,SPSA,5,0.0978571974884026
XAM-N6,SPSA,SPSA,6,0.0978571974884026
XAM-N6,SPSA,SPSA,7,0.0978571974884026
XAM-N6,SPSA,SPSA,8,0.06985857983916072
XAM-N6,SPSA,SPSA,9,0.06985857983916072
XAM-N6,SPSA,SPSA,10,0.06985857983916072
XAM-N6,SPSA,SPSA,11,0.06985857983916072
XAM-N6,SPSA,SPSA,12,0.06985857983916072
XAM-N6,SPSA,SPSA,13,0.06985857983916072
XAM-N6,SPSA,SPSA,14,0.06985857983916072
XAM-N6,SPSA,SPSA,15,0.06985857983916072
XAM-N6,SPSA,SPSA,16,0.06985857983916072
XAM-N6,SPSA,SPSA,17,0.06985857983916072
XAM-N6,SPSA,SPSA,18,0.06985857983916072
XAM-N6,SPSA,SPSA,19,0.06985857983916072
XAM-N6,SPSA,SPSA,20,0.06985857983916072
XAM-N6,SPSA,SPSA,21,0.06985857983916072
XAM-N6,SPSA,SPSA,22,0.06985857983916072
XAM-N6,SPSA,SPSA,23,0.06985857983916072
XAM-N6,SPSA,SPSA,24,0.05450883779024856
XAM-N6,SPSA,SPSA,25,0.05450883779024856
XAM-N6,SPSA,SPSA,26,0.05450883779024856
XAM-N6,SPSA,SPSA,27,0.05450883779024856
XAM-N6,SPSA,SPSA,28,0.05450883779024856
XAM-N6,SPSA,SPSA,29,0.05450883779024856
XAM-N6,SPSA,SPSA,30,0.05450883779024856
XAM-N6,SPSA,SPSA,31,0.05450883779024856
XAM-N6,SPSA,SPSA,32,0.05450883779024856
XAM-N6,SPSA,SPSA,33,0.05450883779024856
XAM-N6,SPSA,SPSA,34,0.05450883779024856
XAM-N6,SPSA,SPSA,35,0.05450883779024856
XAM-N6,SPSA,SPSA,36,0.05450883779024856
XAM-N6,SPSA,SPSA,37,0.05450883779024856
XAM-N6,SPSA,SPSA,38,0.05450883779024856
XAM-N6,SPSA,SPSA,39,0.05450883779024856
XAM-N6,SPSA,SPSA,40,0.05450883779024856
XAM-N6,SPSA,SPSA,41,0.05450883779024856
XAM-N6,SPSA,SPSA,42,0.05450883779024856
XAM-N6,SPSA,SPSA,43,0.05450883779024856
XAM-N6,SPSA,SPSA,44,0.05450883779024856
XAM-N6,SPSA,SPSA,45,0.05450883779024856
XAM-N6,SPSA,SPSA,46,0.05450883779024856
XAM-N6,SPSA,SPSA,47,0.05450883779024856
XAM-N6,SPSA,SPSA,48,0.05450883779024856
XAM-N6,SPSA,SPSA,49,0.05450883779024856
XAM-N6,SPSA,SPSA,50,0.05450883779024856
XAM-N6,SPSA,SPSA,51,0.05450883779024856
XAM-N6,SPSA,SPSA,52,0.05450883779024856
XAM-N6,SPSA,SPSA,53,0.04801452411464646
XAM-N6,SPSA,SPSA,54,0.04801452411464646
XAM-N6,SPSA,SPSA,55,0.04801452411464646
XAM-N6,SPSA,SPSA,56,0.04801452411464646
XAM-N6,SPSA,SPSA,57,0.04801452411464646
XAM-N6,SPSA,SPSA,58,0.04801452411464646
XAM-N6,SPSA,SPSA,59,0.04801452411464646
XAM-N6,SPSA,SPSA,60,0.04801452411464646
XAM-N6,SPSA,SPSA,61,0.04801452411464646
XAM-N6,SPSA,SPSA,62,0.04801452411464646
XAM-N6,SPSA,SPSA,63,0.04801452411464646
XAM-N6,SPSA,SPSA,64,0.04801452411464646
XAM-N6,SPSA,SPSA,65,0.04801452411464646
XAM-N6,SPSA,SPSA,66,0.04801452411464646
XAM-N6,SPSA,SPSA,67,0.04801452411464646
XAM-N6,SPSA,SPSA,68,0.04801452411464646
XAM-N6,SPSA,SPSA,69,0.04801452411464646
XAM-N6,SPSA,SPSA,70,0.04801452411464646
XAM-N6,SPSA,SPSA,71,0.04801452411464646
XAM-N6,SPSA,SPSA,72,0.04801452411464646
XAM-N6,SPSA,SPSA,73,0.04801452411464646
XAM-N6,SPSA,SPSA,74,0.04801452411464646
XAM-N6,SPSA,SPSA,75,0.04801452411464646
XAM-N6,SPSA,SPSA,76,0.04801452411464646
XAM-N6,SPSA,SPSA,77,0.04801452411464646
XAM-N6,SPSA,SPSA,78,0.04801452411464646
XAM-N6,SPSA,SPSA,79,0.04801452411464646
XAM-N6,SPSA,SPSA,80,0.04801452411464646
XAM-N6,SPSA,SPSA,81,0.04801452411464646
XAM-N6,SPSA,SPSA,82,0.04801452411464646
XAM-N6,SPSA,SPSA,83,0.04801452411464646
XAM-N6,SPSA,SPSA,84,0.04801452411464646
XAM-N6,SPSA,SPSA,85,0.04801452411464646
XAM-N6,SPSA,SPSA,86,0.04801452411464646
XAM-N6,SPSA,SPSA,87,0.04801452411464646
XAM-N6,SPSA,SPSA,88,0.04801452411464646
XAM-N6,SPSA,SPSA,89,0.04801452411464646
XAM-N6,SPSA,SPSA,90,0.04801452411464646
XAM-N6,SPSA,SPSA,91,0.04801452411464646
XAM-N6,SPSA,SPSA,92,0.04801452411464646
XAM-N6,SPSA,SPSA,93,0.04801452411464646
XAM-N6,SPSA,SPSA,94,0.04801452411464646
XAM-N6,SPSA,SPSA,95,0.04801452411464646
XAM-N6,SPSA,SPSA,96,0.04801452411464646
XAM-N6,SPSA,SPSA,97,0.04801452411464646
XAM-N6,SPSA,SPSA,98,0.04801452411464646
XAM-N6,SPSA,SPSA,99,0.04801452411464646
XAM-N6,SPSA,SPSA,100,0.04801452411464646
XAM-N6,SPSA,SPSA,101,0.04801452411464646
XAM-N6,SPSA,SPSA,102,0.04801452411464646
XAM-N6,SPSA,SPSA,103,0.04801452411464646
XAM-N6,SPSA,SPSA,104,0.04801452411464646
XAM-N6,SPSA,SPSA,105,0.04801452411464646
XAM-N6,SPSA,SPSA,106,0.04801452411464646
XAM-N6,SPSA,SPSA,107,0.04801452411464646
XAM-N6,SPSA,SPSA,108,0.04801452411464646
XAM-N6,SPSA,SPSA,109,0.04801452411464646
XAM-N6,SPSA,SPSA,110,0.04801452411464646
XAM-N6,SPSA,SPSA,111,0.04801452411464646
XAM-N6,SPSA,SPSA,112,0.04801452411464646
XAM-N6,SPSA,SPSA,113,0.04801452411464646
XAM-N6,SPSA,SPSA,114,0.04801452411464646
XAM-N6,SPSA,SPSA,115,0.04801452411464646
XAM-N6,SPSA,SPSA,116,0.04801452411464646
XAM-N6,SPSA,SPSA,117,0.04801452411464646
XAM-N6,SPSA,SPSA,118,0.04801452411464646
XAM-N6,SPSA,SPSA,119,0.04801452411464646
XAM-N6,SPSA,SPSA,120,0.04801452411464646
XAM-N6,SPSA,SPSA,121,0.04801452411464646
XAM-N6,SPSA,SPSA,122,0.04801452411464646
XAM-N6,SPSA,SPSA,123,0.04801452411464646
XAM-N6,SPSA,SPSA,124,0.04801452411464646
XAM-N6,SPSA,SPSA,125,0.04801452411464646
XAM-N6,SPSA,SPSA,126,0.04801452411464646
XAM-N6,SPSA,SPSA,127,0.04801452411464646
XAM-N6,SPSA,SPSA,128,0.04801452411464646
XAM-N6,SPSA,SPSA,129,0.04801452411464646
XAM-N6,SPSA,SPSA,130,0.04801452411464646
XAM-N6,SPSA,SPSA,131,0.04801452411464646
XAM-N6,SPSA,SPSA,132,0.04801452411464646
XAM-N6,SPSA,SPSA,133,0.04801452411464646
XAM-N6,SPSA,SPSA,134,0.04801452411464646
XAM-N6,SPSA,SPSA,135,0.04801452411464646
XAM-N6,SPSA,SPSA,136,0.04801452411464646
XAM-N6,SPSA,SPSA,137,0.04801452411464646
XAM-N6,SPSA,SPSA,138,0.04801452411464646
XAM-N6,SPSA,SPSA,139,0.04801452411464646
XAM-N6,SPSA,SPSA,140,0.04801452411464646
XAM-N6,SPSA,SPSA,141,0.04801452411464646
XAM-N6,SPSA,SPSA,142,0.04801452411464646
XAM-N6,SPSA,SPSA,143,0.04801452411464646
XAM-N6,SPSA,SPSA,144,0.04801452411464646
XAM-N6,SPSA,SPSA,145,0.04801452411464646
XAM-N6,SPSA,SPSA,146,0.04801452411464646
XAM-N6,SPSA,SPSA,147,0.04801452411464646
XAM-N6,SPSA,SPSA,148,0.04801452411464646
XAM-N6,SPSA,SPSA,149,0.04801452411464646
XAM-N6,SPSA,SPSA,150,0.04801452411464646
XAM-N6,SPSA,SPSA,151,0.04801452411464646
XAM-N6,SPSA,SPSA,152,0.04801452411464646
XAM-N6,SPSA,SPSA,153,0.04801452411464646
XAM-N6,SPSA,SPSA,154,0.04801452411464646
XAM-N6,SPSA,SPSA,155,0.04801452411464646
XAM-N6,SPSA,SPSA,156,0.04801452411464646
XAM-N6,SPSA,SPSA,157,0.04801452411464646
XAM-N6,SPSA,SPSA,158,0.04801452411464646
XAM-N6,SPSA,SPSA,159,0.04801452411464646
XAM-N6,SPSA,SPSA,160,0.04801452411464646
XAM-N6,SPSA,SPSA,161,0.04801452411464646
XAM-N6,SPSA,SPSA,162,0.04801452411464646
XAM-N6,SPSA,SPSA,163,0.04801452411464646
XAM-N6,SPSA,SPSA,164,0.04801452411464646
XAM-N6,SPSA,SPSA,165,0.04801452411464646
XAM-N6,SPSA,SPSA,166,0.04801452411464646
XAM-N6,SPSA,SPSA,167,0.04801452411464646
XAM-N6,SPSA,SPSA,168,0.04801452411464646
XAM-N6,SPSA,SPSA,169,0.04801452411464646
XAM-N6,SPSA,SPSA,170,0.04801452411464646
XAM-N6,SPSA,SPSA,171,0.04801452411464646
XAM-N6,SPSA,SPSA,172,0.04801452411464646
XAM-N6,SPSA,SPSA,173,0.04801452411464646
XAM-N6,SPSA,SPSA,174,0.04801452411464646
XAM-N6,SPSA,SPSA,175,0.04801452411464646
XAM-N6,SPSA,SPSA,176,0.04801452411464646
XAM-N6,SPSA,SPSA,177,0.04801452411464646
XAM-N6,SPSA,SPSA,178,0.04801452411464646
XAM-N6,SPSA,SPSA,179,0.04801452411464646
XAM-N6,SPSA,SPSA,180,0.04801452411464646
XAM-N6,SPSA,SPSA,181,0.04801452411464646
XAM-N6,SPSA,SPSA,182,0.04801452411464646
XAM-N6,SPSA,SPSA,183,0.04801452411464646
XAM-N6,SPSA,SPSA,184,0.04801452411464646
XAM-N6,SPSA,SPSA,185,0.04801452411464646
XAM-N6,SPSA,SPSA,186,0.04801452411464646
XAM-N6,SPSA,SPSA,187,0.04801452411464646
XAM-N6,SPSA,SPSA,188,0.04801452411464646
XAM-N6,SPSA,SPSA,189,0.04801452411464646
XAM-N6,SPSA,SPSA,190,0.04801452411464646
XAM-N6,SPSA,SPSA,191,0.04801452411464646
XAM-N6,SPSA,SPSA,192,0.04801452411464646
XAM-N6,SPSA,SPSA,193,0.04801452411464646
XAM-N6,SPSA,SPSA,194,0.04801452411464646
XAM-N6,SPSA,SPSA,195,0.04801452411464646
XAM-N6,SPSA,SPSA,196,0.04801452411464646
XAM-N6,SPSA,SPSA,197,0.04801452411464646
XAM-N6,SPSA,SPSA,198,0.04801452411464646
XAM-N6,SPSA,SPSA,199,0.04801452411464646
XAM-N6,SPSA,SPSA,200,0.04801452411464646
XAM-N6,SPSA,SPSA,201,0.04801452411464646
XAM-N6,SPSA,SPSA,202,0.04801452411464646
XAM-N6,SPSA,SPSA,203,0.04801452411464646
XAM-N6,SPSA,SPSA,204,0.04801452411464646
XAM-N6,SPSA,SPSA,205,0.04801452411464646
XAM-N6,SPSA,SPSA,206,0.04801452411464646
XAM-N6,SPSA,SPSA,207,0.04801452411464646
XAM-N6,SPSA,SPSA,208,0.04801452411464646
XAM-N6,SPSA,SPSA,209,0.04801452411464646
XAM-N6,SPSA,SPSA,210,0.04801452411464646
XAM-N6,SPSA,SPSA,211,0.04801452411464646
XAM-N6,SPSA,SPSA,212,0.04801452411464646
XAM-N6,SPSA,SPSA,213,0.04801452411464646
XAM-N6,SPSA,SPSA,214,0.04801452411464646
XAM-N6,SPSA,SPSA,215,0.04801452411464646
XAM-N6,SPSA,SPSA,216,0.04801452411464646
XAM-N6,SPSA,SPSA,217,0.04801452411464646
XAM-N6,SPSA,SPSA,218,0.04801452411464646
XAM-N6,SPSA,SPSA,219,0.04801452411464646
XAM-N6,SPSA,SPSA,220,0.04801452411464646
XAM-N6,SPSA,SPSA,221,0.04801452411464646
XAM-N6,SPSA,SPSA,222,0.04801452411464646
XAM-N6,SPSA,SPSA,223,0.04801452411464646
XAM-N6,SPSA,SPSA,224,0.04801452411464646
XAM-N6,SPSA,SPSA,225,0.04801452411464646
XAM-N6,SPSA,SPSA,226,0.04801452411464646
XAM-N6,SPSA,SPSA,227,0.04801452411464646
XAM-N6,SPSA,SPSA,228,0.04801452411464646
XAM-N6,SPSA,SPSA,229,0.04801452411464646
XAM-N6,SPSA,SPSA,230,0.04801452411464646
XAM-N6,SPSA,SPSA,231,0.04801452411464646
XAM-N6,SPSA,SPSA,232,0.04801452411464646
XAM-N6,SPSA,SPSA,233,0.04801452411464646
XAM-N6,SPSA,SPSA,234,0.04801452411464646
XAM-N6,SPSA,SPSA,235,0.04801452411464646
XAM-N6,SPSA,SPSA,236,0.04801452411464646
XAM-N6,SPSA,SPSA,237,0.04801452411464646
XAM-N6,SPSA,SPSA,238,0.04801452411464646
XAM-N6,SPSA,SPSA,239,0.04801452411464646
XAM-N6,SPSA,SPSA,240,0.04801452411464646
XAM-N6,SPSA,SPSA,241,0.04801452411464646
XAM-N6,SPSA,SPSA,242,0.04801452411464646
XAM-N6,SPSA,SPSA,243,0.04801452411464646
XAM-N6,SPSA,SPSA,244,0.04801452411464646
XAM-N6,SPSA,SPSA,245,0.04801452411464646
XAM-N6,SPSA,SPSA,246,0.04801452411464646
XAM-N6,SPSA,SPSA,247,0.04801452411464646
XAM-N6,SPSA,SPSA,248,0.04801452411464646
XAM-N6,SPSA,SPSA,249,0.04801452411464646
XAM-N6,SPSA,SPSA,250,0.04801452411464646
XAM-N6,SPSA,SPSA,251,0.04801452411464646
XAM-N6,SPSA,SPSA,252,0.04801452411464646
XAM-N6,SPSA,SPSA,253,0.04801452411464646
XAM-N6,SPSA,SPSA,254,0.04801452411464646
XAM-N6,SPSA,SPSA,255,0.04801452411464646
XAM-N6,SPSA,SPSA,256,0.04801452411464646
XAM-N6,SPSA,SPSA,257,0.04801452411464646
XAM-N6,SPSA,SPSA,258,0.04801452411464646
XAM-N6,SPSA,SPSA,259,0.04801452411464646
XAM-N6,SPSA,SPSA,260,0.04801452411464646
XAM-N6,SPSA,SPSA,261,0.04801452411464646
XAM-N6,SPSA,SPSA,262,0.04801452411464646
XAM-N6,SPSA,SPSA,263,0.04801452411464646
XAM-N6,SPSA,SPSA,264,0.04801452411464646
XAM-N6,SPSA,SPSA,265,0.04801452411464646
XAM-N6,SPSA,SPSA,266,0.04801452411464646
XAM-N6,SPSA,SPSA,267,0.0472754860576333
XAM-N6,SPSA,SPSA,268,0.0472754860576333
XAM-N6,SPSA,SPSA,269,0.0472754860576333
XAM-N6,SPSA,SPSA,270,0.0472754860576333
XAM-N6,SPSA,SPSA,271,0.0472754860576333
XAM-N6,SPSA,SPSA,272,0.0472754860576333
XAM-N6,SPSA,SPSA,273,0.0472754860576333
XAM-N6,SPSA,SPSA,274,0.0472754860576333
XAM-N6,SPSA,SPSA,275,0.0472754860576333
XAM-N6,SPSA,SPSA,276,0.0472754860576333
XAM-N6,SPSA,SPSA,277,0.0472754860576333
XAM-N6,SPSA,SPSA,278,0.0472754860576333
XAM-N6,SPSA,SPSA,279,0.0472754860576333
XAM-N6,SPSA,SPSA,280,0.0472754860576333
XAM-N6,SPSA,SPSA,281,0.0472754860576333
XAM-N6,SPSA,SPSA,282,0.0472754860576333
XAM-N6,SPSA,SPSA,283,0.0472754860576333
XAM-N6,SPSA,SPSA,284,0.0472754860576333
XAM-N6,SPSA,SPSA,285,0.0472754860576333
XAM-N6,SPSA,SPSA,286,0.0472754860576333
XAM-N6,SPSA,SPSA,287,0.0472754860576333
XAM-N6,SPSA,SPSA,288,0.0472754860576333
XAM-N6,SPSA,SPSA,289,0.0472754860576333
XAM-N6,SPSA,SPSA,290,0.0472754860576333
XAM-N6,SPSA,SPSA,291,0.0472754860576333
XAM-N6,SPSA,SPSA,292,0.0472754860576333
XAM-N6,SPSA,SPSA,293,0.0472754860576333
XAM-N6,SPSA,SPSA,294,0.0472754860576333
XAM-N6,SPSA,SPSA,295,0.0472754860576333
XAM-N6,SPSA,SPSA,296,0.0472754860576333
XAM-N6,SPSA,SPSA,297,0.0472754860576333
XAM-N6,SPSA,SPSA,298,0.0472754860576333
XAM-N6,SPSA,SPSA,299,0.0472754860576333
XAM-N6,SPSA,SPSA,300,0.0472754860576333
XAM-N6,SPSA,SPSA,301,0.0472754860576333
Xian,BF-SAC（序贯LCB）,BF-SAC,1,0.479929
Xian,BF-SAC（序贯LCB）,BF-SAC,2,0.479929
Xian,BF-SAC（序贯LCB）,BF-SAC,3,0.471535
Xian,BF-SAC（序贯LCB）,BF-SAC,4,0.471535
Xian,BF-SAC（序贯LCB）,BF-SAC,5,0.471535
Xian,BF-SAC（序贯LCB）,BF-SAC,6,0.365417
Xian,BF-SAC（序贯LCB）,BF-SAC,7,0.365417
Xian,BF-SAC（序贯LCB）,BF-SAC,8,0.365417
Xian,BF-SAC（序贯LCB）,BF-SAC,9,0.365417
Xian,BF-SAC（序贯LCB）,BF-SAC,10,0.365417
Xian,BF-SAC（序贯LCB）,BF-SAC,11,0.365417
Xian,BF-SAC（序贯LCB）,BF-SAC,12,0.365417
Xian,BF-SAC（序贯LCB）,BF-SAC,13,0.365417
Xian,BF-SAC（序贯LCB）,BF-SAC,14,0.365417
Xian,BF-SAC（序贯LCB）,BF-SAC,15,0.365417
Xian,BF-SAC（序贯LCB）,BF-SAC,16,0.365417
Xian,BF-SAC（序贯LCB）,BF-SAC,17,0.365417
Xian,BF-SAC（序贯LCB）,BF-SAC,18,0.365417
Xian,BF-SAC（序贯LCB）,BF-SAC,19,0.365417
Xian,BF-SAC（序贯LCB）,BF-SAC,20,0.365417
Xian,BF-SAC（序贯LCB）,BF-SAC,21,0.365417
Xian,BF-SAC（序贯LCB）,BF-SAC,22,0.365417
Xian,BF-SAC（序贯LCB）,BF-SAC,23,0.365417
Xian,BF-SAC（序贯LCB）,BF-SAC,24,0.365417
Xian,BF-SAC（序贯LCB）,BF-SAC,25,0.365417
Xian,BF-SAC（序贯LCB）,BF-SAC,26,0.365417
Xian,BF-SAC（序贯LCB）,BF-SAC,27,0.365417
Xian,BF-SAC（序贯LCB）,BF-SAC,28,0.365417
Xian,BF-SAC（序贯LCB）,BF-SAC,29,0.365417
Xian,BF-SAC（序贯LCB）,BF-SAC,30,0.365417
Xian,BF-SAC（序贯LCB）,BF-SAC,31,0.365417
Xian,BF-SAC（序贯LCB）,BF-SAC,32,0.365417
Xian,BF-SAC（序贯LCB）,BF-SAC,33,0.365417
Xian,BF-SAC（序贯LCB）,BF-SAC,34,0.365417
Xian,BF-SAC（序贯LCB）,BF-SAC,35,0.365417
Xian,BF-SAC（序贯LCB）,BF-SAC,36,0.338325
Xian,BF-SAC（序贯LCB）,BF-SAC,37,0.338325
Xian,BF-SAC（序贯LCB）,BF-SAC,38,0.338325
Xian,BF-SAC（序贯LCB）,BF-SAC,39,0.338325
Xian,BF-SAC（序贯LCB）,BF-SAC,40,0.338325
Xian,BF-SAC（序贯LCB）,BF-SAC,41,0.338325
Xian,BF-SAC（序贯LCB）,BF-SAC,42,0.338325
Xian,BF-SAC（序贯LCB）,BF-SAC,43,0.338325
Xian,BF-SAC（序贯LCB）,BF-SAC,44,0.338325
Xian,BF-SAC（序贯LCB）,BF-SAC,45,0.338325
Xian,BF-SAC（序贯LCB）,BF-SAC,46,0.338325
Xian,BF-SAC（序贯LCB）,BF-SAC,47,0.338325
Xian,BF-SAC（序贯LCB）,BF-SAC,48,0.338325
Xian,BF-SAC（序贯LCB）,BF-SAC,49,0.338325
Xian,BF-SAC（序贯LCB）,BF-SAC,50,0.338325
Xian,BF-SAC（序贯LCB）,BF-SAC,51,0.338325
Xian,BF-SAC（序贯LCB）,BF-SAC,52,0.338325
Xian,BF-SAC（序贯LCB）,BF-SAC,53,0.338325
Xian,BF-SAC（序贯LCB）,BF-SAC,54,0.338325
Xian,BF-SAC（序贯LCB）,BF-SAC,55,0.338325
Xian,BF-SAC（序贯LCB）,BF-SAC,56,0.338325
Xian,BF-SAC（序贯LCB）,BF-SAC,57,0.338325
Xian,BF-SAC（序贯LCB）,BF-SAC,58,0.338325
Xian,BF-SAC（序贯LCB）,BF-SAC,59,0.338325
Xian,BF-SAC（序贯LCB）,BF-SAC,60,0.338325
Xian,BF-SAC（序贯LCB）,BF-SAC,61,0.338325
Xian,BF-SAC（序贯LCB）,BF-SAC,62,0.309551
Xian,BF-SAC（序贯LCB）,BF-SAC,63,0.309551
Xian,BF-SAC（序贯LCB）,BF-SAC,64,0.235675
Xian,BF-SAC（序贯LCB）,BF-SAC,65,0.235675
Xian,BF-SAC（序贯LCB）,BF-SAC,66,0.235675
Xian,BF-SAC（序贯LCB）,BF-SAC,67,0.235675
Xian,BF-SAC（序贯LCB）,BF-SAC,68,0.235675
Xian,BF-SAC（序贯LCB）,BF-SAC,69,0.235675
Xian,BF-SAC（序贯LCB）,BF-SAC,70,0.235675
Xian,BF-SAC（序贯LCB）,BF-SAC,71,0.235675
Xian,BF-SAC（序贯LCB）,BF-SAC,72,0.235675
Xian,BF-SAC（序贯LCB）,BF-SAC,73,0.235675
Xian,BF-SAC（序贯LCB）,BF-SAC,74,0.235675
Xian,BF-SAC（序贯LCB）,BF-SAC,75,0.235675
Xian,BF-SAC（序贯LCB）,BF-SAC,76,0.235675
Xian,BF-SAC（序贯LCB）,BF-SAC,77,0.235675
Xian,BF-SAC（序贯LCB）,BF-SAC,78,0.235675
Xian,BF-SAC（序贯LCB）,BF-SAC,79,0.235675
Xian,BF-SAC（序贯LCB）,BF-SAC,80,0.235675
Xian,BF-SAC（序贯LCB）,BF-SAC,81,0.226532
Xian,BF-SAC（序贯LCB）,BF-SAC,82,0.226532
Xian,BF-SAC（序贯LCB）,BF-SAC,83,0.226532
Xian,BF-SAC（序贯LCB）,BF-SAC,84,0.226532
Xian,BF-SAC（序贯LCB）,BF-SAC,85,0.226532
Xian,BF-SAC（序贯LCB）,BF-SAC,86,0.226532
Xian,BF-SAC（序贯LCB）,BF-SAC,87,0.226532
Xian,BF-SAC（序贯LCB）,BF-SAC,88,0.226532
Xian,BF-SAC（序贯LCB）,BF-SAC,89,0.226532
Xian,BF-SAC（序贯LCB）,BF-SAC,90,0.226532
Xian,BF-SAC（序贯LCB）,BF-SAC,91,0.226532
Xian,BF-SAC（序贯LCB）,BF-SAC,92,0.226532
Xian,BF-SAC（序贯LCB）,BF-SAC,93,0.226532
Xian,BF-SAC（序贯LCB）,BF-SAC,94,0.226532
Xian,BF-SAC（序贯LCB）,BF-SAC,95,0.226532
Xian,BF-SAC（序贯LCB）,BF-SAC,96,0.226532
Xian,BF-SAC（序贯LCB）,BF-SAC,97,0.226532
Xian,BF-SAC（序贯LCB）,BF-SAC,98,0.226532
Xian,BF-SAC（序贯LCB）,BF-SAC,99,0.226532
Xian,BF-SAC（序贯LCB）,BF-SAC,100,0.226532
Xian,BF-SAC（序贯LCB）,BF-SAC,101,0.224892
Xian,遗传算法（GA）,GA,1,0.551182458314016
Xian,遗传算法（GA）,GA,2,0.3950825851220279
Xian,遗传算法（GA）,GA,3,0.3950825851220279
Xian,遗传算法（GA）,GA,4,0.3950825851220279
Xian,遗传算法（GA）,GA,5,0.3950825851220279
Xian,遗传算法（GA）,GA,6,0.3950825851220279
Xian,遗传算法（GA）,GA,7,0.3950825851220279
Xian,遗传算法（GA）,GA,8,0.30630708706641935
Xian,遗传算法（GA）,GA,9,0.30630708706641935
Xian,遗传算法（GA）,GA,10,0.30630708706641935
Xian,遗传算法（GA）,GA,11,0.30630708706641935
Xian,遗传算法（GA）,GA,12,0.30630708706641935
Xian,遗传算法（GA）,GA,13,0.30630708706641935
Xian,遗传算法（GA）,GA,14,0.30630708706641935
Xian,遗传算法（GA）,GA,15,0.30630708706641935
Xian,遗传算法（GA）,GA,16,0.30630708706641935
Xian,遗传算法（GA）,GA,17,0.30630708706641935
Xian,遗传算法（GA）,GA,18,0.30630708706641935
Xian,遗传算法（GA）,GA,19,0.30630708706641935
Xian,遗传算法（GA）,GA,20,0.30630708706641935
Xian,遗传算法（GA）,GA,21,0.30630708706641935
Xian,遗传算法（GA）,GA,22,0.30630708706641935
Xian,遗传算法（GA）,GA,23,0.30630708706641935
Xian,遗传算法（GA）,GA,24,0.30630708706641935
Xian,遗传算法（GA）,GA,25,0.30630708706641935
Xian,遗传算法（GA）,GA,26,0.30630708706641935
Xian,遗传算法（GA）,GA,27,0.30630708706641935
Xian,遗传算法（GA）,GA,28,0.30630708706641935
Xian,遗传算法（GA）,GA,29,0.30630708706641935
Xian,遗传算法（GA）,GA,30,0.30630708706641935
Xian,遗传算法（GA）,GA,31,0.30630708706641935
Xian,遗传算法（GA）,GA,32,0.28836873035488064
Xian,遗传算法（GA）,GA,33,0.28836873035488064
Xian,遗传算法（GA）,GA,34,0.28836873035488064
Xian,遗传算法（GA）,GA,35,0.28836873035488064
Xian,遗传算法（GA）,GA,36,0.28836873035488064
Xian,遗传算法（GA）,GA,37,0.28836873035488064
Xian,遗传算法（GA）,GA,38,0.28836873035488064
Xian,遗传算法（GA）,GA,39,0.28836873035488064
Xian,遗传算法（GA）,GA,40,0.28836873035488064
Xian,遗传算法（GA）,GA,41,0.28836873035488064
Xian,遗传算法（GA）,GA,42,0.28836873035488064
Xian,遗传算法（GA）,GA,43,0.28836873035488064
Xian,遗传算法（GA）,GA,44,0.28676777866291825
Xian,遗传算法（GA）,GA,45,0.28676777866291825
Xian,遗传算法（GA）,GA,46,0.28676777866291825
Xian,遗传算法（GA）,GA,47,0.28676777866291825
Xian,遗传算法（GA）,GA,48,0.28676777866291825
Xian,遗传算法（GA）,GA,49,0.28676777866291825
Xian,遗传算法（GA）,GA,50,0.28676777866291825
Xian,遗传算法（GA）,GA,51,0.28676777866291825
Xian,遗传算法（GA）,GA,52,0.28676777866291825
Xian,遗传算法（GA）,GA,53,0.28676777866291825
Xian,遗传算法（GA）,GA,54,0.28676777866291825
Xian,遗传算法（GA）,GA,55,0.28676777866291825
Xian,遗传算法（GA）,GA,56,0.28661568709189883
Xian,遗传算法（GA）,GA,57,0.26875706815856054
Xian,遗传算法（GA）,GA,58,0.26875706815856054
Xian,遗传算法（GA）,GA,59,0.26875706815856054
Xian,遗传算法（GA）,GA,60,0.26875706815856054
Xian,遗传算法（GA）,GA,61,0.26875706815856054
Xian,遗传算法（GA）,GA,62,0.26875706815856054
Xian,遗传算法（GA）,GA,63,0.26875706815856054
Xian,遗传算法（GA）,GA,64,0.26875706815856054
Xian,遗传算法（GA）,GA,65,0.26875706815856054
Xian,遗传算法（GA）,GA,66,0.26875706815856054
Xian,遗传算法（GA）,GA,67,0.26875706815856054
Xian,遗传算法（GA）,GA,68,0.257290881239508
Xian,遗传算法（GA）,GA,69,0.257290881239508
Xian,遗传算法（GA）,GA,70,0.257290881239508
Xian,遗传算法（GA）,GA,71,0.257290881239508
Xian,遗传算法（GA）,GA,72,0.257290881239508
Xian,遗传算法（GA）,GA,73,0.257290881239508
Xian,遗传算法（GA）,GA,74,0.257290881239508
Xian,遗传算法（GA）,GA,75,0.257290881239508
Xian,遗传算法（GA）,GA,76,0.257290881239508
Xian,遗传算法（GA）,GA,77,0.257290881239508
Xian,遗传算法（GA）,GA,78,0.257290881239508
Xian,遗传算法（GA）,GA,79,0.257290881239508
Xian,遗传算法（GA）,GA,80,0.257290881239508
Xian,遗传算法（GA）,GA,81,0.257290881239508
Xian,遗传算法（GA）,GA,82,0.257290881239508
Xian,遗传算法（GA）,GA,83,0.257290881239508
Xian,遗传算法（GA）,GA,84,0.257290881239508
Xian,遗传算法（GA）,GA,85,0.257290881239508
Xian,遗传算法（GA）,GA,86,0.257290881239508
Xian,遗传算法（GA）,GA,87,0.257290881239508
Xian,遗传算法（GA）,GA,88,0.257290881239508
Xian,遗传算法（GA）,GA,89,0.257290881239508
Xian,遗传算法（GA）,GA,90,0.257290881239508
Xian,遗传算法（GA）,GA,91,0.257290881239508
Xian,遗传算法（GA）,GA,92,0.257290881239508
Xian,遗传算法（GA）,GA,93,0.257290881239508
Xian,遗传算法（GA）,GA,94,0.257290881239508
Xian,遗传算法（GA）,GA,95,0.257290881239508
Xian,遗传算法（GA）,GA,96,0.257290881239508
Xian,遗传算法（GA）,GA,97,0.257290881239508
Xian,遗传算法（GA）,GA,98,0.257290881239508
Xian,遗传算法（GA）,GA,99,0.257290881239508
Xian,遗传算法（GA）,GA,100,0.257290881239508
Xian,遗传算法（GA）,GA,101,0.257290881239508
Xian,遗传算法（GA）,GA,102,0.257290881239508
Xian,遗传算法（GA）,GA,103,0.257290881239508
Xian,遗传算法（GA）,GA,104,0.257290881239508
Xian,遗传算法（GA）,GA,105,0.257290881239508
Xian,遗传算法（GA）,GA,106,0.257290881239508
Xian,遗传算法（GA）,GA,107,0.257290881239508
Xian,遗传算法（GA）,GA,108,0.257290881239508
Xian,遗传算法（GA）,GA,109,0.257290881239508
Xian,遗传算法（GA）,GA,110,0.257290881239508
Xian,遗传算法（GA）,GA,111,0.257290881239508
Xian,遗传算法（GA）,GA,112,0.257290881239508
Xian,遗传算法（GA）,GA,113,0.257290881239508
Xian,遗传算法（GA）,GA,114,0.257290881239508
Xian,遗传算法（GA）,GA,115,0.257290881239508
Xian,遗传算法（GA）,GA,116,0.257290881239508
Xian,遗传算法（GA）,GA,117,0.257290881239508
Xian,遗传算法（GA）,GA,118,0.257290881239508
Xian,遗传算法（GA）,GA,119,0.257290881239508
Xian,遗传算法（GA）,GA,120,0.257290881239508
Xian,遗传算法（GA）,GA,121,0.257290881239508
Xian,遗传算法（GA）,GA,122,0.257290881239508
Xian,遗传算法（GA）,GA,123,0.257290881239508
Xian,遗传算法（GA）,GA,124,0.257290881239508
Xian,遗传算法（GA）,GA,125,0.257290881239508
Xian,遗传算法（GA）,GA,126,0.257290881239508
Xian,遗传算法（GA）,GA,127,0.257290881239508
Xian,遗传算法（GA）,GA,128,0.257290881239508
Xian,遗传算法（GA）,GA,129,0.257290881239508
Xian,遗传算法（GA）,GA,130,0.257290881239508
Xian,遗传算法（GA）,GA,131,0.257290881239508
Xian,遗传算法（GA）,GA,132,0.257290881239508
Xian,遗传算法（GA）,GA,133,0.257290881239508
Xian,遗传算法（GA）,GA,134,0.257290881239508
Xian,遗传算法（GA）,GA,135,0.257290881239508
Xian,遗传算法（GA）,GA,136,0.257290881239508
Xian,遗传算法（GA）,GA,137,0.257290881239508
Xian,遗传算法（GA）,GA,138,0.257290881239508
Xian,遗传算法（GA）,GA,139,0.257290881239508
Xian,遗传算法（GA）,GA,140,0.2302720679729147
Xian,遗传算法（GA）,GA,141,0.2302720679729147
Xian,遗传算法（GA）,GA,142,0.2302720679729147
Xian,遗传算法（GA）,GA,143,0.2203499580737109
Xian,遗传算法（GA）,GA,144,0.2203499580737109
Xian,遗传算法（GA）,GA,145,0.2203499580737109
Xian,遗传算法（GA）,GA,146,0.2203499580737109
Xian,遗传算法（GA）,GA,147,0.2203499580737109
Xian,遗传算法（GA）,GA,148,0.2203499580737109
Xian,遗传算法（GA）,GA,149,0.2203499580737109
Xian,遗传算法（GA）,GA,150,0.2203499580737109
Xian,遗传算法（GA）,GA,151,0.2203499580737109
Xian,遗传算法（GA）,GA,152,0.2203499580737109
Xian,遗传算法（GA）,GA,153,0.2203499580737109
Xian,遗传算法（GA）,GA,154,0.2203499580737109
Xian,遗传算法（GA）,GA,155,0.2203499580737109
Xian,遗传算法（GA）,GA,156,0.2203499580737109
Xian,遗传算法（GA）,GA,157,0.2203499580737109
Xian,遗传算法（GA）,GA,158,0.2203499580737109
Xian,遗传算法（GA）,GA,159,0.2203499580737109
Xian,遗传算法（GA）,GA,160,0.2203499580737109
Xian,遗传算法（GA）,GA,161,0.2203499580737109
Xian,遗传算法（GA）,GA,162,0.2203499580737109
Xian,遗传算法（GA）,GA,163,0.2203499580737109
Xian,遗传算法（GA）,GA,164,0.2203499580737109
Xian,遗传算法（GA）,GA,165,0.2203499580737109
Xian,遗传算法（GA）,GA,166,0.2203499580737109
Xian,遗传算法（GA）,GA,167,0.2203499580737109
Xian,遗传算法（GA）,GA,168,0.2203499580737109
Xian,遗传算法（GA）,GA,169,0.2203499580737109
Xian,遗传算法（GA）,GA,170,0.2203499580737109
Xian,遗传算法（GA）,GA,171,0.2203499580737109
Xian,遗传算法（GA）,GA,172,0.2203499580737109
Xian,遗传算法（GA）,GA,173,0.2203499580737109
Xian,遗传算法（GA）,GA,174,0.2203499580737109
Xian,遗传算法（GA）,GA,175,0.2203499580737109
Xian,遗传算法（GA）,GA,176,0.2203499580737109
Xian,遗传算法（GA）,GA,177,0.2203499580737109
Xian,遗传算法（GA）,GA,178,0.2203499580737109
Xian,遗传算法（GA）,GA,179,0.2203499580737109
Xian,遗传算法（GA）,GA,180,0.2203499580737109
Xian,遗传算法（GA）,GA,181,0.2203499580737109
Xian,遗传算法（GA）,GA,182,0.2203499580737109
Xian,遗传算法（GA）,GA,183,0.2203499580737109
Xian,遗传算法（GA）,GA,184,0.2203499580737109
Xian,遗传算法（GA）,GA,185,0.2203499580737109
Xian,遗传算法（GA）,GA,186,0.2203499580737109
Xian,遗传算法（GA）,GA,187,0.2203499580737109
Xian,遗传算法（GA）,GA,188,0.2203499580737109
Xian,遗传算法（GA）,GA,189,0.2203499580737109
Xian,遗传算法（GA）,GA,190,0.2203499580737109
Xian,遗传算法（GA）,GA,191,0.2203499580737109
Xian,遗传算法（GA）,GA,192,0.2203499580737109
Xian,遗传算法（GA）,GA,193,0.2203499580737109
Xian,遗传算法（GA）,GA,194,0.2203499580737109
Xian,遗传算法（GA）,GA,195,0.2203499580737109
Xian,遗传算法（GA）,GA,196,0.2203499580737109
Xian,遗传算法（GA）,GA,197,0.2203499580737109
Xian,遗传算法（GA）,GA,198,0.2203499580737109
Xian,遗传算法（GA）,GA,199,0.2203499580737109
Xian,遗传算法（GA）,GA,200,0.2203499580737109
Xian,遗传算法（GA）,GA,201,0.2203499580737109
Xian,遗传算法（GA）,GA,202,0.2203499580737109
Xian,遗传算法（GA）,GA,203,0.2203499580737109
Xian,遗传算法（GA）,GA,204,0.2203499580737109
Xian,遗传算法（GA）,GA,205,0.2203499580737109
Xian,遗传算法（GA）,GA,206,0.2203499580737109
Xian,遗传算法（GA）,GA,207,0.2203499580737109
Xian,遗传算法（GA）,GA,208,0.2203499580737109
Xian,遗传算法（GA）,GA,209,0.2203499580737109
Xian,遗传算法（GA）,GA,210,0.2203499580737109
Xian,遗传算法（GA）,GA,211,0.2203499580737109
Xian,遗传算法（GA）,GA,212,0.2203499580737109
Xian,遗传算法（GA）,GA,213,0.2203499580737109
Xian,遗传算法（GA）,GA,214,0.2203499580737109
Xian,遗传算法（GA）,GA,215,0.2203499580737109
Xian,遗传算法（GA）,GA,216,0.2203499580737109
Xian,遗传算法（GA）,GA,217,0.2203499580737109
Xian,遗传算法（GA）,GA,218,0.2203499580737109
Xian,遗传算法（GA）,GA,219,0.2203499580737109
Xian,遗传算法（GA）,GA,220,0.2203499580737109
Xian,遗传算法（GA）,GA,221,0.2203499580737109
Xian,遗传算法（GA）,GA,222,0.2203499580737109
Xian,遗传算法（GA）,GA,223,0.2203499580737109
Xian,遗传算法（GA）,GA,224,0.2203499580737109
Xian,遗传算法（GA）,GA,225,0.2203499580737109
Xian,遗传算法（GA）,GA,226,0.2203499580737109
Xian,遗传算法（GA）,GA,227,0.2203499580737109
Xian,遗传算法（GA）,GA,228,0.2203499580737109
Xian,遗传算法（GA）,GA,229,0.2203499580737109
Xian,遗传算法（GA）,GA,230,0.2203499580737109
Xian,遗传算法（GA）,GA,231,0.2203499580737109
Xian,遗传算法（GA）,GA,232,0.2203499580737109
Xian,遗传算法（GA）,GA,233,0.2203499580737109
Xian,遗传算法（GA）,GA,234,0.2203499580737109
Xian,遗传算法（GA）,GA,235,0.2203499580737109
Xian,遗传算法（GA）,GA,236,0.2203499580737109
Xian,遗传算法（GA）,GA,237,0.2203499580737109
Xian,遗传算法（GA）,GA,238,0.2203499580737109
Xian,遗传算法（GA）,GA,239,0.2203499580737109
Xian,遗传算法（GA）,GA,240,0.2203499580737109
Xian,遗传算法（GA）,GA,241,0.2203499580737109
Xian,遗传算法（GA）,GA,242,0.2203499580737109
Xian,遗传算法（GA）,GA,243,0.2203499580737109
Xian,遗传算法（GA）,GA,244,0.2203499580737109
Xian,遗传算法（GA）,GA,245,0.2203499580737109
Xian,遗传算法（GA）,GA,246,0.2203499580737109
Xian,遗传算法（GA）,GA,247,0.2203499580737109
Xian,遗传算法（GA）,GA,248,0.2203499580737109
Xian,遗传算法（GA）,GA,249,0.2203499580737109
Xian,遗传算法（GA）,GA,250,0.2203499580737109
Xian,遗传算法（GA）,GA,251,0.2203499580737109
Xian,遗传算法（GA）,GA,252,0.2203499580737109
Xian,遗传算法（GA）,GA,253,0.2203499580737109
Xian,遗传算法（GA）,GA,254,0.2203499580737109
Xian,遗传算法（GA）,GA,255,0.2203499580737109
Xian,遗传算法（GA）,GA,256,0.2203499580737109
Xian,遗传算法（GA）,GA,257,0.2203499580737109
Xian,遗传算法（GA）,GA,258,0.2203499580737109
Xian,遗传算法（GA）,GA,259,0.2203499580737109
Xian,遗传算法（GA）,GA,260,0.2203499580737109
Xian,遗传算法（GA）,GA,261,0.2203499580737109
Xian,遗传算法（GA）,GA,262,0.2203499580737109
Xian,遗传算法（GA）,GA,263,0.2203499580737109
Xian,遗传算法（GA）,GA,264,0.2203499580737109
Xian,遗传算法（GA）,GA,265,0.2203499580737109
Xian,遗传算法（GA）,GA,266,0.2203499580737109
Xian,遗传算法（GA）,GA,267,0.2203499580737109
Xian,遗传算法（GA）,GA,268,0.2203499580737109
Xian,遗传算法（GA）,GA,269,0.2203499580737109
Xian,遗传算法（GA）,GA,270,0.2203499580737109
Xian,遗传算法（GA）,GA,271,0.2203499580737109
Xian,遗传算法（GA）,GA,272,0.2203499580737109
Xian,遗传算法（GA）,GA,273,0.2203499580737109
Xian,遗传算法（GA）,GA,274,0.2203499580737109
Xian,遗传算法（GA）,GA,275,0.1976392742705986
Xian,遗传算法（GA）,GA,276,0.1976392742705986
Xian,遗传算法（GA）,GA,277,0.1976392742705986
Xian,遗传算法（GA）,GA,278,0.1976392742705986
Xian,遗传算法（GA）,GA,279,0.1976392742705986
Xian,遗传算法（GA）,GA,280,0.1976392742705986
Xian,遗传算法（GA）,GA,281,0.1976392742705986
Xian,遗传算法（GA）,GA,282,0.1976392742705986
Xian,遗传算法（GA）,GA,283,0.1976392742705986
Xian,遗传算法（GA）,GA,284,0.1976392742705986
Xian,遗传算法（GA）,GA,285,0.1976392742705986
Xian,遗传算法（GA）,GA,286,0.1976392742705986
Xian,遗传算法（GA）,GA,287,0.1976392742705986
Xian,遗传算法（GA）,GA,288,0.1976392742705986
Xian,遗传算法（GA）,GA,289,0.1976392742705986
Xian,遗传算法（GA）,GA,290,0.1976392742705986
Xian,遗传算法（GA）,GA,291,0.1976392742705986
Xian,遗传算法（GA）,GA,292,0.1976392742705986
Xian,遗传算法（GA）,GA,293,0.1976392742705986
Xian,遗传算法（GA）,GA,294,0.1976392742705986
Xian,遗传算法（GA）,GA,295,0.19440002585936084
Xian,遗传算法（GA）,GA,296,0.19440002585936084
Xian,遗传算法（GA）,GA,297,0.19440002585936084
Xian,遗传算法（GA）,GA,298,0.19440002585936084
Xian,遗传算法（GA）,GA,299,0.19440002585936084
Xian,遗传算法（GA）,GA,300,0.19440002585936084
Xian,遗传算法（GA）,GA,301,0.19440002585936084
Xian,遗传算法（GA）,GA,302,0.19440002585936084
Xian,遗传算法（GA）,GA,303,0.19440002585936084
Xian,遗传算法（GA）,GA,304,0.19440002585936084
Xian,遗传算法（GA）,GA,305,0.19440002585936084
Xian,遗传算法（GA）,GA,306,0.19440002585936084
Xian,遗传算法（GA）,GA,307,0.19440002585936084
Xian,遗传算法（GA）,GA,308,0.19440002585936084
Xian,遗传算法（GA）,GA,309,0.19440002585936084
Xian,遗传算法（GA）,GA,310,0.19440002585936084
Xian,遗传算法（GA）,GA,311,0.19440002585936084
Xian,遗传算法（GA）,GA,312,0.19440002585936084
Xian,遗传算法（GA）,GA,313,0.19440002585936084
Xian,遗传算法（GA）,GA,314,0.19440002585936084
Xian,遗传算法（GA）,GA,315,0.19440002585936084
Xian,遗传算法（GA）,GA,316,0.19440002585936084
Xian,遗传算法（GA）,GA,317,0.19440002585936084
Xian,遗传算法（GA）,GA,318,0.19440002585936084
Xian,遗传算法（GA）,GA,319,0.19440002585936084
Xian,遗传算法（GA）,GA,320,0.19440002585936084
Xian,遗传算法（GA）,GA,321,0.19440002585936084
Xian,遗传算法（GA）,GA,322,0.19440002585936084
Xian,遗传算法（GA）,GA,323,0.19440002585936084
Xian,遗传算法（GA）,GA,324,0.19440002585936084
Xian,遗传算法（GA）,GA,325,0.19440002585936084
Xian,遗传算法（GA）,GA,326,0.19440002585936084
Xian,遗传算法（GA）,GA,327,0.19440002585936084
Xian,遗传算法（GA）,GA,328,0.19440002585936084
Xian,遗传算法（GA）,GA,329,0.19440002585936084
Xian,遗传算法（GA）,GA,330,0.19440002585936084
Xian,遗传算法（GA）,GA,331,0.19440002585936084
Xian,遗传算法（GA）,GA,332,0.19440002585936084
Xian,遗传算法（GA）,GA,333,0.19440002585936084
Xian,遗传算法（GA）,GA,334,0.19440002585936084
Xian,遗传算法（GA）,GA,335,0.19440002585936084
Xian,遗传算法（GA）,GA,336,0.19440002585936084
Xian,遗传算法（GA）,GA,337,0.19440002585936084
Xian,遗传算法（GA）,GA,338,0.19440002585936084
Xian,遗传算法（GA）,GA,339,0.19440002585936084
Xian,遗传算法（GA）,GA,340,0.19440002585936084
Xian,遗传算法（GA）,GA,341,0.19440002585936084
Xian,遗传算法（GA）,GA,342,0.19440002585936084
Xian,遗传算法（GA）,GA,343,0.19440002585936084
Xian,遗传算法（GA）,GA,344,0.19440002585936084
Xian,遗传算法（GA）,GA,345,0.19440002585936084
Xian,遗传算法（GA）,GA,346,0.19440002585936084
Xian,遗传算法（GA）,GA,347,0.19440002585936084
Xian,遗传算法（GA）,GA,348,0.19440002585936084
Xian,遗传算法（GA）,GA,349,0.19440002585936084
Xian,遗传算法（GA）,GA,350,0.19440002585936084
Xian,遗传算法（GA）,GA,351,0.19440002585936084
Xian,遗传算法（GA）,GA,352,0.19440002585936084
Xian,遗传算法（GA）,GA,353,0.19440002585936084
Xian,遗传算法（GA）,GA,354,0.19440002585936084
Xian,遗传算法（GA）,GA,355,0.19440002585936084
Xian,遗传算法（GA）,GA,356,0.19440002585936084
Xian,遗传算法（GA）,GA,357,0.19440002585936084
Xian,遗传算法（GA）,GA,358,0.19440002585936084
Xian,遗传算法（GA）,GA,359,0.19440002585936084
Xian,遗传算法（GA）,GA,360,0.19440002585936084
Xian,遗传算法（GA）,GA,361,0.19440002585936084
Xian,遗传算法（GA）,GA,362,0.19440002585936084
Xian,遗传算法（GA）,GA,363,0.19440002585936084
Xian,遗传算法（GA）,GA,364,0.19440002585936084
Xian,遗传算法（GA）,GA,365,0.19440002585936084
Xian,遗传算法（GA）,GA,366,0.19440002585936084
Xian,遗传算法（GA）,GA,367,0.19440002585936084
Xian,遗传算法（GA）,GA,368,0.19440002585936084
Xian,遗传算法（GA）,GA,369,0.19440002585936084
Xian,遗传算法（GA）,GA,370,0.19440002585936084
Xian,遗传算法（GA）,GA,371,0.19440002585936084
Xian,遗传算法（GA）,GA,372,0.19440002585936084
Xian,遗传算法（GA）,GA,373,0.19440002585936084
Xian,遗传算法（GA）,GA,374,0.19440002585936084
Xian,遗传算法（GA）,GA,375,0.19440002585936084
Xian,遗传算法（GA）,GA,376,0.19440002585936084
Xian,遗传算法（GA）,GA,377,0.19440002585936084
Xian,遗传算法（GA）,GA,378,0.19440002585936084
Xian,遗传算法（GA）,GA,379,0.19440002585936084
Xian,遗传算法（GA）,GA,380,0.19440002585936084
Xian,遗传算法（GA）,GA,381,0.19440002585936084
Xian,遗传算法（GA）,GA,382,0.19440002585936084
Xian,遗传算法（GA）,GA,383,0.19440002585936084
Xian,遗传算法（GA）,GA,384,0.19440002585936084
Xian,遗传算法（GA）,GA,385,0.19440002585936084
Xian,遗传算法（GA）,GA,386,0.19440002585936084
Xian,遗传算法（GA）,GA,387,0.19440002585936084
Xian,遗传算法（GA）,GA,388,0.19440002585936084
Xian,遗传算法（GA）,GA,389,0.19440002585936084
Xian,遗传算法（GA）,GA,390,0.19440002585936084
Xian,遗传算法（GA）,GA,391,0.19440002585936084
Xian,遗传算法（GA）,GA,392,0.19440002585936084
Xian,遗传算法（GA）,GA,393,0.19440002585936084
Xian,遗传算法（GA）,GA,394,0.19440002585936084
Xian,遗传算法（GA）,GA,395,0.19440002585936084
Xian,遗传算法（GA）,GA,396,0.19440002585936084
Xian,遗传算法（GA）,GA,397,0.19440002585936084
Xian,遗传算法（GA）,GA,398,0.19440002585936084
Xian,遗传算法（GA）,GA,399,0.19440002585936084
Xian,遗传算法（GA）,GA,400,0.19440002585936084
Xian,遗传算法（GA）,GA,401,0.19440002585936084
Xian,遗传算法（GA）,GA,402,0.19440002585936084
Xian,遗传算法（GA）,GA,403,0.19440002585936084
Xian,遗传算法（GA）,GA,404,0.19440002585936084
Xian,遗传算法（GA）,GA,405,0.19440002585936084
Xian,遗传算法（GA）,GA,406,0.19440002585936084
Xian,遗传算法（GA）,GA,407,0.19440002585936084
Xian,遗传算法（GA）,GA,408,0.19440002585936084
Xian,遗传算法（GA）,GA,409,0.19440002585936084
Xian,遗传算法（GA）,GA,410,0.19440002585936084
Xian,遗传算法（GA）,GA,411,0.19440002585936084
Xian,遗传算法（GA）,GA,412,0.19440002585936084
Xian,遗传算法（GA）,GA,413,0.19440002585936084
Xian,遗传算法（GA）,GA,414,0.1902507650161703
Xian,遗传算法（GA）,GA,415,0.1902507650161703
Xian,遗传算法（GA）,GA,416,0.1902507650161703
Xian,遗传算法（GA）,GA,417,0.1902507650161703
Xian,遗传算法（GA）,GA,418,0.1902507650161703
Xian,遗传算法（GA）,GA,419,0.1902507650161703
Xian,遗传算法（GA）,GA,420,0.1902507650161703
Xian,遗传算法（GA）,GA,421,0.1902507650161703
Xian,遗传算法（GA）,GA,422,0.1902507650161703
Xian,遗传算法（GA）,GA,423,0.1902507650161703
Xian,遗传算法（GA）,GA,424,0.1902507650161703
Xian,遗传算法（GA）,GA,425,0.1902507650161703
Xian,遗传算法（GA）,GA,426,0.17289514798393898
Xian,遗传算法（GA）,GA,427,0.17289514798393898
Xian,遗传算法（GA）,GA,428,0.17289514798393898
Xian,遗传算法（GA）,GA,429,0.17289514798393898
Xian,遗传算法（GA）,GA,430,0.17289514798393898
Xian,遗传算法（GA）,GA,431,0.17289514798393898
Xian,遗传算法（GA）,GA,432,0.17289514798393898
Xian,遗传算法（GA）,GA,433,0.17289514798393898
Xian,遗传算法（GA）,GA,434,0.17289514798393898
Xian,遗传算法（GA）,GA,435,0.17289514798393898
Xian,遗传算法（GA）,GA,436,0.17289514798393898
Xian,遗传算法（GA）,GA,437,0.17289514798393898
Xian,遗传算法（GA）,GA,438,0.17289514798393898
Xian,遗传算法（GA）,GA,439,0.17289514798393898
Xian,遗传算法（GA）,GA,440,0.17289514798393898
Xian,遗传算法（GA）,GA,441,0.17289514798393898
Xian,遗传算法（GA）,GA,442,0.17289514798393898
Xian,遗传算法（GA）,GA,443,0.17289514798393898
Xian,遗传算法（GA）,GA,444,0.17289514798393898
Xian,遗传算法（GA）,GA,445,0.17289514798393898
Xian,遗传算法（GA）,GA,446,0.17289514798393898
Xian,遗传算法（GA）,GA,447,0.17289514798393898
Xian,遗传算法（GA）,GA,448,0.17289514798393898
Xian,遗传算法（GA）,GA,449,0.17289514798393898
Xian,遗传算法（GA）,GA,450,0.17289514798393898
Xian,遗传算法（GA）,GA,451,0.17289514798393898
Xian,遗传算法（GA）,GA,452,0.17289514798393898
Xian,遗传算法（GA）,GA,453,0.17289514798393898
Xian,遗传算法（GA）,GA,454,0.17289514798393898
Xian,遗传算法（GA）,GA,455,0.17289514798393898
Xian,遗传算法（GA）,GA,456,0.17289514798393898
Xian,遗传算法（GA）,GA,457,0.17289514798393898
Xian,遗传算法（GA）,GA,458,0.17289514798393898
Xian,遗传算法（GA）,GA,459,0.17289514798393898
Xian,遗传算法（GA）,GA,460,0.17289514798393898
Xian,遗传算法（GA）,GA,461,0.17289514798393898
Xian,遗传算法（GA）,GA,462,0.17289514798393898
Xian,遗传算法（GA）,GA,463,0.17289514798393898
Xian,遗传算法（GA）,GA,464,0.17289514798393898
Xian,遗传算法（GA）,GA,465,0.17289514798393898
Xian,遗传算法（GA）,GA,466,0.17289514798393898
Xian,遗传算法（GA）,GA,467,0.17289514798393898
Xian,遗传算法（GA）,GA,468,0.17289514798393898
Xian,遗传算法（GA）,GA,469,0.17289514798393898
Xian,遗传算法（GA）,GA,470,0.17289514798393898
Xian,遗传算法（GA）,GA,471,0.17289514798393898
Xian,遗传算法（GA）,GA,472,0.17289514798393898
Xian,遗传算法（GA）,GA,473,0.17289514798393898
Xian,遗传算法（GA）,GA,474,0.17289514798393898
Xian,遗传算法（GA）,GA,475,0.17289514798393898
Xian,遗传算法（GA）,GA,476,0.17289514798393898
Xian,遗传算法（GA）,GA,477,0.17289514798393898
Xian,遗传算法（GA）,GA,478,0.17289514798393898
Xian,遗传算法（GA）,GA,479,0.17289514798393898
Xian,遗传算法（GA）,GA,480,0.17289514798393898
Xian,遗传算法（GA）,GA,481,0.17289514798393898
Xian,遗传算法（GA）,GA,482,0.17289514798393898
Xian,遗传算法（GA）,GA,483,0.17289514798393898
Xian,遗传算法（GA）,GA,484,0.17289514798393898
Xian,遗传算法（GA）,GA,485,0.17289514798393898
Xian,遗传算法（GA）,GA,486,0.17289514798393898
Xian,遗传算法（GA）,GA,487,0.17289514798393898
Xian,遗传算法（GA）,GA,488,0.17289514798393898
Xian,遗传算法（GA）,GA,489,0.17289514798393898
Xian,遗传算法（GA）,GA,490,0.17289514798393898
Xian,遗传算法（GA）,GA,491,0.17289514798393898
Xian,遗传算法（GA）,GA,492,0.17289514798393898
Xian,遗传算法（GA）,GA,493,0.17289514798393898
Xian,遗传算法（GA）,GA,494,0.17289514798393898
Xian,遗传算法（GA）,GA,495,0.17289514798393898
Xian,遗传算法（GA）,GA,496,0.17289514798393898
Xian,遗传算法（GA）,GA,497,0.17289514798393898
Xian,遗传算法（GA）,GA,498,0.17289514798393898
Xian,遗传算法（GA）,GA,499,0.17289514798393898
Xian,遗传算法（GA）,GA,500,0.17289514798393898
Xian,遗传算法（GA）,GA,501,0.17289514798393898
Xian,遗传算法（GA）,GA,502,0.17289514798393898
Xian,遗传算法（GA）,GA,503,0.17289514798393898
Xian,遗传算法（GA）,GA,504,0.17289514798393898
Xian,遗传算法（GA）,GA,505,0.17289514798393898
Xian,遗传算法（GA）,GA,506,0.17289514798393898
Xian,遗传算法（GA）,GA,507,0.17289514798393898
Xian,遗传算法（GA）,GA,508,0.17289514798393898
Xian,遗传算法（GA）,GA,509,0.17289514798393898
Xian,遗传算法（GA）,GA,510,0.17289514798393898
Xian,遗传算法（GA）,GA,511,0.17289514798393898
Xian,遗传算法（GA）,GA,512,0.17289514798393898
Xian,遗传算法（GA）,GA,513,0.17289514798393898
Xian,遗传算法（GA）,GA,514,0.17175996979652997
Xian,遗传算法（GA）,GA,515,0.17175996979652997
Xian,遗传算法（GA）,GA,516,0.17175996979652997
Xian,遗传算法（GA）,GA,517,0.17175996979652997
Xian,遗传算法（GA）,GA,518,0.17175996979652997
Xian,遗传算法（GA）,GA,519,0.17175996979652997
Xian,遗传算法（GA）,GA,520,0.17175996979652997
Xian,遗传算法（GA）,GA,521,0.17175996979652997
Xian,遗传算法（GA）,GA,522,0.17175996979652997
Xian,遗传算法（GA）,GA,523,0.17175996979652997
Xian,遗传算法（GA）,GA,524,0.17175996979652997
Xian,遗传算法（GA）,GA,525,0.17175996979652997
Xian,遗传算法（GA）,GA,526,0.17175996979652997
Xian,遗传算法（GA）,GA,527,0.17175996979652997
Xian,遗传算法（GA）,GA,528,0.17175996979652997
Xian,遗传算法（GA）,GA,529,0.17175996979652997
Xian,遗传算法（GA）,GA,530,0.17175996979652997
Xian,遗传算法（GA）,GA,531,0.17175996979652997
Xian,遗传算法（GA）,GA,532,0.17175996979652997
Xian,遗传算法（GA）,GA,533,0.17175996979652997
Xian,遗传算法（GA）,GA,534,0.17175996979652997
Xian,遗传算法（GA）,GA,535,0.17175996979652997
Xian,遗传算法（GA）,GA,536,0.17175996979652997
Xian,遗传算法（GA）,GA,537,0.17175996979652997
Xian,遗传算法（GA）,GA,538,0.17175996979652997
Xian,遗传算法（GA）,GA,539,0.17175996979652997
Xian,遗传算法（GA）,GA,540,0.17175996979652997
Xian,遗传算法（GA）,GA,541,0.17175996979652997
Xian,遗传算法（GA）,GA,542,0.17175996979652997
Xian,遗传算法（GA）,GA,543,0.17175996979652997
Xian,遗传算法（GA）,GA,544,0.17175996979652997
Xian,遗传算法（GA）,GA,545,0.17175996979652997
Xian,遗传算法（GA）,GA,546,0.17175996979652997
Xian,遗传算法（GA）,GA,547,0.17175996979652997
Xian,遗传算法（GA）,GA,548,0.17175996979652997
Xian,遗传算法（GA）,GA,549,0.17175996979652997
Xian,遗传算法（GA）,GA,550,0.17175996979652997
Xian,遗传算法（GA）,GA,551,0.17175996979652997
Xian,遗传算法（GA）,GA,552,0.17175996979652997
Xian,遗传算法（GA）,GA,553,0.17175996979652997
Xian,遗传算法（GA）,GA,554,0.17175996979652997
Xian,遗传算法（GA）,GA,555,0.17175996979652997
Xian,遗传算法（GA）,GA,556,0.17175996979652997
Xian,遗传算法（GA）,GA,557,0.17175996979652997
Xian,遗传算法（GA）,GA,558,0.17175996979652997
Xian,遗传算法（GA）,GA,559,0.17175996979652997
Xian,遗传算法（GA）,GA,560,0.17175996979652997
Xian,遗传算法（GA）,GA,561,0.17175996979652997
Xian,遗传算法（GA）,GA,562,0.17175996979652997
Xian,遗传算法（GA）,GA,563,0.17175996979652997
Xian,遗传算法（GA）,GA,564,0.17175996979652997
Xian,遗传算法（GA）,GA,565,0.17175996979652997
Xian,遗传算法（GA）,GA,566,0.17175996979652997
Xian,遗传算法（GA）,GA,567,0.17175996979652997
Xian,遗传算法（GA）,GA,568,0.17175996979652997
Xian,遗传算法（GA）,GA,569,0.17175996979652997
Xian,遗传算法（GA）,GA,570,0.17175996979652997
Xian,遗传算法（GA）,GA,571,0.17175996979652997
Xian,遗传算法（GA）,GA,572,0.17175996979652997
Xian,遗传算法（GA）,GA,573,0.17175996979652997
Xian,遗传算法（GA）,GA,574,0.17175996979652997
Xian,遗传算法（GA）,GA,575,0.17175996979652997
Xian,遗传算法（GA）,GA,576,0.17175996979652997
Xian,遗传算法（GA）,GA,577,0.17175996979652997
Xian,遗传算法（GA）,GA,578,0.17175996979652997
Xian,遗传算法（GA）,GA,579,0.17175996979652997
Xian,遗传算法（GA）,GA,580,0.17175996979652997
Xian,遗传算法（GA）,GA,581,0.17175996979652997
Xian,遗传算法（GA）,GA,582,0.17175996979652997
Xian,遗传算法（GA）,GA,583,0.17175996979652997
Xian,遗传算法（GA）,GA,584,0.17175996979652997
Xian,遗传算法（GA）,GA,585,0.17175996979652997
Xian,遗传算法（GA）,GA,586,0.17175996979652997
Xian,遗传算法（GA）,GA,587,0.17175996979652997
Xian,遗传算法（GA）,GA,588,0.17175996979652997
Xian,遗传算法（GA）,GA,589,0.17175996979652997
Xian,遗传算法（GA）,GA,590,0.17175996979652997
Xian,遗传算法（GA）,GA,591,0.17175996979652997
Xian,遗传算法（GA）,GA,592,0.17175996979652997
Xian,遗传算法（GA）,GA,593,0.17175996979652997
Xian,遗传算法（GA）,GA,594,0.17175996979652997
Xian,遗传算法（GA）,GA,595,0.17175996979652997
Xian,遗传算法（GA）,GA,596,0.17175996979652997
Xian,遗传算法（GA）,GA,597,0.17175996979652997
Xian,遗传算法（GA）,GA,598,0.17175996979652997
Xian,遗传算法（GA）,GA,599,0.17175996979652997
Xian,遗传算法（GA）,GA,600,0.17175996979652997
Xian,遗传算法（GA）,GA,601,0.17175996979652997
Xian,遗传算法（GA）,GA,602,0.17175996979652997
Xian,遗传算法（GA）,GA,603,0.17175996979652997
Xian,遗传算法（GA）,GA,604,0.17175996979652997
Xian,遗传算法（GA）,GA,605,0.17175996979652997
Xian,遗传算法（GA）,GA,606,0.17175996979652997
Xian,遗传算法（GA）,GA,607,0.17175996979652997
Xian,遗传算法（GA）,GA,608,0.17175996979652997
Xian,遗传算法（GA）,GA,609,0.17175996979652997
Xian,遗传算法（GA）,GA,610,0.17175996979652997
Xian,遗传算法（GA）,GA,611,0.17175996979652997
Xian,遗传算法（GA）,GA,612,0.17175996979652997
Xian,遗传算法（GA）,GA,613,0.17175996979652997
Xian,遗传算法（GA）,GA,614,0.17175996979652997
Xian,遗传算法（GA）,GA,615,0.17175996979652997
Xian,遗传算法（GA）,GA,616,0.17175996979652997
Xian,遗传算法（GA）,GA,617,0.17175996979652997
Xian,遗传算法（GA）,GA,618,0.17175996979652997
Xian,遗传算法（GA）,GA,619,0.17175996979652997
Xian,遗传算法（GA）,GA,620,0.17175996979652997
Xian,遗传算法（GA）,GA,621,0.17175996979652997
Xian,遗传算法（GA）,GA,622,0.17175996979652997
Xian,遗传算法（GA）,GA,623,0.17175996979652997
Xian,遗传算法（GA）,GA,624,0.17175996979652997
Xian,遗传算法（GA）,GA,625,0.17175996979652997
Xian,遗传算法（GA）,GA,626,0.17175996979652997
Xian,遗传算法（GA）,GA,627,0.17175996979652997
Xian,遗传算法（GA）,GA,628,0.17175996979652997
Xian,遗传算法（GA）,GA,629,0.17175996979652997
Xian,遗传算法（GA）,GA,630,0.17175996979652997
Xian,遗传算法（GA）,GA,631,0.17175996979652997
Xian,遗传算法（GA）,GA,632,0.17175996979652997
Xian,遗传算法（GA）,GA,633,0.17175996979652997
Xian,遗传算法（GA）,GA,634,0.17175996979652997
Xian,遗传算法（GA）,GA,635,0.17175996979652997
Xian,遗传算法（GA）,GA,636,0.1685737223799344
Xian,遗传算法（GA）,GA,637,0.1685737223799344
Xian,遗传算法（GA）,GA,638,0.1685737223799344
Xian,遗传算法（GA）,GA,639,0.1685737223799344
Xian,遗传算法（GA）,GA,640,0.1685737223799344
Xian,遗传算法（GA）,GA,641,0.1685737223799344
Xian,遗传算法（GA）,GA,642,0.1685737223799344
Xian,遗传算法（GA）,GA,643,0.1685737223799344
Xian,遗传算法（GA）,GA,644,0.1685737223799344
Xian,遗传算法（GA）,GA,645,0.1685737223799344
Xian,遗传算法（GA）,GA,646,0.1685737223799344
Xian,遗传算法（GA）,GA,647,0.1685737223799344
Xian,遗传算法（GA）,GA,648,0.1685737223799344
Xian,遗传算法（GA）,GA,649,0.1685737223799344
Xian,遗传算法（GA）,GA,650,0.1685737223799344
Xian,遗传算法（GA）,GA,651,0.1685737223799344
Xian,遗传算法（GA）,GA,652,0.1685737223799344
Xian,遗传算法（GA）,GA,653,0.1685737223799344
Xian,遗传算法（GA）,GA,654,0.1685737223799344
Xian,遗传算法（GA）,GA,655,0.1685737223799344
Xian,遗传算法（GA）,GA,656,0.1685737223799344
Xian,遗传算法（GA）,GA,657,0.1685737223799344
Xian,遗传算法（GA）,GA,658,0.1685737223799344
Xian,遗传算法（GA）,GA,659,0.1685737223799344
Xian,遗传算法（GA）,GA,660,0.1685737223799344
Xian,遗传算法（GA）,GA,661,0.1685737223799344
Xian,遗传算法（GA）,GA,662,0.1685737223799344
Xian,遗传算法（GA）,GA,663,0.1685737223799344
Xian,遗传算法（GA）,GA,664,0.1685737223799344
Xian,遗传算法（GA）,GA,665,0.1685737223799344
Xian,遗传算法（GA）,GA,666,0.1685737223799344
Xian,遗传算法（GA）,GA,667,0.1685737223799344
Xian,遗传算法（GA）,GA,668,0.1685737223799344
Xian,遗传算法（GA）,GA,669,0.1685737223799344
Xian,遗传算法（GA）,GA,670,0.1685737223799344
Xian,遗传算法（GA）,GA,671,0.1685737223799344
Xian,遗传算法（GA）,GA,672,0.1685737223799344
Xian,遗传算法（GA）,GA,673,0.1685737223799344
Xian,遗传算法（GA）,GA,674,0.1685737223799344
Xian,遗传算法（GA）,GA,675,0.1685737223799344
Xian,遗传算法（GA）,GA,676,0.1685737223799344
Xian,遗传算法（GA）,GA,677,0.1685737223799344
Xian,遗传算法（GA）,GA,678,0.1685737223799344
Xian,遗传算法（GA）,GA,679,0.1685737223799344
Xian,遗传算法（GA）,GA,680,0.1685737223799344
Xian,遗传算法（GA）,GA,681,0.1685737223799344
Xian,遗传算法（GA）,GA,682,0.1685737223799344
Xian,遗传算法（GA）,GA,683,0.1685737223799344
Xian,遗传算法（GA）,GA,684,0.1685737223799344
Xian,遗传算法（GA）,GA,685,0.1685737223799344
Xian,遗传算法（GA）,GA,686,0.1685737223799344
Xian,遗传算法（GA）,GA,687,0.1685737223799344
Xian,遗传算法（GA）,GA,688,0.1685737223799344
Xian,遗传算法（GA）,GA,689,0.1685737223799344
Xian,遗传算法（GA）,GA,690,0.1685737223799344
Xian,遗传算法（GA）,GA,691,0.1685737223799344
Xian,遗传算法（GA）,GA,692,0.1685737223799344
Xian,遗传算法（GA）,GA,693,0.1685737223799344
Xian,遗传算法（GA）,GA,694,0.1685737223799344
Xian,遗传算法（GA）,GA,695,0.1685737223799344
Xian,遗传算法（GA）,GA,696,0.1685737223799344
Xian,遗传算法（GA）,GA,697,0.1685737223799344
Xian,遗传算法（GA）,GA,698,0.1685737223799344
Xian,遗传算法（GA）,GA,699,0.1685737223799344
Xian,遗传算法（GA）,GA,700,0.1685737223799344
Xian,遗传算法（GA）,GA,701,0.1685737223799344
Xian,遗传算法（GA）,GA,702,0.1685737223799344
Xian,遗传算法（GA）,GA,703,0.1685737223799344
Xian,遗传算法（GA）,GA,704,0.1685737223799344
Xian,遗传算法（GA）,GA,705,0.1685737223799344
Xian,遗传算法（GA）,GA,706,0.1685737223799344
Xian,遗传算法（GA）,GA,707,0.1685737223799344
Xian,遗传算法（GA）,GA,708,0.1685737223799344
Xian,遗传算法（GA）,GA,709,0.1685737223799344
Xian,遗传算法（GA）,GA,710,0.1685737223799344
Xian,遗传算法（GA）,GA,711,0.1685737223799344
Xian,遗传算法（GA）,GA,712,0.1685737223799344
Xian,遗传算法（GA）,GA,713,0.1685737223799344
Xian,遗传算法（GA）,GA,714,0.1685737223799344
Xian,遗传算法（GA）,GA,715,0.1685737223799344
Xian,遗传算法（GA）,GA,716,0.1685737223799344
Xian,遗传算法（GA）,GA,717,0.1685737223799344
Xian,遗传算法（GA）,GA,718,0.1685737223799344
Xian,遗传算法（GA）,GA,719,0.1685737223799344
Xian,遗传算法（GA）,GA,720,0.1685737223799344
Xian,遗传算法（GA）,GA,721,0.1685737223799344
Xian,遗传算法（GA）,GA,722,0.1685737223799344
Xian,遗传算法（GA）,GA,723,0.1685737223799344
Xian,遗传算法（GA）,GA,724,0.1685737223799344
Xian,遗传算法（GA）,GA,725,0.1685737223799344
Xian,遗传算法（GA）,GA,726,0.1685737223799344
Xian,遗传算法（GA）,GA,727,0.1685737223799344
Xian,遗传算法（GA）,GA,728,0.1685737223799344
Xian,遗传算法（GA）,GA,729,0.1685737223799344
Xian,遗传算法（GA）,GA,730,0.1685737223799344
Xian,遗传算法（GA）,GA,731,0.1685737223799344
Xian,遗传算法（GA）,GA,732,0.1685737223799344
Xian,遗传算法（GA）,GA,733,0.1685737223799344
Xian,遗传算法（GA）,GA,734,0.1685737223799344
Xian,遗传算法（GA）,GA,735,0.1685737223799344
Xian,遗传算法（GA）,GA,736,0.1685737223799344
Xian,遗传算法（GA）,GA,737,0.1685737223799344
Xian,遗传算法（GA）,GA,738,0.1685737223799344
Xian,遗传算法（GA）,GA,739,0.1685737223799344
Xian,遗传算法（GA）,GA,740,0.1685737223799344
Xian,遗传算法（GA）,GA,741,0.1685737223799344
Xian,遗传算法（GA）,GA,742,0.1685737223799344
Xian,遗传算法（GA）,GA,743,0.1685737223799344
Xian,遗传算法（GA）,GA,744,0.1685737223799344
Xian,遗传算法（GA）,GA,745,0.1685737223799344
Xian,遗传算法（GA）,GA,746,0.1685737223799344
Xian,遗传算法（GA）,GA,747,0.1685737223799344
Xian,遗传算法（GA）,GA,748,0.1685737223799344
Xian,遗传算法（GA）,GA,749,0.1685737223799344
Xian,遗传算法（GA）,GA,750,0.1685737223799344
Xian,遗传算法（GA）,GA,751,0.1685737223799344
Xian,遗传算法（GA）,GA,752,0.1685737223799344
Xian,遗传算法（GA）,GA,753,0.1685737223799344
Xian,遗传算法（GA）,GA,754,0.1685737223799344
Xian,遗传算法（GA）,GA,755,0.1685737223799344
Xian,遗传算法（GA）,GA,756,0.1685737223799344
Xian,遗传算法（GA）,GA,757,0.1685737223799344
Xian,遗传算法（GA）,GA,758,0.1685737223799344
Xian,遗传算法（GA）,GA,759,0.1685737223799344
Xian,遗传算法（GA）,GA,760,0.1685737223799344
Xian,遗传算法（GA）,GA,761,0.1685737223799344
Xian,遗传算法（GA）,GA,762,0.1685737223799344
Xian,遗传算法（GA）,GA,763,0.1685737223799344
Xian,遗传算法（GA）,GA,764,0.1685737223799344
Xian,遗传算法（GA）,GA,765,0.1685737223799344
Xian,无LHS（随机 101）,No-LHS,1,0.604837426906662
Xian,无LHS（随机 101）,No-LHS,2,0.40468969729164256
Xian,无LHS（随机 101）,No-LHS,3,0.40468969729164256
Xian,无LHS（随机 101）,No-LHS,4,0.40468969729164256
Xian,无LHS（随机 101）,No-LHS,5,0.40468969729164256
Xian,无LHS（随机 101）,No-LHS,6,0.40468969729164256
Xian,无LHS（随机 101）,No-LHS,7,0.40468969729164256
Xian,无LHS（随机 101）,No-LHS,8,0.3195248985960092
Xian,无LHS（随机 101）,No-LHS,9,0.3195248985960092
Xian,无LHS（随机 101）,No-LHS,10,0.3195248985960092
Xian,无LHS（随机 101）,No-LHS,11,0.3195248985960092
Xian,无LHS（随机 101）,No-LHS,12,0.3195248985960092
Xian,无LHS（随机 101）,No-LHS,13,0.3195248985960092
Xian,无LHS（随机 101）,No-LHS,14,0.3195248985960092
Xian,无LHS（随机 101）,No-LHS,15,0.3195248985960092
Xian,无LHS（随机 101）,No-LHS,16,0.3195248985960092
Xian,无LHS（随机 101）,No-LHS,17,0.3195248985960092
Xian,无LHS（随机 101）,No-LHS,18,0.3195248985960092
Xian,无LHS（随机 101）,No-LHS,19,0.3195248985960092
Xian,无LHS（随机 101）,No-LHS,20,0.3195248985960092
Xian,无LHS（随机 101）,No-LHS,21,0.3195248985960092
Xian,无LHS（随机 101）,No-LHS,22,0.3195248985960092
Xian,无LHS（随机 101）,No-LHS,23,0.3195248985960092
Xian,无LHS（随机 101）,No-LHS,24,0.3195248985960092
Xian,无LHS（随机 101）,No-LHS,25,0.3195248985960092
Xian,无LHS（随机 101）,No-LHS,26,0.3195248985960092
Xian,无LHS（随机 101）,No-LHS,27,0.3195248985960092
Xian,无LHS（随机 101）,No-LHS,28,0.3195248985960092
Xian,无LHS（随机 101）,No-LHS,29,0.3195248985960092
Xian,无LHS（随机 101）,No-LHS,30,0.3195248985960092
Xian,无LHS（随机 101）,No-LHS,31,0.3195248985960092
Xian,无LHS（随机 101）,No-LHS,32,0.3195248985960092
Xian,无LHS（随机 101）,No-LHS,33,0.3195248985960092
Xian,无LHS（随机 101）,No-LHS,34,0.3195248985960092
Xian,无LHS（随机 101）,No-LHS,35,0.3195248985960092
Xian,无LHS（随机 101）,No-LHS,36,0.3195248985960092
Xian,无LHS（随机 101）,No-LHS,37,0.3195248985960092
Xian,无LHS（随机 101）,No-LHS,38,0.3195248985960092
Xian,无LHS（随机 101）,No-LHS,39,0.3195248985960092
Xian,无LHS（随机 101）,No-LHS,40,0.3195248985960092
Xian,无LHS（随机 101）,No-LHS,41,0.3195248985960092
Xian,无LHS（随机 101）,No-LHS,42,0.3195248985960092
Xian,无LHS（随机 101）,No-LHS,43,0.3195248985960092
Xian,无LHS（随机 101）,No-LHS,44,0.3195248985960092
Xian,无LHS（随机 101）,No-LHS,45,0.3195248985960092
Xian,无LHS（随机 101）,No-LHS,46,0.3195248985960092
Xian,无LHS（随机 101）,No-LHS,47,0.3195248985960092
Xian,无LHS（随机 101）,No-LHS,48,0.3195248985960092
Xian,无LHS（随机 101）,No-LHS,49,0.3195248985960092
Xian,无LHS（随机 101）,No-LHS,50,0.3195248985960092
Xian,无LHS（随机 101）,No-LHS,51,0.3195248985960092
Xian,无LHS（随机 101）,No-LHS,52,0.3195248985960092
Xian,无LHS（随机 101）,No-LHS,53,0.3195248985960092
Xian,无LHS（随机 101）,No-LHS,54,0.3195248985960092
Xian,无LHS（随机 101）,No-LHS,55,0.3195248985960092
Xian,无LHS（随机 101）,No-LHS,56,0.3195248985960092
Xian,无LHS（随机 101）,No-LHS,57,0.3195248985960092
Xian,无LHS（随机 101）,No-LHS,58,0.3195248985960092
Xian,无LHS（随机 101）,No-LHS,59,0.3195248985960092
Xian,无LHS（随机 101）,No-LHS,60,0.3195248985960092
Xian,无LHS（随机 101）,No-LHS,61,0.3195248985960092
Xian,无LHS（随机 101）,No-LHS,62,0.3195248985960092
Xian,无LHS（随机 101）,No-LHS,63,0.3195248985960092
Xian,无LHS（随机 101）,No-LHS,64,0.3195248985960092
Xian,无LHS（随机 101）,No-LHS,65,0.3195248985960092
Xian,无LHS（随机 101）,No-LHS,66,0.3195248985960092
Xian,无LHS（随机 101）,No-LHS,67,0.3195248985960092
Xian,无LHS（随机 101）,No-LHS,68,0.3195248985960092
Xian,无LHS（随机 101）,No-LHS,69,0.3195248985960092
Xian,无LHS（随机 101）,No-LHS,70,0.3195248985960092
Xian,无LHS（随机 101）,No-LHS,71,0.3195248985960092
Xian,无LHS（随机 101）,No-LHS,72,0.3195248985960092
Xian,无LHS（随机 101）,No-LHS,73,0.3195248985960092
Xian,无LHS（随机 101）,No-LHS,74,0.3195248985960092
Xian,无LHS（随机 101）,No-LHS,75,0.3195248985960092
Xian,无LHS（随机 101）,No-LHS,76,0.3195248985960092
Xian,无LHS（随机 101）,No-LHS,77,0.3195248985960092
Xian,无LHS（随机 101）,No-LHS,78,0.3195248985960092
Xian,无LHS（随机 101）,No-LHS,79,0.3195248985960092
Xian,无LHS（随机 101）,No-LHS,80,0.3195248985960092
Xian,无LHS（随机 101）,No-LHS,81,0.3195248985960092
Xian,无LHS（随机 101）,No-LHS,82,0.3195248985960092
Xian,无LHS（随机 101）,No-LHS,83,0.3195248985960092
Xian,无LHS（随机 101）,No-LHS,84,0.3195248985960092
Xian,无LHS（随机 101）,No-LHS,85,0.3195248985960092
Xian,无LHS（随机 101）,No-LHS,86,0.3195248985960092
Xian,无LHS（随机 101）,No-LHS,87,0.3195248985960092
Xian,无LHS（随机 101）,No-LHS,88,0.3195248985960092
Xian,无LHS（随机 101）,No-LHS,89,0.3195248985960092
Xian,无LHS（随机 101）,No-LHS,90,0.3195248985960092
Xian,无LHS（随机 101）,No-LHS,91,0.3195248985960092
Xian,无LHS（随机 101）,No-LHS,92,0.3195248985960092
Xian,无LHS（随机 101）,No-LHS,93,0.3195248985960092
Xian,无LHS（随机 101）,No-LHS,94,0.3195248985960092
Xian,无LHS（随机 101）,No-LHS,95,0.3195248985960092
Xian,无LHS（随机 101）,No-LHS,96,0.3195248985960092
Xian,无LHS（随机 101）,No-LHS,97,0.3195248985960092
Xian,无LHS（随机 101）,No-LHS,98,0.2722659878727423
Xian,无LHS（随机 101）,No-LHS,99,0.2722659878727423
Xian,无LHS（随机 101）,No-LHS,100,0.2722659878727423
Xian,无LHS（随机 101）,No-LHS,101,0.2722659878727423
Xian,无RF（LHS 101）,No-RF,1,0.43113720283533086
Xian,无RF（LHS 101）,No-RF,2,0.43113720283533086
Xian,无RF（LHS 101）,No-RF,3,0.41024695384052573
Xian,无RF（LHS 101）,No-RF,4,0.3951535607097796
Xian,无RF（LHS 101）,No-RF,5,0.3951535607097796
Xian,无RF（LHS 101）,No-RF,6,0.3951535607097796
Xian,无RF（LHS 101）,No-RF,7,0.3951535607097796
Xian,无RF（LHS 101）,No-RF,8,0.3951535607097796
Xian,无RF（LHS 101）,No-RF,9,0.2652980092880774
Xian,无RF（LHS 101）,No-RF,10,0.2652980092880774
Xian,无RF（LHS 101）,No-RF,11,0.2652980092880774
Xian,无RF（LHS 101）,No-RF,12,0.2652980092880774
Xian,无RF（LHS 101）,No-RF,13,0.2652980092880774
Xian,无RF（LHS 101）,No-RF,14,0.2652980092880774
Xian,无RF（LHS 101）,No-RF,15,0.2652980092880774
Xian,无RF（LHS 101）,No-RF,16,0.2652980092880774
Xian,无RF（LHS 101）,No-RF,17,0.2652980092880774
Xian,无RF（LHS 101）,No-RF,18,0.2652980092880774
Xian,无RF（LHS 101）,No-RF,19,0.2652980092880774
Xian,无RF（LHS 101）,No-RF,20,0.2652980092880774
Xian,无RF（LHS 101）,No-RF,21,0.2652980092880774
Xian,无RF（LHS 101）,No-RF,22,0.2652980092880774
Xian,无RF（LHS 101）,No-RF,23,0.2652980092880774
Xian,无RF（LHS 101）,No-RF,24,0.2652980092880774
Xian,无RF（LHS 101）,No-RF,25,0.2652980092880774
Xian,无RF（LHS 101）,No-RF,26,0.2652980092880774
Xian,无RF（LHS 101）,No-RF,27,0.2652980092880774
Xian,无RF（LHS 101）,No-RF,28,0.2652980092880774
Xian,无RF（LHS 101）,No-RF,29,0.2652980092880774
Xian,无RF（LHS 101）,No-RF,30,0.2652980092880774
Xian,无RF（LHS 101）,No-RF,31,0.2652980092880774
Xian,无RF（LHS 101）,No-RF,32,0.2652980092880774
Xian,无RF（LHS 101）,No-RF,33,0.2652980092880774
Xian,无RF（LHS 101）,No-RF,34,0.2652980092880774
Xian,无RF（LHS 101）,No-RF,35,0.2652980092880774
Xian,无RF（LHS 101）,No-RF,36,0.2652980092880774
Xian,无RF（LHS 101）,No-RF,37,0.2652980092880774
Xian,无RF（LHS 101）,No-RF,38,0.2652980092880774
Xian,无RF（LHS 101）,No-RF,39,0.2652980092880774
Xian,无RF（LHS 101）,No-RF,40,0.2652980092880774
Xian,无RF（LHS 101）,No-RF,41,0.2652980092880774
Xian,无RF（LHS 101）,No-RF,42,0.2652980092880774
Xian,无RF（LHS 101）,No-RF,43,0.2652980092880774
Xian,无RF（LHS 101）,No-RF,44,0.2652980092880774
Xian,无RF（LHS 101）,No-RF,45,0.2652980092880774
Xian,无RF（LHS 101）,No-RF,46,0.2652980092880774
Xian,无RF（LHS 101）,No-RF,47,0.2652980092880774
Xian,无RF（LHS 101）,No-RF,48,0.2652980092880774
Xian,无RF（LHS 101）,No-RF,49,0.2652980092880774
Xian,无RF（LHS 101）,No-RF,50,0.2652980092880774
Xian,无RF（LHS 101）,No-RF,51,0.2652980092880774
Xian,无RF（LHS 101）,No-RF,52,0.2652980092880774
Xian,无RF（LHS 101）,No-RF,53,0.2652980092880774
Xian,无RF（LHS 101）,No-RF,54,0.2652980092880774
Xian,无RF（LHS 101）,No-RF,55,0.2652980092880774
Xian,无RF（LHS 101）,No-RF,56,0.2652980092880774
Xian,无RF（LHS 101）,No-RF,57,0.2652980092880774
Xian,无RF（LHS 101）,No-RF,58,0.2652980092880774
Xian,无RF（LHS 101）,No-RF,59,0.2652980092880774
Xian,无RF（LHS 101）,No-RF,60,0.2652980092880774
Xian,无RF（LHS 101）,No-RF,61,0.2652980092880774
Xian,无RF（LHS 101）,No-RF,62,0.2652980092880774
Xian,无RF（LHS 101）,No-RF,63,0.2652980092880774
Xian,无RF（LHS 101）,No-RF,64,0.2084370442801718
Xian,无RF（LHS 101）,No-RF,65,0.2084370442801718
Xian,无RF（LHS 101）,No-RF,66,0.2084370442801718
Xian,无RF（LHS 101）,No-RF,67,0.2084370442801718
Xian,无RF（LHS 101）,No-RF,68,0.2084370442801718
Xian,无RF（LHS 101）,No-RF,69,0.2084370442801718
Xian,无RF（LHS 101）,No-RF,70,0.2084370442801718
Xian,无RF（LHS 101）,No-RF,71,0.2084370442801718
Xian,无RF（LHS 101）,No-RF,72,0.2084370442801718
Xian,无RF（LHS 101）,No-RF,73,0.2084370442801718
Xian,无RF（LHS 101）,No-RF,74,0.2084370442801718
Xian,无RF（LHS 101）,No-RF,75,0.2084370442801718
Xian,无RF（LHS 101）,No-RF,76,0.2084370442801718
Xian,无RF（LHS 101）,No-RF,77,0.2084370442801718
Xian,无RF（LHS 101）,No-RF,78,0.2084370442801718
Xian,无RF（LHS 101）,No-RF,79,0.2084370442801718
Xian,无RF（LHS 101）,No-RF,80,0.2084370442801718
Xian,无RF（LHS 101）,No-RF,81,0.2084370442801718
Xian,无RF（LHS 101）,No-RF,82,0.19897287255300253
Xian,无RF（LHS 101）,No-RF,83,0.19897287255300253
Xian,无RF（LHS 101）,No-RF,84,0.19897287255300253
Xian,无RF（LHS 101）,No-RF,85,0.19897287255300253
Xian,无RF（LHS 101）,No-RF,86,0.19897287255300253
Xian,无RF（LHS 101）,No-RF,87,0.19897287255300253
Xian,无RF（LHS 101）,No-RF,88,0.19897287255300253
Xian,无RF（LHS 101）,No-RF,89,0.19897287255300253
Xian,无RF（LHS 101）,No-RF,90,0.19897287255300253
Xian,无RF（LHS 101）,No-RF,91,0.19897287255300253
Xian,无RF（LHS 101）,No-RF,92,0.19897287255300253
Xian,无RF（LHS 101）,No-RF,93,0.19897287255300253
Xian,无RF（LHS 101）,No-RF,94,0.19897287255300253
Xian,无RF（LHS 101）,No-RF,95,0.19897287255300253
Xian,无RF（LHS 101）,No-RF,96,0.19897287255300253
Xian,无RF（LHS 101）,No-RF,97,0.19897287255300253
Xian,无RF（LHS 101）,No-RF,98,0.19897287255300253
Xian,无RF（LHS 101）,No-RF,99,0.19897287255300253
Xian,无RF（LHS 101）,No-RF,100,0.19897287255300253
Xian,无RF（LHS 101）,No-RF,101,0.19897287255300253
Xian,SPSA,SPSA,1,0.488749743921516
Xian,SPSA,SPSA,2,0.488749743921516
Xian,SPSA,SPSA,3,0.488749743921516
Xian,SPSA,SPSA,4,0.4638643559742789
Xian,SPSA,SPSA,5,0.4638643559742789
Xian,SPSA,SPSA,6,0.4638643559742789
Xian,SPSA,SPSA,7,0.4638643559742789
Xian,SPSA,SPSA,8,0.4638643559742789
Xian,SPSA,SPSA,9,0.4638643559742789
Xian,SPSA,SPSA,10,0.4638643559742789
Xian,SPSA,SPSA,11,0.45503626152029303
Xian,SPSA,SPSA,12,0.44623285488581416
Xian,SPSA,SPSA,13,0.44623285488581416
Xian,SPSA,SPSA,14,0.44623285488581416
Xian,SPSA,SPSA,15,0.44623285488581416
Xian,SPSA,SPSA,16,0.44623285488581416
Xian,SPSA,SPSA,17,0.44623285488581416
Xian,SPSA,SPSA,18,0.42242820837759043
Xian,SPSA,SPSA,19,0.42242820837759043
Xian,SPSA,SPSA,20,0.42242820837759043
Xian,SPSA,SPSA,21,0.42242820837759043
Xian,SPSA,SPSA,22,0.42242820837759043
Xian,SPSA,SPSA,23,0.42242820837759043
Xian,SPSA,SPSA,24,0.42242820837759043
Xian,SPSA,SPSA,25,0.42242820837759043
Xian,SPSA,SPSA,26,0.42242820837759043
Xian,SPSA,SPSA,27,0.42242820837759043
Xian,SPSA,SPSA,28,0.42242820837759043
Xian,SPSA,SPSA,29,0.42242820837759043
Xian,SPSA,SPSA,30,0.42242820837759043
Xian,SPSA,SPSA,31,0.42242820837759043
Xian,SPSA,SPSA,32,0.42242820837759043
Xian,SPSA,SPSA,33,0.42242820837759043
Xian,SPSA,SPSA,34,0.42242820837759043
Xian,SPSA,SPSA,35,0.42242820837759043
Xian,SPSA,SPSA,36,0.42242820837759043
Xian,SPSA,SPSA,37,0.42242820837759043
Xian,SPSA,SPSA,38,0.42242820837759043
Xian,SPSA,SPSA,39,0.42242820837759043
Xian,SPSA,SPSA,40,0.3684153034229407
Xian,SPSA,SPSA,41,0.3684153034229407
Xian,SPSA,SPSA,42,0.3684153034229407
Xian,SPSA,SPSA,43,0.3684153034229407
Xian,SPSA,SPSA,44,0.3684153034229407
Xian,SPSA,SPSA,45,0.3684153034229407
Xian,SPSA,SPSA,46,0.3684153034229407
Xian,SPSA,SPSA,47,0.3684153034229407
Xian,SPSA,SPSA,48,0.3684153034229407
Xian,SPSA,SPSA,49,0.3684153034229407
Xian,SPSA,SPSA,50,0.3684153034229407
Xian,SPSA,SPSA,51,0.3684153034229407
Xian,SPSA,SPSA,52,0.3684153034229407
Xian,SPSA,SPSA,53,0.3684153034229407
Xian,SPSA,SPSA,54,0.3684153034229407
Xian,SPSA,SPSA,55,0.3684153034229407
Xian,SPSA,SPSA,56,0.3684153034229407
Xian,SPSA,SPSA,57,0.3684153034229407
Xian,SPSA,SPSA,58,0.3684153034229407
Xian,SPSA,SPSA,59,0.3684153034229407
Xian,SPSA,SPSA,60,0.3684153034229407
Xian,SPSA,SPSA,61,0.3684153034229407
Xian,SPSA,SPSA,62,0.3684153034229407
Xian,SPSA,SPSA,63,0.3684153034229407
Xian,SPSA,SPSA,64,0.3684153034229407
Xian,SPSA,SPSA,65,0.3684153034229407
Xian,SPSA,SPSA,66,0.3684153034229407
Xian,SPSA,SPSA,67,0.3684153034229407
Xian,SPSA,SPSA,68,0.3684153034229407
Xian,SPSA,SPSA,69,0.3684153034229407
Xian,SPSA,SPSA,70,0.3684153034229407
Xian,SPSA,SPSA,71,0.3684153034229407
Xian,SPSA,SPSA,72,0.3684153034229407
Xian,SPSA,SPSA,73,0.3684153034229407
Xian,SPSA,SPSA,74,0.3684153034229407
Xian,SPSA,SPSA,75,0.3684153034229407
Xian,SPSA,SPSA,76,0.3684153034229407
Xian,SPSA,SPSA,77,0.3684153034229407
Xian,SPSA,SPSA,78,0.3684153034229407
Xian,SPSA,SPSA,79,0.3684153034229407
Xian,SPSA,SPSA,80,0.3684153034229407
Xian,SPSA,SPSA,81,0.3684153034229407
Xian,SPSA,SPSA,82,0.3684153034229407
Xian,SPSA,SPSA,83,0.3684153034229407
Xian,SPSA,SPSA,84,0.3684153034229407
Xian,SPSA,SPSA,85,0.3684153034229407
Xian,SPSA,SPSA,86,0.3684153034229407
Xian,SPSA,SPSA,87,0.3684153034229407
Xian,SPSA,SPSA,88,0.3684153034229407
Xian,SPSA,SPSA,89,0.3684153034229407
Xian,SPSA,SPSA,90,0.3684153034229407
Xian,SPSA,SPSA,91,0.3684153034229407
Xian,SPSA,SPSA,92,0.3684153034229407
Xian,SPSA,SPSA,93,0.3684153034229407
Xian,SPSA,SPSA,94,0.3684153034229407
Xian,SPSA,SPSA,95,0.3684153034229407
Xian,SPSA,SPSA,96,0.3684153034229407
Xian,SPSA,SPSA,97,0.3684153034229407
Xian,SPSA,SPSA,98,0.3684153034229407
Xian,SPSA,SPSA,99,0.3684153034229407
Xian,SPSA,SPSA,100,0.3684153034229407
Xian,SPSA,SPSA,101,0.3684153034229407
Xian,SPSA,SPSA,102,0.3684153034229407
Xian,SPSA,SPSA,103,0.3684153034229407
Xian,SPSA,SPSA,104,0.3684153034229407
Xian,SPSA,SPSA,105,0.3684153034229407
Xian,SPSA,SPSA,106,0.3684153034229407
Xian,SPSA,SPSA,107,0.3684153034229407
Xian,SPSA,SPSA,108,0.3684153034229407
Xian,SPSA,SPSA,109,0.3684153034229407
Xian,SPSA,SPSA,110,0.3684153034229407
Xian,SPSA,SPSA,111,0.3684153034229407
Xian,SPSA,SPSA,112,0.3684153034229407
Xian,SPSA,SPSA,113,0.3684153034229407
Xian,SPSA,SPSA,114,0.3684153034229407
Xian,SPSA,SPSA,115,0.3684153034229407
Xian,SPSA,SPSA,116,0.3684153034229407
Xian,SPSA,SPSA,117,0.3684153034229407
Xian,SPSA,SPSA,118,0.3684153034229407
Xian,SPSA,SPSA,119,0.3684153034229407
Xian,SPSA,SPSA,120,0.3684153034229407
Xian,SPSA,SPSA,121,0.3684153034229407
Xian,SPSA,SPSA,122,0.3684153034229407
Xian,SPSA,SPSA,123,0.3684153034229407
Xian,SPSA,SPSA,124,0.3684153034229407
Xian,SPSA,SPSA,125,0.3684153034229407
Xian,SPSA,SPSA,126,0.3684153034229407
Xian,SPSA,SPSA,127,0.3684153034229407
Xian,SPSA,SPSA,128,0.3684153034229407
Xian,SPSA,SPSA,129,0.3684153034229407
Xian,SPSA,SPSA,130,0.3684153034229407
Xian,SPSA,SPSA,131,0.3684153034229407
Xian,SPSA,SPSA,132,0.3684153034229407
Xian,SPSA,SPSA,133,0.3684153034229407
Xian,SPSA,SPSA,134,0.3684153034229407
Xian,SPSA,SPSA,135,0.3684153034229407
Xian,SPSA,SPSA,136,0.3684153034229407
Xian,SPSA,SPSA,137,0.3684153034229407
Xian,SPSA,SPSA,138,0.3684153034229407
Xian,SPSA,SPSA,139,0.3684153034229407
Xian,SPSA,SPSA,140,0.3684153034229407
Xian,SPSA,SPSA,141,0.3684153034229407
Xian,SPSA,SPSA,142,0.3684153034229407
Xian,SPSA,SPSA,143,0.3684153034229407
Xian,SPSA,SPSA,144,0.3684153034229407
Xian,SPSA,SPSA,145,0.3684153034229407
Xian,SPSA,SPSA,146,0.3684153034229407
Xian,SPSA,SPSA,147,0.3684153034229407
Xian,SPSA,SPSA,148,0.3684153034229407
Xian,SPSA,SPSA,149,0.3684153034229407
Xian,SPSA,SPSA,150,0.3684153034229407
Xian,SPSA,SPSA,151,0.3684153034229407
Xian,SPSA,SPSA,152,0.3684153034229407
Xian,SPSA,SPSA,153,0.3684153034229407
Xian,SPSA,SPSA,154,0.3684153034229407
Xian,SPSA,SPSA,155,0.3684153034229407
Xian,SPSA,SPSA,156,0.3684153034229407
Xian,SPSA,SPSA,157,0.3684153034229407
Xian,SPSA,SPSA,158,0.3684153034229407
Xian,SPSA,SPSA,159,0.3684153034229407
Xian,SPSA,SPSA,160,0.3684153034229407
Xian,SPSA,SPSA,161,0.3684153034229407
Xian,SPSA,SPSA,162,0.3684153034229407
Xian,SPSA,SPSA,163,0.3684153034229407
Xian,SPSA,SPSA,164,0.3684153034229407
Xian,SPSA,SPSA,165,0.3684153034229407
Xian,SPSA,SPSA,166,0.3684153034229407
Xian,SPSA,SPSA,167,0.3684153034229407
Xian,SPSA,SPSA,168,0.3684153034229407
Xian,SPSA,SPSA,169,0.3684153034229407
Xian,SPSA,SPSA,170,0.3684153034229407
Xian,SPSA,SPSA,171,0.3684153034229407
Xian,SPSA,SPSA,172,0.3684153034229407
Xian,SPSA,SPSA,173,0.3684153034229407
Xian,SPSA,SPSA,174,0.3684153034229407
Xian,SPSA,SPSA,175,0.3684153034229407
Xian,SPSA,SPSA,176,0.3684153034229407
Xian,SPSA,SPSA,177,0.3684153034229407
Xian,SPSA,SPSA,178,0.3684153034229407
Xian,SPSA,SPSA,179,0.3684153034229407
Xian,SPSA,SPSA,180,0.3684153034229407
Xian,SPSA,SPSA,181,0.3684153034229407
Xian,SPSA,SPSA,182,0.3684153034229407
Xian,SPSA,SPSA,183,0.3684153034229407
Xian,SPSA,SPSA,184,0.3684153034229407
Xian,SPSA,SPSA,185,0.3684153034229407
Xian,SPSA,SPSA,186,0.3684153034229407
Xian,SPSA,SPSA,187,0.3684153034229407
Xian,SPSA,SPSA,188,0.3684153034229407
Xian,SPSA,SPSA,189,0.3684153034229407
Xian,SPSA,SPSA,190,0.3684153034229407
Xian,SPSA,SPSA,191,0.3684153034229407
Xian,SPSA,SPSA,192,0.3684153034229407
Xian,SPSA,SPSA,193,0.3684153034229407
Xian,SPSA,SPSA,194,0.3684153034229407
Xian,SPSA,SPSA,195,0.3684153034229407
Xian,SPSA,SPSA,196,0.3684153034229407
Xian,SPSA,SPSA,197,0.3684153034229407
Xian,SPSA,SPSA,198,0.3684153034229407
Xian,SPSA,SPSA,199,0.3684153034229407
Xian,SPSA,SPSA,200,0.3684153034229407
Xian,SPSA,SPSA,201,0.3684153034229407
Xian,SPSA,SPSA,202,0.3684153034229407
Xian,SPSA,SPSA,203,0.3684153034229407
Xian,SPSA,SPSA,204,0.3684153034229407
Xian,SPSA,SPSA,205,0.3684153034229407
Xian,SPSA,SPSA,206,0.3684153034229407
Xian,SPSA,SPSA,207,0.3684153034229407
Xian,SPSA,SPSA,208,0.3684153034229407
Xian,SPSA,SPSA,209,0.3684153034229407
Xian,SPSA,SPSA,210,0.3684153034229407
Xian,SPSA,SPSA,211,0.3684153034229407
Xian,SPSA,SPSA,212,0.3684153034229407
Xian,SPSA,SPSA,213,0.3684153034229407
Xian,SPSA,SPSA,214,0.3684153034229407
Xian,SPSA,SPSA,215,0.3684153034229407
Xian,SPSA,SPSA,216,0.3684153034229407
Xian,SPSA,SPSA,217,0.3684153034229407
Xian,SPSA,SPSA,218,0.3684153034229407
Xian,SPSA,SPSA,219,0.3684153034229407
Xian,SPSA,SPSA,220,0.3684153034229407
Xian,SPSA,SPSA,221,0.3684153034229407
Xian,SPSA,SPSA,222,0.3684153034229407
Xian,SPSA,SPSA,223,0.3684153034229407
Xian,SPSA,SPSA,224,0.3684153034229407
Xian,SPSA,SPSA,225,0.3684153034229407
Xian,SPSA,SPSA,226,0.3684153034229407
Xian,SPSA,SPSA,227,0.3684153034229407
Xian,SPSA,SPSA,228,0.3684153034229407
Xian,SPSA,SPSA,229,0.3684153034229407
Xian,SPSA,SPSA,230,0.3684153034229407
Xian,SPSA,SPSA,231,0.3684153034229407
Xian,SPSA,SPSA,232,0.3684153034229407
Xian,SPSA,SPSA,233,0.3684153034229407
Xian,SPSA,SPSA,234,0.3684153034229407
Xian,SPSA,SPSA,235,0.3684153034229407
Xian,SPSA,SPSA,236,0.3684153034229407
Xian,SPSA,SPSA,237,0.3684153034229407
Xian,SPSA,SPSA,238,0.3684153034229407
Xian,SPSA,SPSA,239,0.3684153034229407
Xian,SPSA,SPSA,240,0.3684153034229407
Xian,SPSA,SPSA,241,0.3684153034229407
Xian,SPSA,SPSA,242,0.3684153034229407
Xian,SPSA,SPSA,243,0.3684153034229407
Xian,SPSA,SPSA,244,0.3684153034229407
Xian,SPSA,SPSA,245,0.3684153034229407
Xian,SPSA,SPSA,246,0.3684153034229407
Xian,SPSA,SPSA,247,0.3684153034229407
Xian,SPSA,SPSA,248,0.3684153034229407
Xian,SPSA,SPSA,249,0.3684153034229407
Xian,SPSA,SPSA,250,0.3684153034229407
Xian,SPSA,SPSA,251,0.3684153034229407
Xian,SPSA,SPSA,252,0.3684153034229407
Xian,SPSA,SPSA,253,0.3684153034229407
Xian,SPSA,SPSA,254,0.3684153034229407
Xian,SPSA,SPSA,255,0.3684153034229407
Xian,SPSA,SPSA,256,0.3684153034229407
Xian,SPSA,SPSA,257,0.3684153034229407
Xian,SPSA,SPSA,258,0.3684153034229407
Xian,SPSA,SPSA,259,0.3684153034229407
Xian,SPSA,SPSA,260,0.3684153034229407
Xian,SPSA,SPSA,261,0.3684153034229407
Xian,SPSA,SPSA,262,0.3684153034229407
Xian,SPSA,SPSA,263,0.3684153034229407
Xian,SPSA,SPSA,264,0.3684153034229407
Xian,SPSA,SPSA,265,0.3684153034229407
Xian,SPSA,SPSA,266,0.3684153034229407
Xian,SPSA,SPSA,267,0.3684153034229407
Xian,SPSA,SPSA,268,0.3684153034229407
Xian,SPSA,SPSA,269,0.3684153034229407
Xian,SPSA,SPSA,270,0.3684153034229407
Xian,SPSA,SPSA,271,0.3684153034229407
Xian,SPSA,SPSA,272,0.3684153034229407
Xian,SPSA,SPSA,273,0.3684153034229407
Xian,SPSA,SPSA,274,0.3684153034229407
Xian,SPSA,SPSA,275,0.3684153034229407
Xian,SPSA,SPSA,276,0.3684153034229407
Xian,SPSA,SPSA,277,0.3684153034229407
Xian,SPSA,SPSA,278,0.3684153034229407
Xian,SPSA,SPSA,279,0.3684153034229407
Xian,SPSA,SPSA,280,0.3684153034229407
Xian,SPSA,SPSA,281,0.3684153034229407
Xian,SPSA,SPSA,282,0.3684153034229407
Xian,SPSA,SPSA,283,0.3684153034229407
Xian,SPSA,SPSA,284,0.3684153034229407
Xian,SPSA,SPSA,285,0.3684153034229407
Xian,SPSA,SPSA,286,0.3684153034229407
Xian,SPSA,SPSA,287,0.3684153034229407
Xian,SPSA,SPSA,288,0.3684153034229407
Xian,SPSA,SPSA,289,0.3684153034229407
Xian,SPSA,SPSA,290,0.3684153034229407
Xian,SPSA,SPSA,291,0.3684153034229407
Xian,SPSA,SPSA,292,0.3684153034229407
Xian,SPSA,SPSA,293,0.3684153034229407
Xian,SPSA,SPSA,294,0.3684153034229407
Xian,SPSA,SPSA,295,0.3684153034229407
Xian,SPSA,SPSA,296,0.3684153034229407
Xian,SPSA,SPSA,297,0.3684153034229407
Xian,SPSA,SPSA,298,0.3684153034229407
Xian,SPSA,SPSA,299,0.3684153034229407
Xian,SPSA,SPSA,300,0.3684153034229407
Xian,SPSA,SPSA,301,0.3684153034229407
YTDJ,BF-SAC（序贯LCB）,BF-SAC,1,0.582397
YTDJ,BF-SAC（序贯LCB）,BF-SAC,2,0.582397
YTDJ,BF-SAC（序贯LCB）,BF-SAC,3,0.582397
YTDJ,BF-SAC（序贯LCB）,BF-SAC,4,0.582397
YTDJ,BF-SAC（序贯LCB）,BF-SAC,5,0.582397
YTDJ,BF-SAC（序贯LCB）,BF-SAC,6,0.476692
YTDJ,BF-SAC（序贯LCB）,BF-SAC,7,0.476692
YTDJ,BF-SAC（序贯LCB）,BF-SAC,8,0.476692
YTDJ,BF-SAC（序贯LCB）,BF-SAC,9,0.476692
YTDJ,BF-SAC（序贯LCB）,BF-SAC,10,0.476692
YTDJ,BF-SAC（序贯LCB）,BF-SAC,11,0.476692
YTDJ,BF-SAC（序贯LCB）,BF-SAC,12,0.455193
YTDJ,BF-SAC（序贯LCB）,BF-SAC,13,0.455193
YTDJ,BF-SAC（序贯LCB）,BF-SAC,14,0.455193
YTDJ,BF-SAC（序贯LCB）,BF-SAC,15,0.455193
YTDJ,BF-SAC（序贯LCB）,BF-SAC,16,0.455193
YTDJ,BF-SAC（序贯LCB）,BF-SAC,17,0.455193
YTDJ,BF-SAC（序贯LCB）,BF-SAC,18,0.455193
YTDJ,BF-SAC（序贯LCB）,BF-SAC,19,0.455193
YTDJ,BF-SAC（序贯LCB）,BF-SAC,20,0.455193
YTDJ,BF-SAC（序贯LCB）,BF-SAC,21,0.455193
YTDJ,BF-SAC（序贯LCB）,BF-SAC,22,0.455193
YTDJ,BF-SAC（序贯LCB）,BF-SAC,23,0.455193
YTDJ,BF-SAC（序贯LCB）,BF-SAC,24,0.455193
YTDJ,BF-SAC（序贯LCB）,BF-SAC,25,0.455193
YTDJ,BF-SAC（序贯LCB）,BF-SAC,26,0.455193
YTDJ,BF-SAC（序贯LCB）,BF-SAC,27,0.412574
YTDJ,BF-SAC（序贯LCB）,BF-SAC,28,0.412574
YTDJ,BF-SAC（序贯LCB）,BF-SAC,29,0.412574
YTDJ,BF-SAC（序贯LCB）,BF-SAC,30,0.412574
YTDJ,BF-SAC（序贯LCB）,BF-SAC,31,0.412574
YTDJ,BF-SAC（序贯LCB）,BF-SAC,32,0.412574
YTDJ,BF-SAC（序贯LCB）,BF-SAC,33,0.412574
YTDJ,BF-SAC（序贯LCB）,BF-SAC,34,0.412574
YTDJ,BF-SAC（序贯LCB）,BF-SAC,35,0.412574
YTDJ,BF-SAC（序贯LCB）,BF-SAC,36,0.412574
YTDJ,BF-SAC（序贯LCB）,BF-SAC,37,0.257478
YTDJ,BF-SAC（序贯LCB）,BF-SAC,38,0.257478
YTDJ,BF-SAC（序贯LCB）,BF-SAC,39,0.257478
YTDJ,BF-SAC（序贯LCB）,BF-SAC,40,0.257478
YTDJ,BF-SAC（序贯LCB）,BF-SAC,41,0.257478
YTDJ,BF-SAC（序贯LCB）,BF-SAC,42,0.257478
YTDJ,BF-SAC（序贯LCB）,BF-SAC,43,0.257478
YTDJ,BF-SAC（序贯LCB）,BF-SAC,44,0.257478
YTDJ,BF-SAC（序贯LCB）,BF-SAC,45,0.257478
YTDJ,BF-SAC（序贯LCB）,BF-SAC,46,0.257478
YTDJ,BF-SAC（序贯LCB）,BF-SAC,47,0.257478
YTDJ,BF-SAC（序贯LCB）,BF-SAC,48,0.257478
YTDJ,BF-SAC（序贯LCB）,BF-SAC,49,0.257478
YTDJ,BF-SAC（序贯LCB）,BF-SAC,50,0.257478
YTDJ,BF-SAC（序贯LCB）,BF-SAC,51,0.257478
YTDJ,BF-SAC（序贯LCB）,BF-SAC,52,0.257478
YTDJ,BF-SAC（序贯LCB）,BF-SAC,53,0.257478
YTDJ,BF-SAC（序贯LCB）,BF-SAC,54,0.257478
YTDJ,BF-SAC（序贯LCB）,BF-SAC,55,0.257478
YTDJ,BF-SAC（序贯LCB）,BF-SAC,56,0.257478
YTDJ,BF-SAC（序贯LCB）,BF-SAC,57,0.257478
YTDJ,BF-SAC（序贯LCB）,BF-SAC,58,0.257478
YTDJ,BF-SAC（序贯LCB）,BF-SAC,59,0.257478
YTDJ,BF-SAC（序贯LCB）,BF-SAC,60,0.257478
YTDJ,BF-SAC（序贯LCB）,BF-SAC,61,0.257478
YTDJ,BF-SAC（序贯LCB）,BF-SAC,62,0.257478
YTDJ,BF-SAC（序贯LCB）,BF-SAC,63,0.257478
YTDJ,BF-SAC（序贯LCB）,BF-SAC,64,0.257478
YTDJ,BF-SAC（序贯LCB）,BF-SAC,65,0.257478
YTDJ,BF-SAC（序贯LCB）,BF-SAC,66,0.257478
YTDJ,BF-SAC（序贯LCB）,BF-SAC,67,0.257478
YTDJ,BF-SAC（序贯LCB）,BF-SAC,68,0.257478
YTDJ,BF-SAC（序贯LCB）,BF-SAC,69,0.257478
YTDJ,BF-SAC（序贯LCB）,BF-SAC,70,0.257478
YTDJ,BF-SAC（序贯LCB）,BF-SAC,71,0.257478
YTDJ,BF-SAC（序贯LCB）,BF-SAC,72,0.257478
YTDJ,BF-SAC（序贯LCB）,BF-SAC,73,0.257478
YTDJ,BF-SAC（序贯LCB）,BF-SAC,74,0.257478
YTDJ,BF-SAC（序贯LCB）,BF-SAC,75,0.257194
YTDJ,BF-SAC（序贯LCB）,BF-SAC,76,0.257194
YTDJ,BF-SAC（序贯LCB）,BF-SAC,77,0.257194
YTDJ,BF-SAC（序贯LCB）,BF-SAC,78,0.257194
YTDJ,BF-SAC（序贯LCB）,BF-SAC,79,0.249593
YTDJ,BF-SAC（序贯LCB）,BF-SAC,80,0.241078
YTDJ,BF-SAC（序贯LCB）,BF-SAC,81,0.23125
YTDJ,BF-SAC（序贯LCB）,BF-SAC,82,0.23125
YTDJ,BF-SAC（序贯LCB）,BF-SAC,83,0.23125
YTDJ,BF-SAC（序贯LCB）,BF-SAC,84,0.23125
YTDJ,BF-SAC（序贯LCB）,BF-SAC,85,0.23125
YTDJ,BF-SAC（序贯LCB）,BF-SAC,86,0.23125
YTDJ,BF-SAC（序贯LCB）,BF-SAC,87,0.23125
YTDJ,BF-SAC（序贯LCB）,BF-SAC,88,0.23125
YTDJ,BF-SAC（序贯LCB）,BF-SAC,89,0.229373
YTDJ,BF-SAC（序贯LCB）,BF-SAC,90,0.229373
YTDJ,BF-SAC（序贯LCB）,BF-SAC,91,0.229373
YTDJ,BF-SAC（序贯LCB）,BF-SAC,92,0.229373
YTDJ,BF-SAC（序贯LCB）,BF-SAC,93,0.229373
YTDJ,BF-SAC（序贯LCB）,BF-SAC,94,0.229373
YTDJ,BF-SAC（序贯LCB）,BF-SAC,95,0.229373
YTDJ,BF-SAC（序贯LCB）,BF-SAC,96,0.229373
YTDJ,BF-SAC（序贯LCB）,BF-SAC,97,0.229373
YTDJ,BF-SAC（序贯LCB）,BF-SAC,98,0.229373
YTDJ,BF-SAC（序贯LCB）,BF-SAC,99,0.229373
YTDJ,BF-SAC（序贯LCB）,BF-SAC,100,0.229373
YTDJ,BF-SAC（序贯LCB）,BF-SAC,101,0.229373
YTDJ,遗传算法（GA）,GA,1,0.4475725516979374
YTDJ,遗传算法（GA）,GA,2,0.4475725516979374
YTDJ,遗传算法（GA）,GA,3,0.4475725516979374
YTDJ,遗传算法（GA）,GA,4,0.4475725516979374
YTDJ,遗传算法（GA）,GA,5,0.4475725516979374
YTDJ,遗传算法（GA）,GA,6,0.4475725516979374
YTDJ,遗传算法（GA）,GA,7,0.4475725516979374
YTDJ,遗传算法（GA）,GA,8,0.4475725516979374
YTDJ,遗传算法（GA）,GA,9,0.3320029335160459
YTDJ,遗传算法（GA）,GA,10,0.3320029335160459
YTDJ,遗传算法（GA）,GA,11,0.3320029335160459
YTDJ,遗传算法（GA）,GA,12,0.3320029335160459
YTDJ,遗传算法（GA）,GA,13,0.3320029335160459
YTDJ,遗传算法（GA）,GA,14,0.3320029335160459
YTDJ,遗传算法（GA）,GA,15,0.3320029335160459
YTDJ,遗传算法（GA）,GA,16,0.3320029335160459
YTDJ,遗传算法（GA）,GA,17,0.3320029335160459
YTDJ,遗传算法（GA）,GA,18,0.3320029335160459
YTDJ,遗传算法（GA）,GA,19,0.3320029335160459
YTDJ,遗传算法（GA）,GA,20,0.3320029335160459
YTDJ,遗传算法（GA）,GA,21,0.3320029335160459
YTDJ,遗传算法（GA）,GA,22,0.3311358570223263
YTDJ,遗传算法（GA）,GA,23,0.3311358570223263
YTDJ,遗传算法（GA）,GA,24,0.3311358570223263
YTDJ,遗传算法（GA）,GA,25,0.3311358570223263
YTDJ,遗传算法（GA）,GA,26,0.3311358570223263
YTDJ,遗传算法（GA）,GA,27,0.3311358570223263
YTDJ,遗传算法（GA）,GA,28,0.3311358570223263
YTDJ,遗传算法（GA）,GA,29,0.3311358570223263
YTDJ,遗传算法（GA）,GA,30,0.3311358570223263
YTDJ,遗传算法（GA）,GA,31,0.3280922720519871
YTDJ,遗传算法（GA）,GA,32,0.3280922720519871
YTDJ,遗传算法（GA）,GA,33,0.3280922720519871
YTDJ,遗传算法（GA）,GA,34,0.3280922720519871
YTDJ,遗传算法（GA）,GA,35,0.3280922720519871
YTDJ,遗传算法（GA）,GA,36,0.3280922720519871
YTDJ,遗传算法（GA）,GA,37,0.3280922720519871
YTDJ,遗传算法（GA）,GA,38,0.3280922720519871
YTDJ,遗传算法（GA）,GA,39,0.3280922720519871
YTDJ,遗传算法（GA）,GA,40,0.3280922720519871
YTDJ,遗传算法（GA）,GA,41,0.3280922720519871
YTDJ,遗传算法（GA）,GA,42,0.3280922720519871
YTDJ,遗传算法（GA）,GA,43,0.3280922720519871
YTDJ,遗传算法（GA）,GA,44,0.3280922720519871
YTDJ,遗传算法（GA）,GA,45,0.3280922720519871
YTDJ,遗传算法（GA）,GA,46,0.3280922720519871
YTDJ,遗传算法（GA）,GA,47,0.3280922720519871
YTDJ,遗传算法（GA）,GA,48,0.3257184733171622
YTDJ,遗传算法（GA）,GA,49,0.3257184733171622
YTDJ,遗传算法（GA）,GA,50,0.3257184733171622
YTDJ,遗传算法（GA）,GA,51,0.3257184733171622
YTDJ,遗传算法（GA）,GA,52,0.3257184733171622
YTDJ,遗传算法（GA）,GA,53,0.3257184733171622
YTDJ,遗传算法（GA）,GA,54,0.3257184733171622
YTDJ,遗传算法（GA）,GA,55,0.3257184733171622
YTDJ,遗传算法（GA）,GA,56,0.3257184733171622
YTDJ,遗传算法（GA）,GA,57,0.3257184733171622
YTDJ,遗传算法（GA）,GA,58,0.2896260702136649
YTDJ,遗传算法（GA）,GA,59,0.2896260702136649
YTDJ,遗传算法（GA）,GA,60,0.2896260702136649
YTDJ,遗传算法（GA）,GA,61,0.2896260702136649
YTDJ,遗传算法（GA）,GA,62,0.2896260702136649
YTDJ,遗传算法（GA）,GA,63,0.2896260702136649
YTDJ,遗传算法（GA）,GA,64,0.2896260702136649
YTDJ,遗传算法（GA）,GA,65,0.2896260702136649
YTDJ,遗传算法（GA）,GA,66,0.2896260702136649
YTDJ,遗传算法（GA）,GA,67,0.2896260702136649
YTDJ,遗传算法（GA）,GA,68,0.2896260702136649
YTDJ,遗传算法（GA）,GA,69,0.2896260702136649
YTDJ,遗传算法（GA）,GA,70,0.27146752965476934
YTDJ,遗传算法（GA）,GA,71,0.27146752965476934
YTDJ,遗传算法（GA）,GA,72,0.27146752965476934
YTDJ,遗传算法（GA）,GA,73,0.27146752965476934
YTDJ,遗传算法（GA）,GA,74,0.27146752965476934
YTDJ,遗传算法（GA）,GA,75,0.27146752965476934
YTDJ,遗传算法（GA）,GA,76,0.27146752965476934
YTDJ,遗传算法（GA）,GA,77,0.27146752965476934
YTDJ,遗传算法（GA）,GA,78,0.27146752965476934
YTDJ,遗传算法（GA）,GA,79,0.27146752965476934
YTDJ,遗传算法（GA）,GA,80,0.27146752965476934
YTDJ,遗传算法（GA）,GA,81,0.27146752965476934
YTDJ,遗传算法（GA）,GA,82,0.27146752965476934
YTDJ,遗传算法（GA）,GA,83,0.27146752965476934
YTDJ,遗传算法（GA）,GA,84,0.27146752965476934
YTDJ,遗传算法（GA）,GA,85,0.27146752965476934
YTDJ,遗传算法（GA）,GA,86,0.27146752965476934
YTDJ,遗传算法（GA）,GA,87,0.27146752965476934
YTDJ,遗传算法（GA）,GA,88,0.27146752965476934
YTDJ,遗传算法（GA）,GA,89,0.27146752965476934
YTDJ,遗传算法（GA）,GA,90,0.2612762984431815
YTDJ,遗传算法（GA）,GA,91,0.2612762984431815
YTDJ,遗传算法（GA）,GA,92,0.2612762984431815
YTDJ,遗传算法（GA）,GA,93,0.2612762984431815
YTDJ,遗传算法（GA）,GA,94,0.2612762984431815
YTDJ,遗传算法（GA）,GA,95,0.2612762984431815
YTDJ,遗传算法（GA）,GA,96,0.2612762984431815
YTDJ,遗传算法（GA）,GA,97,0.2561814904601402
YTDJ,遗传算法（GA）,GA,98,0.2561814904601402
YTDJ,遗传算法（GA）,GA,99,0.2561814904601402
YTDJ,遗传算法（GA）,GA,100,0.2561814904601402
YTDJ,遗传算法（GA）,GA,101,0.2561814904601402
YTDJ,遗传算法（GA）,GA,102,0.2561814904601402
YTDJ,遗传算法（GA）,GA,103,0.2561814904601402
YTDJ,遗传算法（GA）,GA,104,0.2561814904601402
YTDJ,遗传算法（GA）,GA,105,0.2561814904601402
YTDJ,遗传算法（GA）,GA,106,0.2561814904601402
YTDJ,遗传算法（GA）,GA,107,0.2561814904601402
YTDJ,遗传算法（GA）,GA,108,0.2561814904601402
YTDJ,遗传算法（GA）,GA,109,0.2561814904601402
YTDJ,遗传算法（GA）,GA,110,0.2561814904601402
YTDJ,遗传算法（GA）,GA,111,0.2561814904601402
YTDJ,遗传算法（GA）,GA,112,0.2561814904601402
YTDJ,遗传算法（GA）,GA,113,0.2561814904601402
YTDJ,遗传算法（GA）,GA,114,0.2561814904601402
YTDJ,遗传算法（GA）,GA,115,0.2561814904601402
YTDJ,遗传算法（GA）,GA,116,0.2561814904601402
YTDJ,遗传算法（GA）,GA,117,0.2561814904601402
YTDJ,遗传算法（GA）,GA,118,0.2561814904601402
YTDJ,遗传算法（GA）,GA,119,0.2561814904601402
YTDJ,遗传算法（GA）,GA,120,0.2561814904601402
YTDJ,遗传算法（GA）,GA,121,0.2545213491516307
YTDJ,遗传算法（GA）,GA,122,0.2545213491516307
YTDJ,遗传算法（GA）,GA,123,0.2545213491516307
YTDJ,遗传算法（GA）,GA,124,0.2545213491516307
YTDJ,遗传算法（GA）,GA,125,0.2545213491516307
YTDJ,遗传算法（GA）,GA,126,0.2545213491516307
YTDJ,遗传算法（GA）,GA,127,0.2500689567069968
YTDJ,遗传算法（GA）,GA,128,0.2500689567069968
YTDJ,遗传算法（GA）,GA,129,0.2500689567069968
YTDJ,遗传算法（GA）,GA,130,0.2500689567069968
YTDJ,遗传算法（GA）,GA,131,0.2500689567069968
YTDJ,遗传算法（GA）,GA,132,0.2500689567069968
YTDJ,遗传算法（GA）,GA,133,0.2500689567069968
YTDJ,遗传算法（GA）,GA,134,0.1949117131627073
YTDJ,遗传算法（GA）,GA,135,0.1949117131627073
YTDJ,遗传算法（GA）,GA,136,0.1949117131627073
YTDJ,遗传算法（GA）,GA,137,0.1949117131627073
YTDJ,遗传算法（GA）,GA,138,0.1949117131627073
YTDJ,遗传算法（GA）,GA,139,0.1949117131627073
YTDJ,遗传算法（GA）,GA,140,0.1949117131627073
YTDJ,遗传算法（GA）,GA,141,0.1949117131627073
YTDJ,遗传算法（GA）,GA,142,0.1949117131627073
YTDJ,遗传算法（GA）,GA,143,0.1949117131627073
YTDJ,遗传算法（GA）,GA,144,0.1949117131627073
YTDJ,遗传算法（GA）,GA,145,0.1949117131627073
YTDJ,遗传算法（GA）,GA,146,0.1949117131627073
YTDJ,遗传算法（GA）,GA,147,0.1949117131627073
YTDJ,遗传算法（GA）,GA,148,0.1949117131627073
YTDJ,遗传算法（GA）,GA,149,0.1949117131627073
YTDJ,遗传算法（GA）,GA,150,0.1949117131627073
YTDJ,遗传算法（GA）,GA,151,0.1949117131627073
YTDJ,遗传算法（GA）,GA,152,0.1949117131627073
YTDJ,遗传算法（GA）,GA,153,0.1949117131627073
YTDJ,遗传算法（GA）,GA,154,0.1949117131627073
YTDJ,遗传算法（GA）,GA,155,0.1949117131627073
YTDJ,遗传算法（GA）,GA,156,0.1949117131627073
YTDJ,遗传算法（GA）,GA,157,0.1949117131627073
YTDJ,遗传算法（GA）,GA,158,0.1949117131627073
YTDJ,遗传算法（GA）,GA,159,0.1949117131627073
YTDJ,遗传算法（GA）,GA,160,0.1949117131627073
YTDJ,遗传算法（GA）,GA,161,0.1949117131627073
YTDJ,遗传算法（GA）,GA,162,0.1949117131627073
YTDJ,遗传算法（GA）,GA,163,0.1949117131627073
YTDJ,遗传算法（GA）,GA,164,0.1949117131627073
YTDJ,遗传算法（GA）,GA,165,0.1949117131627073
YTDJ,遗传算法（GA）,GA,166,0.1949117131627073
YTDJ,遗传算法（GA）,GA,167,0.1949117131627073
YTDJ,遗传算法（GA）,GA,168,0.1949117131627073
YTDJ,遗传算法（GA）,GA,169,0.1949117131627073
YTDJ,遗传算法（GA）,GA,170,0.1949117131627073
YTDJ,遗传算法（GA）,GA,171,0.18618160682598778
YTDJ,遗传算法（GA）,GA,172,0.18618160682598778
YTDJ,遗传算法（GA）,GA,173,0.18618160682598778
YTDJ,遗传算法（GA）,GA,174,0.18618160682598778
YTDJ,遗传算法（GA）,GA,175,0.18618160682598778
YTDJ,遗传算法（GA）,GA,176,0.18618160682598778
YTDJ,遗传算法（GA）,GA,177,0.18618160682598778
YTDJ,遗传算法（GA）,GA,178,0.18618160682598778
YTDJ,遗传算法（GA）,GA,179,0.18618160682598778
YTDJ,遗传算法（GA）,GA,180,0.18618160682598778
YTDJ,遗传算法（GA）,GA,181,0.18618160682598778
YTDJ,遗传算法（GA）,GA,182,0.18618160682598778
YTDJ,遗传算法（GA）,GA,183,0.18618160682598778
YTDJ,遗传算法（GA）,GA,184,0.18618160682598778
YTDJ,遗传算法（GA）,GA,185,0.18618160682598778
YTDJ,遗传算法（GA）,GA,186,0.18618160682598778
YTDJ,遗传算法（GA）,GA,187,0.18618160682598778
YTDJ,遗传算法（GA）,GA,188,0.18618160682598778
YTDJ,遗传算法（GA）,GA,189,0.18618160682598778
YTDJ,遗传算法（GA）,GA,190,0.18618160682598778
YTDJ,遗传算法（GA）,GA,191,0.18618160682598778
YTDJ,遗传算法（GA）,GA,192,0.18618160682598778
YTDJ,遗传算法（GA）,GA,193,0.18618160682598778
YTDJ,遗传算法（GA）,GA,194,0.18618160682598778
YTDJ,遗传算法（GA）,GA,195,0.18618160682598778
YTDJ,遗传算法（GA）,GA,196,0.18618160682598778
YTDJ,遗传算法（GA）,GA,197,0.18618160682598778
YTDJ,遗传算法（GA）,GA,198,0.18618160682598778
YTDJ,遗传算法（GA）,GA,199,0.18618160682598778
YTDJ,遗传算法（GA）,GA,200,0.18618160682598778
YTDJ,遗传算法（GA）,GA,201,0.18618160682598778
YTDJ,遗传算法（GA）,GA,202,0.18618160682598778
YTDJ,遗传算法（GA）,GA,203,0.18618160682598778
YTDJ,遗传算法（GA）,GA,204,0.18618160682598778
YTDJ,遗传算法（GA）,GA,205,0.18618160682598778
YTDJ,遗传算法（GA）,GA,206,0.18618160682598778
YTDJ,遗传算法（GA）,GA,207,0.18618160682598778
YTDJ,遗传算法（GA）,GA,208,0.18618160682598778
YTDJ,遗传算法（GA）,GA,209,0.18618160682598778
YTDJ,遗传算法（GA）,GA,210,0.18618160682598778
YTDJ,遗传算法（GA）,GA,211,0.18618160682598778
YTDJ,遗传算法（GA）,GA,212,0.18618160682598778
YTDJ,遗传算法（GA）,GA,213,0.18618160682598778
YTDJ,遗传算法（GA）,GA,214,0.18618160682598778
YTDJ,遗传算法（GA）,GA,215,0.18618160682598778
YTDJ,遗传算法（GA）,GA,216,0.18618160682598778
YTDJ,遗传算法（GA）,GA,217,0.18618160682598778
YTDJ,遗传算法（GA）,GA,218,0.18618160682598778
YTDJ,遗传算法（GA）,GA,219,0.18618160682598778
YTDJ,遗传算法（GA）,GA,220,0.18618160682598778
YTDJ,遗传算法（GA）,GA,221,0.18618160682598778
YTDJ,遗传算法（GA）,GA,222,0.18618160682598778
YTDJ,遗传算法（GA）,GA,223,0.18618160682598778
YTDJ,遗传算法（GA）,GA,224,0.18618160682598778
YTDJ,遗传算法（GA）,GA,225,0.18618160682598778
YTDJ,遗传算法（GA）,GA,226,0.18618160682598778
YTDJ,遗传算法（GA）,GA,227,0.18618160682598778
YTDJ,遗传算法（GA）,GA,228,0.18618160682598778
YTDJ,遗传算法（GA）,GA,229,0.18618160682598778
YTDJ,遗传算法（GA）,GA,230,0.18618160682598778
YTDJ,遗传算法（GA）,GA,231,0.18618160682598778
YTDJ,遗传算法（GA）,GA,232,0.18618160682598778
YTDJ,遗传算法（GA）,GA,233,0.18618160682598778
YTDJ,遗传算法（GA）,GA,234,0.18618160682598778
YTDJ,遗传算法（GA）,GA,235,0.18618160682598778
YTDJ,遗传算法（GA）,GA,236,0.18618160682598778
YTDJ,遗传算法（GA）,GA,237,0.18618160682598778
YTDJ,遗传算法（GA）,GA,238,0.18618160682598778
YTDJ,遗传算法（GA）,GA,239,0.18618160682598778
YTDJ,遗传算法（GA）,GA,240,0.18618160682598778
YTDJ,遗传算法（GA）,GA,241,0.18618160682598778
YTDJ,遗传算法（GA）,GA,242,0.18618160682598778
YTDJ,遗传算法（GA）,GA,243,0.18618160682598778
YTDJ,遗传算法（GA）,GA,244,0.18618160682598778
YTDJ,遗传算法（GA）,GA,245,0.18618160682598778
YTDJ,遗传算法（GA）,GA,246,0.18618160682598778
YTDJ,遗传算法（GA）,GA,247,0.18618160682598778
YTDJ,遗传算法（GA）,GA,248,0.18618160682598778
YTDJ,遗传算法（GA）,GA,249,0.18618160682598778
YTDJ,遗传算法（GA）,GA,250,0.18618160682598778
YTDJ,遗传算法（GA）,GA,251,0.18618160682598778
YTDJ,遗传算法（GA）,GA,252,0.18618160682598778
YTDJ,遗传算法（GA）,GA,253,0.18618160682598778
YTDJ,遗传算法（GA）,GA,254,0.18618160682598778
YTDJ,遗传算法（GA）,GA,255,0.18618160682598778
YTDJ,遗传算法（GA）,GA,256,0.18618160682598778
YTDJ,遗传算法（GA）,GA,257,0.18618160682598778
YTDJ,遗传算法（GA）,GA,258,0.18618160682598778
YTDJ,遗传算法（GA）,GA,259,0.18618160682598778
YTDJ,遗传算法（GA）,GA,260,0.18618160682598778
YTDJ,遗传算法（GA）,GA,261,0.18618160682598778
YTDJ,遗传算法（GA）,GA,262,0.18618160682598778
YTDJ,遗传算法（GA）,GA,263,0.18618160682598778
YTDJ,遗传算法（GA）,GA,264,0.18618160682598778
YTDJ,遗传算法（GA）,GA,265,0.18618160682598778
YTDJ,遗传算法（GA）,GA,266,0.18618160682598778
YTDJ,遗传算法（GA）,GA,267,0.18618160682598778
YTDJ,遗传算法（GA）,GA,268,0.18618160682598778
YTDJ,遗传算法（GA）,GA,269,0.18618160682598778
YTDJ,遗传算法（GA）,GA,270,0.18618160682598778
YTDJ,遗传算法（GA）,GA,271,0.18618160682598778
YTDJ,遗传算法（GA）,GA,272,0.18618160682598778
YTDJ,遗传算法（GA）,GA,273,0.18618160682598778
YTDJ,遗传算法（GA）,GA,274,0.18618160682598778
YTDJ,遗传算法（GA）,GA,275,0.18618160682598778
YTDJ,遗传算法（GA）,GA,276,0.18618160682598778
YTDJ,遗传算法（GA）,GA,277,0.18618160682598778
YTDJ,遗传算法（GA）,GA,278,0.18618160682598778
YTDJ,遗传算法（GA）,GA,279,0.18618160682598778
YTDJ,遗传算法（GA）,GA,280,0.18618160682598778
YTDJ,遗传算法（GA）,GA,281,0.18618160682598778
YTDJ,遗传算法（GA）,GA,282,0.18618160682598778
YTDJ,遗传算法（GA）,GA,283,0.18618160682598778
YTDJ,遗传算法（GA）,GA,284,0.18618160682598778
YTDJ,遗传算法（GA）,GA,285,0.18618160682598778
YTDJ,遗传算法（GA）,GA,286,0.18618160682598778
YTDJ,遗传算法（GA）,GA,287,0.18618160682598778
YTDJ,遗传算法（GA）,GA,288,0.18618160682598778
YTDJ,遗传算法（GA）,GA,289,0.18618160682598778
YTDJ,遗传算法（GA）,GA,290,0.18618160682598778
YTDJ,遗传算法（GA）,GA,291,0.18618160682598778
YTDJ,遗传算法（GA）,GA,292,0.18618160682598778
YTDJ,遗传算法（GA）,GA,293,0.18618160682598778
YTDJ,遗传算法（GA）,GA,294,0.18618160682598778
YTDJ,遗传算法（GA）,GA,295,0.18618160682598778
YTDJ,遗传算法（GA）,GA,296,0.18618160682598778
YTDJ,遗传算法（GA）,GA,297,0.18618160682598778
YTDJ,遗传算法（GA）,GA,298,0.18618160682598778
YTDJ,遗传算法（GA）,GA,299,0.18618160682598778
YTDJ,遗传算法（GA）,GA,300,0.18618160682598778
YTDJ,遗传算法（GA）,GA,301,0.18618160682598778
YTDJ,遗传算法（GA）,GA,302,0.18618160682598778
YTDJ,遗传算法（GA）,GA,303,0.18618160682598778
YTDJ,遗传算法（GA）,GA,304,0.18618160682598778
YTDJ,遗传算法（GA）,GA,305,0.18618160682598778
YTDJ,遗传算法（GA）,GA,306,0.18618160682598778
YTDJ,遗传算法（GA）,GA,307,0.18618160682598778
YTDJ,遗传算法（GA）,GA,308,0.18618160682598778
YTDJ,遗传算法（GA）,GA,309,0.18618160682598778
YTDJ,遗传算法（GA）,GA,310,0.18618160682598778
YTDJ,遗传算法（GA）,GA,311,0.18618160682598778
YTDJ,遗传算法（GA）,GA,312,0.18618160682598778
YTDJ,遗传算法（GA）,GA,313,0.18618160682598778
YTDJ,遗传算法（GA）,GA,314,0.18618160682598778
YTDJ,遗传算法（GA）,GA,315,0.18618160682598778
YTDJ,遗传算法（GA）,GA,316,0.18618160682598778
YTDJ,遗传算法（GA）,GA,317,0.18618160682598778
YTDJ,遗传算法（GA）,GA,318,0.18618160682598778
YTDJ,遗传算法（GA）,GA,319,0.18618160682598778
YTDJ,遗传算法（GA）,GA,320,0.18618160682598778
YTDJ,遗传算法（GA）,GA,321,0.18618160682598778
YTDJ,遗传算法（GA）,GA,322,0.18618160682598778
YTDJ,遗传算法（GA）,GA,323,0.18618160682598778
YTDJ,遗传算法（GA）,GA,324,0.18618160682598778
YTDJ,遗传算法（GA）,GA,325,0.18618160682598778
YTDJ,遗传算法（GA）,GA,326,0.18618160682598778
YTDJ,遗传算法（GA）,GA,327,0.18618160682598778
YTDJ,遗传算法（GA）,GA,328,0.18618160682598778
YTDJ,遗传算法（GA）,GA,329,0.18618160682598778
YTDJ,遗传算法（GA）,GA,330,0.18618160682598778
YTDJ,遗传算法（GA）,GA,331,0.18618160682598778
YTDJ,遗传算法（GA）,GA,332,0.18618160682598778
YTDJ,遗传算法（GA）,GA,333,0.18618160682598778
YTDJ,遗传算法（GA）,GA,334,0.18618160682598778
YTDJ,遗传算法（GA）,GA,335,0.18618160682598778
YTDJ,遗传算法（GA）,GA,336,0.18618160682598778
YTDJ,遗传算法（GA）,GA,337,0.18618160682598778
YTDJ,遗传算法（GA）,GA,338,0.18618160682598778
YTDJ,遗传算法（GA）,GA,339,0.18618160682598778
YTDJ,遗传算法（GA）,GA,340,0.18618160682598778
YTDJ,遗传算法（GA）,GA,341,0.18618160682598778
YTDJ,遗传算法（GA）,GA,342,0.18618160682598778
YTDJ,遗传算法（GA）,GA,343,0.18618160682598778
YTDJ,遗传算法（GA）,GA,344,0.18618160682598778
YTDJ,遗传算法（GA）,GA,345,0.18618160682598778
YTDJ,遗传算法（GA）,GA,346,0.18618160682598778
YTDJ,遗传算法（GA）,GA,347,0.18618160682598778
YTDJ,遗传算法（GA）,GA,348,0.18618160682598778
YTDJ,遗传算法（GA）,GA,349,0.18618160682598778
YTDJ,遗传算法（GA）,GA,350,0.18618160682598778
YTDJ,遗传算法（GA）,GA,351,0.18618160682598778
YTDJ,遗传算法（GA）,GA,352,0.18618160682598778
YTDJ,遗传算法（GA）,GA,353,0.18618160682598778
YTDJ,遗传算法（GA）,GA,354,0.18618160682598778
YTDJ,遗传算法（GA）,GA,355,0.18618160682598778
YTDJ,遗传算法（GA）,GA,356,0.18618160682598778
YTDJ,遗传算法（GA）,GA,357,0.18618160682598778
YTDJ,遗传算法（GA）,GA,358,0.18618160682598778
YTDJ,遗传算法（GA）,GA,359,0.18618160682598778
YTDJ,遗传算法（GA）,GA,360,0.18618160682598778
YTDJ,遗传算法（GA）,GA,361,0.18618160682598778
YTDJ,遗传算法（GA）,GA,362,0.18618160682598778
YTDJ,遗传算法（GA）,GA,363,0.18618160682598778
YTDJ,遗传算法（GA）,GA,364,0.18618160682598778
YTDJ,遗传算法（GA）,GA,365,0.18618160682598778
YTDJ,遗传算法（GA）,GA,366,0.18618160682598778
YTDJ,遗传算法（GA）,GA,367,0.18618160682598778
YTDJ,遗传算法（GA）,GA,368,0.18618160682598778
YTDJ,遗传算法（GA）,GA,369,0.18618160682598778
YTDJ,遗传算法（GA）,GA,370,0.18618160682598778
YTDJ,遗传算法（GA）,GA,371,0.18618160682598778
YTDJ,遗传算法（GA）,GA,372,0.18618160682598778
YTDJ,遗传算法（GA）,GA,373,0.18618160682598778
YTDJ,遗传算法（GA）,GA,374,0.18618160682598778
YTDJ,遗传算法（GA）,GA,375,0.18618160682598778
YTDJ,遗传算法（GA）,GA,376,0.18618160682598778
YTDJ,遗传算法（GA）,GA,377,0.18618160682598778
YTDJ,遗传算法（GA）,GA,378,0.18618160682598778
YTDJ,遗传算法（GA）,GA,379,0.18618160682598778
YTDJ,遗传算法（GA）,GA,380,0.18618160682598778
YTDJ,遗传算法（GA）,GA,381,0.18618160682598778
YTDJ,遗传算法（GA）,GA,382,0.18618160682598778
YTDJ,遗传算法（GA）,GA,383,0.18618160682598778
YTDJ,遗传算法（GA）,GA,384,0.18618160682598778
YTDJ,遗传算法（GA）,GA,385,0.18618160682598778
YTDJ,遗传算法（GA）,GA,386,0.18618160682598778
YTDJ,遗传算法（GA）,GA,387,0.18618160682598778
YTDJ,遗传算法（GA）,GA,388,0.18618160682598778
YTDJ,遗传算法（GA）,GA,389,0.18618160682598778
YTDJ,遗传算法（GA）,GA,390,0.18618160682598778
YTDJ,遗传算法（GA）,GA,391,0.18618160682598778
YTDJ,遗传算法（GA）,GA,392,0.18618160682598778
YTDJ,遗传算法（GA）,GA,393,0.18618160682598778
YTDJ,遗传算法（GA）,GA,394,0.18618160682598778
YTDJ,遗传算法（GA）,GA,395,0.18618160682598778
YTDJ,遗传算法（GA）,GA,396,0.18618160682598778
YTDJ,遗传算法（GA）,GA,397,0.18618160682598778
YTDJ,遗传算法（GA）,GA,398,0.18618160682598778
YTDJ,遗传算法（GA）,GA,399,0.18618160682598778
YTDJ,遗传算法（GA）,GA,400,0.18618160682598778
YTDJ,遗传算法（GA）,GA,401,0.18618160682598778
YTDJ,遗传算法（GA）,GA,402,0.18618160682598778
YTDJ,遗传算法（GA）,GA,403,0.18618160682598778
YTDJ,遗传算法（GA）,GA,404,0.18618160682598778
YTDJ,遗传算法（GA）,GA,405,0.18618160682598778
YTDJ,遗传算法（GA）,GA,406,0.18618160682598778
YTDJ,遗传算法（GA）,GA,407,0.18618160682598778
YTDJ,遗传算法（GA）,GA,408,0.18618160682598778
YTDJ,遗传算法（GA）,GA,409,0.18618160682598778
YTDJ,遗传算法（GA）,GA,410,0.18618160682598778
YTDJ,遗传算法（GA）,GA,411,0.18618160682598778
YTDJ,遗传算法（GA）,GA,412,0.18618160682598778
YTDJ,遗传算法（GA）,GA,413,0.18618160682598778
YTDJ,遗传算法（GA）,GA,414,0.18618160682598778
YTDJ,遗传算法（GA）,GA,415,0.18618160682598778
YTDJ,遗传算法（GA）,GA,416,0.18618160682598778
YTDJ,遗传算法（GA）,GA,417,0.18618160682598778
YTDJ,遗传算法（GA）,GA,418,0.18618160682598778
YTDJ,遗传算法（GA）,GA,419,0.18618160682598778
YTDJ,遗传算法（GA）,GA,420,0.18618160682598778
YTDJ,遗传算法（GA）,GA,421,0.18618160682598778
YTDJ,遗传算法（GA）,GA,422,0.18618160682598778
YTDJ,遗传算法（GA）,GA,423,0.18618160682598778
YTDJ,遗传算法（GA）,GA,424,0.18618160682598778
YTDJ,遗传算法（GA）,GA,425,0.18618160682598778
YTDJ,遗传算法（GA）,GA,426,0.18618160682598778
YTDJ,遗传算法（GA）,GA,427,0.18618160682598778
YTDJ,遗传算法（GA）,GA,428,0.18618160682598778
YTDJ,遗传算法（GA）,GA,429,0.18618160682598778
YTDJ,遗传算法（GA）,GA,430,0.18618160682598778
YTDJ,遗传算法（GA）,GA,431,0.18618160682598778
YTDJ,遗传算法（GA）,GA,432,0.18618160682598778
YTDJ,遗传算法（GA）,GA,433,0.18618160682598778
YTDJ,遗传算法（GA）,GA,434,0.18618160682598778
YTDJ,遗传算法（GA）,GA,435,0.18618160682598778
YTDJ,遗传算法（GA）,GA,436,0.18618160682598778
YTDJ,遗传算法（GA）,GA,437,0.18618160682598778
YTDJ,遗传算法（GA）,GA,438,0.18618160682598778
YTDJ,遗传算法（GA）,GA,439,0.18618160682598778
YTDJ,遗传算法（GA）,GA,440,0.18618160682598778
YTDJ,遗传算法（GA）,GA,441,0.18618160682598778
YTDJ,遗传算法（GA）,GA,442,0.18618160682598778
YTDJ,遗传算法（GA）,GA,443,0.18618160682598778
YTDJ,遗传算法（GA）,GA,444,0.18618160682598778
YTDJ,遗传算法（GA）,GA,445,0.18618160682598778
YTDJ,遗传算法（GA）,GA,446,0.18618160682598778
YTDJ,遗传算法（GA）,GA,447,0.18618160682598778
YTDJ,遗传算法（GA）,GA,448,0.18618160682598778
YTDJ,遗传算法（GA）,GA,449,0.18618160682598778
YTDJ,遗传算法（GA）,GA,450,0.18618160682598778
YTDJ,遗传算法（GA）,GA,451,0.18618160682598778
YTDJ,遗传算法（GA）,GA,452,0.18618160682598778
YTDJ,遗传算法（GA）,GA,453,0.18618160682598778
YTDJ,遗传算法（GA）,GA,454,0.18618160682598778
YTDJ,遗传算法（GA）,GA,455,0.18618160682598778
YTDJ,遗传算法（GA）,GA,456,0.18618160682598778
YTDJ,遗传算法（GA）,GA,457,0.18618160682598778
YTDJ,遗传算法（GA）,GA,458,0.18618160682598778
YTDJ,遗传算法（GA）,GA,459,0.18618160682598778
YTDJ,遗传算法（GA）,GA,460,0.18618160682598778
YTDJ,遗传算法（GA）,GA,461,0.18618160682598778
YTDJ,遗传算法（GA）,GA,462,0.18618160682598778
YTDJ,遗传算法（GA）,GA,463,0.18618160682598778
YTDJ,遗传算法（GA）,GA,464,0.18618160682598778
YTDJ,遗传算法（GA）,GA,465,0.17955749119484352
YTDJ,遗传算法（GA）,GA,466,0.17955749119484352
YTDJ,遗传算法（GA）,GA,467,0.17955749119484352
YTDJ,遗传算法（GA）,GA,468,0.17955749119484352
YTDJ,遗传算法（GA）,GA,469,0.17955749119484352
YTDJ,遗传算法（GA）,GA,470,0.17955749119484352
YTDJ,遗传算法（GA）,GA,471,0.17955749119484352
YTDJ,遗传算法（GA）,GA,472,0.17955749119484352
YTDJ,遗传算法（GA）,GA,473,0.17955749119484352
YTDJ,遗传算法（GA）,GA,474,0.17955749119484352
YTDJ,遗传算法（GA）,GA,475,0.17955749119484352
YTDJ,遗传算法（GA）,GA,476,0.17955749119484352
YTDJ,遗传算法（GA）,GA,477,0.17955749119484352
YTDJ,遗传算法（GA）,GA,478,0.17955749119484352
YTDJ,遗传算法（GA）,GA,479,0.17955749119484352
YTDJ,遗传算法（GA）,GA,480,0.17955749119484352
YTDJ,遗传算法（GA）,GA,481,0.17955749119484352
YTDJ,遗传算法（GA）,GA,482,0.17955749119484352
YTDJ,遗传算法（GA）,GA,483,0.17955749119484352
YTDJ,遗传算法（GA）,GA,484,0.17955749119484352
YTDJ,遗传算法（GA）,GA,485,0.17955749119484352
YTDJ,遗传算法（GA）,GA,486,0.17955749119484352
YTDJ,遗传算法（GA）,GA,487,0.17955749119484352
YTDJ,遗传算法（GA）,GA,488,0.17955749119484352
YTDJ,遗传算法（GA）,GA,489,0.17955749119484352
YTDJ,遗传算法（GA）,GA,490,0.17955749119484352
YTDJ,遗传算法（GA）,GA,491,0.17955749119484352
YTDJ,遗传算法（GA）,GA,492,0.17955749119484352
YTDJ,遗传算法（GA）,GA,493,0.17955749119484352
YTDJ,遗传算法（GA）,GA,494,0.17955749119484352
YTDJ,遗传算法（GA）,GA,495,0.17955749119484352
YTDJ,遗传算法（GA）,GA,496,0.17955749119484352
YTDJ,遗传算法（GA）,GA,497,0.17955749119484352
YTDJ,遗传算法（GA）,GA,498,0.17955749119484352
YTDJ,遗传算法（GA）,GA,499,0.17955749119484352
YTDJ,遗传算法（GA）,GA,500,0.17955749119484352
YTDJ,遗传算法（GA）,GA,501,0.17955749119484352
YTDJ,遗传算法（GA）,GA,502,0.17955749119484352
YTDJ,遗传算法（GA）,GA,503,0.17955749119484352
YTDJ,遗传算法（GA）,GA,504,0.17955749119484352
YTDJ,遗传算法（GA）,GA,505,0.17955749119484352
YTDJ,遗传算法（GA）,GA,506,0.17955749119484352
YTDJ,遗传算法（GA）,GA,507,0.17955749119484352
YTDJ,遗传算法（GA）,GA,508,0.17955749119484352
YTDJ,遗传算法（GA）,GA,509,0.17955749119484352
YTDJ,遗传算法（GA）,GA,510,0.17955749119484352
YTDJ,遗传算法（GA）,GA,511,0.17955749119484352
YTDJ,遗传算法（GA）,GA,512,0.17955749119484352
YTDJ,遗传算法（GA）,GA,513,0.17955749119484352
YTDJ,遗传算法（GA）,GA,514,0.17955749119484352
YTDJ,遗传算法（GA）,GA,515,0.17955749119484352
YTDJ,遗传算法（GA）,GA,516,0.17955749119484352
YTDJ,遗传算法（GA）,GA,517,0.17955749119484352
YTDJ,遗传算法（GA）,GA,518,0.17955749119484352
YTDJ,遗传算法（GA）,GA,519,0.17955749119484352
YTDJ,遗传算法（GA）,GA,520,0.17955749119484352
YTDJ,遗传算法（GA）,GA,521,0.17955749119484352
YTDJ,遗传算法（GA）,GA,522,0.17955749119484352
YTDJ,遗传算法（GA）,GA,523,0.17955749119484352
YTDJ,遗传算法（GA）,GA,524,0.17955749119484352
YTDJ,遗传算法（GA）,GA,525,0.17955749119484352
YTDJ,遗传算法（GA）,GA,526,0.17955749119484352
YTDJ,遗传算法（GA）,GA,527,0.17955749119484352
YTDJ,遗传算法（GA）,GA,528,0.17955749119484352
YTDJ,遗传算法（GA）,GA,529,0.17955749119484352
YTDJ,遗传算法（GA）,GA,530,0.17955749119484352
YTDJ,遗传算法（GA）,GA,531,0.17955749119484352
YTDJ,遗传算法（GA）,GA,532,0.17955749119484352
YTDJ,遗传算法（GA）,GA,533,0.17955749119484352
YTDJ,遗传算法（GA）,GA,534,0.17955749119484352
YTDJ,遗传算法（GA）,GA,535,0.17955749119484352
YTDJ,遗传算法（GA）,GA,536,0.17955749119484352
YTDJ,遗传算法（GA）,GA,537,0.17955749119484352
YTDJ,遗传算法（GA）,GA,538,0.17955749119484352
YTDJ,遗传算法（GA）,GA,539,0.17955749119484352
YTDJ,遗传算法（GA）,GA,540,0.17955749119484352
YTDJ,遗传算法（GA）,GA,541,0.17955749119484352
YTDJ,遗传算法（GA）,GA,542,0.17955749119484352
YTDJ,遗传算法（GA）,GA,543,0.17955749119484352
YTDJ,遗传算法（GA）,GA,544,0.17955749119484352
YTDJ,遗传算法（GA）,GA,545,0.17955749119484352
YTDJ,遗传算法（GA）,GA,546,0.17955749119484352
YTDJ,遗传算法（GA）,GA,547,0.17955749119484352
YTDJ,遗传算法（GA）,GA,548,0.17955749119484352
YTDJ,遗传算法（GA）,GA,549,0.17955749119484352
YTDJ,遗传算法（GA）,GA,550,0.17955749119484352
YTDJ,遗传算法（GA）,GA,551,0.17955749119484352
YTDJ,遗传算法（GA）,GA,552,0.17955749119484352
YTDJ,遗传算法（GA）,GA,553,0.17955749119484352
YTDJ,遗传算法（GA）,GA,554,0.17955749119484352
YTDJ,遗传算法（GA）,GA,555,0.17955749119484352
YTDJ,遗传算法（GA）,GA,556,0.17955749119484352
YTDJ,遗传算法（GA）,GA,557,0.17955749119484352
YTDJ,遗传算法（GA）,GA,558,0.17955749119484352
YTDJ,遗传算法（GA）,GA,559,0.17955749119484352
YTDJ,遗传算法（GA）,GA,560,0.17955749119484352
YTDJ,遗传算法（GA）,GA,561,0.17955749119484352
YTDJ,遗传算法（GA）,GA,562,0.17955749119484352
YTDJ,遗传算法（GA）,GA,563,0.17955749119484352
YTDJ,遗传算法（GA）,GA,564,0.17955749119484352
YTDJ,遗传算法（GA）,GA,565,0.17955749119484352
YTDJ,遗传算法（GA）,GA,566,0.17955749119484352
YTDJ,遗传算法（GA）,GA,567,0.17955749119484352
YTDJ,遗传算法（GA）,GA,568,0.17955749119484352
YTDJ,遗传算法（GA）,GA,569,0.17955749119484352
YTDJ,遗传算法（GA）,GA,570,0.17955749119484352
YTDJ,遗传算法（GA）,GA,571,0.17955749119484352
YTDJ,遗传算法（GA）,GA,572,0.17955749119484352
YTDJ,遗传算法（GA）,GA,573,0.17955749119484352
YTDJ,遗传算法（GA）,GA,574,0.17955749119484352
YTDJ,遗传算法（GA）,GA,575,0.17955749119484352
YTDJ,遗传算法（GA）,GA,576,0.17955749119484352
YTDJ,遗传算法（GA）,GA,577,0.17955749119484352
YTDJ,遗传算法（GA）,GA,578,0.17955749119484352
YTDJ,遗传算法（GA）,GA,579,0.17955749119484352
YTDJ,遗传算法（GA）,GA,580,0.17955749119484352
YTDJ,遗传算法（GA）,GA,581,0.17955749119484352
YTDJ,遗传算法（GA）,GA,582,0.17955749119484352
YTDJ,遗传算法（GA）,GA,583,0.17955749119484352
YTDJ,遗传算法（GA）,GA,584,0.17955749119484352
YTDJ,遗传算法（GA）,GA,585,0.17955749119484352
YTDJ,遗传算法（GA）,GA,586,0.17955749119484352
YTDJ,遗传算法（GA）,GA,587,0.17955749119484352
YTDJ,遗传算法（GA）,GA,588,0.17955749119484352
YTDJ,遗传算法（GA）,GA,589,0.17955749119484352
YTDJ,遗传算法（GA）,GA,590,0.17955749119484352
YTDJ,遗传算法（GA）,GA,591,0.17955749119484352
YTDJ,遗传算法（GA）,GA,592,0.17955749119484352
YTDJ,遗传算法（GA）,GA,593,0.17955749119484352
YTDJ,遗传算法（GA）,GA,594,0.17955749119484352
YTDJ,遗传算法（GA）,GA,595,0.17955749119484352
YTDJ,遗传算法（GA）,GA,596,0.17955749119484352
YTDJ,遗传算法（GA）,GA,597,0.17955749119484352
YTDJ,遗传算法（GA）,GA,598,0.17955749119484352
YTDJ,遗传算法（GA）,GA,599,0.17955749119484352
YTDJ,遗传算法（GA）,GA,600,0.17955749119484352
YTDJ,遗传算法（GA）,GA,601,0.17955749119484352
YTDJ,遗传算法（GA）,GA,602,0.17955749119484352
YTDJ,遗传算法（GA）,GA,603,0.17955749119484352
YTDJ,遗传算法（GA）,GA,604,0.17955749119484352
YTDJ,遗传算法（GA）,GA,605,0.17955749119484352
YTDJ,遗传算法（GA）,GA,606,0.17955749119484352
YTDJ,遗传算法（GA）,GA,607,0.17955749119484352
YTDJ,遗传算法（GA）,GA,608,0.17955749119484352
YTDJ,遗传算法（GA）,GA,609,0.17955749119484352
YTDJ,遗传算法（GA）,GA,610,0.17955749119484352
YTDJ,遗传算法（GA）,GA,611,0.17955749119484352
YTDJ,遗传算法（GA）,GA,612,0.17955749119484352
YTDJ,遗传算法（GA）,GA,613,0.17955749119484352
YTDJ,遗传算法（GA）,GA,614,0.17955749119484352
YTDJ,遗传算法（GA）,GA,615,0.17955749119484352
YTDJ,遗传算法（GA）,GA,616,0.17955749119484352
YTDJ,遗传算法（GA）,GA,617,0.17955749119484352
YTDJ,遗传算法（GA）,GA,618,0.17955749119484352
YTDJ,遗传算法（GA）,GA,619,0.17955749119484352
YTDJ,遗传算法（GA）,GA,620,0.17955749119484352
YTDJ,遗传算法（GA）,GA,621,0.17955749119484352
YTDJ,遗传算法（GA）,GA,622,0.17955749119484352
YTDJ,遗传算法（GA）,GA,623,0.17955749119484352
YTDJ,遗传算法（GA）,GA,624,0.17955749119484352
YTDJ,遗传算法（GA）,GA,625,0.17955749119484352
YTDJ,遗传算法（GA）,GA,626,0.17955749119484352
YTDJ,遗传算法（GA）,GA,627,0.17955749119484352
YTDJ,遗传算法（GA）,GA,628,0.17955749119484352
YTDJ,遗传算法（GA）,GA,629,0.17955749119484352
YTDJ,遗传算法（GA）,GA,630,0.17955749119484352
YTDJ,遗传算法（GA）,GA,631,0.17955749119484352
YTDJ,遗传算法（GA）,GA,632,0.17955749119484352
YTDJ,遗传算法（GA）,GA,633,0.17955749119484352
YTDJ,遗传算法（GA）,GA,634,0.17955749119484352
YTDJ,遗传算法（GA）,GA,635,0.17955749119484352
YTDJ,遗传算法（GA）,GA,636,0.17955749119484352
YTDJ,遗传算法（GA）,GA,637,0.17955749119484352
YTDJ,遗传算法（GA）,GA,638,0.17955749119484352
YTDJ,遗传算法（GA）,GA,639,0.17955749119484352
YTDJ,遗传算法（GA）,GA,640,0.17955749119484352
YTDJ,遗传算法（GA）,GA,641,0.17955749119484352
YTDJ,遗传算法（GA）,GA,642,0.17955749119484352
YTDJ,遗传算法（GA）,GA,643,0.17955749119484352
YTDJ,遗传算法（GA）,GA,644,0.17955749119484352
YTDJ,遗传算法（GA）,GA,645,0.17955749119484352
YTDJ,遗传算法（GA）,GA,646,0.17955749119484352
YTDJ,遗传算法（GA）,GA,647,0.17955749119484352
YTDJ,遗传算法（GA）,GA,648,0.17955749119484352
YTDJ,遗传算法（GA）,GA,649,0.17955749119484352
YTDJ,遗传算法（GA）,GA,650,0.17955749119484352
YTDJ,遗传算法（GA）,GA,651,0.17955749119484352
YTDJ,遗传算法（GA）,GA,652,0.17955749119484352
YTDJ,遗传算法（GA）,GA,653,0.17955749119484352
YTDJ,遗传算法（GA）,GA,654,0.17955749119484352
YTDJ,遗传算法（GA）,GA,655,0.17955749119484352
YTDJ,遗传算法（GA）,GA,656,0.17955749119484352
YTDJ,遗传算法（GA）,GA,657,0.17955749119484352
YTDJ,遗传算法（GA）,GA,658,0.17955749119484352
YTDJ,遗传算法（GA）,GA,659,0.17955749119484352
YTDJ,遗传算法（GA）,GA,660,0.17955749119484352
YTDJ,遗传算法（GA）,GA,661,0.17955749119484352
YTDJ,遗传算法（GA）,GA,662,0.17955749119484352
YTDJ,遗传算法（GA）,GA,663,0.17955749119484352
YTDJ,遗传算法（GA）,GA,664,0.17955749119484352
YTDJ,遗传算法（GA）,GA,665,0.17955749119484352
YTDJ,遗传算法（GA）,GA,666,0.17955749119484352
YTDJ,遗传算法（GA）,GA,667,0.17955749119484352
YTDJ,遗传算法（GA）,GA,668,0.17955749119484352
YTDJ,遗传算法（GA）,GA,669,0.17955749119484352
YTDJ,遗传算法（GA）,GA,670,0.17955749119484352
YTDJ,遗传算法（GA）,GA,671,0.17955749119484352
YTDJ,遗传算法（GA）,GA,672,0.17955749119484352
YTDJ,遗传算法（GA）,GA,673,0.17955749119484352
YTDJ,遗传算法（GA）,GA,674,0.17955749119484352
YTDJ,遗传算法（GA）,GA,675,0.17955749119484352
YTDJ,遗传算法（GA）,GA,676,0.17955749119484352
YTDJ,遗传算法（GA）,GA,677,0.17955749119484352
YTDJ,遗传算法（GA）,GA,678,0.17955749119484352
YTDJ,遗传算法（GA）,GA,679,0.17955749119484352
YTDJ,遗传算法（GA）,GA,680,0.17955749119484352
YTDJ,遗传算法（GA）,GA,681,0.17955749119484352
YTDJ,遗传算法（GA）,GA,682,0.17955749119484352
YTDJ,遗传算法（GA）,GA,683,0.17955749119484352
YTDJ,遗传算法（GA）,GA,684,0.17955749119484352
YTDJ,遗传算法（GA）,GA,685,0.17955749119484352
YTDJ,遗传算法（GA）,GA,686,0.17955749119484352
YTDJ,遗传算法（GA）,GA,687,0.17955749119484352
YTDJ,遗传算法（GA）,GA,688,0.17955749119484352
YTDJ,遗传算法（GA）,GA,689,0.17955749119484352
YTDJ,遗传算法（GA）,GA,690,0.17955749119484352
YTDJ,遗传算法（GA）,GA,691,0.17955749119484352
YTDJ,遗传算法（GA）,GA,692,0.17955749119484352
YTDJ,遗传算法（GA）,GA,693,0.17955749119484352
YTDJ,遗传算法（GA）,GA,694,0.17955749119484352
YTDJ,遗传算法（GA）,GA,695,0.17955749119484352
YTDJ,遗传算法（GA）,GA,696,0.17955749119484352
YTDJ,遗传算法（GA）,GA,697,0.17955749119484352
YTDJ,遗传算法（GA）,GA,698,0.17955749119484352
YTDJ,遗传算法（GA）,GA,699,0.17955749119484352
YTDJ,遗传算法（GA）,GA,700,0.17955749119484352
YTDJ,遗传算法（GA）,GA,701,0.17955749119484352
YTDJ,遗传算法（GA）,GA,702,0.17955749119484352
YTDJ,遗传算法（GA）,GA,703,0.17955749119484352
YTDJ,遗传算法（GA）,GA,704,0.17955749119484352
YTDJ,遗传算法（GA）,GA,705,0.17955749119484352
YTDJ,遗传算法（GA）,GA,706,0.17955749119484352
YTDJ,遗传算法（GA）,GA,707,0.17955749119484352
YTDJ,遗传算法（GA）,GA,708,0.17955749119484352
YTDJ,遗传算法（GA）,GA,709,0.17955749119484352
YTDJ,遗传算法（GA）,GA,710,0.17955749119484352
YTDJ,遗传算法（GA）,GA,711,0.17955749119484352
YTDJ,遗传算法（GA）,GA,712,0.17955749119484352
YTDJ,遗传算法（GA）,GA,713,0.17955749119484352
YTDJ,遗传算法（GA）,GA,714,0.17955749119484352
YTDJ,遗传算法（GA）,GA,715,0.17955749119484352
YTDJ,遗传算法（GA）,GA,716,0.17955749119484352
YTDJ,遗传算法（GA）,GA,717,0.17955749119484352
YTDJ,遗传算法（GA）,GA,718,0.17955749119484352
YTDJ,遗传算法（GA）,GA,719,0.17955749119484352
YTDJ,遗传算法（GA）,GA,720,0.17955749119484352
YTDJ,遗传算法（GA）,GA,721,0.17955749119484352
YTDJ,遗传算法（GA）,GA,722,0.17955749119484352
YTDJ,遗传算法（GA）,GA,723,0.17955749119484352
YTDJ,遗传算法（GA）,GA,724,0.17955749119484352
YTDJ,遗传算法（GA）,GA,725,0.17955749119484352
YTDJ,遗传算法（GA）,GA,726,0.17955749119484352
YTDJ,遗传算法（GA）,GA,727,0.17955749119484352
YTDJ,遗传算法（GA）,GA,728,0.17955749119484352
YTDJ,遗传算法（GA）,GA,729,0.17955749119484352
YTDJ,遗传算法（GA）,GA,730,0.17955749119484352
YTDJ,遗传算法（GA）,GA,731,0.17955749119484352
YTDJ,遗传算法（GA）,GA,732,0.17955749119484352
YTDJ,遗传算法（GA）,GA,733,0.17955749119484352
YTDJ,遗传算法（GA）,GA,734,0.17955749119484352
YTDJ,遗传算法（GA）,GA,735,0.17955749119484352
YTDJ,遗传算法（GA）,GA,736,0.17955749119484352
YTDJ,遗传算法（GA）,GA,737,0.17955749119484352
YTDJ,遗传算法（GA）,GA,738,0.17955749119484352
YTDJ,遗传算法（GA）,GA,739,0.17955749119484352
YTDJ,遗传算法（GA）,GA,740,0.17955749119484352
YTDJ,遗传算法（GA）,GA,741,0.17955749119484352
YTDJ,遗传算法（GA）,GA,742,0.17955749119484352
YTDJ,遗传算法（GA）,GA,743,0.17955749119484352
YTDJ,遗传算法（GA）,GA,744,0.17955749119484352
YTDJ,遗传算法（GA）,GA,745,0.17955749119484352
YTDJ,遗传算法（GA）,GA,746,0.17955749119484352
YTDJ,遗传算法（GA）,GA,747,0.17955749119484352
YTDJ,遗传算法（GA）,GA,748,0.17955749119484352
YTDJ,遗传算法（GA）,GA,749,0.17955749119484352
YTDJ,遗传算法（GA）,GA,750,0.17955749119484352
YTDJ,遗传算法（GA）,GA,751,0.17955749119484352
YTDJ,遗传算法（GA）,GA,752,0.17955749119484352
YTDJ,遗传算法（GA）,GA,753,0.17955749119484352
YTDJ,遗传算法（GA）,GA,754,0.17955749119484352
YTDJ,遗传算法（GA）,GA,755,0.17955749119484352
YTDJ,遗传算法（GA）,GA,756,0.17955749119484352
YTDJ,遗传算法（GA）,GA,757,0.17955749119484352
YTDJ,遗传算法（GA）,GA,758,0.17955749119484352
YTDJ,遗传算法（GA）,GA,759,0.17955749119484352
YTDJ,遗传算法（GA）,GA,760,0.17955749119484352
YTDJ,遗传算法（GA）,GA,761,0.17955749119484352
YTDJ,遗传算法（GA）,GA,762,0.17955749119484352
YTDJ,遗传算法（GA）,GA,763,0.17955749119484352
YTDJ,遗传算法（GA）,GA,764,0.17955749119484352
YTDJ,遗传算法（GA）,GA,765,0.17955749119484352
YTDJ,无LHS（随机 101）,No-LHS,1,0.45442168906581926
YTDJ,无LHS（随机 101）,No-LHS,2,0.45442168906581926
YTDJ,无LHS（随机 101）,No-LHS,3,0.45442168906581926
YTDJ,无LHS（随机 101）,No-LHS,4,0.45442168906581926
YTDJ,无LHS（随机 101）,No-LHS,5,0.45442168906581926
YTDJ,无LHS（随机 101）,No-LHS,6,0.45442168906581926
YTDJ,无LHS（随机 101）,No-LHS,7,0.45442168906581926
YTDJ,无LHS（随机 101）,No-LHS,8,0.45442168906581926
YTDJ,无LHS（随机 101）,No-LHS,9,0.326907215550186
YTDJ,无LHS（随机 101）,No-LHS,10,0.326907215550186
YTDJ,无LHS（随机 101）,No-LHS,11,0.326907215550186
YTDJ,无LHS（随机 101）,No-LHS,12,0.326907215550186
YTDJ,无LHS（随机 101）,No-LHS,13,0.326907215550186
YTDJ,无LHS（随机 101）,No-LHS,14,0.326907215550186
YTDJ,无LHS（随机 101）,No-LHS,15,0.326907215550186
YTDJ,无LHS（随机 101）,No-LHS,16,0.326907215550186
YTDJ,无LHS（随机 101）,No-LHS,17,0.326907215550186
YTDJ,无LHS（随机 101）,No-LHS,18,0.326907215550186
YTDJ,无LHS（随机 101）,No-LHS,19,0.326907215550186
YTDJ,无LHS（随机 101）,No-LHS,20,0.326907215550186
YTDJ,无LHS（随机 101）,No-LHS,21,0.326907215550186
YTDJ,无LHS（随机 101）,No-LHS,22,0.326907215550186
YTDJ,无LHS（随机 101）,No-LHS,23,0.326907215550186
YTDJ,无LHS（随机 101）,No-LHS,24,0.326907215550186
YTDJ,无LHS（随机 101）,No-LHS,25,0.326907215550186
YTDJ,无LHS（随机 101）,No-LHS,26,0.326907215550186
YTDJ,无LHS（随机 101）,No-LHS,27,0.326907215550186
YTDJ,无LHS（随机 101）,No-LHS,28,0.326907215550186
YTDJ,无LHS（随机 101）,No-LHS,29,0.326907215550186
YTDJ,无LHS（随机 101）,No-LHS,30,0.326907215550186
YTDJ,无LHS（随机 101）,No-LHS,31,0.326907215550186
YTDJ,无LHS（随机 101）,No-LHS,32,0.326907215550186
YTDJ,无LHS（随机 101）,No-LHS,33,0.326907215550186
YTDJ,无LHS（随机 101）,No-LHS,34,0.326907215550186
YTDJ,无LHS（随机 101）,No-LHS,35,0.326907215550186
YTDJ,无LHS（随机 101）,No-LHS,36,0.326907215550186
YTDJ,无LHS（随机 101）,No-LHS,37,0.326907215550186
YTDJ,无LHS（随机 101）,No-LHS,38,0.326907215550186
YTDJ,无LHS（随机 101）,No-LHS,39,0.326907215550186
YTDJ,无LHS（随机 101）,No-LHS,40,0.326907215550186
YTDJ,无LHS（随机 101）,No-LHS,41,0.326907215550186
YTDJ,无LHS（随机 101）,No-LHS,42,0.326907215550186
YTDJ,无LHS（随机 101）,No-LHS,43,0.326907215550186
YTDJ,无LHS（随机 101）,No-LHS,44,0.326907215550186
YTDJ,无LHS（随机 101）,No-LHS,45,0.326907215550186
YTDJ,无LHS（随机 101）,No-LHS,46,0.326907215550186
YTDJ,无LHS（随机 101）,No-LHS,47,0.326907215550186
YTDJ,无LHS（随机 101）,No-LHS,48,0.326907215550186
YTDJ,无LHS（随机 101）,No-LHS,49,0.326907215550186
YTDJ,无LHS（随机 101）,No-LHS,50,0.326907215550186
YTDJ,无LHS（随机 101）,No-LHS,51,0.326907215550186
YTDJ,无LHS（随机 101）,No-LHS,52,0.326907215550186
YTDJ,无LHS（随机 101）,No-LHS,53,0.326907215550186
YTDJ,无LHS（随机 101）,No-LHS,54,0.326907215550186
YTDJ,无LHS（随机 101）,No-LHS,55,0.326907215550186
YTDJ,无LHS（随机 101）,No-LHS,56,0.326907215550186
YTDJ,无LHS（随机 101）,No-LHS,57,0.326907215550186
YTDJ,无LHS（随机 101）,No-LHS,58,0.326907215550186
YTDJ,无LHS（随机 101）,No-LHS,59,0.326907215550186
YTDJ,无LHS（随机 101）,No-LHS,60,0.326907215550186
YTDJ,无LHS（随机 101）,No-LHS,61,0.326907215550186
YTDJ,无LHS（随机 101）,No-LHS,62,0.326907215550186
YTDJ,无LHS（随机 101）,No-LHS,63,0.326907215550186
YTDJ,无LHS（随机 101）,No-LHS,64,0.326907215550186
YTDJ,无LHS（随机 101）,No-LHS,65,0.326907215550186
YTDJ,无LHS（随机 101）,No-LHS,66,0.326907215550186
YTDJ,无LHS（随机 101）,No-LHS,67,0.326907215550186
YTDJ,无LHS（随机 101）,No-LHS,68,0.326907215550186
YTDJ,无LHS（随机 101）,No-LHS,69,0.326907215550186
YTDJ,无LHS（随机 101）,No-LHS,70,0.326907215550186
YTDJ,无LHS（随机 101）,No-LHS,71,0.326907215550186
YTDJ,无LHS（随机 101）,No-LHS,72,0.326907215550186
YTDJ,无LHS（随机 101）,No-LHS,73,0.326907215550186
YTDJ,无LHS（随机 101）,No-LHS,74,0.326907215550186
YTDJ,无LHS（随机 101）,No-LHS,75,0.326907215550186
YTDJ,无LHS（随机 101）,No-LHS,76,0.326907215550186
YTDJ,无LHS（随机 101）,No-LHS,77,0.326907215550186
YTDJ,无LHS（随机 101）,No-LHS,78,0.326907215550186
YTDJ,无LHS（随机 101）,No-LHS,79,0.326907215550186
YTDJ,无LHS（随机 101）,No-LHS,80,0.326907215550186
YTDJ,无LHS（随机 101）,No-LHS,81,0.326907215550186
YTDJ,无LHS（随机 101）,No-LHS,82,0.326907215550186
YTDJ,无LHS（随机 101）,No-LHS,83,0.326907215550186
YTDJ,无LHS（随机 101）,No-LHS,84,0.326907215550186
YTDJ,无LHS（随机 101）,No-LHS,85,0.326907215550186
YTDJ,无LHS（随机 101）,No-LHS,86,0.326907215550186
YTDJ,无LHS（随机 101）,No-LHS,87,0.326907215550186
YTDJ,无LHS（随机 101）,No-LHS,88,0.326907215550186
YTDJ,无LHS（随机 101）,No-LHS,89,0.326907215550186
YTDJ,无LHS（随机 101）,No-LHS,90,0.326907215550186
YTDJ,无LHS（随机 101）,No-LHS,91,0.326907215550186
YTDJ,无LHS（随机 101）,No-LHS,92,0.326907215550186
YTDJ,无LHS（随机 101）,No-LHS,93,0.326907215550186
YTDJ,无LHS（随机 101）,No-LHS,94,0.326907215550186
YTDJ,无LHS（随机 101）,No-LHS,95,0.326907215550186
YTDJ,无LHS（随机 101）,No-LHS,96,0.326907215550186
YTDJ,无LHS（随机 101）,No-LHS,97,0.326907215550186
YTDJ,无LHS（随机 101）,No-LHS,98,0.326907215550186
YTDJ,无LHS（随机 101）,No-LHS,99,0.326907215550186
YTDJ,无LHS（随机 101）,No-LHS,100,0.326907215550186
YTDJ,无LHS（随机 101）,No-LHS,101,0.326907215550186
YTDJ,无RF（LHS 101）,No-RF,1,0.530604954590473
YTDJ,无RF（LHS 101）,No-RF,2,0.530604954590473
YTDJ,无RF（LHS 101）,No-RF,3,0.530604954590473
YTDJ,无RF（LHS 101）,No-RF,4,0.530604954590473
YTDJ,无RF（LHS 101）,No-RF,5,0.530604954590473
YTDJ,无RF（LHS 101）,No-RF,6,0.5156975833991135
YTDJ,无RF（LHS 101）,No-RF,7,0.5156975833991135
YTDJ,无RF（LHS 101）,No-RF,8,0.4798017661036058
YTDJ,无RF（LHS 101）,No-RF,9,0.4798017661036058
YTDJ,无RF（LHS 101）,No-RF,10,0.4798017661036058
YTDJ,无RF（LHS 101）,No-RF,11,0.4798017661036058
YTDJ,无RF（LHS 101）,No-RF,12,0.4798017661036058
YTDJ,无RF（LHS 101）,No-RF,13,0.4798017661036058
YTDJ,无RF（LHS 101）,No-RF,14,0.4798017661036058
YTDJ,无RF（LHS 101）,No-RF,15,0.4798017661036058
YTDJ,无RF（LHS 101）,No-RF,16,0.32483962368720853
YTDJ,无RF（LHS 101）,No-RF,17,0.32483962368720853
YTDJ,无RF（LHS 101）,No-RF,18,0.32483962368720853
YTDJ,无RF（LHS 101）,No-RF,19,0.32483962368720853
YTDJ,无RF（LHS 101）,No-RF,20,0.32483962368720853
YTDJ,无RF（LHS 101）,No-RF,21,0.32483962368720853
YTDJ,无RF（LHS 101）,No-RF,22,0.32483962368720853
YTDJ,无RF（LHS 101）,No-RF,23,0.32483962368720853
YTDJ,无RF（LHS 101）,No-RF,24,0.32483962368720853
YTDJ,无RF（LHS 101）,No-RF,25,0.32483962368720853
YTDJ,无RF（LHS 101）,No-RF,26,0.32483962368720853
YTDJ,无RF（LHS 101）,No-RF,27,0.32483962368720853
YTDJ,无RF（LHS 101）,No-RF,28,0.32483962368720853
YTDJ,无RF（LHS 101）,No-RF,29,0.32483962368720853
YTDJ,无RF（LHS 101）,No-RF,30,0.32483962368720853
YTDJ,无RF（LHS 101）,No-RF,31,0.32483962368720853
YTDJ,无RF（LHS 101）,No-RF,32,0.32483962368720853
YTDJ,无RF（LHS 101）,No-RF,33,0.32483962368720853
YTDJ,无RF（LHS 101）,No-RF,34,0.32483962368720853
YTDJ,无RF（LHS 101）,No-RF,35,0.32483962368720853
YTDJ,无RF（LHS 101）,No-RF,36,0.32483962368720853
YTDJ,无RF（LHS 101）,No-RF,37,0.32483962368720853
YTDJ,无RF（LHS 101）,No-RF,38,0.32483962368720853
YTDJ,无RF（LHS 101）,No-RF,39,0.32483962368720853
YTDJ,无RF（LHS 101）,No-RF,40,0.32483962368720853
YTDJ,无RF（LHS 101）,No-RF,41,0.32483962368720853
YTDJ,无RF（LHS 101）,No-RF,42,0.32483962368720853
YTDJ,无RF（LHS 101）,No-RF,43,0.32483962368720853
YTDJ,无RF（LHS 101）,No-RF,44,0.32483962368720853
YTDJ,无RF（LHS 101）,No-RF,45,0.32483962368720853
YTDJ,无RF（LHS 101）,No-RF,46,0.32483962368720853
YTDJ,无RF（LHS 101）,No-RF,47,0.32483962368720853
YTDJ,无RF（LHS 101）,No-RF,48,0.32483962368720853
YTDJ,无RF（LHS 101）,No-RF,49,0.32483962368720853
YTDJ,无RF（LHS 101）,No-RF,50,0.32483962368720853
YTDJ,无RF（LHS 101）,No-RF,51,0.32483962368720853
YTDJ,无RF（LHS 101）,No-RF,52,0.32483962368720853
YTDJ,无RF（LHS 101）,No-RF,53,0.32483962368720853
YTDJ,无RF（LHS 101）,No-RF,54,0.32483962368720853
YTDJ,无RF（LHS 101）,No-RF,55,0.32483962368720853
YTDJ,无RF（LHS 101）,No-RF,56,0.32483962368720853
YTDJ,无RF（LHS 101）,No-RF,57,0.32483962368720853
YTDJ,无RF（LHS 101）,No-RF,58,0.32483962368720853
YTDJ,无RF（LHS 101）,No-RF,59,0.32483962368720853
YTDJ,无RF（LHS 101）,No-RF,60,0.32483962368720853
YTDJ,无RF（LHS 101）,No-RF,61,0.32483962368720853
YTDJ,无RF（LHS 101）,No-RF,62,0.32483962368720853
YTDJ,无RF（LHS 101）,No-RF,63,0.32483962368720853
YTDJ,无RF（LHS 101）,No-RF,64,0.32483962368720853
YTDJ,无RF（LHS 101）,No-RF,65,0.32483962368720853
YTDJ,无RF（LHS 101）,No-RF,66,0.32483962368720853
YTDJ,无RF（LHS 101）,No-RF,67,0.32483962368720853
YTDJ,无RF（LHS 101）,No-RF,68,0.32483962368720853
YTDJ,无RF（LHS 101）,No-RF,69,0.32483962368720853
YTDJ,无RF（LHS 101）,No-RF,70,0.32483962368720853
YTDJ,无RF（LHS 101）,No-RF,71,0.32483962368720853
YTDJ,无RF（LHS 101）,No-RF,72,0.32483962368720853
YTDJ,无RF（LHS 101）,No-RF,73,0.32483962368720853
YTDJ,无RF（LHS 101）,No-RF,74,0.32483962368720853
YTDJ,无RF（LHS 101）,No-RF,75,0.32483962368720853
YTDJ,无RF（LHS 101）,No-RF,76,0.32483962368720853
YTDJ,无RF（LHS 101）,No-RF,77,0.32483962368720853
YTDJ,无RF（LHS 101）,No-RF,78,0.32483962368720853
YTDJ,无RF（LHS 101）,No-RF,79,0.32483962368720853
YTDJ,无RF（LHS 101）,No-RF,80,0.32483962368720853
YTDJ,无RF（LHS 101）,No-RF,81,0.32483962368720853
YTDJ,无RF（LHS 101）,No-RF,82,0.32483962368720853
YTDJ,无RF（LHS 101）,No-RF,83,0.32483962368720853
YTDJ,无RF（LHS 101）,No-RF,84,0.32483962368720853
YTDJ,无RF（LHS 101）,No-RF,85,0.32483962368720853
YTDJ,无RF（LHS 101）,No-RF,86,0.32483962368720853
YTDJ,无RF（LHS 101）,No-RF,87,0.32483962368720853
YTDJ,无RF（LHS 101）,No-RF,88,0.32483962368720853
YTDJ,无RF（LHS 101）,No-RF,89,0.32483962368720853
YTDJ,无RF（LHS 101）,No-RF,90,0.32483962368720853
YTDJ,无RF（LHS 101）,No-RF,91,0.32483962368720853
YTDJ,无RF（LHS 101）,No-RF,92,0.32483962368720853
YTDJ,无RF（LHS 101）,No-RF,93,0.32483962368720853
YTDJ,无RF（LHS 101）,No-RF,94,0.32483962368720853
YTDJ,无RF（LHS 101）,No-RF,95,0.32483962368720853
YTDJ,无RF（LHS 101）,No-RF,96,0.32483962368720853
YTDJ,无RF（LHS 101）,No-RF,97,0.32483962368720853
YTDJ,无RF（LHS 101）,No-RF,98,0.32483962368720853
YTDJ,无RF（LHS 101）,No-RF,99,0.32483962368720853
YTDJ,无RF（LHS 101）,No-RF,100,0.32483962368720853
YTDJ,无RF（LHS 101）,No-RF,101,0.32483962368720853
YTDJ,SPSA,SPSA,1,0.4530828701865098
YTDJ,SPSA,SPSA,2,0.42697506429467563
YTDJ,SPSA,SPSA,3,0.42697506429467563
YTDJ,SPSA,SPSA,4,0.42697506429467563
YTDJ,SPSA,SPSA,5,0.42697506429467563
YTDJ,SPSA,SPSA,6,0.42697506429467563
YTDJ,SPSA,SPSA,7,0.42697506429467563
YTDJ,SPSA,SPSA,8,0.42697506429467563
YTDJ,SPSA,SPSA,9,0.42697506429467563
YTDJ,SPSA,SPSA,10,0.42697506429467563
YTDJ,SPSA,SPSA,11,0.42697506429467563
YTDJ,SPSA,SPSA,12,0.42697506429467563
YTDJ,SPSA,SPSA,13,0.42697506429467563
YTDJ,SPSA,SPSA,14,0.42697506429467563
YTDJ,SPSA,SPSA,15,0.42697506429467563
YTDJ,SPSA,SPSA,16,0.42697506429467563
YTDJ,SPSA,SPSA,17,0.42697506429467563
YTDJ,SPSA,SPSA,18,0.42697506429467563
YTDJ,SPSA,SPSA,19,0.42697506429467563
YTDJ,SPSA,SPSA,20,0.42697506429467563
YTDJ,SPSA,SPSA,21,0.42697506429467563
YTDJ,SPSA,SPSA,22,0.42697506429467563
YTDJ,SPSA,SPSA,23,0.42697506429467563
YTDJ,SPSA,SPSA,24,0.42697506429467563
YTDJ,SPSA,SPSA,25,0.42697506429467563
YTDJ,SPSA,SPSA,26,0.42697506429467563
YTDJ,SPSA,SPSA,27,0.42697506429467563
YTDJ,SPSA,SPSA,28,0.42697506429467563
YTDJ,SPSA,SPSA,29,0.42697506429467563
YTDJ,SPSA,SPSA,30,0.42697506429467563
YTDJ,SPSA,SPSA,31,0.42697506429467563
YTDJ,SPSA,SPSA,32,0.42697506429467563
YTDJ,SPSA,SPSA,33,0.42697506429467563
YTDJ,SPSA,SPSA,34,0.42697506429467563
YTDJ,SPSA,SPSA,35,0.42697506429467563
YTDJ,SPSA,SPSA,36,0.42697506429467563
YTDJ,SPSA,SPSA,37,0.42697506429467563
YTDJ,SPSA,SPSA,38,0.42697506429467563
YTDJ,SPSA,SPSA,39,0.42697506429467563
YTDJ,SPSA,SPSA,40,0.42697506429467563
YTDJ,SPSA,SPSA,41,0.42697506429467563
YTDJ,SPSA,SPSA,42,0.42697506429467563
YTDJ,SPSA,SPSA,43,0.42697506429467563
YTDJ,SPSA,SPSA,44,0.42697506429467563
YTDJ,SPSA,SPSA,45,0.42697506429467563
YTDJ,SPSA,SPSA,46,0.42697506429467563
YTDJ,SPSA,SPSA,47,0.42697506429467563
YTDJ,SPSA,SPSA,48,0.42697506429467563
YTDJ,SPSA,SPSA,49,0.42697506429467563
YTDJ,SPSA,SPSA,50,0.42697506429467563
YTDJ,SPSA,SPSA,51,0.42697506429467563
YTDJ,SPSA,SPSA,52,0.42697506429467563
YTDJ,SPSA,SPSA,53,0.42697506429467563
YTDJ,SPSA,SPSA,54,0.42344833482837513
YTDJ,SPSA,SPSA,55,0.42344833482837513
YTDJ,SPSA,SPSA,56,0.42344833482837513
YTDJ,SPSA,SPSA,57,0.42344833482837513
YTDJ,SPSA,SPSA,58,0.42344833482837513
YTDJ,SPSA,SPSA,59,0.42344833482837513
YTDJ,SPSA,SPSA,60,0.42344833482837513
YTDJ,SPSA,SPSA,61,0.42344833482837513
YTDJ,SPSA,SPSA,62,0.42344833482837513
YTDJ,SPSA,SPSA,63,0.42344833482837513
YTDJ,SPSA,SPSA,64,0.42344833482837513
YTDJ,SPSA,SPSA,65,0.42344833482837513
YTDJ,SPSA,SPSA,66,0.42344833482837513
YTDJ,SPSA,SPSA,67,0.42344833482837513
YTDJ,SPSA,SPSA,68,0.42344833482837513
YTDJ,SPSA,SPSA,69,0.42344833482837513
YTDJ,SPSA,SPSA,70,0.42344833482837513
YTDJ,SPSA,SPSA,71,0.42344833482837513
YTDJ,SPSA,SPSA,72,0.42344833482837513
YTDJ,SPSA,SPSA,73,0.42344833482837513
YTDJ,SPSA,SPSA,74,0.42344833482837513
YTDJ,SPSA,SPSA,75,0.42344833482837513
YTDJ,SPSA,SPSA,76,0.42344833482837513
YTDJ,SPSA,SPSA,77,0.42344833482837513
YTDJ,SPSA,SPSA,78,0.42344833482837513
YTDJ,SPSA,SPSA,79,0.42344833482837513
YTDJ,SPSA,SPSA,80,0.42344833482837513
YTDJ,SPSA,SPSA,81,0.42344833482837513
YTDJ,SPSA,SPSA,82,0.42344833482837513
YTDJ,SPSA,SPSA,83,0.42344833482837513
YTDJ,SPSA,SPSA,84,0.42344833482837513
YTDJ,SPSA,SPSA,85,0.42344833482837513
YTDJ,SPSA,SPSA,86,0.42344833482837513
YTDJ,SPSA,SPSA,87,0.42344833482837513
YTDJ,SPSA,SPSA,88,0.42344833482837513
YTDJ,SPSA,SPSA,89,0.42344833482837513
YTDJ,SPSA,SPSA,90,0.42344833482837513
YTDJ,SPSA,SPSA,91,0.42344833482837513
YTDJ,SPSA,SPSA,92,0.42344833482837513
YTDJ,SPSA,SPSA,93,0.42344833482837513
YTDJ,SPSA,SPSA,94,0.42344833482837513
YTDJ,SPSA,SPSA,95,0.42344833482837513
YTDJ,SPSA,SPSA,96,0.42344833482837513
YTDJ,SPSA,SPSA,97,0.42344833482837513
YTDJ,SPSA,SPSA,98,0.42344833482837513
YTDJ,SPSA,SPSA,99,0.42344833482837513
YTDJ,SPSA,SPSA,100,0.42344833482837513
YTDJ,SPSA,SPSA,101,0.42344833482837513
YTDJ,SPSA,SPSA,102,0.42344833482837513
YTDJ,SPSA,SPSA,103,0.42344833482837513
YTDJ,SPSA,SPSA,104,0.42344833482837513
YTDJ,SPSA,SPSA,105,0.42344833482837513
YTDJ,SPSA,SPSA,106,0.42344833482837513
YTDJ,SPSA,SPSA,107,0.42344833482837513
YTDJ,SPSA,SPSA,108,0.42344833482837513
YTDJ,SPSA,SPSA,109,0.42344833482837513
YTDJ,SPSA,SPSA,110,0.42344833482837513
YTDJ,SPSA,SPSA,111,0.42344833482837513
YTDJ,SPSA,SPSA,112,0.42344833482837513
YTDJ,SPSA,SPSA,113,0.42344833482837513
YTDJ,SPSA,SPSA,114,0.42344833482837513
YTDJ,SPSA,SPSA,115,0.42344833482837513
YTDJ,SPSA,SPSA,116,0.42344833482837513
YTDJ,SPSA,SPSA,117,0.42344833482837513
YTDJ,SPSA,SPSA,118,0.42344833482837513
YTDJ,SPSA,SPSA,119,0.42344833482837513
YTDJ,SPSA,SPSA,120,0.42344833482837513
YTDJ,SPSA,SPSA,121,0.42344833482837513
YTDJ,SPSA,SPSA,122,0.42344833482837513
YTDJ,SPSA,SPSA,123,0.42344833482837513
YTDJ,SPSA,SPSA,124,0.42344833482837513
YTDJ,SPSA,SPSA,125,0.42344833482837513
YTDJ,SPSA,SPSA,126,0.42344833482837513
YTDJ,SPSA,SPSA,127,0.42344833482837513
YTDJ,SPSA,SPSA,128,0.42344833482837513
YTDJ,SPSA,SPSA,129,0.42344833482837513
YTDJ,SPSA,SPSA,130,0.42344833482837513
YTDJ,SPSA,SPSA,131,0.42344833482837513
YTDJ,SPSA,SPSA,132,0.42344833482837513
YTDJ,SPSA,SPSA,133,0.42344833482837513
YTDJ,SPSA,SPSA,134,0.42344833482837513
YTDJ,SPSA,SPSA,135,0.42344833482837513
YTDJ,SPSA,SPSA,136,0.42344833482837513
YTDJ,SPSA,SPSA,137,0.42344833482837513
YTDJ,SPSA,SPSA,138,0.42344833482837513
YTDJ,SPSA,SPSA,139,0.42344833482837513
YTDJ,SPSA,SPSA,140,0.42344833482837513
YTDJ,SPSA,SPSA,141,0.42344833482837513
YTDJ,SPSA,SPSA,142,0.42344833482837513
YTDJ,SPSA,SPSA,143,0.42344833482837513
YTDJ,SPSA,SPSA,144,0.42344833482837513
YTDJ,SPSA,SPSA,145,0.42344833482837513
YTDJ,SPSA,SPSA,146,0.42344833482837513
YTDJ,SPSA,SPSA,147,0.42344833482837513
YTDJ,SPSA,SPSA,148,0.42344833482837513
YTDJ,SPSA,SPSA,149,0.42344833482837513
YTDJ,SPSA,SPSA,150,0.42344833482837513
YTDJ,SPSA,SPSA,151,0.4175285416236204
YTDJ,SPSA,SPSA,152,0.4175285416236204
YTDJ,SPSA,SPSA,153,0.4175285416236204
YTDJ,SPSA,SPSA,154,0.4175285416236204
YTDJ,SPSA,SPSA,155,0.4175285416236204
YTDJ,SPSA,SPSA,156,0.4175285416236204
YTDJ,SPSA,SPSA,157,0.4175285416236204
YTDJ,SPSA,SPSA,158,0.4175285416236204
YTDJ,SPSA,SPSA,159,0.4175285416236204
YTDJ,SPSA,SPSA,160,0.4162239648238829
YTDJ,SPSA,SPSA,161,0.4162239648238829
YTDJ,SPSA,SPSA,162,0.4162239648238829
YTDJ,SPSA,SPSA,163,0.4162239648238829
YTDJ,SPSA,SPSA,164,0.4162239648238829
YTDJ,SPSA,SPSA,165,0.4162239648238829
YTDJ,SPSA,SPSA,166,0.4162239648238829
YTDJ,SPSA,SPSA,167,0.4162239648238829
YTDJ,SPSA,SPSA,168,0.4162239648238829
YTDJ,SPSA,SPSA,169,0.4162239648238829
YTDJ,SPSA,SPSA,170,0.4162239648238829
YTDJ,SPSA,SPSA,171,0.4162239648238829
YTDJ,SPSA,SPSA,172,0.4162239648238829
YTDJ,SPSA,SPSA,173,0.4162239648238829
YTDJ,SPSA,SPSA,174,0.4162239648238829
YTDJ,SPSA,SPSA,175,0.4162239648238829
YTDJ,SPSA,SPSA,176,0.4162239648238829
YTDJ,SPSA,SPSA,177,0.4162239648238829
YTDJ,SPSA,SPSA,178,0.4162239648238829
YTDJ,SPSA,SPSA,179,0.4162239648238829
YTDJ,SPSA,SPSA,180,0.4130069088243415
YTDJ,SPSA,SPSA,181,0.4130069088243415
YTDJ,SPSA,SPSA,182,0.4130069088243415
YTDJ,SPSA,SPSA,183,0.4130069088243415
YTDJ,SPSA,SPSA,184,0.4130069088243415
YTDJ,SPSA,SPSA,185,0.4130069088243415
YTDJ,SPSA,SPSA,186,0.4130069088243415
YTDJ,SPSA,SPSA,187,0.4130069088243415
YTDJ,SPSA,SPSA,188,0.4130069088243415
YTDJ,SPSA,SPSA,189,0.4130069088243415
YTDJ,SPSA,SPSA,190,0.4130069088243415
YTDJ,SPSA,SPSA,191,0.4130069088243415
YTDJ,SPSA,SPSA,192,0.4130069088243415
YTDJ,SPSA,SPSA,193,0.4130069088243415
YTDJ,SPSA,SPSA,194,0.4130069088243415
YTDJ,SPSA,SPSA,195,0.4130069088243415
YTDJ,SPSA,SPSA,196,0.4130069088243415
YTDJ,SPSA,SPSA,197,0.4130069088243415
YTDJ,SPSA,SPSA,198,0.4130069088243415
YTDJ,SPSA,SPSA,199,0.4130069088243415
YTDJ,SPSA,SPSA,200,0.4130069088243415
YTDJ,SPSA,SPSA,201,0.4130069088243415
YTDJ,SPSA,SPSA,202,0.4130069088243415
YTDJ,SPSA,SPSA,203,0.4130069088243415
YTDJ,SPSA,SPSA,204,0.4130069088243415
YTDJ,SPSA,SPSA,205,0.4064030895242755
YTDJ,SPSA,SPSA,206,0.4064030895242755
YTDJ,SPSA,SPSA,207,0.4064030895242755
YTDJ,SPSA,SPSA,208,0.4064030895242755
YTDJ,SPSA,SPSA,209,0.4064030895242755
YTDJ,SPSA,SPSA,210,0.4064030895242755
YTDJ,SPSA,SPSA,211,0.4064030895242755
YTDJ,SPSA,SPSA,212,0.4064030895242755
YTDJ,SPSA,SPSA,213,0.4064030895242755
YTDJ,SPSA,SPSA,214,0.4064030895242755
YTDJ,SPSA,SPSA,215,0.4064030895242755
YTDJ,SPSA,SPSA,216,0.4064030895242755
YTDJ,SPSA,SPSA,217,0.4064030895242755
YTDJ,SPSA,SPSA,218,0.4064030895242755
YTDJ,SPSA,SPSA,219,0.4064030895242755
YTDJ,SPSA,SPSA,220,0.4064030895242755
YTDJ,SPSA,SPSA,221,0.4064030895242755
YTDJ,SPSA,SPSA,222,0.4064030895242755
YTDJ,SPSA,SPSA,223,0.4064030895242755
YTDJ,SPSA,SPSA,224,0.4064030895242755
YTDJ,SPSA,SPSA,225,0.4064030895242755
YTDJ,SPSA,SPSA,226,0.4064030895242755
YTDJ,SPSA,SPSA,227,0.4064030895242755
YTDJ,SPSA,SPSA,228,0.4064030895242755
YTDJ,SPSA,SPSA,229,0.4064030895242755
YTDJ,SPSA,SPSA,230,0.4064030895242755
YTDJ,SPSA,SPSA,231,0.4064030895242755
YTDJ,SPSA,SPSA,232,0.4064030895242755
YTDJ,SPSA,SPSA,233,0.4064030895242755
YTDJ,SPSA,SPSA,234,0.4064030895242755
YTDJ,SPSA,SPSA,235,0.4064030895242755
YTDJ,SPSA,SPSA,236,0.39302606813125646
YTDJ,SPSA,SPSA,237,0.39302606813125646
YTDJ,SPSA,SPSA,238,0.39302606813125646
YTDJ,SPSA,SPSA,239,0.39302606813125646
YTDJ,SPSA,SPSA,240,0.39302606813125646
YTDJ,SPSA,SPSA,241,0.39302606813125646
YTDJ,SPSA,SPSA,242,0.39302606813125646
YTDJ,SPSA,SPSA,243,0.39302606813125646
YTDJ,SPSA,SPSA,244,0.39302606813125646
YTDJ,SPSA,SPSA,245,0.39302606813125646
YTDJ,SPSA,SPSA,246,0.39302606813125646
YTDJ,SPSA,SPSA,247,0.39302606813125646
YTDJ,SPSA,SPSA,248,0.39302606813125646
YTDJ,SPSA,SPSA,249,0.39302606813125646
YTDJ,SPSA,SPSA,250,0.39302606813125646
YTDJ,SPSA,SPSA,251,0.39302606813125646
YTDJ,SPSA,SPSA,252,0.39302606813125646
YTDJ,SPSA,SPSA,253,0.39302606813125646
YTDJ,SPSA,SPSA,254,0.39302606813125646
YTDJ,SPSA,SPSA,255,0.39302606813125646
YTDJ,SPSA,SPSA,256,0.39302606813125646
YTDJ,SPSA,SPSA,257,0.39302606813125646
YTDJ,SPSA,SPSA,258,0.39302606813125646
YTDJ,SPSA,SPSA,259,0.39302606813125646
YTDJ,SPSA,SPSA,260,0.39302606813125646
YTDJ,SPSA,SPSA,261,0.39302606813125646
YTDJ,SPSA,SPSA,262,0.39302606813125646
YTDJ,SPSA,SPSA,263,0.39302606813125646
YTDJ,SPSA,SPSA,264,0.3792091646839857
YTDJ,SPSA,SPSA,265,0.3792091646839857
YTDJ,SPSA,SPSA,266,0.3792091646839857
YTDJ,SPSA,SPSA,267,0.37484636238474767
YTDJ,SPSA,SPSA,268,0.37484636238474767
YTDJ,SPSA,SPSA,269,0.37484636238474767
YTDJ,SPSA,SPSA,270,0.37484636238474767
YTDJ,SPSA,SPSA,271,0.37484636238474767
YTDJ,SPSA,SPSA,272,0.3644530239954155
YTDJ,SPSA,SPSA,273,0.3644530239954155
YTDJ,SPSA,SPSA,274,0.3644530239954155
YTDJ,SPSA,SPSA,275,0.3644530239954155
YTDJ,SPSA,SPSA,276,0.3644530239954155
YTDJ,SPSA,SPSA,277,0.3644530239954155
YTDJ,SPSA,SPSA,278,0.3644530239954155
YTDJ,SPSA,SPSA,279,0.3644530239954155
YTDJ,SPSA,SPSA,280,0.3644530239954155
YTDJ,SPSA,SPSA,281,0.3644530239954155
YTDJ,SPSA,SPSA,282,0.3644530239954155
YTDJ,SPSA,SPSA,283,0.36225887516218425
YTDJ,SPSA,SPSA,284,0.36225887516218425
YTDJ,SPSA,SPSA,285,0.36225887516218425
YTDJ,SPSA,SPSA,286,0.36225887516218425
YTDJ,SPSA,SPSA,287,0.36225887516218425
YTDJ,SPSA,SPSA,288,0.36225887516218425
YTDJ,SPSA,SPSA,289,0.36225887516218425
YTDJ,SPSA,SPSA,290,0.36225887516218425
YTDJ,SPSA,SPSA,291,0.36225887516218425
YTDJ,SPSA,SPSA,292,0.36225887516218425
YTDJ,SPSA,SPSA,293,0.36225887516218425
YTDJ,SPSA,SPSA,294,0.36225887516218425
YTDJ,SPSA,SPSA,295,0.36225887516218425
YTDJ,SPSA,SPSA,296,0.36225887516218425
YTDJ,SPSA,SPSA,297,0.36225887516218425
YTDJ,SPSA,SPSA,298,0.36225887516218425
YTDJ,SPSA,SPSA,299,0.36225887516218425
YTDJ,SPSA,SPSA,300,0.36225887516218425
YTDJ,SPSA,SPSA,301,0.36225887516218425
