scene,method,method_key,sim_count,best_error,run_seed
Tianjin,SPSA,SPSA,1,0.5751084839971574,42
Tianjin,SPSA,SPSA,2,0.4996577951053636,42
Tianjin,SPSA,SPSA,3,0.3763094778370764,42
Tianjin,SPSA,SPSA,4,0.3763094778370764,42
Tianjin,SPSA,SPSA,5,0.3763094778370764,42
Tianjin,SPSA,SPSA,6,0.3763094778370764,42
Tianjin,SPSA,SPSA,7,0.3763094778370764,42
Tianjin,SPSA,SPSA,8,0.3448488327473077,42
Tianjin,SPSA,SPSA,9,0.3448488327473077,42
Tianjin,SPSA,SPSA,10,0.3448488327473077,42
Tianjin,SPSA,SPSA,11,0.3448488327473077,42
Tianjin,SPSA,SPSA,12,0.3448488327473077,42
Tianjin,SPSA,SPSA,13,0.3448488327473077,42
Tianjin,SPSA,SPSA,14,0.3448488327473077,42
Tianjin,SPSA,SPSA,15,0.277854015483884,42
Tianjin,SPSA,SPSA,16,0.277854015483884,42
Tianjin,SPSA,SPSA,17,0.277854015483884,42
Tianjin,SPSA,SPSA,18,0.277854015483884,42
Tianjin,SPSA,SPSA,19,0.277854015483884,42
Tianjin,SPSA,SPSA,20,0.277854015483884,42
Tianjin,SPSA,SPSA,21,0.277854015483884,42
Tianjin,SPSA,SPSA,22,0.277854015483884,42
Tianjin,SPSA,SPSA,23,0.277854015483884,42
Tianjin,SPSA,SPSA,24,0.277854015483884,42
Tianjin,SPSA,SPSA,25,0.2754225775466912,42
Tianjin,SPSA,SPSA,26,0.2754225775466912,42
Tianjin,SPSA,SPSA,27,0.2636763993334086,42
Tianjin,SPSA,SPSA,28,0.2636763993334086,42
Tianjin,SPSA,SPSA,29,0.2636763993334086,42
Tianjin,SPSA,SPSA,30,0.2636763993334086,42
Tianjin,SPSA,SPSA,31,0.252132907766708,42
Tianjin,SPSA,SPSA,32,0.252132907766708,42
Tianjin,SPSA,SPSA,33,0.252132907766708,42
Tianjin,SPSA,SPSA,34,0.252132907766708,42
Tianjin,SPSA,SPSA,35,0.252132907766708,42
Tianjin,SPSA,SPSA,36,0.252132907766708,42
Tianjin,SPSA,SPSA,37,0.2474384672909928,42
Tianjin,SPSA,SPSA,38,0.2461883197274806,42
Tianjin,SPSA,SPSA,39,0.2461883197274806,42
Tianjin,SPSA,SPSA,40,0.2461883197274806,42
Tianjin,SPSA,SPSA,41,0.2321981065223227,42
Tianjin,SPSA,SPSA,42,0.2321981065223227,42
Tianjin,SPSA,SPSA,43,0.2321981065223227,42
Tianjin,SPSA,SPSA,44,0.2321981065223227,42
Tianjin,SPSA,SPSA,45,0.2321981065223227,42
Tianjin,SPSA,SPSA,46,0.2321981065223227,42
Tianjin,SPSA,SPSA,47,0.2321981065223227,42
Tianjin,SPSA,SPSA,48,0.2321981065223227,42
Tianjin,SPSA,SPSA,49,0.2321981065223227,42
Tianjin,SPSA,SPSA,50,0.2131579893563819,42
Tianjin,SPSA,SPSA,51,0.2131579893563819,42
Tianjin,SPSA,SPSA,52,0.2131579893563819,42
Tianjin,SPSA,SPSA,53,0.2131579893563819,42
Tianjin,SPSA,SPSA,54,0.2131579893563819,42
Tianjin,SPSA,SPSA,55,0.2131579893563819,42
Tianjin,SPSA,SPSA,56,0.2131579893563819,42
Tianjin,SPSA,SPSA,57,0.2131579893563819,42
Tianjin,SPSA,SPSA,58,0.1870765884125979,42
Tianjin,SPSA,SPSA,59,0.1870765884125979,42
Tianjin,SPSA,SPSA,60,0.1870765884125979,42
Tianjin,SPSA,SPSA,61,0.1870765884125979,42
Tianjin,SPSA,SPSA,62,0.1870765884125979,42
Tianjin,SPSA,SPSA,63,0.1870765884125979,42
Tianjin,SPSA,SPSA,64,0.1870765884125979,42
Tianjin,SPSA,SPSA,65,0.1870765884125979,42
Tianjin,SPSA,SPSA,66,0.1839991189009526,42
Tianjin,SPSA,SPSA,67,0.1839991189009526,42
Tianjin,SPSA,SPSA,68,0.1839991189009526,42
Tianjin,SPSA,SPSA,69,0.1839991189009526,42
Tianjin,SPSA,SPSA,70,0.1839991189009526,42
Tianjin,SPSA,SPSA,71,0.1839991189009526,42
Tianjin,SPSA,SPSA,72,0.1839991189009526,42
Tianjin,SPSA,SPSA,73,0.1839991189009526,42
Tianjin,SPSA,SPSA,74,0.1839991189009526,42
Tianjin,SPSA,SPSA,75,0.1758668853250495,42
Tianjin,SPSA,SPSA,76,0.1758668853250495,42
Tianjin,SPSA,SPSA,77,0.1758668853250495,42
Tianjin,SPSA,SPSA,78,0.1758668853250495,42
Tianjin,SPSA,SPSA,79,0.1758668853250495,42
Tianjin,SPSA,SPSA,80,0.1758668853250495,42
Tianjin,SPSA,SPSA,81,0.1758668853250495,42
Tianjin,SPSA,SPSA,82,0.1758668853250495,42
Tianjin,SPSA,SPSA,83,0.1679526265873703,42
Tianjin,SPSA,SPSA,84,0.1679526265873703,42
Tianjin,SPSA,SPSA,85,0.1679526265873703,42
Tianjin,SPSA,SPSA,86,0.1679526265873703,42
Tianjin,SPSA,SPSA,87,0.1679526265873703,42
Tianjin,SPSA,SPSA,88,0.1679526265873703,42
Tianjin,SPSA,SPSA,89,0.1679526265873703,42
Tianjin,SPSA,SPSA,90,0.1679526265873703,42
Tianjin,SPSA,SPSA,91,0.1679526265873703,42
Tianjin,SPSA,SPSA,92,0.1679526265873703,42
Tianjin,SPSA,SPSA,93,0.1679526265873703,42
Tianjin,SPSA,SPSA,94,0.1679526265873703,42
Tianjin,SPSA,SPSA,95,0.1679526265873703,42
Tianjin,SPSA,SPSA,96,0.164422045947813,42
Tianjin,SPSA,SPSA,97,0.164422045947813,42
Tianjin,SPSA,SPSA,98,0.164422045947813,42
Tianjin,SPSA,SPSA,99,0.164422045947813,42
Tianjin,SPSA,SPSA,100,0.164422045947813,42
Tianjin,SPSA,SPSA,1,0.9737716418677668,101
Tianjin,SPSA,SPSA,2,0.4521829791796834,101
Tianjin,SPSA,SPSA,3,0.4521829791796834,101
Tianjin,SPSA,SPSA,4,0.3217553858837493,101
Tianjin,SPSA,SPSA,5,0.3217553858837493,101
Tianjin,SPSA,SPSA,6,0.2318333920535054,101
Tianjin,SPSA,SPSA,7,0.2318333920535054,101
Tianjin,SPSA,SPSA,8,0.1861870887349632,101
Tianjin,SPSA,SPSA,9,0.1861870887349632,101
Tianjin,SPSA,SPSA,10,0.1861870887349632,101
Tianjin,SPSA,SPSA,11,0.1861870887349632,101
Tianjin,SPSA,SPSA,12,0.1861870887349632,101
Tianjin,SPSA,SPSA,13,0.1861870887349632,101
Tianjin,SPSA,SPSA,14,0.1861870887349632,101
Tianjin,SPSA,SPSA,15,0.1861870887349632,101
Tianjin,SPSA,SPSA,16,0.1861870887349632,101
Tianjin,SPSA,SPSA,17,0.1861870887349632,101
Tianjin,SPSA,SPSA,18,0.1861870887349632,101
Tianjin,SPSA,SPSA,19,0.1861870887349632,101
Tianjin,SPSA,SPSA,20,0.1861870887349632,101
Tianjin,SPSA,SPSA,21,0.1861870887349632,101
Tianjin,SPSA,SPSA,22,0.1861870887349632,101
Tianjin,SPSA,SPSA,23,0.1861870887349632,101
Tianjin,SPSA,SPSA,24,0.185016589471346,101
Tianjin,SPSA,SPSA,25,0.185016589471346,101
Tianjin,SPSA,SPSA,26,0.185016589471346,101
Tianjin,SPSA,SPSA,27,0.185016589471346,101
Tianjin,SPSA,SPSA,28,0.185016589471346,101
Tianjin,SPSA,SPSA,29,0.185016589471346,101
Tianjin,SPSA,SPSA,30,0.185016589471346,101
Tianjin,SPSA,SPSA,31,0.185016589471346,101
Tianjin,SPSA,SPSA,32,0.185016589471346,101
Tianjin,SPSA,SPSA,33,0.185016589471346,101
Tianjin,SPSA,SPSA,34,0.185016589471346,101
Tianjin,SPSA,SPSA,35,0.185016589471346,101
Tianjin,SPSA,SPSA,36,0.185016589471346,101
Tianjin,SPSA,SPSA,37,0.185016589471346,101
Tianjin,SPSA,SPSA,38,0.185016589471346,101
Tianjin,SPSA,SPSA,39,0.1809270942315197,101
Tianjin,SPSA,SPSA,40,0.1809270942315197,101
Tianjin,SPSA,SPSA,41,0.1809270942315197,101
Tianjin,SPSA,SPSA,42,0.1809270942315197,101
Tianjin,SPSA,SPSA,43,0.1809270942315197,101
Tianjin,SPSA,SPSA,44,0.1809270942315197,101
Tianjin,SPSA,SPSA,45,0.1809270942315197,101
Tianjin,SPSA,SPSA,46,0.1809270942315197,101
Tianjin,SPSA,SPSA,47,0.1809270942315197,101
Tianjin,SPSA,SPSA,48,0.1809270942315197,101
Tianjin,SPSA,SPSA,49,0.1809270942315197,101
Tianjin,SPSA,SPSA,50,0.1809270942315197,101
Tianjin,SPSA,SPSA,51,0.1809270942315197,101
Tianjin,SPSA,SPSA,52,0.1809270942315197,101
Tianjin,SPSA,SPSA,53,0.1809270942315197,101
Tianjin,SPSA,SPSA,54,0.1809270942315197,101
Tianjin,SPSA,SPSA,55,0.1771643645283187,101
Tianjin,SPSA,SPSA,56,0.1771643645283187,101
Tianjin,SPSA,SPSA,57,0.173249819042765,101
Tianjin,SPSA,SPSA,58,0.173249819042765,101
Tianjin,SPSA,SPSA,59,0.173249819042765,101
Tianjin,SPSA,SPSA,60,0.173249819042765,101
Tianjin,SPSA,SPSA,61,0.173249819042765,101
Tianjin,SPSA,SPSA,62,0.173249819042765,101
Tianjin,SPSA,SPSA,63,0.173249819042765,101
Tianjin,SPSA,SPSA,64,0.173249819042765,101
Tianjin,SPSA,SPSA,65,0.173249819042765,101
Tianjin,SPSA,SPSA,66,0.173249819042765,101
Tianjin,SPSA,SPSA,67,0.173249819042765,101
Tianjin,SPSA,SPSA,68,0.173249819042765,101
Tianjin,SPSA,SPSA,69,0.173249819042765,101
Tianjin,SPSA,SPSA,70,0.173249819042765,101
Tianjin,SPSA,SPSA,71,0.173249819042765,101
Tianjin,SPSA,SPSA,72,0.173249819042765,101
Tianjin,SPSA,SPSA,73,0.173249819042765,101
Tianjin,SPSA,SPSA,74,0.173249819042765,101
Tianjin,SPSA,SPSA,75,0.173249819042765,101
Tianjin,SPSA,SPSA,76,0.173249819042765,101
Tianjin,SPSA,SPSA,77,0.173249819042765,101
Tianjin,SPSA,SPSA,78,0.173249819042765,101
Tianjin,SPSA,SPSA,79,0.173249819042765,101
Tianjin,SPSA,SPSA,80,0.173249819042765,101
Tianjin,SPSA,SPSA,81,0.173249819042765,101
Tianjin,SPSA,SPSA,82,0.173249819042765,101
Tianjin,SPSA,SPSA,83,0.173249819042765,101
Tianjin,SPSA,SPSA,84,0.173249819042765,101
Tianjin,SPSA,SPSA,85,0.173249819042765,101
Tianjin,SPSA,SPSA,86,0.173249819042765,101
Tianjin,SPSA,SPSA,87,0.173249819042765,101
Tianjin,SPSA,SPSA,88,0.173249819042765,101
Tianjin,SPSA,SPSA,89,0.173249819042765,101
Tianjin,SPSA,SPSA,90,0.1731692276742028,101
Tianjin,SPSA,SPSA,91,0.1731692276742028,101
Tianjin,SPSA,SPSA,92,0.1731692276742028,101
Tianjin,SPSA,SPSA,93,0.1731692276742028,101
Tianjin,SPSA,SPSA,94,0.1731692276742028,101
Tianjin,SPSA,SPSA,95,0.1682688120615377,101
Tianjin,SPSA,SPSA,96,0.1682688120615377,101
Tianjin,SPSA,SPSA,97,0.1682688120615377,101
Tianjin,SPSA,SPSA,98,0.1682688120615377,101
Tianjin,SPSA,SPSA,99,0.1682688120615377,101
Tianjin,SPSA,SPSA,100,0.1682688120615377,101
Tianjin,BF-SAC-RF,BF-SAC-RF,1,1.440871,42
Tianjin,BF-SAC-RF,BF-SAC-RF,2,0.174202,42
Tianjin,BF-SAC-RF,BF-SAC-RF,3,0.174202,42
Tianjin,BF-SAC-RF,BF-SAC-RF,4,0.174202,42
Tianjin,BF-SAC-RF,BF-SAC-RF,5,0.174202,42
Tianjin,BF-SAC-RF,BF-SAC-RF,6,0.174202,42
Tianjin,BF-SAC-RF,BF-SAC-RF,7,0.174202,42
Tianjin,BF-SAC-RF,BF-SAC-RF,8,0.174202,42
Tianjin,BF-SAC-RF,BF-SAC-RF,9,0.174202,42
Tianjin,BF-SAC-RF,BF-SAC-RF,10,0.174202,42
Tianjin,BF-SAC-RF,BF-SAC-RF,11,0.174202,42
Tianjin,BF-SAC-RF,BF-SAC-RF,12,0.174202,42
Tianjin,BF-SAC-RF,BF-SAC-RF,13,0.174202,42
Tianjin,BF-SAC-RF,BF-SAC-RF,14,0.174202,42
Tianjin,BF-SAC-RF,BF-SAC-RF,15,0.174202,42
Tianjin,BF-SAC-RF,BF-SAC-RF,16,0.174202,42
Tianjin,BF-SAC-RF,BF-SAC-RF,17,0.174202,42
Tianjin,BF-SAC-RF,BF-SAC-RF,18,0.174202,42
Tianjin,BF-SAC-RF,BF-SAC-RF,19,0.174202,42
Tianjin,BF-SAC-RF,BF-SAC-RF,20,0.174202,42
Tianjin,BF-SAC-RF,BF-SAC-RF,21,0.174202,42
Tianjin,BF-SAC-RF,BF-SAC-RF,22,0.157901,42
Tianjin,BF-SAC-RF,BF-SAC-RF,23,0.157901,42
Tianjin,BF-SAC-RF,BF-SAC-RF,24,0.157901,42
Tianjin,BF-SAC-RF,BF-SAC-RF,25,0.157901,42
Tianjin,BF-SAC-RF,BF-SAC-RF,26,0.157901,42
Tianjin,BF-SAC-RF,BF-SAC-RF,27,0.157901,42
Tianjin,BF-SAC-RF,BF-SAC-RF,28,0.157901,42
Tianjin,BF-SAC-RF,BF-SAC-RF,29,0.157901,42
Tianjin,BF-SAC-RF,BF-SAC-RF,30,0.157901,42
Tianjin,BF-SAC-RF,BF-SAC-RF,31,0.157901,42
Tianjin,BF-SAC-RF,BF-SAC-RF,32,0.157901,42
Tianjin,BF-SAC-RF,BF-SAC-RF,33,0.157901,42
Tianjin,BF-SAC-RF,BF-SAC-RF,34,0.157901,42
Tianjin,BF-SAC-RF,BF-SAC-RF,35,0.157901,42
Tianjin,BF-SAC-RF,BF-SAC-RF,36,0.157901,42
Tianjin,BF-SAC-RF,BF-SAC-RF,37,0.157901,42
Tianjin,BF-SAC-RF,BF-SAC-RF,38,0.157901,42
Tianjin,BF-SAC-RF,BF-SAC-RF,39,0.157901,42
Tianjin,BF-SAC-RF,BF-SAC-RF,40,0.157901,42
Tianjin,BF-SAC-RF,BF-SAC-RF,41,0.157901,42
Tianjin,BF-SAC-RF,BF-SAC-RF,42,0.157901,42
Tianjin,BF-SAC-RF,BF-SAC-RF,43,0.157901,42
Tianjin,BF-SAC-RF,BF-SAC-RF,44,0.155112,42
Tianjin,BF-SAC-RF,BF-SAC-RF,45,0.139372,42
Tianjin,BF-SAC-RF,BF-SAC-RF,46,0.139372,42
Tianjin,BF-SAC-RF,BF-SAC-RF,47,0.139372,42
Tianjin,BF-SAC-RF,BF-SAC-RF,48,0.138952,42
Tianjin,BF-SAC-RF,BF-SAC-RF,49,0.138952,42
Tianjin,BF-SAC-RF,BF-SAC-RF,50,0.138952,42
Tianjin,BF-SAC-RF,BF-SAC-RF,51,0.138952,42
Tianjin,BF-SAC-RF,BF-SAC-RF,52,0.128865,42
Tianjin,BF-SAC-RF,BF-SAC-RF,53,0.110926,42
Tianjin,BF-SAC-RF,BF-SAC-RF,54,0.110926,42
Tianjin,BF-SAC-RF,BF-SAC-RF,55,0.110926,42
Tianjin,BF-SAC-RF,BF-SAC-RF,56,0.110926,42
Tianjin,BF-SAC-RF,BF-SAC-RF,57,0.110926,42
Tianjin,BF-SAC-RF,BF-SAC-RF,58,0.110926,42
Tianjin,BF-SAC-RF,BF-SAC-RF,59,0.110926,42
Tianjin,BF-SAC-RF,BF-SAC-RF,60,0.110926,42
Tianjin,BF-SAC-RF,BF-SAC-RF,61,0.110926,42
Tianjin,BF-SAC-RF,BF-SAC-RF,62,0.110926,42
Tianjin,BF-SAC-RF,BF-SAC-RF,63,0.110926,42
Tianjin,BF-SAC-RF,BF-SAC-RF,64,0.109145,42
Tianjin,BF-SAC-RF,BF-SAC-RF,65,0.109145,42
Tianjin,BF-SAC-RF,BF-SAC-RF,66,0.109145,42
Tianjin,BF-SAC-RF,BF-SAC-RF,67,0.109145,42
Tianjin,BF-SAC-RF,BF-SAC-RF,68,0.109145,42
Tianjin,BF-SAC-RF,BF-SAC-RF,69,0.109145,42
Tianjin,BF-SAC-RF,BF-SAC-RF,70,0.104634,42
Tianjin,BF-SAC-RF,BF-SAC-RF,71,0.104634,42
Tianjin,BF-SAC-RF,BF-SAC-RF,72,0.104634,42
Tianjin,BF-SAC-RF,BF-SAC-RF,73,0.104634,42
Tianjin,BF-SAC-RF,BF-SAC-RF,74,0.104634,42
Tianjin,BF-SAC-RF,BF-SAC-RF,75,0.104634,42
Tianjin,BF-SAC-RF,BF-SAC-RF,76,0.104634,42
Tianjin,BF-SAC-RF,BF-SAC-RF,77,0.104634,42
Tianjin,BF-SAC-RF,BF-SAC-RF,78,0.104634,42
Tianjin,BF-SAC-RF,BF-SAC-RF,79,0.104634,42
Tianjin,BF-SAC-RF,BF-SAC-RF,80,0.104634,42
Tianjin,BF-SAC-RF,BF-SAC-RF,81,0.101813,42
Tianjin,BF-SAC-RF,BF-SAC-RF,82,0.101813,42
Tianjin,BF-SAC-RF,BF-SAC-RF,83,0.101813,42
Tianjin,BF-SAC-RF,BF-SAC-RF,84,0.101813,42
Tianjin,BF-SAC-RF,BF-SAC-RF,85,0.101813,42
Tianjin,BF-SAC-RF,BF-SAC-RF,86,0.101813,42
Tianjin,BF-SAC-RF,BF-SAC-RF,87,0.101813,42
Tianjin,BF-SAC-RF,BF-SAC-RF,88,0.101813,42
Tianjin,BF-SAC-RF,BF-SAC-RF,89,0.101813,42
Tianjin,BF-SAC-RF,BF-SAC-RF,90,0.101813,42
Tianjin,BF-SAC-RF,BF-SAC-RF,91,0.101813,42
Tianjin,BF-SAC-RF,BF-SAC-RF,92,0.101813,42
Tianjin,BF-SAC-RF,BF-SAC-RF,93,0.101813,42
Tianjin,BF-SAC-RF,BF-SAC-RF,94,0.101813,42
Tianjin,BF-SAC-RF,BF-SAC-RF,95,0.101813,42
Tianjin,BF-SAC-RF,BF-SAC-RF,96,0.101813,42
Tianjin,BF-SAC-RF,BF-SAC-RF,97,0.101813,42
Tianjin,BF-SAC-RF,BF-SAC-RF,98,0.101813,42
Tianjin,BF-SAC-RF,BF-SAC-RF,99,0.101813,42
Tianjin,BF-SAC-RF,BF-SAC-RF,100,0.101813,42
Tianjin,BF-SAC-RF,BF-SAC-RF,1,0.706573,404
Tianjin,BF-SAC-RF,BF-SAC-RF,2,0.706573,404
Tianjin,BF-SAC-RF,BF-SAC-RF,3,0.414723,404
Tianjin,BF-SAC-RF,BF-SAC-RF,4,0.414723,404
Tianjin,BF-SAC-RF,BF-SAC-RF,5,0.414723,404
Tianjin,BF-SAC-RF,BF-SAC-RF,6,0.414723,404
Tianjin,BF-SAC-RF,BF-SAC-RF,7,0.414723,404
Tianjin,BF-SAC-RF,BF-SAC-RF,8,0.414723,404
Tianjin,BF-SAC-RF,BF-SAC-RF,9,0.414723,404
Tianjin,BF-SAC-RF,BF-SAC-RF,10,0.414723,404
Tianjin,BF-SAC-RF,BF-SAC-RF,11,0.414723,404
Tianjin,BF-SAC-RF,BF-SAC-RF,12,0.414723,404
Tianjin,BF-SAC-RF,BF-SAC-RF,13,0.407889,404
Tianjin,BF-SAC-RF,BF-SAC-RF,14,0.407889,404
Tianjin,BF-SAC-RF,BF-SAC-RF,15,0.407889,404
Tianjin,BF-SAC-RF,BF-SAC-RF,16,0.407889,404
Tianjin,BF-SAC-RF,BF-SAC-RF,17,0.24891,404
Tianjin,BF-SAC-RF,BF-SAC-RF,18,0.24891,404
Tianjin,BF-SAC-RF,BF-SAC-RF,19,0.24891,404
Tianjin,BF-SAC-RF,BF-SAC-RF,20,0.24891,404
Tianjin,BF-SAC-RF,BF-SAC-RF,21,0.212608,404
Tianjin,BF-SAC-RF,BF-SAC-RF,22,0.212608,404
Tianjin,BF-SAC-RF,BF-SAC-RF,23,0.212608,404
Tianjin,BF-SAC-RF,BF-SAC-RF,24,0.212608,404
Tianjin,BF-SAC-RF,BF-SAC-RF,25,0.193895,404
Tianjin,BF-SAC-RF,BF-SAC-RF,26,0.193895,404
Tianjin,BF-SAC-RF,BF-SAC-RF,27,0.193895,404
Tianjin,BF-SAC-RF,BF-SAC-RF,28,0.193895,404
Tianjin,BF-SAC-RF,BF-SAC-RF,29,0.193895,404
Tianjin,BF-SAC-RF,BF-SAC-RF,30,0.193895,404
Tianjin,BF-SAC-RF,BF-SAC-RF,31,0.193895,404
Tianjin,BF-SAC-RF,BF-SAC-RF,32,0.193895,404
Tianjin,BF-SAC-RF,BF-SAC-RF,33,0.193895,404
Tianjin,BF-SAC-RF,BF-SAC-RF,34,0.193895,404
Tianjin,BF-SAC-RF,BF-SAC-RF,35,0.193895,404
Tianjin,BF-SAC-RF,BF-SAC-RF,36,0.193895,404
Tianjin,BF-SAC-RF,BF-SAC-RF,37,0.193895,404
Tianjin,BF-SAC-RF,BF-SAC-RF,38,0.193895,404
Tianjin,BF-SAC-RF,BF-SAC-RF,39,0.193895,404
Tianjin,BF-SAC-RF,BF-SAC-RF,40,0.193895,404
Tianjin,BF-SAC-RF,BF-SAC-RF,41,0.193895,404
Tianjin,BF-SAC-RF,BF-SAC-RF,42,0.193895,404
Tianjin,BF-SAC-RF,BF-SAC-RF,43,0.193895,404
Tianjin,BF-SAC-RF,BF-SAC-RF,44,0.193895,404
Tianjin,BF-SAC-RF,BF-SAC-RF,45,0.193895,404
Tianjin,BF-SAC-RF,BF-SAC-RF,46,0.181544,404
Tianjin,BF-SAC-RF,BF-SAC-RF,47,0.181544,404
Tianjin,BF-SAC-RF,BF-SAC-RF,48,0.181544,404
Tianjin,BF-SAC-RF,BF-SAC-RF,49,0.181544,404
Tianjin,BF-SAC-RF,BF-SAC-RF,50,0.181544,404
Tianjin,BF-SAC-RF,BF-SAC-RF,51,0.181544,404
Tianjin,BF-SAC-RF,BF-SAC-RF,52,0.181544,404
Tianjin,BF-SAC-RF,BF-SAC-RF,53,0.155949,404
Tianjin,BF-SAC-RF,BF-SAC-RF,54,0.155949,404
Tianjin,BF-SAC-RF,BF-SAC-RF,55,0.155949,404
Tianjin,BF-SAC-RF,BF-SAC-RF,56,0.155949,404
Tianjin,BF-SAC-RF,BF-SAC-RF,57,0.155949,404
Tianjin,BF-SAC-RF,BF-SAC-RF,58,0.155949,404
Tianjin,BF-SAC-RF,BF-SAC-RF,59,0.155949,404
Tianjin,BF-SAC-RF,BF-SAC-RF,60,0.155949,404
Tianjin,BF-SAC-RF,BF-SAC-RF,61,0.155949,404
Tianjin,BF-SAC-RF,BF-SAC-RF,62,0.155949,404
Tianjin,BF-SAC-RF,BF-SAC-RF,63,0.155949,404
Tianjin,BF-SAC-RF,BF-SAC-RF,64,0.155949,404
Tianjin,BF-SAC-RF,BF-SAC-RF,65,0.155949,404
Tianjin,BF-SAC-RF,BF-SAC-RF,66,0.155949,404
Tianjin,BF-SAC-RF,BF-SAC-RF,67,0.155949,404
Tianjin,BF-SAC-RF,BF-SAC-RF,68,0.155949,404
Tianjin,BF-SAC-RF,BF-SAC-RF,69,0.155949,404
Tianjin,BF-SAC-RF,BF-SAC-RF,70,0.155949,404
Tianjin,BF-SAC-RF,BF-SAC-RF,71,0.155949,404
Tianjin,BF-SAC-RF,BF-SAC-RF,72,0.154029,404
Tianjin,BF-SAC-RF,BF-SAC-RF,73,0.154029,404
Tianjin,BF-SAC-RF,BF-SAC-RF,74,0.154029,404
Tianjin,BF-SAC-RF,BF-SAC-RF,75,0.154029,404
Tianjin,BF-SAC-RF,BF-SAC-RF,76,0.154029,404
Tianjin,BF-SAC-RF,BF-SAC-RF,77,0.154029,404
Tianjin,BF-SAC-RF,BF-SAC-RF,78,0.154029,404
Tianjin,BF-SAC-RF,BF-SAC-RF,79,0.154029,404
Tianjin,BF-SAC-RF,BF-SAC-RF,80,0.154029,404
Tianjin,BF-SAC-RF,BF-SAC-RF,81,0.154029,404
Tianjin,BF-SAC-RF,BF-SAC-RF,82,0.154029,404
Tianjin,BF-SAC-RF,BF-SAC-RF,83,0.154029,404
Tianjin,BF-SAC-RF,BF-SAC-RF,84,0.14907,404
Tianjin,BF-SAC-RF,BF-SAC-RF,85,0.14907,404
Tianjin,BF-SAC-RF,BF-SAC-RF,86,0.14907,404
Tianjin,BF-SAC-RF,BF-SAC-RF,87,0.14907,404
Tianjin,BF-SAC-RF,BF-SAC-RF,88,0.129391,404
Tianjin,BF-SAC-RF,BF-SAC-RF,89,0.129391,404
Tianjin,BF-SAC-RF,BF-SAC-RF,90,0.129391,404
Tianjin,BF-SAC-RF,BF-SAC-RF,91,0.129391,404
Tianjin,BF-SAC-RF,BF-SAC-RF,92,0.129391,404
Tianjin,BF-SAC-RF,BF-SAC-RF,93,0.129391,404
Tianjin,BF-SAC-RF,BF-SAC-RF,94,0.129391,404
Tianjin,BF-SAC-RF,BF-SAC-RF,95,0.129391,404
Tianjin,BF-SAC-RF,BF-SAC-RF,96,0.129391,404
Tianjin,BF-SAC-RF,BF-SAC-RF,97,0.129391,404
Tianjin,BF-SAC-RF,BF-SAC-RF,98,0.129391,404
Tianjin,BF-SAC-RF,BF-SAC-RF,99,0.129391,404
Tianjin,BF-SAC-RF,BF-SAC-RF,100,0.129391,404
Tianjin,BF-SAC-RF,BF-SAC-RF,1,1.373303,101
Tianjin,BF-SAC-RF,BF-SAC-RF,2,1.099015,101
Tianjin,BF-SAC-RF,BF-SAC-RF,3,0.238006,101
Tianjin,BF-SAC-RF,BF-SAC-RF,4,0.238006,101
Tianjin,BF-SAC-RF,BF-SAC-RF,5,0.238006,101
Tianjin,BF-SAC-RF,BF-SAC-RF,6,0.238006,101
Tianjin,BF-SAC-RF,BF-SAC-RF,7,0.238006,101
Tianjin,BF-SAC-RF,BF-SAC-RF,8,0.238006,101
Tianjin,BF-SAC-RF,BF-SAC-RF,9,0.238006,101
Tianjin,BF-SAC-RF,BF-SAC-RF,10,0.238006,101
Tianjin,BF-SAC-RF,BF-SAC-RF,11,0.238006,101
Tianjin,BF-SAC-RF,BF-SAC-RF,12,0.222219,101
Tianjin,BF-SAC-RF,BF-SAC-RF,13,0.222219,101
Tianjin,BF-SAC-RF,BF-SAC-RF,14,0.222219,101
Tianjin,BF-SAC-RF,BF-SAC-RF,15,0.222219,101
Tianjin,BF-SAC-RF,BF-SAC-RF,16,0.209822,101
Tianjin,BF-SAC-RF,BF-SAC-RF,17,0.209822,101
Tianjin,BF-SAC-RF,BF-SAC-RF,18,0.209822,101
Tianjin,BF-SAC-RF,BF-SAC-RF,19,0.209822,101
Tianjin,BF-SAC-RF,BF-SAC-RF,20,0.209822,101
Tianjin,BF-SAC-RF,BF-SAC-RF,21,0.170889,101
Tianjin,BF-SAC-RF,BF-SAC-RF,22,0.170889,101
Tianjin,BF-SAC-RF,BF-SAC-RF,23,0.170889,101
Tianjin,BF-SAC-RF,BF-SAC-RF,24,0.170889,101
Tianjin,BF-SAC-RF,BF-SAC-RF,25,0.170889,101
Tianjin,BF-SAC-RF,BF-SAC-RF,26,0.170889,101
Tianjin,BF-SAC-RF,BF-SAC-RF,27,0.170889,101
Tianjin,BF-SAC-RF,BF-SAC-RF,28,0.170889,101
Tianjin,BF-SAC-RF,BF-SAC-RF,29,0.170889,101
Tianjin,BF-SAC-RF,BF-SAC-RF,30,0.170889,101
Tianjin,BF-SAC-RF,BF-SAC-RF,31,0.170889,101
Tianjin,BF-SAC-RF,BF-SAC-RF,32,0.170889,101
Tianjin,BF-SAC-RF,BF-SAC-RF,33,0.170889,101
Tianjin,BF-SAC-RF,BF-SAC-RF,34,0.170889,101
Tianjin,BF-SAC-RF,BF-SAC-RF,35,0.170889,101
Tianjin,BF-SAC-RF,BF-SAC-RF,36,0.170889,101
Tianjin,BF-SAC-RF,BF-SAC-RF,37,0.170889,101
Tianjin,BF-SAC-RF,BF-SAC-RF,38,0.170889,101
Tianjin,BF-SAC-RF,BF-SAC-RF,39,0.170889,101
Tianjin,BF-SAC-RF,BF-SAC-RF,40,0.170889,101
Tianjin,BF-SAC-RF,BF-SAC-RF,41,0.170889,101
Tianjin,BF-SAC-RF,BF-SAC-RF,42,0.170889,101
Tianjin,BF-SAC-RF,BF-SAC-RF,43,0.170889,101
Tianjin,BF-SAC-RF,BF-SAC-RF,44,0.170889,101
Tianjin,BF-SAC-RF,BF-SAC-RF,45,0.170889,101
Tianjin,BF-SAC-RF,BF-SAC-RF,46,0.170889,101
Tianjin,BF-SAC-RF,BF-SAC-RF,47,0.170889,101
Tianjin,BF-SAC-RF,BF-SAC-RF,48,0.153653,101
Tianjin,BF-SAC-RF,BF-SAC-RF,49,0.153653,101
Tianjin,BF-SAC-RF,BF-SAC-RF,50,0.153653,101
Tianjin,BF-SAC-RF,BF-SAC-RF,51,0.153653,101
Tianjin,BF-SAC-RF,BF-SAC-RF,52,0.153653,101
Tianjin,BF-SAC-RF,BF-SAC-RF,53,0.153653,101
Tianjin,BF-SAC-RF,BF-SAC-RF,54,0.153653,101
Tianjin,BF-SAC-RF,BF-SAC-RF,55,0.153653,101
Tianjin,BF-SAC-RF,BF-SAC-RF,56,0.153653,101
Tianjin,BF-SAC-RF,BF-SAC-RF,57,0.153653,101
Tianjin,BF-SAC-RF,BF-SAC-RF,58,0.153653,101
Tianjin,BF-SAC-RF,BF-SAC-RF,59,0.153653,101
Tianjin,BF-SAC-RF,BF-SAC-RF,60,0.153653,101
Tianjin,BF-SAC-RF,BF-SAC-RF,61,0.153653,101
Tianjin,BF-SAC-RF,BF-SAC-RF,62,0.153653,101
Tianjin,BF-SAC-RF,BF-SAC-RF,63,0.153653,101
Tianjin,BF-SAC-RF,BF-SAC-RF,64,0.153653,101
Tianjin,BF-SAC-RF,BF-SAC-RF,65,0.153653,101
Tianjin,BF-SAC-RF,BF-SAC-RF,66,0.153653,101
Tianjin,BF-SAC-RF,BF-SAC-RF,67,0.153653,101
Tianjin,BF-SAC-RF,BF-SAC-RF,68,0.153653,101
Tianjin,BF-SAC-RF,BF-SAC-RF,69,0.153653,101
Tianjin,BF-SAC-RF,BF-SAC-RF,70,0.153653,101
Tianjin,BF-SAC-RF,BF-SAC-RF,71,0.153653,101
Tianjin,BF-SAC-RF,BF-SAC-RF,72,0.153653,101
Tianjin,BF-SAC-RF,BF-SAC-RF,73,0.153653,101
Tianjin,BF-SAC-RF,BF-SAC-RF,74,0.153653,101
Tianjin,BF-SAC-RF,BF-SAC-RF,75,0.153653,101
Tianjin,BF-SAC-RF,BF-SAC-RF,76,0.153653,101
Tianjin,BF-SAC-RF,BF-SAC-RF,77,0.153653,101
Tianjin,BF-SAC-RF,BF-SAC-RF,78,0.153653,101
Tianjin,BF-SAC-RF,BF-SAC-RF,79,0.153653,101
Tianjin,BF-SAC-RF,BF-SAC-RF,80,0.153653,101
Tianjin,BF-SAC-RF,BF-SAC-RF,81,0.153653,101
Tianjin,BF-SAC-RF,BF-SAC-RF,82,0.153653,101
Tianjin,BF-SAC-RF,BF-SAC-RF,83,0.153653,101
Tianjin,BF-SAC-RF,BF-SAC-RF,84,0.153653,101
Tianjin,BF-SAC-RF,BF-SAC-RF,85,0.153653,101
Tianjin,BF-SAC-RF,BF-SAC-RF,86,0.14738,101
Tianjin,BF-SAC-RF,BF-SAC-RF,87,0.14738,101
Tianjin,BF-SAC-RF,BF-SAC-RF,88,0.141997,101
Tianjin,BF-SAC-RF,BF-SAC-RF,89,0.141997,101
Tianjin,BF-SAC-RF,BF-SAC-RF,90,0.130022,101
Tianjin,BF-SAC-RF,BF-SAC-RF,91,0.130022,101
Tianjin,BF-SAC-RF,BF-SAC-RF,92,0.130022,101
Tianjin,BF-SAC-RF,BF-SAC-RF,93,0.130022,101
Tianjin,BF-SAC-RF,BF-SAC-RF,94,0.130022,101
Tianjin,BF-SAC-RF,BF-SAC-RF,95,0.130022,101
Tianjin,BF-SAC-RF,BF-SAC-RF,96,0.130022,101
Tianjin,BF-SAC-RF,BF-SAC-RF,97,0.11062,101
Tianjin,BF-SAC-RF,BF-SAC-RF,98,0.11062,101
Tianjin,BF-SAC-RF,BF-SAC-RF,99,0.11062,101
Tianjin,BF-SAC-RF,BF-SAC-RF,100,0.11062,101
Tianjin,BF-SAC-RF,BF-SAC-RF,1,0.372515,202
Tianjin,BF-SAC-RF,BF-SAC-RF,2,0.220387,202
Tianjin,BF-SAC-RF,BF-SAC-RF,3,0.220387,202
Tianjin,BF-SAC-RF,BF-SAC-RF,4,0.220387,202
Tianjin,BF-SAC-RF,BF-SAC-RF,5,0.166181,202
Tianjin,BF-SAC-RF,BF-SAC-RF,6,0.166181,202
Tianjin,BF-SAC-RF,BF-SAC-RF,7,0.166181,202
Tianjin,BF-SAC-RF,BF-SAC-RF,8,0.166181,202
Tianjin,BF-SAC-RF,BF-SAC-RF,9,0.166181,202
Tianjin,BF-SAC-RF,BF-SAC-RF,10,0.166181,202
Tianjin,BF-SAC-RF,BF-SAC-RF,11,0.166181,202
Tianjin,BF-SAC-RF,BF-SAC-RF,12,0.166181,202
Tianjin,BF-SAC-RF,BF-SAC-RF,13,0.166181,202
Tianjin,BF-SAC-RF,BF-SAC-RF,14,0.166181,202
Tianjin,BF-SAC-RF,BF-SAC-RF,15,0.166181,202
Tianjin,BF-SAC-RF,BF-SAC-RF,16,0.166181,202
Tianjin,BF-SAC-RF,BF-SAC-RF,17,0.166181,202
Tianjin,BF-SAC-RF,BF-SAC-RF,18,0.166181,202
Tianjin,BF-SAC-RF,BF-SAC-RF,19,0.166181,202
Tianjin,BF-SAC-RF,BF-SAC-RF,20,0.166181,202
Tianjin,BF-SAC-RF,BF-SAC-RF,21,0.166181,202
Tianjin,BF-SAC-RF,BF-SAC-RF,22,0.166181,202
Tianjin,BF-SAC-RF,BF-SAC-RF,23,0.166181,202
Tianjin,BF-SAC-RF,BF-SAC-RF,24,0.166181,202
Tianjin,BF-SAC-RF,BF-SAC-RF,25,0.166181,202
Tianjin,BF-SAC-RF,BF-SAC-RF,26,0.166181,202
Tianjin,BF-SAC-RF,BF-SAC-RF,27,0.166181,202
Tianjin,BF-SAC-RF,BF-SAC-RF,28,0.166181,202
Tianjin,BF-SAC-RF,BF-SAC-RF,29,0.166181,202
Tianjin,BF-SAC-RF,BF-SAC-RF,30,0.166181,202
Tianjin,BF-SAC-RF,BF-SAC-RF,31,0.166181,202
Tianjin,BF-SAC-RF,BF-SAC-RF,32,0.166181,202
Tianjin,BF-SAC-RF,BF-SAC-RF,33,0.166181,202
Tianjin,BF-SAC-RF,BF-SAC-RF,34,0.166181,202
Tianjin,BF-SAC-RF,BF-SAC-RF,35,0.166181,202
Tianjin,BF-SAC-RF,BF-SAC-RF,36,0.166181,202
Tianjin,BF-SAC-RF,BF-SAC-RF,37,0.166181,202
Tianjin,BF-SAC-RF,BF-SAC-RF,38,0.166181,202
Tianjin,BF-SAC-RF,BF-SAC-RF,39,0.166181,202
Tianjin,BF-SAC-RF,BF-SAC-RF,40,0.166181,202
Tianjin,BF-SAC-RF,BF-SAC-RF,41,0.166181,202
Tianjin,BF-SAC-RF,BF-SAC-RF,42,0.166181,202
Tianjin,BF-SAC-RF,BF-SAC-RF,43,0.166181,202
Tianjin,BF-SAC-RF,BF-SAC-RF,44,0.166181,202
Tianjin,BF-SAC-RF,BF-SAC-RF,45,0.166181,202
Tianjin,BF-SAC-RF,BF-SAC-RF,46,0.166181,202
Tianjin,BF-SAC-RF,BF-SAC-RF,47,0.166181,202
Tianjin,BF-SAC-RF,BF-SAC-RF,48,0.166181,202
Tianjin,BF-SAC-RF,BF-SAC-RF,49,0.166181,202
Tianjin,BF-SAC-RF,BF-SAC-RF,50,0.166181,202
Tianjin,BF-SAC-RF,BF-SAC-RF,51,0.166181,202
Tianjin,BF-SAC-RF,BF-SAC-RF,52,0.166181,202
Tianjin,BF-SAC-RF,BF-SAC-RF,53,0.166181,202
Tianjin,BF-SAC-RF,BF-SAC-RF,54,0.166181,202
Tianjin,BF-SAC-RF,BF-SAC-RF,55,0.166181,202
Tianjin,BF-SAC-RF,BF-SAC-RF,56,0.122274,202
Tianjin,BF-SAC-RF,BF-SAC-RF,57,0.121425,202
Tianjin,BF-SAC-RF,BF-SAC-RF,58,0.121425,202
Tianjin,BF-SAC-RF,BF-SAC-RF,59,0.121425,202
Tianjin,BF-SAC-RF,BF-SAC-RF,60,0.121425,202
Tianjin,BF-SAC-RF,BF-SAC-RF,61,0.121425,202
Tianjin,BF-SAC-RF,BF-SAC-RF,62,0.121425,202
Tianjin,BF-SAC-RF,BF-SAC-RF,63,0.121425,202
Tianjin,BF-SAC-RF,BF-SAC-RF,64,0.121425,202
Tianjin,BF-SAC-RF,BF-SAC-RF,65,0.121425,202
Tianjin,BF-SAC-RF,BF-SAC-RF,66,0.121425,202
Tianjin,BF-SAC-RF,BF-SAC-RF,67,0.121425,202
Tianjin,BF-SAC-RF,BF-SAC-RF,68,0.121425,202
Tianjin,BF-SAC-RF,BF-SAC-RF,69,0.121425,202
Tianjin,BF-SAC-RF,BF-SAC-RF,70,0.121425,202
Tianjin,BF-SAC-RF,BF-SAC-RF,71,0.121425,202
Tianjin,BF-SAC-RF,BF-SAC-RF,72,0.121425,202
Tianjin,BF-SAC-RF,BF-SAC-RF,73,0.121425,202
Tianjin,BF-SAC-RF,BF-SAC-RF,74,0.121425,202
Tianjin,BF-SAC-RF,BF-SAC-RF,75,0.121425,202
Tianjin,BF-SAC-RF,BF-SAC-RF,76,0.121425,202
Tianjin,BF-SAC-RF,BF-SAC-RF,77,0.121425,202
Tianjin,BF-SAC-RF,BF-SAC-RF,78,0.121425,202
Tianjin,BF-SAC-RF,BF-SAC-RF,79,0.121425,202
Tianjin,BF-SAC-RF,BF-SAC-RF,80,0.121425,202
Tianjin,BF-SAC-RF,BF-SAC-RF,81,0.121425,202
Tianjin,BF-SAC-RF,BF-SAC-RF,82,0.121425,202
Tianjin,BF-SAC-RF,BF-SAC-RF,83,0.121425,202
Tianjin,BF-SAC-RF,BF-SAC-RF,84,0.121425,202
Tianjin,BF-SAC-RF,BF-SAC-RF,85,0.121425,202
Tianjin,BF-SAC-RF,BF-SAC-RF,86,0.121425,202
Tianjin,BF-SAC-RF,BF-SAC-RF,87,0.121425,202
Tianjin,BF-SAC-RF,BF-SAC-RF,88,0.121425,202
Tianjin,BF-SAC-RF,BF-SAC-RF,89,0.121425,202
Tianjin,BF-SAC-RF,BF-SAC-RF,90,0.121425,202
Tianjin,BF-SAC-RF,BF-SAC-RF,91,0.121425,202
Tianjin,BF-SAC-RF,BF-SAC-RF,92,0.121425,202
Tianjin,BF-SAC-RF,BF-SAC-RF,93,0.121425,202
Tianjin,BF-SAC-RF,BF-SAC-RF,94,0.121425,202
Tianjin,BF-SAC-RF,BF-SAC-RF,95,0.121425,202
Tianjin,BF-SAC-RF,BF-SAC-RF,96,0.121425,202
Tianjin,BF-SAC-RF,BF-SAC-RF,97,0.120574,202
Tianjin,BF-SAC-RF,BF-SAC-RF,98,0.120574,202
Tianjin,BF-SAC-RF,BF-SAC-RF,99,0.120574,202
Tianjin,BF-SAC-RF,BF-SAC-RF,100,0.114033,202
Tianjin,BF-SAC-RF,BF-SAC-RF,1,0.257983,303
Tianjin,BF-SAC-RF,BF-SAC-RF,2,0.257983,303
Tianjin,BF-SAC-RF,BF-SAC-RF,3,0.257983,303
Tianjin,BF-SAC-RF,BF-SAC-RF,4,0.257983,303
Tianjin,BF-SAC-RF,BF-SAC-RF,5,0.257983,303
Tianjin,BF-SAC-RF,BF-SAC-RF,6,0.257983,303
Tianjin,BF-SAC-RF,BF-SAC-RF,7,0.257983,303
Tianjin,BF-SAC-RF,BF-SAC-RF,8,0.257983,303
Tianjin,BF-SAC-RF,BF-SAC-RF,9,0.257983,303
Tianjin,BF-SAC-RF,BF-SAC-RF,10,0.185451,303
Tianjin,BF-SAC-RF,BF-SAC-RF,11,0.185451,303
Tianjin,BF-SAC-RF,BF-SAC-RF,12,0.185451,303
Tianjin,BF-SAC-RF,BF-SAC-RF,13,0.185451,303
Tianjin,BF-SAC-RF,BF-SAC-RF,14,0.185451,303
Tianjin,BF-SAC-RF,BF-SAC-RF,15,0.185451,303
Tianjin,BF-SAC-RF,BF-SAC-RF,16,0.185451,303
Tianjin,BF-SAC-RF,BF-SAC-RF,17,0.185451,303
Tianjin,BF-SAC-RF,BF-SAC-RF,18,0.185451,303
Tianjin,BF-SAC-RF,BF-SAC-RF,19,0.185451,303
Tianjin,BF-SAC-RF,BF-SAC-RF,20,0.185451,303
Tianjin,BF-SAC-RF,BF-SAC-RF,21,0.185451,303
Tianjin,BF-SAC-RF,BF-SAC-RF,22,0.161255,303
Tianjin,BF-SAC-RF,BF-SAC-RF,23,0.161255,303
Tianjin,BF-SAC-RF,BF-SAC-RF,24,0.161255,303
Tianjin,BF-SAC-RF,BF-SAC-RF,25,0.161255,303
Tianjin,BF-SAC-RF,BF-SAC-RF,26,0.161255,303
Tianjin,BF-SAC-RF,BF-SAC-RF,27,0.161255,303
Tianjin,BF-SAC-RF,BF-SAC-RF,28,0.161255,303
Tianjin,BF-SAC-RF,BF-SAC-RF,29,0.161255,303
Tianjin,BF-SAC-RF,BF-SAC-RF,30,0.161255,303
Tianjin,BF-SAC-RF,BF-SAC-RF,31,0.161255,303
Tianjin,BF-SAC-RF,BF-SAC-RF,32,0.161255,303
Tianjin,BF-SAC-RF,BF-SAC-RF,33,0.161255,303
Tianjin,BF-SAC-RF,BF-SAC-RF,34,0.161255,303
Tianjin,BF-SAC-RF,BF-SAC-RF,35,0.161255,303
Tianjin,BF-SAC-RF,BF-SAC-RF,36,0.161255,303
Tianjin,BF-SAC-RF,BF-SAC-RF,37,0.161255,303
Tianjin,BF-SAC-RF,BF-SAC-RF,38,0.161255,303
Tianjin,BF-SAC-RF,BF-SAC-RF,39,0.161255,303
Tianjin,BF-SAC-RF,BF-SAC-RF,40,0.161255,303
Tianjin,BF-SAC-RF,BF-SAC-RF,41,0.161255,303
Tianjin,BF-SAC-RF,BF-SAC-RF,42,0.161255,303
Tianjin,BF-SAC-RF,BF-SAC-RF,43,0.161255,303
Tianjin,BF-SAC-RF,BF-SAC-RF,44,0.161255,303
Tianjin,BF-SAC-RF,BF-SAC-RF,45,0.161255,303
Tianjin,BF-SAC-RF,BF-SAC-RF,46,0.161255,303
Tianjin,BF-SAC-RF,BF-SAC-RF,47,0.161255,303
Tianjin,BF-SAC-RF,BF-SAC-RF,48,0.161255,303
Tianjin,BF-SAC-RF,BF-SAC-RF,49,0.161255,303
Tianjin,BF-SAC-RF,BF-SAC-RF,50,0.161255,303
Tianjin,BF-SAC-RF,BF-SAC-RF,51,0.161255,303
Tianjin,BF-SAC-RF,BF-SAC-RF,52,0.161255,303
Tianjin,BF-SAC-RF,BF-SAC-RF,53,0.161255,303
Tianjin,BF-SAC-RF,BF-SAC-RF,54,0.161255,303
Tianjin,BF-SAC-RF,BF-SAC-RF,55,0.161255,303
Tianjin,BF-SAC-RF,BF-SAC-RF,56,0.161255,303
Tianjin,BF-SAC-RF,BF-SAC-RF,57,0.161255,303
Tianjin,BF-SAC-RF,BF-SAC-RF,58,0.161255,303
Tianjin,BF-SAC-RF,BF-SAC-RF,59,0.161255,303
Tianjin,BF-SAC-RF,BF-SAC-RF,60,0.161255,303
Tianjin,BF-SAC-RF,BF-SAC-RF,61,0.161255,303
Tianjin,BF-SAC-RF,BF-SAC-RF,62,0.161255,303
Tianjin,BF-SAC-RF,BF-SAC-RF,63,0.161255,303
Tianjin,BF-SAC-RF,BF-SAC-RF,64,0.161255,303
Tianjin,BF-SAC-RF,BF-SAC-RF,65,0.161255,303
Tianjin,BF-SAC-RF,BF-SAC-RF,66,0.161255,303
Tianjin,BF-SAC-RF,BF-SAC-RF,67,0.161255,303
Tianjin,BF-SAC-RF,BF-SAC-RF,68,0.161255,303
Tianjin,BF-SAC-RF,BF-SAC-RF,69,0.161255,303
Tianjin,BF-SAC-RF,BF-SAC-RF,70,0.161255,303
Tianjin,BF-SAC-RF,BF-SAC-RF,71,0.161255,303
Tianjin,BF-SAC-RF,BF-SAC-RF,72,0.161255,303
Tianjin,BF-SAC-RF,BF-SAC-RF,73,0.161255,303
Tianjin,BF-SAC-RF,BF-SAC-RF,74,0.161255,303
Tianjin,BF-SAC-RF,BF-SAC-RF,75,0.161255,303
Tianjin,BF-SAC-RF,BF-SAC-RF,76,0.161255,303
Tianjin,BF-SAC-RF,BF-SAC-RF,77,0.161255,303
Tianjin,BF-SAC-RF,BF-SAC-RF,78,0.161255,303
Tianjin,BF-SAC-RF,BF-SAC-RF,79,0.161255,303
Tianjin,BF-SAC-RF,BF-SAC-RF,80,0.161255,303
Tianjin,BF-SAC-RF,BF-SAC-RF,81,0.161255,303
Tianjin,BF-SAC-RF,BF-SAC-RF,82,0.161255,303
Tianjin,BF-SAC-RF,BF-SAC-RF,83,0.161255,303
Tianjin,BF-SAC-RF,BF-SAC-RF,84,0.161255,303
Tianjin,BF-SAC-RF,BF-SAC-RF,85,0.161255,303
Tianjin,BF-SAC-RF,BF-SAC-RF,86,0.161255,303
Tianjin,BF-SAC-RF,BF-SAC-RF,87,0.161255,303
Tianjin,BF-SAC-RF,BF-SAC-RF,88,0.161255,303
Tianjin,BF-SAC-RF,BF-SAC-RF,89,0.161255,303
Tianjin,BF-SAC-RF,BF-SAC-RF,90,0.161255,303
Tianjin,BF-SAC-RF,BF-SAC-RF,91,0.161255,303
Tianjin,BF-SAC-RF,BF-SAC-RF,92,0.161255,303
Tianjin,BF-SAC-RF,BF-SAC-RF,93,0.161255,303
Tianjin,BF-SAC-RF,BF-SAC-RF,94,0.161255,303
Tianjin,BF-SAC-RF,BF-SAC-RF,95,0.161255,303
Tianjin,BF-SAC-RF,BF-SAC-RF,96,0.161255,303
Tianjin,BF-SAC-RF,BF-SAC-RF,97,0.161255,303
Tianjin,BF-SAC-RF,BF-SAC-RF,98,0.161255,303
Tianjin,BF-SAC-RF,BF-SAC-RF,99,0.161255,303
Tianjin,BF-SAC-RF,BF-SAC-RF,100,0.161255,303
Tianjin,BF-SAC-MLP,BF-SAC-MLP,1,0.346904,303
Tianjin,BF-SAC-MLP,BF-SAC-MLP,2,0.346904,303
Tianjin,BF-SAC-MLP,BF-SAC-MLP,3,0.346904,303
Tianjin,BF-SAC-MLP,BF-SAC-MLP,4,0.346904,303
Tianjin,BF-SAC-MLP,BF-SAC-MLP,5,0.346904,303
Tianjin,BF-SAC-MLP,BF-SAC-MLP,6,0.346904,303
Tianjin,BF-SAC-MLP,BF-SAC-MLP,7,0.341003,303
Tianjin,BF-SAC-MLP,BF-SAC-MLP,8,0.272848,303
Tianjin,BF-SAC-MLP,BF-SAC-MLP,9,0.272848,303
Tianjin,BF-SAC-MLP,BF-SAC-MLP,10,0.172732,303
Tianjin,BF-SAC-MLP,BF-SAC-MLP,11,0.172732,303
Tianjin,BF-SAC-MLP,BF-SAC-MLP,12,0.172732,303
Tianjin,BF-SAC-MLP,BF-SAC-MLP,13,0.172732,303
Tianjin,BF-SAC-MLP,BF-SAC-MLP,14,0.172732,303
Tianjin,BF-SAC-MLP,BF-SAC-MLP,15,0.172732,303
Tianjin,BF-SAC-MLP,BF-SAC-MLP,16,0.172732,303
Tianjin,BF-SAC-MLP,BF-SAC-MLP,17,0.172732,303
Tianjin,BF-SAC-MLP,BF-SAC-MLP,18,0.172732,303
Tianjin,BF-SAC-MLP,BF-SAC-MLP,19,0.172732,303
Tianjin,BF-SAC-MLP,BF-SAC-MLP,20,0.172732,303
Tianjin,BF-SAC-MLP,BF-SAC-MLP,21,0.172732,303
Tianjin,BF-SAC-MLP,BF-SAC-MLP,22,0.172732,303
Tianjin,BF-SAC-MLP,BF-SAC-MLP,23,0.172732,303
Tianjin,BF-SAC-MLP,BF-SAC-MLP,24,0.157788,303
Tianjin,BF-SAC-MLP,BF-SAC-MLP,25,0.157788,303
Tianjin,BF-SAC-MLP,BF-SAC-MLP,26,0.157788,303
Tianjin,BF-SAC-MLP,BF-SAC-MLP,27,0.157788,303
Tianjin,BF-SAC-MLP,BF-SAC-MLP,28,0.157788,303
Tianjin,BF-SAC-MLP,BF-SAC-MLP,29,0.157788,303
Tianjin,BF-SAC-MLP,BF-SAC-MLP,30,0.157788,303
Tianjin,BF-SAC-MLP,BF-SAC-MLP,31,0.157788,303
Tianjin,BF-SAC-MLP,BF-SAC-MLP,32,0.157788,303
Tianjin,BF-SAC-MLP,BF-SAC-MLP,33,0.157788,303
Tianjin,BF-SAC-MLP,BF-SAC-MLP,34,0.157788,303
Tianjin,BF-SAC-MLP,BF-SAC-MLP,35,0.157788,303
Tianjin,BF-SAC-MLP,BF-SAC-MLP,36,0.157788,303
Tianjin,BF-SAC-MLP,BF-SAC-MLP,37,0.157788,303
Tianjin,BF-SAC-MLP,BF-SAC-MLP,38,0.157788,303
Tianjin,BF-SAC-MLP,BF-SAC-MLP,39,0.157788,303
Tianjin,BF-SAC-MLP,BF-SAC-MLP,40,0.157788,303
Tianjin,BF-SAC-MLP,BF-SAC-MLP,41,0.157788,303
Tianjin,BF-SAC-MLP,BF-SAC-MLP,42,0.157788,303
Tianjin,BF-SAC-MLP,BF-SAC-MLP,43,0.157788,303
Tianjin,BF-SAC-MLP,BF-SAC-MLP,44,0.157788,303
Tianjin,BF-SAC-MLP,BF-SAC-MLP,45,0.157788,303
Tianjin,BF-SAC-MLP,BF-SAC-MLP,46,0.157788,303
Tianjin,BF-SAC-MLP,BF-SAC-MLP,47,0.157788,303
Tianjin,BF-SAC-MLP,BF-SAC-MLP,48,0.157788,303
Tianjin,BF-SAC-MLP,BF-SAC-MLP,49,0.157788,303
Tianjin,BF-SAC-MLP,BF-SAC-MLP,50,0.157788,303
Tianjin,BF-SAC-MLP,BF-SAC-MLP,51,0.157788,303
Tianjin,BF-SAC-MLP,BF-SAC-MLP,52,0.157788,303
Tianjin,BF-SAC-MLP,BF-SAC-MLP,53,0.157788,303
Tianjin,BF-SAC-MLP,BF-SAC-MLP,54,0.157788,303
Tianjin,BF-SAC-MLP,BF-SAC-MLP,55,0.157788,303
Tianjin,BF-SAC-MLP,BF-SAC-MLP,56,0.157788,303
Tianjin,BF-SAC-MLP,BF-SAC-MLP,57,0.157788,303
Tianjin,BF-SAC-MLP,BF-SAC-MLP,58,0.157788,303
Tianjin,BF-SAC-MLP,BF-SAC-MLP,59,0.157788,303
Tianjin,BF-SAC-MLP,BF-SAC-MLP,60,0.157788,303
Tianjin,BF-SAC-MLP,BF-SAC-MLP,61,0.157788,303
Tianjin,BF-SAC-MLP,BF-SAC-MLP,62,0.157222,303
Tianjin,BF-SAC-MLP,BF-SAC-MLP,63,0.157222,303
Tianjin,BF-SAC-MLP,BF-SAC-MLP,64,0.157222,303
Tianjin,BF-SAC-MLP,BF-SAC-MLP,65,0.157222,303
Tianjin,BF-SAC-MLP,BF-SAC-MLP,66,0.157222,303
Tianjin,BF-SAC-MLP,BF-SAC-MLP,67,0.157222,303
Tianjin,BF-SAC-MLP,BF-SAC-MLP,68,0.157222,303
Tianjin,BF-SAC-MLP,BF-SAC-MLP,69,0.157222,303
Tianjin,BF-SAC-MLP,BF-SAC-MLP,70,0.157222,303
Tianjin,BF-SAC-MLP,BF-SAC-MLP,71,0.157222,303
Tianjin,BF-SAC-MLP,BF-SAC-MLP,72,0.157222,303
Tianjin,BF-SAC-MLP,BF-SAC-MLP,73,0.157222,303
Tianjin,BF-SAC-MLP,BF-SAC-MLP,74,0.157222,303
Tianjin,BF-SAC-MLP,BF-SAC-MLP,75,0.157222,303
Tianjin,BF-SAC-MLP,BF-SAC-MLP,76,0.154428,303
Tianjin,BF-SAC-MLP,BF-SAC-MLP,77,0.154428,303
Tianjin,BF-SAC-MLP,BF-SAC-MLP,78,0.154428,303
Tianjin,BF-SAC-MLP,BF-SAC-MLP,79,0.154428,303
Tianjin,BF-SAC-MLP,BF-SAC-MLP,80,0.154428,303
Tianjin,BF-SAC-MLP,BF-SAC-MLP,81,0.154428,303
Tianjin,BF-SAC-MLP,BF-SAC-MLP,82,0.154428,303
Tianjin,BF-SAC-MLP,BF-SAC-MLP,83,0.154428,303
Tianjin,BF-SAC-MLP,BF-SAC-MLP,84,0.154428,303
Tianjin,BF-SAC-MLP,BF-SAC-MLP,85,0.154428,303
Tianjin,BF-SAC-MLP,BF-SAC-MLP,86,0.154428,303
Tianjin,BF-SAC-MLP,BF-SAC-MLP,87,0.154428,303
Tianjin,BF-SAC-MLP,BF-SAC-MLP,88,0.143294,303
Tianjin,BF-SAC-MLP,BF-SAC-MLP,89,0.143294,303
Tianjin,BF-SAC-MLP,BF-SAC-MLP,90,0.143294,303
Tianjin,BF-SAC-MLP,BF-SAC-MLP,91,0.143294,303
Tianjin,BF-SAC-MLP,BF-SAC-MLP,92,0.143294,303
Tianjin,BF-SAC-MLP,BF-SAC-MLP,93,0.143294,303
Tianjin,BF-SAC-MLP,BF-SAC-MLP,94,0.143294,303
Tianjin,BF-SAC-MLP,BF-SAC-MLP,95,0.143294,303
Tianjin,BF-SAC-MLP,BF-SAC-MLP,96,0.143294,303
Tianjin,BF-SAC-MLP,BF-SAC-MLP,97,0.143294,303
Tianjin,BF-SAC-MLP,BF-SAC-MLP,98,0.143294,303
Tianjin,BF-SAC-MLP,BF-SAC-MLP,99,0.143294,303
Tianjin,BF-SAC-MLP,BF-SAC-MLP,100,0.143294,303
Tianjin,BF-SAC-MLP,BF-SAC-MLP,1,1.353075,101
Tianjin,BF-SAC-MLP,BF-SAC-MLP,2,1.115004,101
Tianjin,BF-SAC-MLP,BF-SAC-MLP,3,0.249315,101
Tianjin,BF-SAC-MLP,BF-SAC-MLP,4,0.249315,101
Tianjin,BF-SAC-MLP,BF-SAC-MLP,5,0.249315,101
Tianjin,BF-SAC-MLP,BF-SAC-MLP,6,0.249315,101
Tianjin,BF-SAC-MLP,BF-SAC-MLP,7,0.249315,101
Tianjin,BF-SAC-MLP,BF-SAC-MLP,8,0.249315,101
Tianjin,BF-SAC-MLP,BF-SAC-MLP,9,0.249315,101
Tianjin,BF-SAC-MLP,BF-SAC-MLP,10,0.249315,101
Tianjin,BF-SAC-MLP,BF-SAC-MLP,11,0.249315,101
Tianjin,BF-SAC-MLP,BF-SAC-MLP,12,0.235461,101
Tianjin,BF-SAC-MLP,BF-SAC-MLP,13,0.235461,101
Tianjin,BF-SAC-MLP,BF-SAC-MLP,14,0.235461,101
Tianjin,BF-SAC-MLP,BF-SAC-MLP,15,0.235461,101
Tianjin,BF-SAC-MLP,BF-SAC-MLP,16,0.147127,101
Tianjin,BF-SAC-MLP,BF-SAC-MLP,17,0.147127,101
Tianjin,BF-SAC-MLP,BF-SAC-MLP,18,0.147127,101
Tianjin,BF-SAC-MLP,BF-SAC-MLP,19,0.147127,101
Tianjin,BF-SAC-MLP,BF-SAC-MLP,20,0.147127,101
Tianjin,BF-SAC-MLP,BF-SAC-MLP,21,0.147127,101
Tianjin,BF-SAC-MLP,BF-SAC-MLP,22,0.147127,101
Tianjin,BF-SAC-MLP,BF-SAC-MLP,23,0.147127,101
Tianjin,BF-SAC-MLP,BF-SAC-MLP,24,0.147127,101
Tianjin,BF-SAC-MLP,BF-SAC-MLP,25,0.147127,101
Tianjin,BF-SAC-MLP,BF-SAC-MLP,26,0.147127,101
Tianjin,BF-SAC-MLP,BF-SAC-MLP,27,0.147127,101
Tianjin,BF-SAC-MLP,BF-SAC-MLP,28,0.147127,101
Tianjin,BF-SAC-MLP,BF-SAC-MLP,29,0.147127,101
Tianjin,BF-SAC-MLP,BF-SAC-MLP,30,0.147127,101
Tianjin,BF-SAC-MLP,BF-SAC-MLP,31,0.147127,101
Tianjin,BF-SAC-MLP,BF-SAC-MLP,32,0.147127,101
Tianjin,BF-SAC-MLP,BF-SAC-MLP,33,0.147127,101
Tianjin,BF-SAC-MLP,BF-SAC-MLP,34,0.147127,101
Tianjin,BF-SAC-MLP,BF-SAC-MLP,35,0.147127,101
Tianjin,BF-SAC-MLP,BF-SAC-MLP,36,0.147127,101
Tianjin,BF-SAC-MLP,BF-SAC-MLP,37,0.147127,101
Tianjin,BF-SAC-MLP,BF-SAC-MLP,38,0.147127,101
Tianjin,BF-SAC-MLP,BF-SAC-MLP,39,0.147127,101
Tianjin,BF-SAC-MLP,BF-SAC-MLP,40,0.147127,101
Tianjin,BF-SAC-MLP,BF-SAC-MLP,41,0.147127,101
Tianjin,BF-SAC-MLP,BF-SAC-MLP,42,0.147127,101
Tianjin,BF-SAC-MLP,BF-SAC-MLP,43,0.147127,101
Tianjin,BF-SAC-MLP,BF-SAC-MLP,44,0.147127,101
Tianjin,BF-SAC-MLP,BF-SAC-MLP,45,0.147127,101
Tianjin,BF-SAC-MLP,BF-SAC-MLP,46,0.147127,101
Tianjin,BF-SAC-MLP,BF-SAC-MLP,47,0.147127,101
Tianjin,BF-SAC-MLP,BF-SAC-MLP,48,0.125709,101
Tianjin,BF-SAC-MLP,BF-SAC-MLP,49,0.125709,101
Tianjin,BF-SAC-MLP,BF-SAC-MLP,50,0.125709,101
Tianjin,BF-SAC-MLP,BF-SAC-MLP,51,0.125709,101
Tianjin,BF-SAC-MLP,BF-SAC-MLP,52,0.125709,101
Tianjin,BF-SAC-MLP,BF-SAC-MLP,53,0.125709,101
Tianjin,BF-SAC-MLP,BF-SAC-MLP,54,0.125709,101
Tianjin,BF-SAC-MLP,BF-SAC-MLP,55,0.125709,101
Tianjin,BF-SAC-MLP,BF-SAC-MLP,56,0.125709,101
Tianjin,BF-SAC-MLP,BF-SAC-MLP,57,0.125709,101
Tianjin,BF-SAC-MLP,BF-SAC-MLP,58,0.125709,101
Tianjin,BF-SAC-MLP,BF-SAC-MLP,59,0.125709,101
Tianjin,BF-SAC-MLP,BF-SAC-MLP,60,0.125709,101
Tianjin,BF-SAC-MLP,BF-SAC-MLP,61,0.125709,101
Tianjin,BF-SAC-MLP,BF-SAC-MLP,62,0.125709,101
Tianjin,BF-SAC-MLP,BF-SAC-MLP,63,0.10621,101
Tianjin,BF-SAC-MLP,BF-SAC-MLP,64,0.10621,101
Tianjin,BF-SAC-MLP,BF-SAC-MLP,65,0.10621,101
Tianjin,BF-SAC-MLP,BF-SAC-MLP,66,0.10621,101
Tianjin,BF-SAC-MLP,BF-SAC-MLP,67,0.10621,101
Tianjin,BF-SAC-MLP,BF-SAC-MLP,68,0.10621,101
Tianjin,BF-SAC-MLP,BF-SAC-MLP,69,0.10621,101
Tianjin,BF-SAC-MLP,BF-SAC-MLP,70,0.10621,101
Tianjin,BF-SAC-MLP,BF-SAC-MLP,71,0.10621,101
Tianjin,BF-SAC-MLP,BF-SAC-MLP,72,0.10621,101
Tianjin,BF-SAC-MLP,BF-SAC-MLP,73,0.10621,101
Tianjin,BF-SAC-MLP,BF-SAC-MLP,74,0.10621,101
Tianjin,BF-SAC-MLP,BF-SAC-MLP,75,0.10621,101
Tianjin,BF-SAC-MLP,BF-SAC-MLP,76,0.10621,101
Tianjin,BF-SAC-MLP,BF-SAC-MLP,77,0.10621,101
Tianjin,BF-SAC-MLP,BF-SAC-MLP,78,0.10621,101
Tianjin,BF-SAC-MLP,BF-SAC-MLP,79,0.10621,101
Tianjin,BF-SAC-MLP,BF-SAC-MLP,80,0.10621,101
Tianjin,BF-SAC-MLP,BF-SAC-MLP,81,0.10621,101
Tianjin,BF-SAC-MLP,BF-SAC-MLP,82,0.10621,101
Tianjin,BF-SAC-MLP,BF-SAC-MLP,83,0.10621,101
Tianjin,BF-SAC-MLP,BF-SAC-MLP,84,0.10621,101
Tianjin,BF-SAC-MLP,BF-SAC-MLP,85,0.10621,101
Tianjin,BF-SAC-MLP,BF-SAC-MLP,86,0.10621,101
Tianjin,BF-SAC-MLP,BF-SAC-MLP,87,0.10621,101
Tianjin,BF-SAC-MLP,BF-SAC-MLP,88,0.10621,101
Tianjin,BF-SAC-MLP,BF-SAC-MLP,89,0.10621,101
Tianjin,BF-SAC-MLP,BF-SAC-MLP,90,0.10621,101
Tianjin,BF-SAC-MLP,BF-SAC-MLP,91,0.10621,101
Tianjin,BF-SAC-MLP,BF-SAC-MLP,92,0.10621,101
Tianjin,BF-SAC-MLP,BF-SAC-MLP,93,0.10621,101
Tianjin,BF-SAC-MLP,BF-SAC-MLP,94,0.10621,101
Tianjin,BF-SAC-MLP,BF-SAC-MLP,95,0.10621,101
Tianjin,BF-SAC-MLP,BF-SAC-MLP,96,0.10621,101
Tianjin,BF-SAC-MLP,BF-SAC-MLP,97,0.10621,101
Tianjin,BF-SAC-MLP,BF-SAC-MLP,98,0.10621,101
Tianjin,BF-SAC-MLP,BF-SAC-MLP,99,0.10621,101
Tianjin,BF-SAC-MLP,BF-SAC-MLP,100,0.10621,101
Tianjin,BF-SAC-MLP,BF-SAC-MLP,1,0.721405,404
Tianjin,BF-SAC-MLP,BF-SAC-MLP,2,0.721405,404
Tianjin,BF-SAC-MLP,BF-SAC-MLP,3,0.363232,404
Tianjin,BF-SAC-MLP,BF-SAC-MLP,4,0.363232,404
Tianjin,BF-SAC-MLP,BF-SAC-MLP,5,0.363232,404
Tianjin,BF-SAC-MLP,BF-SAC-MLP,6,0.363232,404
Tianjin,BF-SAC-MLP,BF-SAC-MLP,7,0.363232,404
Tianjin,BF-SAC-MLP,BF-SAC-MLP,8,0.363232,404
Tianjin,BF-SAC-MLP,BF-SAC-MLP,9,0.363232,404
Tianjin,BF-SAC-MLP,BF-SAC-MLP,10,0.363232,404
Tianjin,BF-SAC-MLP,BF-SAC-MLP,11,0.363232,404
Tianjin,BF-SAC-MLP,BF-SAC-MLP,12,0.363232,404
Tianjin,BF-SAC-MLP,BF-SAC-MLP,13,0.363232,404
Tianjin,BF-SAC-MLP,BF-SAC-MLP,14,0.363232,404
Tianjin,BF-SAC-MLP,BF-SAC-MLP,15,0.363232,404
Tianjin,BF-SAC-MLP,BF-SAC-MLP,16,0.363232,404
Tianjin,BF-SAC-MLP,BF-SAC-MLP,17,0.249927,404
Tianjin,BF-SAC-MLP,BF-SAC-MLP,18,0.249927,404
Tianjin,BF-SAC-MLP,BF-SAC-MLP,19,0.249927,404
Tianjin,BF-SAC-MLP,BF-SAC-MLP,20,0.249927,404
Tianjin,BF-SAC-MLP,BF-SAC-MLP,21,0.208102,404
Tianjin,BF-SAC-MLP,BF-SAC-MLP,22,0.208102,404
Tianjin,BF-SAC-MLP,BF-SAC-MLP,23,0.208102,404
Tianjin,BF-SAC-MLP,BF-SAC-MLP,24,0.208102,404
Tianjin,BF-SAC-MLP,BF-SAC-MLP,25,0.190624,404
Tianjin,BF-SAC-MLP,BF-SAC-MLP,26,0.190624,404
Tianjin,BF-SAC-MLP,BF-SAC-MLP,27,0.190624,404
Tianjin,BF-SAC-MLP,BF-SAC-MLP,28,0.190624,404
Tianjin,BF-SAC-MLP,BF-SAC-MLP,29,0.190624,404
Tianjin,BF-SAC-MLP,BF-SAC-MLP,30,0.190624,404
Tianjin,BF-SAC-MLP,BF-SAC-MLP,31,0.190624,404
Tianjin,BF-SAC-MLP,BF-SAC-MLP,32,0.190624,404
Tianjin,BF-SAC-MLP,BF-SAC-MLP,33,0.190624,404
Tianjin,BF-SAC-MLP,BF-SAC-MLP,34,0.190624,404
Tianjin,BF-SAC-MLP,BF-SAC-MLP,35,0.190624,404
Tianjin,BF-SAC-MLP,BF-SAC-MLP,36,0.190624,404
Tianjin,BF-SAC-MLP,BF-SAC-MLP,37,0.190624,404
Tianjin,BF-SAC-MLP,BF-SAC-MLP,38,0.190624,404
Tianjin,BF-SAC-MLP,BF-SAC-MLP,39,0.190624,404
Tianjin,BF-SAC-MLP,BF-SAC-MLP,40,0.190624,404
Tianjin,BF-SAC-MLP,BF-SAC-MLP,41,0.190624,404
Tianjin,BF-SAC-MLP,BF-SAC-MLP,42,0.190624,404
Tianjin,BF-SAC-MLP,BF-SAC-MLP,43,0.190624,404
Tianjin,BF-SAC-MLP,BF-SAC-MLP,44,0.190624,404
Tianjin,BF-SAC-MLP,BF-SAC-MLP,45,0.190624,404
Tianjin,BF-SAC-MLP,BF-SAC-MLP,46,0.190624,404
Tianjin,BF-SAC-MLP,BF-SAC-MLP,47,0.190624,404
Tianjin,BF-SAC-MLP,BF-SAC-MLP,48,0.190624,404
Tianjin,BF-SAC-MLP,BF-SAC-MLP,49,0.190624,404
Tianjin,BF-SAC-MLP,BF-SAC-MLP,50,0.190624,404
Tianjin,BF-SAC-MLP,BF-SAC-MLP,51,0.190624,404
Tianjin,BF-SAC-MLP,BF-SAC-MLP,52,0.190624,404
Tianjin,BF-SAC-MLP,BF-SAC-MLP,53,0.190624,404
Tianjin,BF-SAC-MLP,BF-SAC-MLP,54,0.190624,404
Tianjin,BF-SAC-MLP,BF-SAC-MLP,55,0.161056,404
Tianjin,BF-SAC-MLP,BF-SAC-MLP,56,0.161056,404
Tianjin,BF-SAC-MLP,BF-SAC-MLP,57,0.161056,404
Tianjin,BF-SAC-MLP,BF-SAC-MLP,58,0.161056,404
Tianjin,BF-SAC-MLP,BF-SAC-MLP,59,0.161056,404
Tianjin,BF-SAC-MLP,BF-SAC-MLP,60,0.161056,404
Tianjin,BF-SAC-MLP,BF-SAC-MLP,61,0.161056,404
Tianjin,BF-SAC-MLP,BF-SAC-MLP,62,0.161056,404
Tianjin,BF-SAC-MLP,BF-SAC-MLP,63,0.161056,404
Tianjin,BF-SAC-MLP,BF-SAC-MLP,64,0.161056,404
Tianjin,BF-SAC-MLP,BF-SAC-MLP,65,0.161056,404
Tianjin,BF-SAC-MLP,BF-SAC-MLP,66,0.161056,404
Tianjin,BF-SAC-MLP,BF-SAC-MLP,67,0.161056,404
Tianjin,BF-SAC-MLP,BF-SAC-MLP,68,0.161056,404
Tianjin,BF-SAC-MLP,BF-SAC-MLP,69,0.161056,404
Tianjin,BF-SAC-MLP,BF-SAC-MLP,70,0.161056,404
Tianjin,BF-SAC-MLP,BF-SAC-MLP,71,0.161056,404
Tianjin,BF-SAC-MLP,BF-SAC-MLP,72,0.161056,404
Tianjin,BF-SAC-MLP,BF-SAC-MLP,73,0.160192,404
Tianjin,BF-SAC-MLP,BF-SAC-MLP,74,0.160192,404
Tianjin,BF-SAC-MLP,BF-SAC-MLP,75,0.160192,404
Tianjin,BF-SAC-MLP,BF-SAC-MLP,76,0.160192,404
Tianjin,BF-SAC-MLP,BF-SAC-MLP,77,0.160192,404
Tianjin,BF-SAC-MLP,BF-SAC-MLP,78,0.14128,404
Tianjin,BF-SAC-MLP,BF-SAC-MLP,79,0.14128,404
Tianjin,BF-SAC-MLP,BF-SAC-MLP,80,0.14128,404
Tianjin,BF-SAC-MLP,BF-SAC-MLP,81,0.14128,404
Tianjin,BF-SAC-MLP,BF-SAC-MLP,82,0.14128,404
Tianjin,BF-SAC-MLP,BF-SAC-MLP,83,0.14128,404
Tianjin,BF-SAC-MLP,BF-SAC-MLP,84,0.14128,404
Tianjin,BF-SAC-MLP,BF-SAC-MLP,85,0.14128,404
Tianjin,BF-SAC-MLP,BF-SAC-MLP,86,0.14128,404
Tianjin,BF-SAC-MLP,BF-SAC-MLP,87,0.14128,404
Tianjin,BF-SAC-MLP,BF-SAC-MLP,88,0.14128,404
Tianjin,BF-SAC-MLP,BF-SAC-MLP,89,0.14128,404
Tianjin,BF-SAC-MLP,BF-SAC-MLP,90,0.14128,404
Tianjin,BF-SAC-MLP,BF-SAC-MLP,91,0.14128,404
Tianjin,BF-SAC-MLP,BF-SAC-MLP,92,0.14128,404
Tianjin,BF-SAC-MLP,BF-SAC-MLP,93,0.14128,404
Tianjin,BF-SAC-MLP,BF-SAC-MLP,94,0.14128,404
Tianjin,BF-SAC-MLP,BF-SAC-MLP,95,0.14128,404
Tianjin,BF-SAC-MLP,BF-SAC-MLP,96,0.14128,404
Tianjin,BF-SAC-MLP,BF-SAC-MLP,97,0.14128,404
Tianjin,BF-SAC-MLP,BF-SAC-MLP,98,0.14128,404
Tianjin,BF-SAC-MLP,BF-SAC-MLP,99,0.14128,404
Tianjin,BF-SAC-MLP,BF-SAC-MLP,100,0.14128,404
Tianjin,BF-SAC-MLP,BF-SAC-MLP,1,1.439668,42
Tianjin,BF-SAC-MLP,BF-SAC-MLP,2,0.186866,42
Tianjin,BF-SAC-MLP,BF-SAC-MLP,3,0.186866,42
Tianjin,BF-SAC-MLP,BF-SAC-MLP,4,0.186866,42
Tianjin,BF-SAC-MLP,BF-SAC-MLP,5,0.186866,42
Tianjin,BF-SAC-MLP,BF-SAC-MLP,6,0.186866,42
Tianjin,BF-SAC-MLP,BF-SAC-MLP,7,0.186866,42
Tianjin,BF-SAC-MLP,BF-SAC-MLP,8,0.186866,42
Tianjin,BF-SAC-MLP,BF-SAC-MLP,9,0.186866,42
Tianjin,BF-SAC-MLP,BF-SAC-MLP,10,0.186866,42
Tianjin,BF-SAC-MLP,BF-SAC-MLP,11,0.186866,42
Tianjin,BF-SAC-MLP,BF-SAC-MLP,12,0.186866,42
Tianjin,BF-SAC-MLP,BF-SAC-MLP,13,0.186866,42
Tianjin,BF-SAC-MLP,BF-SAC-MLP,14,0.186866,42
Tianjin,BF-SAC-MLP,BF-SAC-MLP,15,0.186866,42
Tianjin,BF-SAC-MLP,BF-SAC-MLP,16,0.186866,42
Tianjin,BF-SAC-MLP,BF-SAC-MLP,17,0.186866,42
Tianjin,BF-SAC-MLP,BF-SAC-MLP,18,0.186866,42
Tianjin,BF-SAC-MLP,BF-SAC-MLP,19,0.186866,42
Tianjin,BF-SAC-MLP,BF-SAC-MLP,20,0.186866,42
Tianjin,BF-SAC-MLP,BF-SAC-MLP,21,0.186866,42
Tianjin,BF-SAC-MLP,BF-SAC-MLP,22,0.160683,42
Tianjin,BF-SAC-MLP,BF-SAC-MLP,23,0.160683,42
Tianjin,BF-SAC-MLP,BF-SAC-MLP,24,0.160683,42
Tianjin,BF-SAC-MLP,BF-SAC-MLP,25,0.160683,42
Tianjin,BF-SAC-MLP,BF-SAC-MLP,26,0.160683,42
Tianjin,BF-SAC-MLP,BF-SAC-MLP,27,0.160683,42
Tianjin,BF-SAC-MLP,BF-SAC-MLP,28,0.160683,42
Tianjin,BF-SAC-MLP,BF-SAC-MLP,29,0.160683,42
Tianjin,BF-SAC-MLP,BF-SAC-MLP,30,0.160683,42
Tianjin,BF-SAC-MLP,BF-SAC-MLP,31,0.160683,42
Tianjin,BF-SAC-MLP,BF-SAC-MLP,32,0.160683,42
Tianjin,BF-SAC-MLP,BF-SAC-MLP,33,0.160683,42
Tianjin,BF-SAC-MLP,BF-SAC-MLP,34,0.160683,42
Tianjin,BF-SAC-MLP,BF-SAC-MLP,35,0.160683,42
Tianjin,BF-SAC-MLP,BF-SAC-MLP,36,0.160683,42
Tianjin,BF-SAC-MLP,BF-SAC-MLP,37,0.160683,42
Tianjin,BF-SAC-MLP,BF-SAC-MLP,38,0.160683,42
Tianjin,BF-SAC-MLP,BF-SAC-MLP,39,0.160683,42
Tianjin,BF-SAC-MLP,BF-SAC-MLP,40,0.160683,42
Tianjin,BF-SAC-MLP,BF-SAC-MLP,41,0.160683,42
Tianjin,BF-SAC-MLP,BF-SAC-MLP,42,0.160683,42
Tianjin,BF-SAC-MLP,BF-SAC-MLP,43,0.160683,42
Tianjin,BF-SAC-MLP,BF-SAC-MLP,44,0.160683,42
Tianjin,BF-SAC-MLP,BF-SAC-MLP,45,0.160683,42
Tianjin,BF-SAC-MLP,BF-SAC-MLP,46,0.160683,42
Tianjin,BF-SAC-MLP,BF-SAC-MLP,47,0.160683,42
Tianjin,BF-SAC-MLP,BF-SAC-MLP,48,0.160683,42
Tianjin,BF-SAC-MLP,BF-SAC-MLP,49,0.160683,42
Tianjin,BF-SAC-MLP,BF-SAC-MLP,50,0.160683,42
Tianjin,BF-SAC-MLP,BF-SAC-MLP,51,0.160683,42
Tianjin,BF-SAC-MLP,BF-SAC-MLP,52,0.160683,42
Tianjin,BF-SAC-MLP,BF-SAC-MLP,53,0.160683,42
Tianjin,BF-SAC-MLP,BF-SAC-MLP,54,0.160683,42
Tianjin,BF-SAC-MLP,BF-SAC-MLP,55,0.160683,42
Tianjin,BF-SAC-MLP,BF-SAC-MLP,56,0.160683,42
Tianjin,BF-SAC-MLP,BF-SAC-MLP,57,0.160683,42
Tianjin,BF-SAC-MLP,BF-SAC-MLP,58,0.160683,42
Tianjin,BF-SAC-MLP,BF-SAC-MLP,59,0.160683,42
Tianjin,BF-SAC-MLP,BF-SAC-MLP,60,0.160683,42
Tianjin,BF-SAC-MLP,BF-SAC-MLP,61,0.160683,42
Tianjin,BF-SAC-MLP,BF-SAC-MLP,62,0.160683,42
Tianjin,BF-SAC-MLP,BF-SAC-MLP,63,0.143034,42
Tianjin,BF-SAC-MLP,BF-SAC-MLP,64,0.143034,42
Tianjin,BF-SAC-MLP,BF-SAC-MLP,65,0.103422,42
Tianjin,BF-SAC-MLP,BF-SAC-MLP,66,0.103422,42
Tianjin,BF-SAC-MLP,BF-SAC-MLP,67,0.103422,42
Tianjin,BF-SAC-MLP,BF-SAC-MLP,68,0.103422,42
Tianjin,BF-SAC-MLP,BF-SAC-MLP,69,0.103422,42
Tianjin,BF-SAC-MLP,BF-SAC-MLP,70,0.103422,42
Tianjin,BF-SAC-MLP,BF-SAC-MLP,71,0.103422,42
Tianjin,BF-SAC-MLP,BF-SAC-MLP,72,0.103422,42
Tianjin,BF-SAC-MLP,BF-SAC-MLP,73,0.103422,42
Tianjin,BF-SAC-MLP,BF-SAC-MLP,74,0.103422,42
Tianjin,BF-SAC-MLP,BF-SAC-MLP,75,0.103422,42
Tianjin,BF-SAC-MLP,BF-SAC-MLP,76,0.103422,42
Tianjin,BF-SAC-MLP,BF-SAC-MLP,77,0.103422,42
Tianjin,BF-SAC-MLP,BF-SAC-MLP,78,0.103422,42
Tianjin,BF-SAC-MLP,BF-SAC-MLP,79,0.103422,42
Tianjin,BF-SAC-MLP,BF-SAC-MLP,80,0.103422,42
Tianjin,BF-SAC-MLP,BF-SAC-MLP,81,0.103422,42
Tianjin,BF-SAC-MLP,BF-SAC-MLP,82,0.103422,42
Tianjin,BF-SAC-MLP,BF-SAC-MLP,83,0.103422,42
Tianjin,BF-SAC-MLP,BF-SAC-MLP,84,0.103422,42
Tianjin,BF-SAC-MLP,BF-SAC-MLP,85,0.103422,42
Tianjin,BF-SAC-MLP,BF-SAC-MLP,86,0.103422,42
Tianjin,BF-SAC-MLP,BF-SAC-MLP,87,0.103422,42
Tianjin,BF-SAC-MLP,BF-SAC-MLP,88,0.103422,42
Tianjin,BF-SAC-MLP,BF-SAC-MLP,89,0.103422,42
Tianjin,BF-SAC-MLP,BF-SAC-MLP,90,0.103422,42
Tianjin,BF-SAC-MLP,BF-SAC-MLP,91,0.103422,42
Tianjin,BF-SAC-MLP,BF-SAC-MLP,92,0.103422,42
Tianjin,BF-SAC-MLP,BF-SAC-MLP,93,0.103422,42
Tianjin,BF-SAC-MLP,BF-SAC-MLP,94,0.103422,42
Tianjin,BF-SAC-MLP,BF-SAC-MLP,95,0.103422,42
Tianjin,BF-SAC-MLP,BF-SAC-MLP,96,0.103422,42
Tianjin,BF-SAC-MLP,BF-SAC-MLP,97,0.103422,42
Tianjin,BF-SAC-MLP,BF-SAC-MLP,98,0.103422,42
Tianjin,BF-SAC-MLP,BF-SAC-MLP,99,0.103422,42
Tianjin,BF-SAC-MLP,BF-SAC-MLP,100,0.103422,42
Tianjin,BF-SAC-MLP,BF-SAC-MLP,1,0.425665,202
Tianjin,BF-SAC-MLP,BF-SAC-MLP,2,0.232898,202
Tianjin,BF-SAC-MLP,BF-SAC-MLP,3,0.232898,202
Tianjin,BF-SAC-MLP,BF-SAC-MLP,4,0.232898,202
Tianjin,BF-SAC-MLP,BF-SAC-MLP,5,0.187671,202
Tianjin,BF-SAC-MLP,BF-SAC-MLP,6,0.187671,202
Tianjin,BF-SAC-MLP,BF-SAC-MLP,7,0.187671,202
Tianjin,BF-SAC-MLP,BF-SAC-MLP,8,0.187671,202
Tianjin,BF-SAC-MLP,BF-SAC-MLP,9,0.187671,202
Tianjin,BF-SAC-MLP,BF-SAC-MLP,10,0.187671,202
Tianjin,BF-SAC-MLP,BF-SAC-MLP,11,0.187671,202
Tianjin,BF-SAC-MLP,BF-SAC-MLP,12,0.187671,202
Tianjin,BF-SAC-MLP,BF-SAC-MLP,13,0.187671,202
Tianjin,BF-SAC-MLP,BF-SAC-MLP,14,0.187671,202
Tianjin,BF-SAC-MLP,BF-SAC-MLP,15,0.187671,202
Tianjin,BF-SAC-MLP,BF-SAC-MLP,16,0.187671,202
Tianjin,BF-SAC-MLP,BF-SAC-MLP,17,0.187671,202
Tianjin,BF-SAC-MLP,BF-SAC-MLP,18,0.187671,202
Tianjin,BF-SAC-MLP,BF-SAC-MLP,19,0.187671,202
Tianjin,BF-SAC-MLP,BF-SAC-MLP,20,0.187671,202
Tianjin,BF-SAC-MLP,BF-SAC-MLP,21,0.187671,202
Tianjin,BF-SAC-MLP,BF-SAC-MLP,22,0.187671,202
Tianjin,BF-SAC-MLP,BF-SAC-MLP,23,0.187671,202
Tianjin,BF-SAC-MLP,BF-SAC-MLP,24,0.187671,202
Tianjin,BF-SAC-MLP,BF-SAC-MLP,25,0.187671,202
Tianjin,BF-SAC-MLP,BF-SAC-MLP,26,0.187671,202
Tianjin,BF-SAC-MLP,BF-SAC-MLP,27,0.14715,202
Tianjin,BF-SAC-MLP,BF-SAC-MLP,28,0.14715,202
Tianjin,BF-SAC-MLP,BF-SAC-MLP,29,0.14715,202
Tianjin,BF-SAC-MLP,BF-SAC-MLP,30,0.14715,202
Tianjin,BF-SAC-MLP,BF-SAC-MLP,31,0.14715,202
Tianjin,BF-SAC-MLP,BF-SAC-MLP,32,0.14715,202
Tianjin,BF-SAC-MLP,BF-SAC-MLP,33,0.14715,202
Tianjin,BF-SAC-MLP,BF-SAC-MLP,34,0.14715,202
Tianjin,BF-SAC-MLP,BF-SAC-MLP,35,0.14715,202
Tianjin,BF-SAC-MLP,BF-SAC-MLP,36,0.14715,202
Tianjin,BF-SAC-MLP,BF-SAC-MLP,37,0.14715,202
Tianjin,BF-SAC-MLP,BF-SAC-MLP,38,0.14715,202
Tianjin,BF-SAC-MLP,BF-SAC-MLP,39,0.14715,202
Tianjin,BF-SAC-MLP,BF-SAC-MLP,40,0.14715,202
Tianjin,BF-SAC-MLP,BF-SAC-MLP,41,0.14715,202
Tianjin,BF-SAC-MLP,BF-SAC-MLP,42,0.14715,202
Tianjin,BF-SAC-MLP,BF-SAC-MLP,43,0.14715,202
Tianjin,BF-SAC-MLP,BF-SAC-MLP,44,0.14715,202
Tianjin,BF-SAC-MLP,BF-SAC-MLP,45,0.14715,202
Tianjin,BF-SAC-MLP,BF-SAC-MLP,46,0.14715,202
Tianjin,BF-SAC-MLP,BF-SAC-MLP,47,0.14715,202
Tianjin,BF-SAC-MLP,BF-SAC-MLP,48,0.14715,202
Tianjin,BF-SAC-MLP,BF-SAC-MLP,49,0.14715,202
Tianjin,BF-SAC-MLP,BF-SAC-MLP,50,0.14715,202
Tianjin,BF-SAC-MLP,BF-SAC-MLP,51,0.14715,202
Tianjin,BF-SAC-MLP,BF-SAC-MLP,52,0.14715,202
Tianjin,BF-SAC-MLP,BF-SAC-MLP,53,0.146144,202
Tianjin,BF-SAC-MLP,BF-SAC-MLP,54,0.146144,202
Tianjin,BF-SAC-MLP,BF-SAC-MLP,55,0.146144,202
Tianjin,BF-SAC-MLP,BF-SAC-MLP,56,0.146144,202
Tianjin,BF-SAC-MLP,BF-SAC-MLP,57,0.146144,202
Tianjin,BF-SAC-MLP,BF-SAC-MLP,58,0.146144,202
Tianjin,BF-SAC-MLP,BF-SAC-MLP,59,0.146144,202
Tianjin,BF-SAC-MLP,BF-SAC-MLP,60,0.146144,202
Tianjin,BF-SAC-MLP,BF-SAC-MLP,61,0.146144,202
Tianjin,BF-SAC-MLP,BF-SAC-MLP,62,0.146144,202
Tianjin,BF-SAC-MLP,BF-SAC-MLP,63,0.146144,202
Tianjin,BF-SAC-MLP,BF-SAC-MLP,64,0.146144,202
Tianjin,BF-SAC-MLP,BF-SAC-MLP,65,0.144699,202
Tianjin,BF-SAC-MLP,BF-SAC-MLP,66,0.144699,202
Tianjin,BF-SAC-MLP,BF-SAC-MLP,67,0.144699,202
Tianjin,BF-SAC-MLP,BF-SAC-MLP,68,0.144699,202
Tianjin,BF-SAC-MLP,BF-SAC-MLP,69,0.144699,202
Tianjin,BF-SAC-MLP,BF-SAC-MLP,70,0.144699,202
Tianjin,BF-SAC-MLP,BF-SAC-MLP,71,0.144699,202
Tianjin,BF-SAC-MLP,BF-SAC-MLP,72,0.144699,202
Tianjin,BF-SAC-MLP,BF-SAC-MLP,73,0.144699,202
Tianjin,BF-SAC-MLP,BF-SAC-MLP,74,0.144699,202
Tianjin,BF-SAC-MLP,BF-SAC-MLP,75,0.144699,202
Tianjin,BF-SAC-MLP,BF-SAC-MLP,76,0.144699,202
Tianjin,BF-SAC-MLP,BF-SAC-MLP,77,0.144699,202
Tianjin,BF-SAC-MLP,BF-SAC-MLP,78,0.144699,202
Tianjin,BF-SAC-MLP,BF-SAC-MLP,79,0.144699,202
Tianjin,BF-SAC-MLP,BF-SAC-MLP,80,0.144699,202
Tianjin,BF-SAC-MLP,BF-SAC-MLP,81,0.144699,202
Tianjin,BF-SAC-MLP,BF-SAC-MLP,82,0.144699,202
Tianjin,BF-SAC-MLP,BF-SAC-MLP,83,0.144699,202
Tianjin,BF-SAC-MLP,BF-SAC-MLP,84,0.144699,202
Tianjin,BF-SAC-MLP,BF-SAC-MLP,85,0.144699,202
Tianjin,BF-SAC-MLP,BF-SAC-MLP,86,0.144699,202
Tianjin,BF-SAC-MLP,BF-SAC-MLP,87,0.143631,202
Tianjin,BF-SAC-MLP,BF-SAC-MLP,88,0.143631,202
Tianjin,BF-SAC-MLP,BF-SAC-MLP,89,0.143631,202
Tianjin,BF-SAC-MLP,BF-SAC-MLP,90,0.143631,202
Tianjin,BF-SAC-MLP,BF-SAC-MLP,91,0.141812,202
Tianjin,BF-SAC-MLP,BF-SAC-MLP,92,0.141812,202
Tianjin,BF-SAC-MLP,BF-SAC-MLP,93,0.141812,202
Tianjin,BF-SAC-MLP,BF-SAC-MLP,94,0.141812,202
Tianjin,BF-SAC-MLP,BF-SAC-MLP,95,0.141812,202
Tianjin,BF-SAC-MLP,BF-SAC-MLP,96,0.141812,202
Tianjin,BF-SAC-MLP,BF-SAC-MLP,97,0.141812,202
Tianjin,BF-SAC-MLP,BF-SAC-MLP,98,0.141317,202
Tianjin,BF-SAC-MLP,BF-SAC-MLP,99,0.141317,202
Tianjin,BF-SAC-MLP,BF-SAC-MLP,100,0.141317,202
Tianjin,SPSA,SPSA,1,1.4126866538319718,303
Tianjin,SPSA,SPSA,2,1.4126866538319718,303
Tianjin,SPSA,SPSA,3,1.2125225592634088,303
Tianjin,SPSA,SPSA,4,1.053367704947476,303
Tianjin,SPSA,SPSA,5,1.053367704947476,303
Tianjin,SPSA,SPSA,6,1.053367704947476,303
Tianjin,SPSA,SPSA,7,1.051968522493694,303
Tianjin,SPSA,SPSA,8,0.9256167794223265,303
Tianjin,SPSA,SPSA,9,0.9256167794223265,303
Tianjin,SPSA,SPSA,10,0.9256167794223265,303
Tianjin,SPSA,SPSA,11,0.8174670918012699,303
Tianjin,SPSA,SPSA,12,0.6497280299360595,303
Tianjin,SPSA,SPSA,13,0.6497280299360595,303
Tianjin,SPSA,SPSA,14,0.6497280299360595,303
Tianjin,SPSA,SPSA,15,0.4760292514218917,303
Tianjin,SPSA,SPSA,16,0.4760292514218917,303
Tianjin,SPSA,SPSA,17,0.4404668513721889,303
Tianjin,SPSA,SPSA,18,0.4404668513721889,303
Tianjin,SPSA,SPSA,19,0.4404668513721889,303
Tianjin,SPSA,SPSA,20,0.4404668513721889,303
Tianjin,SPSA,SPSA,21,0.4404668513721889,303
Tianjin,SPSA,SPSA,22,0.4404668513721889,303
Tianjin,SPSA,SPSA,23,0.4404668513721889,303
Tianjin,SPSA,SPSA,24,0.4404668513721889,303
Tianjin,SPSA,SPSA,25,0.4404668513721889,303
Tianjin,SPSA,SPSA,26,0.4404668513721889,303
Tianjin,SPSA,SPSA,27,0.4404668513721889,303
Tianjin,SPSA,SPSA,28,0.4404668513721889,303
Tianjin,SPSA,SPSA,29,0.4359666656040779,303
Tianjin,SPSA,SPSA,30,0.4359666656040779,303
Tianjin,SPSA,SPSA,31,0.3916579769310119,303
Tianjin,SPSA,SPSA,32,0.3916579769310119,303
Tianjin,SPSA,SPSA,33,0.3916579769310119,303
Tianjin,SPSA,SPSA,34,0.3916579769310119,303
Tianjin,SPSA,SPSA,35,0.3916579769310119,303
Tianjin,SPSA,SPSA,36,0.3916579769310119,303
Tianjin,SPSA,SPSA,37,0.3916579769310119,303
Tianjin,SPSA,SPSA,38,0.3916579769310119,303
Tianjin,SPSA,SPSA,39,0.3916579769310119,303
Tianjin,SPSA,SPSA,40,0.3916579769310119,303
Tianjin,SPSA,SPSA,41,0.3916579769310119,303
Tianjin,SPSA,SPSA,42,0.3916579769310119,303
Tianjin,SPSA,SPSA,43,0.3916579769310119,303
Tianjin,SPSA,SPSA,44,0.3916579769310119,303
Tianjin,SPSA,SPSA,45,0.3916579769310119,303
Tianjin,SPSA,SPSA,46,0.2932391569839948,303
Tianjin,SPSA,SPSA,47,0.2932391569839948,303
Tianjin,SPSA,SPSA,48,0.2932391569839948,303
Tianjin,SPSA,SPSA,49,0.2932391569839948,303
Tianjin,SPSA,SPSA,50,0.2932391569839948,303
Tianjin,SPSA,SPSA,51,0.2932391569839948,303
Tianjin,SPSA,SPSA,52,0.2896911875219843,303
Tianjin,SPSA,SPSA,53,0.2896911875219843,303
Tianjin,SPSA,SPSA,54,0.2896911875219843,303
Tianjin,SPSA,SPSA,55,0.2896911875219843,303
Tianjin,SPSA,SPSA,56,0.2896911875219843,303
Tianjin,SPSA,SPSA,57,0.2896911875219843,303
Tianjin,SPSA,SPSA,58,0.2896911875219843,303
Tianjin,SPSA,SPSA,59,0.2434952574634498,303
Tianjin,SPSA,SPSA,60,0.2434952574634498,303
Tianjin,SPSA,SPSA,61,0.2434952574634498,303
Tianjin,SPSA,SPSA,62,0.2434952574634498,303
Tianjin,SPSA,SPSA,63,0.2434952574634498,303
Tianjin,SPSA,SPSA,64,0.2434952574634498,303
Tianjin,SPSA,SPSA,65,0.2434952574634498,303
Tianjin,SPSA,SPSA,66,0.2434952574634498,303
Tianjin,SPSA,SPSA,67,0.2434952574634498,303
Tianjin,SPSA,SPSA,68,0.2093353303094604,303
Tianjin,SPSA,SPSA,69,0.2093353303094604,303
Tianjin,SPSA,SPSA,70,0.2093353303094604,303
Tianjin,SPSA,SPSA,71,0.2093353303094604,303
Tianjin,SPSA,SPSA,72,0.2093353303094604,303
Tianjin,SPSA,SPSA,73,0.2093353303094604,303
Tianjin,SPSA,SPSA,74,0.2093353303094604,303
Tianjin,SPSA,SPSA,75,0.2093353303094604,303
Tianjin,SPSA,SPSA,76,0.2093353303094604,303
Tianjin,SPSA,SPSA,77,0.2093353303094604,303
Tianjin,SPSA,SPSA,78,0.2093353303094604,303
Tianjin,SPSA,SPSA,79,0.2093353303094604,303
Tianjin,SPSA,SPSA,80,0.2093353303094604,303
Tianjin,SPSA,SPSA,81,0.2093353303094604,303
Tianjin,SPSA,SPSA,82,0.2093353303094604,303
Tianjin,SPSA,SPSA,83,0.2093353303094604,303
Tianjin,SPSA,SPSA,84,0.2093353303094604,303
Tianjin,SPSA,SPSA,85,0.2093353303094604,303
Tianjin,SPSA,SPSA,86,0.2093353303094604,303
Tianjin,SPSA,SPSA,87,0.2093353303094604,303
Tianjin,SPSA,SPSA,88,0.1960573211680187,303
Tianjin,SPSA,SPSA,89,0.1960573211680187,303
Tianjin,SPSA,SPSA,90,0.1960573211680187,303
Tianjin,SPSA,SPSA,91,0.1960573211680187,303
Tianjin,SPSA,SPSA,92,0.1960573211680187,303
Tianjin,SPSA,SPSA,93,0.1960573211680187,303
Tianjin,SPSA,SPSA,94,0.1960573211680187,303
Tianjin,SPSA,SPSA,95,0.1960573211680187,303
Tianjin,SPSA,SPSA,96,0.1960573211680187,303
Tianjin,SPSA,SPSA,97,0.1960573211680187,303
Tianjin,SPSA,SPSA,98,0.1960573211680187,303
Tianjin,SPSA,SPSA,99,0.1960573211680187,303
Tianjin,SPSA,SPSA,100,0.1960573211680187,303
Tianjin,SPSA,SPSA,1,0.2363790573034256,202
Tianjin,SPSA,SPSA,2,0.2126468017007537,202
Tianjin,SPSA,SPSA,3,0.2126468017007537,202
Tianjin,SPSA,SPSA,4,0.2126468017007537,202
Tianjin,SPSA,SPSA,5,0.2126468017007537,202
Tianjin,SPSA,SPSA,6,0.2126468017007537,202
Tianjin,SPSA,SPSA,7,0.2126468017007537,202
Tianjin,SPSA,SPSA,8,0.2126468017007537,202
Tianjin,SPSA,SPSA,9,0.2054429693177891,202
Tianjin,SPSA,SPSA,10,0.2054429693177891,202
Tianjin,SPSA,SPSA,11,0.2054429693177891,202
Tianjin,SPSA,SPSA,12,0.2054429693177891,202
Tianjin,SPSA,SPSA,13,0.2054429693177891,202
Tianjin,SPSA,SPSA,14,0.2054429693177891,202
Tianjin,SPSA,SPSA,15,0.189786466316839,202
Tianjin,SPSA,SPSA,16,0.189786466316839,202
Tianjin,SPSA,SPSA,17,0.1628704712130743,202
Tianjin,SPSA,SPSA,18,0.1628704712130743,202
Tianjin,SPSA,SPSA,19,0.1628704712130743,202
Tianjin,SPSA,SPSA,20,0.1628704712130743,202
Tianjin,SPSA,SPSA,21,0.1628704712130743,202
Tianjin,SPSA,SPSA,22,0.1628704712130743,202
Tianjin,SPSA,SPSA,23,0.1628704712130743,202
Tianjin,SPSA,SPSA,24,0.1628704712130743,202
Tianjin,SPSA,SPSA,25,0.1628704712130743,202
Tianjin,SPSA,SPSA,26,0.1628704712130743,202
Tianjin,SPSA,SPSA,27,0.1628704712130743,202
Tianjin,SPSA,SPSA,28,0.1628704712130743,202
Tianjin,SPSA,SPSA,29,0.1628704712130743,202
Tianjin,SPSA,SPSA,30,0.1628704712130743,202
Tianjin,SPSA,SPSA,31,0.1628704712130743,202
Tianjin,SPSA,SPSA,32,0.1628704712130743,202
Tianjin,SPSA,SPSA,33,0.1628704712130743,202
Tianjin,SPSA,SPSA,34,0.1628704712130743,202
Tianjin,SPSA,SPSA,35,0.1628704712130743,202
Tianjin,SPSA,SPSA,36,0.1628704712130743,202
Tianjin,SPSA,SPSA,37,0.1628704712130743,202
Tianjin,SPSA,SPSA,38,0.1491457401508786,202
Tianjin,SPSA,SPSA,39,0.1491457401508786,202
Tianjin,SPSA,SPSA,40,0.1491457401508786,202
Tianjin,SPSA,SPSA,41,0.1491457401508786,202
Tianjin,SPSA,SPSA,42,0.1491457401508786,202
Tianjin,SPSA,SPSA,43,0.1491457401508786,202
Tianjin,SPSA,SPSA,44,0.1491457401508786,202
Tianjin,SPSA,SPSA,45,0.1491457401508786,202
Tianjin,SPSA,SPSA,46,0.1491457401508786,202
Tianjin,SPSA,SPSA,47,0.1491457401508786,202
Tianjin,SPSA,SPSA,48,0.1491457401508786,202
Tianjin,SPSA,SPSA,49,0.1491457401508786,202
Tianjin,SPSA,SPSA,50,0.1491457401508786,202
Tianjin,SPSA,SPSA,51,0.1491457401508786,202
Tianjin,SPSA,SPSA,52,0.1491457401508786,202
Tianjin,SPSA,SPSA,53,0.1491457401508786,202
Tianjin,SPSA,SPSA,54,0.1491457401508786,202
Tianjin,SPSA,SPSA,55,0.1491457401508786,202
Tianjin,SPSA,SPSA,56,0.1491457401508786,202
Tianjin,SPSA,SPSA,57,0.1491457401508786,202
Tianjin,SPSA,SPSA,58,0.1474254070594561,202
Tianjin,SPSA,SPSA,59,0.1474254070594561,202
Tianjin,SPSA,SPSA,60,0.1474254070594561,202
Tianjin,SPSA,SPSA,61,0.1474254070594561,202
Tianjin,SPSA,SPSA,62,0.1474254070594561,202
Tianjin,SPSA,SPSA,63,0.1474254070594561,202
Tianjin,SPSA,SPSA,64,0.1474254070594561,202
Tianjin,SPSA,SPSA,65,0.1474254070594561,202
Tianjin,SPSA,SPSA,66,0.1474254070594561,202
Tianjin,SPSA,SPSA,67,0.1474254070594561,202
Tianjin,SPSA,SPSA,68,0.1474254070594561,202
Tianjin,SPSA,SPSA,69,0.1474254070594561,202
Tianjin,SPSA,SPSA,70,0.1474254070594561,202
Tianjin,SPSA,SPSA,71,0.1474254070594561,202
Tianjin,SPSA,SPSA,72,0.1474254070594561,202
Tianjin,SPSA,SPSA,73,0.1474254070594561,202
Tianjin,SPSA,SPSA,74,0.1474254070594561,202
Tianjin,SPSA,SPSA,75,0.1474254070594561,202
Tianjin,SPSA,SPSA,76,0.1474254070594561,202
Tianjin,SPSA,SPSA,77,0.1474254070594561,202
Tianjin,SPSA,SPSA,78,0.1474254070594561,202
Tianjin,SPSA,SPSA,79,0.1474254070594561,202
Tianjin,SPSA,SPSA,80,0.1474254070594561,202
Tianjin,SPSA,SPSA,81,0.1474254070594561,202
Tianjin,SPSA,SPSA,82,0.1474254070594561,202
Tianjin,SPSA,SPSA,83,0.1474254070594561,202
Tianjin,SPSA,SPSA,84,0.1474254070594561,202
Tianjin,SPSA,SPSA,85,0.1474254070594561,202
Tianjin,SPSA,SPSA,86,0.1474254070594561,202
Tianjin,SPSA,SPSA,87,0.1474254070594561,202
Tianjin,SPSA,SPSA,88,0.1474254070594561,202
Tianjin,SPSA,SPSA,89,0.1474254070594561,202
Tianjin,SPSA,SPSA,90,0.1474254070594561,202
Tianjin,SPSA,SPSA,91,0.1474254070594561,202
Tianjin,SPSA,SPSA,92,0.1474254070594561,202
Tianjin,SPSA,SPSA,93,0.1474254070594561,202
Tianjin,SPSA,SPSA,94,0.1474254070594561,202
Tianjin,SPSA,SPSA,95,0.1474254070594561,202
Tianjin,SPSA,SPSA,96,0.1474254070594561,202
Tianjin,SPSA,SPSA,97,0.1474254070594561,202
Tianjin,SPSA,SPSA,98,0.1474254070594561,202
Tianjin,SPSA,SPSA,99,0.1474254070594561,202
Tianjin,SPSA,SPSA,100,0.1474254070594561,202
Tianjin,SPSA,SPSA,1,0.3707036709958969,404
Tianjin,SPSA,SPSA,2,0.2810584537701507,404
Tianjin,SPSA,SPSA,3,0.2810584537701507,404
Tianjin,SPSA,SPSA,4,0.2810584537701507,404
Tianjin,SPSA,SPSA,5,0.2810584537701507,404
Tianjin,SPSA,SPSA,6,0.2810584537701507,404
Tianjin,SPSA,SPSA,7,0.2810584537701507,404
Tianjin,SPSA,SPSA,8,0.2810584537701507,404
Tianjin,SPSA,SPSA,9,0.2678671828163854,404
Tianjin,SPSA,SPSA,10,0.2678671828163854,404
Tianjin,SPSA,SPSA,11,0.2678671828163854,404
Tianjin,SPSA,SPSA,12,0.2678671828163854,404
Tianjin,SPSA,SPSA,13,0.2678671828163854,404
Tianjin,SPSA,SPSA,14,0.2428050683120494,404
Tianjin,SPSA,SPSA,15,0.2428050683120494,404
Tianjin,SPSA,SPSA,16,0.2428050683120494,404
Tianjin,SPSA,SPSA,17,0.2428050683120494,404
Tianjin,SPSA,SPSA,18,0.2428050683120494,404
Tianjin,SPSA,SPSA,19,0.2428050683120494,404
Tianjin,SPSA,SPSA,20,0.2428050683120494,404
Tianjin,SPSA,SPSA,21,0.2428050683120494,404
Tianjin,SPSA,SPSA,22,0.2428050683120494,404
Tianjin,SPSA,SPSA,23,0.2428050683120494,404
Tianjin,SPSA,SPSA,24,0.2428050683120494,404
Tianjin,SPSA,SPSA,25,0.2428050683120494,404
Tianjin,SPSA,SPSA,26,0.2428050683120494,404
Tianjin,SPSA,SPSA,27,0.2428050683120494,404
Tianjin,SPSA,SPSA,28,0.2166233250464503,404
Tianjin,SPSA,SPSA,29,0.2166233250464503,404
Tianjin,SPSA,SPSA,30,0.2166233250464503,404
Tianjin,SPSA,SPSA,31,0.2032858566563269,404
Tianjin,SPSA,SPSA,32,0.2032858566563269,404
Tianjin,SPSA,SPSA,33,0.2032858566563269,404
Tianjin,SPSA,SPSA,34,0.2032858566563269,404
Tianjin,SPSA,SPSA,35,0.2032858566563269,404
Tianjin,SPSA,SPSA,36,0.2032858566563269,404
Tianjin,SPSA,SPSA,37,0.2032858566563269,404
Tianjin,SPSA,SPSA,38,0.2032858566563269,404
Tianjin,SPSA,SPSA,39,0.2032858566563269,404
Tianjin,SPSA,SPSA,40,0.2032858566563269,404
Tianjin,SPSA,SPSA,41,0.2032858566563269,404
Tianjin,SPSA,SPSA,42,0.2032858566563269,404
Tianjin,SPSA,SPSA,43,0.2032858566563269,404
Tianjin,SPSA,SPSA,44,0.2032858566563269,404
Tianjin,SPSA,SPSA,45,0.2032858566563269,404
Tianjin,SPSA,SPSA,46,0.2032858566563269,404
Tianjin,SPSA,SPSA,47,0.2032858566563269,404
Tianjin,SPSA,SPSA,48,0.2032858566563269,404
Tianjin,SPSA,SPSA,49,0.2032858566563269,404
Tianjin,SPSA,SPSA,50,0.1818093044549414,404
Tianjin,SPSA,SPSA,51,0.1818093044549414,404
Tianjin,SPSA,SPSA,52,0.1818093044549414,404
Tianjin,SPSA,SPSA,53,0.1818093044549414,404
Tianjin,SPSA,SPSA,54,0.1818093044549414,404
Tianjin,SPSA,SPSA,55,0.178991439240841,404
Tianjin,SPSA,SPSA,56,0.178991439240841,404
Tianjin,SPSA,SPSA,57,0.178991439240841,404
Tianjin,SPSA,SPSA,58,0.178991439240841,404
Tianjin,SPSA,SPSA,59,0.178991439240841,404
Tianjin,SPSA,SPSA,60,0.178991439240841,404
Tianjin,SPSA,SPSA,61,0.178991439240841,404
Tianjin,SPSA,SPSA,62,0.178991439240841,404
Tianjin,SPSA,SPSA,63,0.178991439240841,404
Tianjin,SPSA,SPSA,64,0.178991439240841,404
Tianjin,SPSA,SPSA,65,0.178991439240841,404
Tianjin,SPSA,SPSA,66,0.178991439240841,404
Tianjin,SPSA,SPSA,67,0.178991439240841,404
Tianjin,SPSA,SPSA,68,0.178991439240841,404
Tianjin,SPSA,SPSA,69,0.178991439240841,404
Tianjin,SPSA,SPSA,70,0.178991439240841,404
Tianjin,SPSA,SPSA,71,0.178991439240841,404
Tianjin,SPSA,SPSA,72,0.178991439240841,404
Tianjin,SPSA,SPSA,73,0.178991439240841,404
Tianjin,SPSA,SPSA,74,0.178991439240841,404
Tianjin,SPSA,SPSA,75,0.178991439240841,404
Tianjin,SPSA,SPSA,76,0.178991439240841,404
Tianjin,SPSA,SPSA,77,0.178991439240841,404
Tianjin,SPSA,SPSA,78,0.178991439240841,404
Tianjin,SPSA,SPSA,79,0.1736118064518954,404
Tianjin,SPSA,SPSA,80,0.1736118064518954,404
Tianjin,SPSA,SPSA,81,0.1736118064518954,404
Tianjin,SPSA,SPSA,82,0.1567937691275773,404
Tianjin,SPSA,SPSA,83,0.1567937691275773,404
Tianjin,SPSA,SPSA,84,0.1567937691275773,404
Tianjin,SPSA,SPSA,85,0.1567937691275773,404
Tianjin,SPSA,SPSA,86,0.1567937691275773,404
Tianjin,SPSA,SPSA,87,0.1567937691275773,404
Tianjin,SPSA,SPSA,88,0.1567937691275773,404
Tianjin,SPSA,SPSA,89,0.1567937691275773,404
Tianjin,SPSA,SPSA,90,0.1567937691275773,404
Tianjin,SPSA,SPSA,91,0.1567937691275773,404
Tianjin,SPSA,SPSA,92,0.1567937691275773,404
Tianjin,SPSA,SPSA,93,0.1567937691275773,404
Tianjin,SPSA,SPSA,94,0.1567937691275773,404
Tianjin,SPSA,SPSA,95,0.1567937691275773,404
Tianjin,SPSA,SPSA,96,0.1567937691275773,404
Tianjin,SPSA,SPSA,97,0.1567937691275773,404
Tianjin,SPSA,SPSA,98,0.1567937691275773,404
Tianjin,SPSA,SPSA,99,0.1567937691275773,404
Tianjin,SPSA,SPSA,100,0.1567937691275773,404
Tianjin,遗传算法（GA）,GA,1,0.7150017456681506,202
Tianjin,遗传算法（GA）,GA,2,0.7061853865392819,202
Tianjin,遗传算法（GA）,GA,3,0.7061853865392819,202
Tianjin,遗传算法（GA）,GA,4,0.7061853865392819,202
Tianjin,遗传算法（GA）,GA,5,0.7061853865392819,202
Tianjin,遗传算法（GA）,GA,6,0.2596756059206268,202
Tianjin,遗传算法（GA）,GA,7,0.2596756059206268,202
Tianjin,遗传算法（GA）,GA,8,0.2596756059206268,202
Tianjin,遗传算法（GA）,GA,9,0.2596756059206268,202
Tianjin,遗传算法（GA）,GA,10,0.2596756059206268,202
Tianjin,遗传算法（GA）,GA,11,0.2596756059206268,202
Tianjin,遗传算法（GA）,GA,12,0.2596756059206268,202
Tianjin,遗传算法（GA）,GA,13,0.2596756059206268,202
Tianjin,遗传算法（GA）,GA,14,0.2596756059206268,202
Tianjin,遗传算法（GA）,GA,15,0.2596756059206268,202
Tianjin,遗传算法（GA）,GA,16,0.2596756059206268,202
Tianjin,遗传算法（GA）,GA,17,0.2596756059206268,202
Tianjin,遗传算法（GA）,GA,18,0.2596756059206268,202
Tianjin,遗传算法（GA）,GA,19,0.1702351539433875,202
Tianjin,遗传算法（GA）,GA,20,0.1702351539433875,202
Tianjin,遗传算法（GA）,GA,21,0.1702351539433875,202
Tianjin,遗传算法（GA）,GA,22,0.1702351539433875,202
Tianjin,遗传算法（GA）,GA,23,0.1702351539433875,202
Tianjin,遗传算法（GA）,GA,24,0.1702351539433875,202
Tianjin,遗传算法（GA）,GA,25,0.1702351539433875,202
Tianjin,遗传算法（GA）,GA,26,0.1702351539433875,202
Tianjin,遗传算法（GA）,GA,27,0.1702351539433875,202
Tianjin,遗传算法（GA）,GA,28,0.1702351539433875,202
Tianjin,遗传算法（GA）,GA,29,0.1602799239004919,202
Tianjin,遗传算法（GA）,GA,30,0.1602799239004919,202
Tianjin,遗传算法（GA）,GA,31,0.1602799239004919,202
Tianjin,遗传算法（GA）,GA,32,0.1602799239004919,202
Tianjin,遗传算法（GA）,GA,33,0.1602799239004919,202
Tianjin,遗传算法（GA）,GA,34,0.1602799239004919,202
Tianjin,遗传算法（GA）,GA,35,0.1602799239004919,202
Tianjin,遗传算法（GA）,GA,36,0.1602799239004919,202
Tianjin,遗传算法（GA）,GA,37,0.1602799239004919,202
Tianjin,遗传算法（GA）,GA,38,0.1602799239004919,202
Tianjin,遗传算法（GA）,GA,39,0.1602799239004919,202
Tianjin,遗传算法（GA）,GA,40,0.1602799239004919,202
Tianjin,遗传算法（GA）,GA,41,0.1602799239004919,202
Tianjin,遗传算法（GA）,GA,42,0.1602799239004919,202
Tianjin,遗传算法（GA）,GA,43,0.1602799239004919,202
Tianjin,遗传算法（GA）,GA,44,0.1602799239004919,202
Tianjin,遗传算法（GA）,GA,45,0.1602799239004919,202
Tianjin,遗传算法（GA）,GA,46,0.1602799239004919,202
Tianjin,遗传算法（GA）,GA,47,0.1602799239004919,202
Tianjin,遗传算法（GA）,GA,48,0.1602799239004919,202
Tianjin,遗传算法（GA）,GA,49,0.1602799239004919,202
Tianjin,遗传算法（GA）,GA,50,0.156425333893435,202
Tianjin,遗传算法（GA）,GA,51,0.156425333893435,202
Tianjin,遗传算法（GA）,GA,52,0.156425333893435,202
Tianjin,遗传算法（GA）,GA,53,0.1420283997313072,202
Tianjin,遗传算法（GA）,GA,54,0.1420283997313072,202
Tianjin,遗传算法（GA）,GA,55,0.1420283997313072,202
Tianjin,遗传算法（GA）,GA,56,0.1420283997313072,202
Tianjin,遗传算法（GA）,GA,57,0.1420283997313072,202
Tianjin,遗传算法（GA）,GA,58,0.1420283997313072,202
Tianjin,遗传算法（GA）,GA,59,0.1420283997313072,202
Tianjin,遗传算法（GA）,GA,60,0.1420283997313072,202
Tianjin,遗传算法（GA）,GA,61,0.1420283997313072,202
Tianjin,遗传算法（GA）,GA,62,0.1420283997313072,202
Tianjin,遗传算法（GA）,GA,63,0.1420283997313072,202
Tianjin,遗传算法（GA）,GA,64,0.1420283997313072,202
Tianjin,遗传算法（GA）,GA,65,0.1420283997313072,202
Tianjin,遗传算法（GA）,GA,66,0.1420283997313072,202
Tianjin,遗传算法（GA）,GA,67,0.1420283997313072,202
Tianjin,遗传算法（GA）,GA,68,0.1420283997313072,202
Tianjin,遗传算法（GA）,GA,69,0.1420283997313072,202
Tianjin,遗传算法（GA）,GA,70,0.1420283997313072,202
Tianjin,遗传算法（GA）,GA,71,0.1420283997313072,202
Tianjin,遗传算法（GA）,GA,72,0.1420283997313072,202
Tianjin,遗传算法（GA）,GA,73,0.1420283997313072,202
Tianjin,遗传算法（GA）,GA,74,0.1420283997313072,202
Tianjin,遗传算法（GA）,GA,75,0.1420283997313072,202
Tianjin,遗传算法（GA）,GA,76,0.1420283997313072,202
Tianjin,遗传算法（GA）,GA,77,0.1420283997313072,202
Tianjin,遗传算法（GA）,GA,78,0.1420283997313072,202
Tianjin,遗传算法（GA）,GA,79,0.1420283997313072,202
Tianjin,遗传算法（GA）,GA,80,0.1420283997313072,202
Tianjin,遗传算法（GA）,GA,81,0.1420283997313072,202
Tianjin,遗传算法（GA）,GA,82,0.1420283997313072,202
Tianjin,遗传算法（GA）,GA,83,0.1420283997313072,202
Tianjin,遗传算法（GA）,GA,84,0.1420283997313072,202
Tianjin,遗传算法（GA）,GA,85,0.1420283997313072,202
Tianjin,遗传算法（GA）,GA,86,0.1420283997313072,202
Tianjin,遗传算法（GA）,GA,87,0.1420283997313072,202
Tianjin,遗传算法（GA）,GA,88,0.1420283997313072,202
Tianjin,遗传算法（GA）,GA,89,0.1420283997313072,202
Tianjin,遗传算法（GA）,GA,90,0.1420283997313072,202
Tianjin,遗传算法（GA）,GA,91,0.1420283997313072,202
Tianjin,遗传算法（GA）,GA,92,0.1420283997313072,202
Tianjin,遗传算法（GA）,GA,93,0.1420283997313072,202
Tianjin,遗传算法（GA）,GA,94,0.1420283997313072,202
Tianjin,遗传算法（GA）,GA,95,0.1420283997313072,202
Tianjin,遗传算法（GA）,GA,96,0.1420283997313072,202
Tianjin,遗传算法（GA）,GA,97,0.1420283997313072,202
Tianjin,遗传算法（GA）,GA,98,0.1420283997313072,202
Tianjin,遗传算法（GA）,GA,99,0.1420283997313072,202
Tianjin,遗传算法（GA）,GA,100,0.1420283997313072,202
Tianjin,遗传算法（GA）,GA,1,1.3501567376331796,42
Tianjin,遗传算法（GA）,GA,2,0.270019041642337,42
Tianjin,遗传算法（GA）,GA,3,0.270019041642337,42
Tianjin,遗传算法（GA）,GA,4,0.270019041642337,42
Tianjin,遗传算法（GA）,GA,5,0.270019041642337,42
Tianjin,遗传算法（GA）,GA,6,0.2645439809557474,42
Tianjin,遗传算法（GA）,GA,7,0.2645439809557474,42
Tianjin,遗传算法（GA）,GA,8,0.2645439809557474,42
Tianjin,遗传算法（GA）,GA,9,0.2645439809557474,42
Tianjin,遗传算法（GA）,GA,10,0.2645439809557474,42
Tianjin,遗传算法（GA）,GA,11,0.2645439809557474,42
Tianjin,遗传算法（GA）,GA,12,0.2645439809557474,42
Tianjin,遗传算法（GA）,GA,13,0.2645439809557474,42
Tianjin,遗传算法（GA）,GA,14,0.1843965410926292,42
Tianjin,遗传算法（GA）,GA,15,0.1843965410926292,42
Tianjin,遗传算法（GA）,GA,16,0.1843965410926292,42
Tianjin,遗传算法（GA）,GA,17,0.1843965410926292,42
Tianjin,遗传算法（GA）,GA,18,0.1843965410926292,42
Tianjin,遗传算法（GA）,GA,19,0.1843965410926292,42
Tianjin,遗传算法（GA）,GA,20,0.1843965410926292,42
Tianjin,遗传算法（GA）,GA,21,0.1843965410926292,42
Tianjin,遗传算法（GA）,GA,22,0.1843965410926292,42
Tianjin,遗传算法（GA）,GA,23,0.1843965410926292,42
Tianjin,遗传算法（GA）,GA,24,0.1843965410926292,42
Tianjin,遗传算法（GA）,GA,25,0.1843965410926292,42
Tianjin,遗传算法（GA）,GA,26,0.1843965410926292,42
Tianjin,遗传算法（GA）,GA,27,0.1843965410926292,42
Tianjin,遗传算法（GA）,GA,28,0.1843965410926292,42
Tianjin,遗传算法（GA）,GA,29,0.1843965410926292,42
Tianjin,遗传算法（GA）,GA,30,0.1843965410926292,42
Tianjin,遗传算法（GA）,GA,31,0.1843965410926292,42
Tianjin,遗传算法（GA）,GA,32,0.1843965410926292,42
Tianjin,遗传算法（GA）,GA,33,0.1843965410926292,42
Tianjin,遗传算法（GA）,GA,34,0.1843965410926292,42
Tianjin,遗传算法（GA）,GA,35,0.1843965410926292,42
Tianjin,遗传算法（GA）,GA,36,0.1843965410926292,42
Tianjin,遗传算法（GA）,GA,37,0.1843965410926292,42
Tianjin,遗传算法（GA）,GA,38,0.1843965410926292,42
Tianjin,遗传算法（GA）,GA,39,0.1843965410926292,42
Tianjin,遗传算法（GA）,GA,40,0.1843965410926292,42
Tianjin,遗传算法（GA）,GA,41,0.1843965410926292,42
Tianjin,遗传算法（GA）,GA,42,0.1843965410926292,42
Tianjin,遗传算法（GA）,GA,43,0.1843965410926292,42
Tianjin,遗传算法（GA）,GA,44,0.1843965410926292,42
Tianjin,遗传算法（GA）,GA,45,0.1843965410926292,42
Tianjin,遗传算法（GA）,GA,46,0.1843965410926292,42
Tianjin,遗传算法（GA）,GA,47,0.1843965410926292,42
Tianjin,遗传算法（GA）,GA,48,0.1843965410926292,42
Tianjin,遗传算法（GA）,GA,49,0.1843965410926292,42
Tianjin,遗传算法（GA）,GA,50,0.1843965410926292,42
Tianjin,遗传算法（GA）,GA,51,0.1843965410926292,42
Tianjin,遗传算法（GA）,GA,52,0.1843965410926292,42
Tianjin,遗传算法（GA）,GA,53,0.1843965410926292,42
Tianjin,遗传算法（GA）,GA,54,0.1843965410926292,42
Tianjin,遗传算法（GA）,GA,55,0.1843965410926292,42
Tianjin,遗传算法（GA）,GA,56,0.1843965410926292,42
Tianjin,遗传算法（GA）,GA,57,0.1843965410926292,42
Tianjin,遗传算法（GA）,GA,58,0.1843965410926292,42
Tianjin,遗传算法（GA）,GA,59,0.1843965410926292,42
Tianjin,遗传算法（GA）,GA,60,0.1843965410926292,42
Tianjin,遗传算法（GA）,GA,61,0.1843965410926292,42
Tianjin,遗传算法（GA）,GA,62,0.1843965410926292,42
Tianjin,遗传算法（GA）,GA,63,0.1843965410926292,42
Tianjin,遗传算法（GA）,GA,64,0.1843965410926292,42
Tianjin,遗传算法（GA）,GA,65,0.1843965410926292,42
Tianjin,遗传算法（GA）,GA,66,0.1843965410926292,42
Tianjin,遗传算法（GA）,GA,67,0.1843965410926292,42
Tianjin,遗传算法（GA）,GA,68,0.1843965410926292,42
Tianjin,遗传算法（GA）,GA,69,0.1843965410926292,42
Tianjin,遗传算法（GA）,GA,70,0.1843965410926292,42
Tianjin,遗传算法（GA）,GA,71,0.1843965410926292,42
Tianjin,遗传算法（GA）,GA,72,0.1843965410926292,42
Tianjin,遗传算法（GA）,GA,73,0.1843965410926292,42
Tianjin,遗传算法（GA）,GA,74,0.1843965410926292,42
Tianjin,遗传算法（GA）,GA,75,0.1843965410926292,42
Tianjin,遗传算法（GA）,GA,76,0.1843965410926292,42
Tianjin,遗传算法（GA）,GA,77,0.1843965410926292,42
Tianjin,遗传算法（GA）,GA,78,0.1843965410926292,42
Tianjin,遗传算法（GA）,GA,79,0.1843965410926292,42
Tianjin,遗传算法（GA）,GA,80,0.1843965410926292,42
Tianjin,遗传算法（GA）,GA,81,0.1843965410926292,42
Tianjin,遗传算法（GA）,GA,82,0.1843965410926292,42
Tianjin,遗传算法（GA）,GA,83,0.1843965410926292,42
Tianjin,遗传算法（GA）,GA,84,0.1843965410926292,42
Tianjin,遗传算法（GA）,GA,85,0.1843965410926292,42
Tianjin,遗传算法（GA）,GA,86,0.1843965410926292,42
Tianjin,遗传算法（GA）,GA,87,0.1843965410926292,42
Tianjin,遗传算法（GA）,GA,88,0.1843965410926292,42
Tianjin,遗传算法（GA）,GA,89,0.1843965410926292,42
Tianjin,遗传算法（GA）,GA,90,0.1843965410926292,42
Tianjin,遗传算法（GA）,GA,91,0.1843965410926292,42
Tianjin,遗传算法（GA）,GA,92,0.1843965410926292,42
Tianjin,遗传算法（GA）,GA,93,0.1843965410926292,42
Tianjin,遗传算法（GA）,GA,94,0.1843965410926292,42
Tianjin,遗传算法（GA）,GA,95,0.1843965410926292,42
Tianjin,遗传算法（GA）,GA,96,0.1843965410926292,42
Tianjin,遗传算法（GA）,GA,97,0.1843965410926292,42
Tianjin,遗传算法（GA）,GA,98,0.1843965410926292,42
Tianjin,遗传算法（GA）,GA,99,0.1843965410926292,42
Tianjin,遗传算法（GA）,GA,100,0.1843965410926292,42
Tianjin,遗传算法（GA）,GA,1,0.2526559587103364,101
Tianjin,遗传算法（GA）,GA,2,0.2526559587103364,101
Tianjin,遗传算法（GA）,GA,3,0.2526559587103364,101
Tianjin,遗传算法（GA）,GA,4,0.2526559587103364,101
Tianjin,遗传算法（GA）,GA,5,0.2072589788224288,101
Tianjin,遗传算法（GA）,GA,6,0.2072589788224288,101
Tianjin,遗传算法（GA）,GA,7,0.2072589788224288,101
Tianjin,遗传算法（GA）,GA,8,0.2072589788224288,101
Tianjin,遗传算法（GA）,GA,9,0.2072589788224288,101
Tianjin,遗传算法（GA）,GA,10,0.2072589788224288,101
Tianjin,遗传算法（GA）,GA,11,0.2072589788224288,101
Tianjin,遗传算法（GA）,GA,12,0.2072589788224288,101
Tianjin,遗传算法（GA）,GA,13,0.1994984527093963,101
Tianjin,遗传算法（GA）,GA,14,0.1994984527093963,101
Tianjin,遗传算法（GA）,GA,15,0.1994984527093963,101
Tianjin,遗传算法（GA）,GA,16,0.1994984527093963,101
Tianjin,遗传算法（GA）,GA,17,0.1994984527093963,101
Tianjin,遗传算法（GA）,GA,18,0.1994984527093963,101
Tianjin,遗传算法（GA）,GA,19,0.1994984527093963,101
Tianjin,遗传算法（GA）,GA,20,0.1994984527093963,101
Tianjin,遗传算法（GA）,GA,21,0.1883406975764669,101
Tianjin,遗传算法（GA）,GA,22,0.1883406975764669,101
Tianjin,遗传算法（GA）,GA,23,0.1883406975764669,101
Tianjin,遗传算法（GA）,GA,24,0.1883406975764669,101
Tianjin,遗传算法（GA）,GA,25,0.1883406975764669,101
Tianjin,遗传算法（GA）,GA,26,0.1883406975764669,101
Tianjin,遗传算法（GA）,GA,27,0.1883406975764669,101
Tianjin,遗传算法（GA）,GA,28,0.1883406975764669,101
Tianjin,遗传算法（GA）,GA,29,0.1883406975764669,101
Tianjin,遗传算法（GA）,GA,30,0.1883406975764669,101
Tianjin,遗传算法（GA）,GA,31,0.1883406975764669,101
Tianjin,遗传算法（GA）,GA,32,0.1883406975764669,101
Tianjin,遗传算法（GA）,GA,33,0.1883406975764669,101
Tianjin,遗传算法（GA）,GA,34,0.1883406975764669,101
Tianjin,遗传算法（GA）,GA,35,0.1883406975764669,101
Tianjin,遗传算法（GA）,GA,36,0.1883406975764669,101
Tianjin,遗传算法（GA）,GA,37,0.1883406975764669,101
Tianjin,遗传算法（GA）,GA,38,0.1883406975764669,101
Tianjin,遗传算法（GA）,GA,39,0.1883406975764669,101
Tianjin,遗传算法（GA）,GA,40,0.1883406975764669,101
Tianjin,遗传算法（GA）,GA,41,0.1776409014097273,101
Tianjin,遗传算法（GA）,GA,42,0.1776409014097273,101
Tianjin,遗传算法（GA）,GA,43,0.1776409014097273,101
Tianjin,遗传算法（GA）,GA,44,0.1776409014097273,101
Tianjin,遗传算法（GA）,GA,45,0.1776409014097273,101
Tianjin,遗传算法（GA）,GA,46,0.1776409014097273,101
Tianjin,遗传算法（GA）,GA,47,0.1776409014097273,101
Tianjin,遗传算法（GA）,GA,48,0.1776409014097273,101
Tianjin,遗传算法（GA）,GA,49,0.1776409014097273,101
Tianjin,遗传算法（GA）,GA,50,0.1776409014097273,101
Tianjin,遗传算法（GA）,GA,51,0.1776409014097273,101
Tianjin,遗传算法（GA）,GA,52,0.1598039563019795,101
Tianjin,遗传算法（GA）,GA,53,0.1598039563019795,101
Tianjin,遗传算法（GA）,GA,54,0.1598039563019795,101
Tianjin,遗传算法（GA）,GA,55,0.1598039563019795,101
Tianjin,遗传算法（GA）,GA,56,0.1598039563019795,101
Tianjin,遗传算法（GA）,GA,57,0.1598039563019795,101
Tianjin,遗传算法（GA）,GA,58,0.1598039563019795,101
Tianjin,遗传算法（GA）,GA,59,0.1598039563019795,101
Tianjin,遗传算法（GA）,GA,60,0.1598039563019795,101
Tianjin,遗传算法（GA）,GA,61,0.1571948503740941,101
Tianjin,遗传算法（GA）,GA,62,0.1571948503740941,101
Tianjin,遗传算法（GA）,GA,63,0.1571948503740941,101
Tianjin,遗传算法（GA）,GA,64,0.1571948503740941,101
Tianjin,遗传算法（GA）,GA,65,0.1571948503740941,101
Tianjin,遗传算法（GA）,GA,66,0.1571948503740941,101
Tianjin,遗传算法（GA）,GA,67,0.1571948503740941,101
Tianjin,遗传算法（GA）,GA,68,0.1571948503740941,101
Tianjin,遗传算法（GA）,GA,69,0.1571948503740941,101
Tianjin,遗传算法（GA）,GA,70,0.1571948503740941,101
Tianjin,遗传算法（GA）,GA,71,0.145207706105397,101
Tianjin,遗传算法（GA）,GA,72,0.145207706105397,101
Tianjin,遗传算法（GA）,GA,73,0.145207706105397,101
Tianjin,遗传算法（GA）,GA,74,0.145207706105397,101
Tianjin,遗传算法（GA）,GA,75,0.145207706105397,101
Tianjin,遗传算法（GA）,GA,76,0.145207706105397,101
Tianjin,遗传算法（GA）,GA,77,0.145207706105397,101
Tianjin,遗传算法（GA）,GA,78,0.145207706105397,101
Tianjin,遗传算法（GA）,GA,79,0.145207706105397,101
Tianjin,遗传算法（GA）,GA,80,0.145207706105397,101
Tianjin,遗传算法（GA）,GA,81,0.145207706105397,101
Tianjin,遗传算法（GA）,GA,82,0.145207706105397,101
Tianjin,遗传算法（GA）,GA,83,0.145207706105397,101
Tianjin,遗传算法（GA）,GA,84,0.145207706105397,101
Tianjin,遗传算法（GA）,GA,85,0.145207706105397,101
Tianjin,遗传算法（GA）,GA,86,0.145207706105397,101
Tianjin,遗传算法（GA）,GA,87,0.145207706105397,101
Tianjin,遗传算法（GA）,GA,88,0.145207706105397,101
Tianjin,遗传算法（GA）,GA,89,0.145207706105397,101
Tianjin,遗传算法（GA）,GA,90,0.145207706105397,101
Tianjin,遗传算法（GA）,GA,91,0.145207706105397,101
Tianjin,遗传算法（GA）,GA,92,0.145207706105397,101
Tianjin,遗传算法（GA）,GA,93,0.145207706105397,101
Tianjin,遗传算法（GA）,GA,94,0.145207706105397,101
Tianjin,遗传算法（GA）,GA,95,0.145207706105397,101
Tianjin,遗传算法（GA）,GA,96,0.145207706105397,101
Tianjin,遗传算法（GA）,GA,97,0.145207706105397,101
Tianjin,遗传算法（GA）,GA,98,0.145207706105397,101
Tianjin,遗传算法（GA）,GA,99,0.145207706105397,101
Tianjin,遗传算法（GA）,GA,100,0.145207706105397,101
Tianjin,遗传算法（GA）,GA,1,0.5125394435146705,303
Tianjin,遗传算法（GA）,GA,2,0.1891414873118579,303
Tianjin,遗传算法（GA）,GA,3,0.1891414873118579,303
Tianjin,遗传算法（GA）,GA,4,0.1891414873118579,303
Tianjin,遗传算法（GA）,GA,5,0.1891414873118579,303
Tianjin,遗传算法（GA）,GA,6,0.1891414873118579,303
Tianjin,遗传算法（GA）,GA,7,0.1891414873118579,303
Tianjin,遗传算法（GA）,GA,8,0.1891414873118579,303
Tianjin,遗传算法（GA）,GA,9,0.1891414873118579,303
Tianjin,遗传算法（GA）,GA,10,0.1891414873118579,303
Tianjin,遗传算法（GA）,GA,11,0.1891414873118579,303
Tianjin,遗传算法（GA）,GA,12,0.1891414873118579,303
Tianjin,遗传算法（GA）,GA,13,0.1891414873118579,303
Tianjin,遗传算法（GA）,GA,14,0.1891414873118579,303
Tianjin,遗传算法（GA）,GA,15,0.1891414873118579,303
Tianjin,遗传算法（GA）,GA,16,0.1891414873118579,303
Tianjin,遗传算法（GA）,GA,17,0.1360370401432434,303
Tianjin,遗传算法（GA）,GA,18,0.1360370401432434,303
Tianjin,遗传算法（GA）,GA,19,0.1360370401432434,303
Tianjin,遗传算法（GA）,GA,20,0.1360370401432434,303
Tianjin,遗传算法（GA）,GA,21,0.1360370401432434,303
Tianjin,遗传算法（GA）,GA,22,0.1360370401432434,303
Tianjin,遗传算法（GA）,GA,23,0.1360370401432434,303
Tianjin,遗传算法（GA）,GA,24,0.1360370401432434,303
Tianjin,遗传算法（GA）,GA,25,0.1360370401432434,303
Tianjin,遗传算法（GA）,GA,26,0.1360370401432434,303
Tianjin,遗传算法（GA）,GA,27,0.1360370401432434,303
Tianjin,遗传算法（GA）,GA,28,0.1360370401432434,303
Tianjin,遗传算法（GA）,GA,29,0.1360370401432434,303
Tianjin,遗传算法（GA）,GA,30,0.1360370401432434,303
Tianjin,遗传算法（GA）,GA,31,0.1360370401432434,303
Tianjin,遗传算法（GA）,GA,32,0.1360370401432434,303
Tianjin,遗传算法（GA）,GA,33,0.1360370401432434,303
Tianjin,遗传算法（GA）,GA,34,0.1360370401432434,303
Tianjin,遗传算法（GA）,GA,35,0.1360370401432434,303
Tianjin,遗传算法（GA）,GA,36,0.1360370401432434,303
Tianjin,遗传算法（GA）,GA,37,0.1360370401432434,303
Tianjin,遗传算法（GA）,GA,38,0.1360370401432434,303
Tianjin,遗传算法（GA）,GA,39,0.1360370401432434,303
Tianjin,遗传算法（GA）,GA,40,0.1360370401432434,303
Tianjin,遗传算法（GA）,GA,41,0.1360370401432434,303
Tianjin,遗传算法（GA）,GA,42,0.1360370401432434,303
Tianjin,遗传算法（GA）,GA,43,0.1360370401432434,303
Tianjin,遗传算法（GA）,GA,44,0.1360370401432434,303
Tianjin,遗传算法（GA）,GA,45,0.1360370401432434,303
Tianjin,遗传算法（GA）,GA,46,0.1360370401432434,303
Tianjin,遗传算法（GA）,GA,47,0.1360370401432434,303
Tianjin,遗传算法（GA）,GA,48,0.1360370401432434,303
Tianjin,遗传算法（GA）,GA,49,0.1360370401432434,303
Tianjin,遗传算法（GA）,GA,50,0.1360370401432434,303
Tianjin,遗传算法（GA）,GA,51,0.1360370401432434,303
Tianjin,遗传算法（GA）,GA,52,0.1360370401432434,303
Tianjin,遗传算法（GA）,GA,53,0.1360370401432434,303
Tianjin,遗传算法（GA）,GA,54,0.1360370401432434,303
Tianjin,遗传算法（GA）,GA,55,0.1360370401432434,303
Tianjin,遗传算法（GA）,GA,56,0.1360370401432434,303
Tianjin,遗传算法（GA）,GA,57,0.1360370401432434,303
Tianjin,遗传算法（GA）,GA,58,0.1360370401432434,303
Tianjin,遗传算法（GA）,GA,59,0.1360370401432434,303
Tianjin,遗传算法（GA）,GA,60,0.1360370401432434,303
Tianjin,遗传算法（GA）,GA,61,0.1360370401432434,303
Tianjin,遗传算法（GA）,GA,62,0.1360370401432434,303
Tianjin,遗传算法（GA）,GA,63,0.1360370401432434,303
Tianjin,遗传算法（GA）,GA,64,0.1360370401432434,303
Tianjin,遗传算法（GA）,GA,65,0.1360370401432434,303
Tianjin,遗传算法（GA）,GA,66,0.1360370401432434,303
Tianjin,遗传算法（GA）,GA,67,0.1360370401432434,303
Tianjin,遗传算法（GA）,GA,68,0.1360370401432434,303
Tianjin,遗传算法（GA）,GA,69,0.1360370401432434,303
Tianjin,遗传算法（GA）,GA,70,0.1360370401432434,303
Tianjin,遗传算法（GA）,GA,71,0.1360370401432434,303
Tianjin,遗传算法（GA）,GA,72,0.1360370401432434,303
Tianjin,遗传算法（GA）,GA,73,0.1360370401432434,303
Tianjin,遗传算法（GA）,GA,74,0.1360370401432434,303
Tianjin,遗传算法（GA）,GA,75,0.1360370401432434,303
Tianjin,遗传算法（GA）,GA,76,0.1360370401432434,303
Tianjin,遗传算法（GA）,GA,77,0.1360370401432434,303
Tianjin,遗传算法（GA）,GA,78,0.1360370401432434,303
Tianjin,遗传算法（GA）,GA,79,0.1360370401432434,303
Tianjin,遗传算法（GA）,GA,80,0.1360370401432434,303
Tianjin,遗传算法（GA）,GA,81,0.1360370401432434,303
Tianjin,遗传算法（GA）,GA,82,0.1360370401432434,303
Tianjin,遗传算法（GA）,GA,83,0.1360370401432434,303
Tianjin,遗传算法（GA）,GA,84,0.1360370401432434,303
Tianjin,遗传算法（GA）,GA,85,0.1360370401432434,303
Tianjin,遗传算法（GA）,GA,86,0.1360370401432434,303
Tianjin,遗传算法（GA）,GA,87,0.1360370401432434,303
Tianjin,遗传算法（GA）,GA,88,0.1360370401432434,303
Tianjin,遗传算法（GA）,GA,89,0.1360370401432434,303
Tianjin,遗传算法（GA）,GA,90,0.1360370401432434,303
Tianjin,遗传算法（GA）,GA,91,0.1360370401432434,303
Tianjin,遗传算法（GA）,GA,92,0.1360370401432434,303
Tianjin,遗传算法（GA）,GA,93,0.1360370401432434,303
Tianjin,遗传算法（GA）,GA,94,0.1360370401432434,303
Tianjin,遗传算法（GA）,GA,95,0.1360370401432434,303
Tianjin,遗传算法（GA）,GA,96,0.1360370401432434,303
Tianjin,遗传算法（GA）,GA,97,0.1360370401432434,303
Tianjin,遗传算法（GA）,GA,98,0.1360370401432434,303
Tianjin,遗传算法（GA）,GA,99,0.1360370401432434,303
Tianjin,遗传算法（GA）,GA,100,0.1360370401432434,303
Tianjin,遗传算法（GA）,GA,1,0.405935843422586,404
Tianjin,遗传算法（GA）,GA,2,0.3360149060139495,404
Tianjin,遗传算法（GA）,GA,3,0.3360149060139495,404
Tianjin,遗传算法（GA）,GA,4,0.3360149060139495,404
Tianjin,遗传算法（GA）,GA,5,0.3360149060139495,404
Tianjin,遗传算法（GA）,GA,6,0.3360149060139495,404
Tianjin,遗传算法（GA）,GA,7,0.2329631779119523,404
Tianjin,遗传算法（GA）,GA,8,0.191799303694584,404
Tianjin,遗传算法（GA）,GA,9,0.191799303694584,404
Tianjin,遗传算法（GA）,GA,10,0.191799303694584,404
Tianjin,遗传算法（GA）,GA,11,0.191799303694584,404
Tianjin,遗传算法（GA）,GA,12,0.191799303694584,404
Tianjin,遗传算法（GA）,GA,13,0.191799303694584,404
Tianjin,遗传算法（GA）,GA,14,0.191799303694584,404
Tianjin,遗传算法（GA）,GA,15,0.191799303694584,404
Tianjin,遗传算法（GA）,GA,16,0.191799303694584,404
Tianjin,遗传算法（GA）,GA,17,0.191799303694584,404
Tianjin,遗传算法（GA）,GA,18,0.191799303694584,404
Tianjin,遗传算法（GA）,GA,19,0.191799303694584,404
Tianjin,遗传算法（GA）,GA,20,0.191799303694584,404
Tianjin,遗传算法（GA）,GA,21,0.1904605777472433,404
Tianjin,遗传算法（GA）,GA,22,0.1904605777472433,404
Tianjin,遗传算法（GA）,GA,23,0.1904605777472433,404
Tianjin,遗传算法（GA）,GA,24,0.1904605777472433,404
Tianjin,遗传算法（GA）,GA,25,0.1904605777472433,404
Tianjin,遗传算法（GA）,GA,26,0.1904605777472433,404
Tianjin,遗传算法（GA）,GA,27,0.1372710450046596,404
Tianjin,遗传算法（GA）,GA,28,0.1372710450046596,404
Tianjin,遗传算法（GA）,GA,29,0.1372710450046596,404
Tianjin,遗传算法（GA）,GA,30,0.1372710450046596,404
Tianjin,遗传算法（GA）,GA,31,0.1372710450046596,404
Tianjin,遗传算法（GA）,GA,32,0.1372710450046596,404
Tianjin,遗传算法（GA）,GA,33,0.1372710450046596,404
Tianjin,遗传算法（GA）,GA,34,0.1372710450046596,404
Tianjin,遗传算法（GA）,GA,35,0.1372710450046596,404
Tianjin,遗传算法（GA）,GA,36,0.1372710450046596,404
Tianjin,遗传算法（GA）,GA,37,0.1372710450046596,404
Tianjin,遗传算法（GA）,GA,38,0.1372710450046596,404
Tianjin,遗传算法（GA）,GA,39,0.1372710450046596,404
Tianjin,遗传算法（GA）,GA,40,0.1372710450046596,404
Tianjin,遗传算法（GA）,GA,41,0.1372710450046596,404
Tianjin,遗传算法（GA）,GA,42,0.1372710450046596,404
Tianjin,遗传算法（GA）,GA,43,0.1372710450046596,404
Tianjin,遗传算法（GA）,GA,44,0.1372710450046596,404
Tianjin,遗传算法（GA）,GA,45,0.1372710450046596,404
Tianjin,遗传算法（GA）,GA,46,0.1372710450046596,404
Tianjin,遗传算法（GA）,GA,47,0.1372710450046596,404
Tianjin,遗传算法（GA）,GA,48,0.1372710450046596,404
Tianjin,遗传算法（GA）,GA,49,0.1372710450046596,404
Tianjin,遗传算法（GA）,GA,50,0.1372710450046596,404
Tianjin,遗传算法（GA）,GA,51,0.1372710450046596,404
Tianjin,遗传算法（GA）,GA,52,0.1372710450046596,404
Tianjin,遗传算法（GA）,GA,53,0.1360617521740627,404
Tianjin,遗传算法（GA）,GA,54,0.1360617521740627,404
Tianjin,遗传算法（GA）,GA,55,0.1360617521740627,404
Tianjin,遗传算法（GA）,GA,56,0.1360617521740627,404
Tianjin,遗传算法（GA）,GA,57,0.1360617521740627,404
Tianjin,遗传算法（GA）,GA,58,0.1360617521740627,404
Tianjin,遗传算法（GA）,GA,59,0.1360617521740627,404
Tianjin,遗传算法（GA）,GA,60,0.1360617521740627,404
Tianjin,遗传算法（GA）,GA,61,0.1360617521740627,404
Tianjin,遗传算法（GA）,GA,62,0.1360617521740627,404
Tianjin,遗传算法（GA）,GA,63,0.1360617521740627,404
Tianjin,遗传算法（GA）,GA,64,0.1360617521740627,404
Tianjin,遗传算法（GA）,GA,65,0.1360617521740627,404
Tianjin,遗传算法（GA）,GA,66,0.1360617521740627,404
Tianjin,遗传算法（GA）,GA,67,0.1360617521740627,404
Tianjin,遗传算法（GA）,GA,68,0.1360617521740627,404
Tianjin,遗传算法（GA）,GA,69,0.1360617521740627,404
Tianjin,遗传算法（GA）,GA,70,0.1251533983317003,404
Tianjin,遗传算法（GA）,GA,71,0.1251533983317003,404
Tianjin,遗传算法（GA）,GA,72,0.1251533983317003,404
Tianjin,遗传算法（GA）,GA,73,0.1251533983317003,404
Tianjin,遗传算法（GA）,GA,74,0.1251533983317003,404
Tianjin,遗传算法（GA）,GA,75,0.1251533983317003,404
Tianjin,遗传算法（GA）,GA,76,0.1251533983317003,404
Tianjin,遗传算法（GA）,GA,77,0.1251533983317003,404
Tianjin,遗传算法（GA）,GA,78,0.1251533983317003,404
Tianjin,遗传算法（GA）,GA,79,0.1251533983317003,404
Tianjin,遗传算法（GA）,GA,80,0.1251533983317003,404
Tianjin,遗传算法（GA）,GA,81,0.1251533983317003,404
Tianjin,遗传算法（GA）,GA,82,0.1251533983317003,404
Tianjin,遗传算法（GA）,GA,83,0.1251533983317003,404
Tianjin,遗传算法（GA）,GA,84,0.1251533983317003,404
Tianjin,遗传算法（GA）,GA,85,0.1251533983317003,404
Tianjin,遗传算法（GA）,GA,86,0.1251533983317003,404
Tianjin,遗传算法（GA）,GA,87,0.1251533983317003,404
Tianjin,遗传算法（GA）,GA,88,0.1251533983317003,404
Tianjin,遗传算法（GA）,GA,89,0.1251533983317003,404
Tianjin,遗传算法（GA）,GA,90,0.1251533983317003,404
Tianjin,遗传算法（GA）,GA,91,0.1251533983317003,404
Tianjin,遗传算法（GA）,GA,92,0.1251533983317003,404
Tianjin,遗传算法（GA）,GA,93,0.1251533983317003,404
Tianjin,遗传算法（GA）,GA,94,0.1251533983317003,404
Tianjin,遗传算法（GA）,GA,95,0.1251533983317003,404
Tianjin,遗传算法（GA）,GA,96,0.1251533983317003,404
Tianjin,遗传算法（GA）,GA,97,0.1251533983317003,404
Tianjin,遗传算法（GA）,GA,98,0.1251533983317003,404
Tianjin,遗传算法（GA）,GA,99,0.1251533983317003,404
Tianjin,遗传算法（GA）,GA,100,0.1251533983317003,404
Changchun,BF-SAC-RF,BF-SAC-RF,1,0.690969,101
Changchun,BF-SAC-RF,BF-SAC-RF,2,0.690969,101
Changchun,BF-SAC-RF,BF-SAC-RF,3,0.640775,101
Changchun,BF-SAC-RF,BF-SAC-RF,4,0.640365,101
Changchun,BF-SAC-RF,BF-SAC-RF,5,0.640365,101
Changchun,BF-SAC-RF,BF-SAC-RF,6,0.628817,101
Changchun,BF-SAC-RF,BF-SAC-RF,7,0.628817,101
Changchun,BF-SAC-RF,BF-SAC-RF,8,0.628817,101
Changchun,BF-SAC-RF,BF-SAC-RF,9,0.587119,101
Changchun,BF-SAC-RF,BF-SAC-RF,10,0.582342,101
Changchun,BF-SAC-RF,BF-SAC-RF,11,0.575576,101
Changchun,BF-SAC-RF,BF-SAC-RF,12,0.575576,101
Changchun,BF-SAC-RF,BF-SAC-RF,13,0.575576,101
Changchun,BF-SAC-RF,BF-SAC-RF,14,0.218136,101
Changchun,BF-SAC-RF,BF-SAC-RF,15,0.218136,101
Changchun,BF-SAC-RF,BF-SAC-RF,16,0.218136,101
Changchun,BF-SAC-RF,BF-SAC-RF,17,0.218136,101
Changchun,BF-SAC-RF,BF-SAC-RF,18,0.218136,101
Changchun,BF-SAC-RF,BF-SAC-RF,19,0.218136,101
Changchun,BF-SAC-RF,BF-SAC-RF,20,0.218136,101
Changchun,BF-SAC-RF,BF-SAC-RF,21,0.218136,101
Changchun,BF-SAC-RF,BF-SAC-RF,22,0.218136,101
Changchun,BF-SAC-RF,BF-SAC-RF,23,0.218136,101
Changchun,BF-SAC-RF,BF-SAC-RF,24,0.218136,101
Changchun,BF-SAC-RF,BF-SAC-RF,25,0.218136,101
Changchun,BF-SAC-RF,BF-SAC-RF,26,0.218136,101
Changchun,BF-SAC-RF,BF-SAC-RF,27,0.218136,101
Changchun,BF-SAC-RF,BF-SAC-RF,28,0.218136,101
Changchun,BF-SAC-RF,BF-SAC-RF,29,0.218136,101
Changchun,BF-SAC-RF,BF-SAC-RF,30,0.218136,101
Changchun,BF-SAC-RF,BF-SAC-RF,31,0.218136,101
Changchun,BF-SAC-RF,BF-SAC-RF,32,0.218136,101
Changchun,BF-SAC-RF,BF-SAC-RF,33,0.218136,101
Changchun,BF-SAC-RF,BF-SAC-RF,34,0.218136,101
Changchun,BF-SAC-RF,BF-SAC-RF,35,0.218136,101
Changchun,BF-SAC-RF,BF-SAC-RF,36,0.218136,101
Changchun,BF-SAC-RF,BF-SAC-RF,37,0.218136,101
Changchun,BF-SAC-RF,BF-SAC-RF,38,0.218136,101
Changchun,BF-SAC-RF,BF-SAC-RF,39,0.218136,101
Changchun,BF-SAC-RF,BF-SAC-RF,40,0.218136,101
Changchun,BF-SAC-RF,BF-SAC-RF,41,0.218136,101
Changchun,BF-SAC-RF,BF-SAC-RF,42,0.218136,101
Changchun,BF-SAC-RF,BF-SAC-RF,43,0.218136,101
Changchun,BF-SAC-RF,BF-SAC-RF,44,0.218136,101
Changchun,BF-SAC-RF,BF-SAC-RF,45,0.218136,101
Changchun,BF-SAC-RF,BF-SAC-RF,46,0.218136,101
Changchun,BF-SAC-RF,BF-SAC-RF,47,0.218136,101
Changchun,BF-SAC-RF,BF-SAC-RF,48,0.218136,101
Changchun,BF-SAC-RF,BF-SAC-RF,49,0.218136,101
Changchun,BF-SAC-RF,BF-SAC-RF,50,0.218136,101
Changchun,BF-SAC-RF,BF-SAC-RF,51,0.218136,101
Changchun,BF-SAC-RF,BF-SAC-RF,52,0.218136,101
Changchun,BF-SAC-RF,BF-SAC-RF,53,0.218136,101
Changchun,BF-SAC-RF,BF-SAC-RF,54,0.218136,101
Changchun,BF-SAC-RF,BF-SAC-RF,55,0.218136,101
Changchun,BF-SAC-RF,BF-SAC-RF,56,0.218136,101
Changchun,BF-SAC-RF,BF-SAC-RF,57,0.218136,101
Changchun,BF-SAC-RF,BF-SAC-RF,58,0.218136,101
Changchun,BF-SAC-RF,BF-SAC-RF,59,0.218136,101
Changchun,BF-SAC-RF,BF-SAC-RF,60,0.218136,101
Changchun,BF-SAC-RF,BF-SAC-RF,61,0.218136,101
Changchun,BF-SAC-RF,BF-SAC-RF,62,0.218136,101
Changchun,BF-SAC-RF,BF-SAC-RF,63,0.218136,101
Changchun,BF-SAC-RF,BF-SAC-RF,64,0.218136,101
Changchun,BF-SAC-RF,BF-SAC-RF,65,0.218136,101
Changchun,BF-SAC-RF,BF-SAC-RF,66,0.218136,101
Changchun,BF-SAC-RF,BF-SAC-RF,67,0.218136,101
Changchun,BF-SAC-RF,BF-SAC-RF,68,0.218136,101
Changchun,BF-SAC-RF,BF-SAC-RF,69,0.218136,101
Changchun,BF-SAC-RF,BF-SAC-RF,70,0.218136,101
Changchun,BF-SAC-RF,BF-SAC-RF,71,0.218136,101
Changchun,BF-SAC-RF,BF-SAC-RF,72,0.218136,101
Changchun,BF-SAC-RF,BF-SAC-RF,73,0.218136,101
Changchun,BF-SAC-RF,BF-SAC-RF,74,0.218136,101
Changchun,BF-SAC-RF,BF-SAC-RF,75,0.212557,101
Changchun,BF-SAC-RF,BF-SAC-RF,76,0.212557,101
Changchun,BF-SAC-RF,BF-SAC-RF,77,0.210767,101
Changchun,BF-SAC-RF,BF-SAC-RF,78,0.210767,101
Changchun,BF-SAC-RF,BF-SAC-RF,79,0.210767,101
Changchun,BF-SAC-RF,BF-SAC-RF,80,0.210767,101
Changchun,BF-SAC-RF,BF-SAC-RF,81,0.210767,101
Changchun,BF-SAC-RF,BF-SAC-RF,82,0.210767,101
Changchun,BF-SAC-RF,BF-SAC-RF,83,0.210767,101
Changchun,BF-SAC-RF,BF-SAC-RF,84,0.210767,101
Changchun,BF-SAC-RF,BF-SAC-RF,85,0.210767,101
Changchun,BF-SAC-RF,BF-SAC-RF,86,0.210767,101
Changchun,BF-SAC-RF,BF-SAC-RF,87,0.188245,101
Changchun,BF-SAC-RF,BF-SAC-RF,88,0.188245,101
Changchun,BF-SAC-RF,BF-SAC-RF,89,0.188245,101
Changchun,BF-SAC-RF,BF-SAC-RF,90,0.188245,101
Changchun,BF-SAC-RF,BF-SAC-RF,91,0.188245,101
Changchun,BF-SAC-RF,BF-SAC-RF,92,0.188245,101
Changchun,BF-SAC-RF,BF-SAC-RF,93,0.188245,101
Changchun,BF-SAC-RF,BF-SAC-RF,94,0.188245,101
Changchun,BF-SAC-RF,BF-SAC-RF,95,0.188245,101
Changchun,BF-SAC-RF,BF-SAC-RF,96,0.188245,101
Changchun,BF-SAC-RF,BF-SAC-RF,97,0.188245,101
Changchun,BF-SAC-RF,BF-SAC-RF,98,0.188245,101
Changchun,BF-SAC-RF,BF-SAC-RF,99,0.188245,101
Changchun,BF-SAC-RF,BF-SAC-RF,100,0.188245,101
Changchun,BF-SAC-RF,BF-SAC-RF,1,0.689563,303
Changchun,BF-SAC-RF,BF-SAC-RF,2,0.459683,303
Changchun,BF-SAC-RF,BF-SAC-RF,3,0.459683,303
Changchun,BF-SAC-RF,BF-SAC-RF,4,0.459683,303
Changchun,BF-SAC-RF,BF-SAC-RF,5,0.459683,303
Changchun,BF-SAC-RF,BF-SAC-RF,6,0.459683,303
Changchun,BF-SAC-RF,BF-SAC-RF,7,0.459683,303
Changchun,BF-SAC-RF,BF-SAC-RF,8,0.459683,303
Changchun,BF-SAC-RF,BF-SAC-RF,9,0.331558,303
Changchun,BF-SAC-RF,BF-SAC-RF,10,0.331558,303
Changchun,BF-SAC-RF,BF-SAC-RF,11,0.331558,303
Changchun,BF-SAC-RF,BF-SAC-RF,12,0.331558,303
Changchun,BF-SAC-RF,BF-SAC-RF,13,0.331558,303
Changchun,BF-SAC-RF,BF-SAC-RF,14,0.331558,303
Changchun,BF-SAC-RF,BF-SAC-RF,15,0.331558,303
Changchun,BF-SAC-RF,BF-SAC-RF,16,0.331558,303
Changchun,BF-SAC-RF,BF-SAC-RF,17,0.331558,303
Changchun,BF-SAC-RF,BF-SAC-RF,18,0.331558,303
Changchun,BF-SAC-RF,BF-SAC-RF,19,0.331558,303
Changchun,BF-SAC-RF,BF-SAC-RF,20,0.331558,303
Changchun,BF-SAC-RF,BF-SAC-RF,21,0.331558,303
Changchun,BF-SAC-RF,BF-SAC-RF,22,0.331558,303
Changchun,BF-SAC-RF,BF-SAC-RF,23,0.331558,303
Changchun,BF-SAC-RF,BF-SAC-RF,24,0.331558,303
Changchun,BF-SAC-RF,BF-SAC-RF,25,0.331558,303
Changchun,BF-SAC-RF,BF-SAC-RF,26,0.331558,303
Changchun,BF-SAC-RF,BF-SAC-RF,27,0.331558,303
Changchun,BF-SAC-RF,BF-SAC-RF,28,0.331558,303
Changchun,BF-SAC-RF,BF-SAC-RF,29,0.331558,303
Changchun,BF-SAC-RF,BF-SAC-RF,30,0.331558,303
Changchun,BF-SAC-RF,BF-SAC-RF,31,0.331558,303
Changchun,BF-SAC-RF,BF-SAC-RF,32,0.331558,303
Changchun,BF-SAC-RF,BF-SAC-RF,33,0.331558,303
Changchun,BF-SAC-RF,BF-SAC-RF,34,0.331558,303
Changchun,BF-SAC-RF,BF-SAC-RF,35,0.331558,303
Changchun,BF-SAC-RF,BF-SAC-RF,36,0.331558,303
Changchun,BF-SAC-RF,BF-SAC-RF,37,0.331558,303
Changchun,BF-SAC-RF,BF-SAC-RF,38,0.331266,303
Changchun,BF-SAC-RF,BF-SAC-RF,39,0.331266,303
Changchun,BF-SAC-RF,BF-SAC-RF,40,0.331266,303
Changchun,BF-SAC-RF,BF-SAC-RF,41,0.331266,303
Changchun,BF-SAC-RF,BF-SAC-RF,42,0.331266,303
Changchun,BF-SAC-RF,BF-SAC-RF,43,0.303399,303
Changchun,BF-SAC-RF,BF-SAC-RF,44,0.303399,303
Changchun,BF-SAC-RF,BF-SAC-RF,45,0.303399,303
Changchun,BF-SAC-RF,BF-SAC-RF,46,0.303399,303
Changchun,BF-SAC-RF,BF-SAC-RF,47,0.303399,303
Changchun,BF-SAC-RF,BF-SAC-RF,48,0.280849,303
Changchun,BF-SAC-RF,BF-SAC-RF,49,0.280849,303
Changchun,BF-SAC-RF,BF-SAC-RF,50,0.280849,303
Changchun,BF-SAC-RF,BF-SAC-RF,51,0.280849,303
Changchun,BF-SAC-RF,BF-SAC-RF,52,0.280849,303
Changchun,BF-SAC-RF,BF-SAC-RF,53,0.280849,303
Changchun,BF-SAC-RF,BF-SAC-RF,54,0.280849,303
Changchun,BF-SAC-RF,BF-SAC-RF,55,0.280849,303
Changchun,BF-SAC-RF,BF-SAC-RF,56,0.280849,303
Changchun,BF-SAC-RF,BF-SAC-RF,57,0.280849,303
Changchun,BF-SAC-RF,BF-SAC-RF,58,0.280849,303
Changchun,BF-SAC-RF,BF-SAC-RF,59,0.280041,303
Changchun,BF-SAC-RF,BF-SAC-RF,60,0.280041,303
Changchun,BF-SAC-RF,BF-SAC-RF,61,0.280041,303
Changchun,BF-SAC-RF,BF-SAC-RF,62,0.27575,303
Changchun,BF-SAC-RF,BF-SAC-RF,63,0.27575,303
Changchun,BF-SAC-RF,BF-SAC-RF,64,0.27575,303
Changchun,BF-SAC-RF,BF-SAC-RF,65,0.233251,303
Changchun,BF-SAC-RF,BF-SAC-RF,66,0.233251,303
Changchun,BF-SAC-RF,BF-SAC-RF,67,0.233251,303
Changchun,BF-SAC-RF,BF-SAC-RF,68,0.233251,303
Changchun,BF-SAC-RF,BF-SAC-RF,69,0.233251,303
Changchun,BF-SAC-RF,BF-SAC-RF,70,0.233251,303
Changchun,BF-SAC-RF,BF-SAC-RF,71,0.201979,303
Changchun,BF-SAC-RF,BF-SAC-RF,72,0.201979,303
Changchun,BF-SAC-RF,BF-SAC-RF,73,0.201979,303
Changchun,BF-SAC-RF,BF-SAC-RF,74,0.201979,303
Changchun,BF-SAC-RF,BF-SAC-RF,75,0.201979,303
Changchun,BF-SAC-RF,BF-SAC-RF,76,0.201979,303
Changchun,BF-SAC-RF,BF-SAC-RF,77,0.196805,303
Changchun,BF-SAC-RF,BF-SAC-RF,78,0.196805,303
Changchun,BF-SAC-RF,BF-SAC-RF,79,0.196805,303
Changchun,BF-SAC-RF,BF-SAC-RF,80,0.196805,303
Changchun,BF-SAC-RF,BF-SAC-RF,81,0.196805,303
Changchun,BF-SAC-RF,BF-SAC-RF,82,0.196805,303
Changchun,BF-SAC-RF,BF-SAC-RF,83,0.196805,303
Changchun,BF-SAC-RF,BF-SAC-RF,84,0.196805,303
Changchun,BF-SAC-RF,BF-SAC-RF,85,0.196805,303
Changchun,BF-SAC-RF,BF-SAC-RF,86,0.196805,303
Changchun,BF-SAC-RF,BF-SAC-RF,87,0.196805,303
Changchun,BF-SAC-RF,BF-SAC-RF,88,0.196805,303
Changchun,BF-SAC-RF,BF-SAC-RF,89,0.196805,303
Changchun,BF-SAC-RF,BF-SAC-RF,90,0.196805,303
Changchun,BF-SAC-RF,BF-SAC-RF,91,0.196805,303
Changchun,BF-SAC-RF,BF-SAC-RF,92,0.196805,303
Changchun,BF-SAC-RF,BF-SAC-RF,93,0.196805,303
Changchun,BF-SAC-RF,BF-SAC-RF,94,0.191857,303
Changchun,BF-SAC-RF,BF-SAC-RF,95,0.191857,303
Changchun,BF-SAC-RF,BF-SAC-RF,96,0.191857,303
Changchun,BF-SAC-RF,BF-SAC-RF,97,0.191857,303
Changchun,BF-SAC-RF,BF-SAC-RF,98,0.191857,303
Changchun,BF-SAC-RF,BF-SAC-RF,99,0.191857,303
Changchun,BF-SAC-RF,BF-SAC-RF,100,0.191857,303
Changchun,BF-SAC-RF,BF-SAC-RF,1,0.599544,42
Changchun,BF-SAC-RF,BF-SAC-RF,2,0.599544,42
Changchun,BF-SAC-RF,BF-SAC-RF,3,0.54655,42
Changchun,BF-SAC-RF,BF-SAC-RF,4,0.54655,42
Changchun,BF-SAC-RF,BF-SAC-RF,5,0.253711,42
Changchun,BF-SAC-RF,BF-SAC-RF,6,0.253711,42
Changchun,BF-SAC-RF,BF-SAC-RF,7,0.253711,42
Changchun,BF-SAC-RF,BF-SAC-RF,8,0.253711,42
Changchun,BF-SAC-RF,BF-SAC-RF,9,0.253711,42
Changchun,BF-SAC-RF,BF-SAC-RF,10,0.253711,42
Changchun,BF-SAC-RF,BF-SAC-RF,11,0.253711,42
Changchun,BF-SAC-RF,BF-SAC-RF,12,0.253711,42
Changchun,BF-SAC-RF,BF-SAC-RF,13,0.253711,42
Changchun,BF-SAC-RF,BF-SAC-RF,14,0.253711,42
Changchun,BF-SAC-RF,BF-SAC-RF,15,0.253711,42
Changchun,BF-SAC-RF,BF-SAC-RF,16,0.253711,42
Changchun,BF-SAC-RF,BF-SAC-RF,17,0.253711,42
Changchun,BF-SAC-RF,BF-SAC-RF,18,0.253711,42
Changchun,BF-SAC-RF,BF-SAC-RF,19,0.253711,42
Changchun,BF-SAC-RF,BF-SAC-RF,20,0.253711,42
Changchun,BF-SAC-RF,BF-SAC-RF,21,0.253711,42
Changchun,BF-SAC-RF,BF-SAC-RF,22,0.253711,42
Changchun,BF-SAC-RF,BF-SAC-RF,23,0.253711,42
Changchun,BF-SAC-RF,BF-SAC-RF,24,0.253711,42
Changchun,BF-SAC-RF,BF-SAC-RF,25,0.253711,42
Changchun,BF-SAC-RF,BF-SAC-RF,26,0.253711,42
Changchun,BF-SAC-RF,BF-SAC-RF,27,0.253711,42
Changchun,BF-SAC-RF,BF-SAC-RF,28,0.253711,42
Changchun,BF-SAC-RF,BF-SAC-RF,29,0.253711,42
Changchun,BF-SAC-RF,BF-SAC-RF,30,0.253711,42
Changchun,BF-SAC-RF,BF-SAC-RF,31,0.253711,42
Changchun,BF-SAC-RF,BF-SAC-RF,32,0.253711,42
Changchun,BF-SAC-RF,BF-SAC-RF,33,0.218503,42
Changchun,BF-SAC-RF,BF-SAC-RF,34,0.218503,42
Changchun,BF-SAC-RF,BF-SAC-RF,35,0.218503,42
Changchun,BF-SAC-RF,BF-SAC-RF,36,0.218503,42
Changchun,BF-SAC-RF,BF-SAC-RF,37,0.218503,42
Changchun,BF-SAC-RF,BF-SAC-RF,38,0.218503,42
Changchun,BF-SAC-RF,BF-SAC-RF,39,0.218503,42
Changchun,BF-SAC-RF,BF-SAC-RF,40,0.218503,42
Changchun,BF-SAC-RF,BF-SAC-RF,41,0.218503,42
Changchun,BF-SAC-RF,BF-SAC-RF,42,0.218503,42
Changchun,BF-SAC-RF,BF-SAC-RF,43,0.218503,42
Changchun,BF-SAC-RF,BF-SAC-RF,44,0.218503,42
Changchun,BF-SAC-RF,BF-SAC-RF,45,0.218503,42
Changchun,BF-SAC-RF,BF-SAC-RF,46,0.218503,42
Changchun,BF-SAC-RF,BF-SAC-RF,47,0.218503,42
Changchun,BF-SAC-RF,BF-SAC-RF,48,0.218503,42
Changchun,BF-SAC-RF,BF-SAC-RF,49,0.218503,42
Changchun,BF-SAC-RF,BF-SAC-RF,50,0.218503,42
Changchun,BF-SAC-RF,BF-SAC-RF,51,0.218503,42
Changchun,BF-SAC-RF,BF-SAC-RF,52,0.218503,42
Changchun,BF-SAC-RF,BF-SAC-RF,53,0.218503,42
Changchun,BF-SAC-RF,BF-SAC-RF,54,0.218503,42
Changchun,BF-SAC-RF,BF-SAC-RF,55,0.218503,42
Changchun,BF-SAC-RF,BF-SAC-RF,56,0.218503,42
Changchun,BF-SAC-RF,BF-SAC-RF,57,0.218503,42
Changchun,BF-SAC-RF,BF-SAC-RF,58,0.218503,42
Changchun,BF-SAC-RF,BF-SAC-RF,59,0.218503,42
Changchun,BF-SAC-RF,BF-SAC-RF,60,0.218503,42
Changchun,BF-SAC-RF,BF-SAC-RF,61,0.218503,42
Changchun,BF-SAC-RF,BF-SAC-RF,62,0.218503,42
Changchun,BF-SAC-RF,BF-SAC-RF,63,0.218503,42
Changchun,BF-SAC-RF,BF-SAC-RF,64,0.218503,42
Changchun,BF-SAC-RF,BF-SAC-RF,65,0.218503,42
Changchun,BF-SAC-RF,BF-SAC-RF,66,0.218503,42
Changchun,BF-SAC-RF,BF-SAC-RF,67,0.218503,42
Changchun,BF-SAC-RF,BF-SAC-RF,68,0.218503,42
Changchun,BF-SAC-RF,BF-SAC-RF,69,0.218503,42
Changchun,BF-SAC-RF,BF-SAC-RF,70,0.218503,42
Changchun,BF-SAC-RF,BF-SAC-RF,71,0.218503,42
Changchun,BF-SAC-RF,BF-SAC-RF,72,0.218503,42
Changchun,BF-SAC-RF,BF-SAC-RF,73,0.218503,42
Changchun,BF-SAC-RF,BF-SAC-RF,74,0.218503,42
Changchun,BF-SAC-RF,BF-SAC-RF,75,0.218503,42
Changchun,BF-SAC-RF,BF-SAC-RF,76,0.218503,42
Changchun,BF-SAC-RF,BF-SAC-RF,77,0.218503,42
Changchun,BF-SAC-RF,BF-SAC-RF,78,0.218503,42
Changchun,BF-SAC-RF,BF-SAC-RF,79,0.218503,42
Changchun,BF-SAC-RF,BF-SAC-RF,80,0.218503,42
Changchun,BF-SAC-RF,BF-SAC-RF,81,0.218503,42
Changchun,BF-SAC-RF,BF-SAC-RF,82,0.215115,42
Changchun,BF-SAC-RF,BF-SAC-RF,83,0.215115,42
Changchun,BF-SAC-RF,BF-SAC-RF,84,0.215115,42
Changchun,BF-SAC-RF,BF-SAC-RF,85,0.215115,42
Changchun,BF-SAC-RF,BF-SAC-RF,86,0.215115,42
Changchun,BF-SAC-RF,BF-SAC-RF,87,0.205381,42
Changchun,BF-SAC-RF,BF-SAC-RF,88,0.205381,42
Changchun,BF-SAC-RF,BF-SAC-RF,89,0.205381,42
Changchun,BF-SAC-RF,BF-SAC-RF,90,0.205381,42
Changchun,BF-SAC-RF,BF-SAC-RF,91,0.205381,42
Changchun,BF-SAC-RF,BF-SAC-RF,92,0.205381,42
Changchun,BF-SAC-RF,BF-SAC-RF,93,0.205381,42
Changchun,BF-SAC-RF,BF-SAC-RF,94,0.205381,42
Changchun,BF-SAC-RF,BF-SAC-RF,95,0.205381,42
Changchun,BF-SAC-RF,BF-SAC-RF,96,0.205381,42
Changchun,BF-SAC-RF,BF-SAC-RF,97,0.205381,42
Changchun,BF-SAC-RF,BF-SAC-RF,98,0.205381,42
Changchun,BF-SAC-RF,BF-SAC-RF,99,0.192351,42
Changchun,BF-SAC-RF,BF-SAC-RF,100,0.192351,42
Changchun,BF-SAC-RF,BF-SAC-RF,1,0.625734,202
Changchun,BF-SAC-RF,BF-SAC-RF,2,0.625734,202
Changchun,BF-SAC-RF,BF-SAC-RF,3,0.590731,202
Changchun,BF-SAC-RF,BF-SAC-RF,4,0.590731,202
Changchun,BF-SAC-RF,BF-SAC-RF,5,0.590731,202
Changchun,BF-SAC-RF,BF-SAC-RF,6,0.590731,202
Changchun,BF-SAC-RF,BF-SAC-RF,7,0.590731,202
Changchun,BF-SAC-RF,BF-SAC-RF,8,0.590731,202
Changchun,BF-SAC-RF,BF-SAC-RF,9,0.590731,202
Changchun,BF-SAC-RF,BF-SAC-RF,10,0.590731,202
Changchun,BF-SAC-RF,BF-SAC-RF,11,0.590731,202
Changchun,BF-SAC-RF,BF-SAC-RF,12,0.566527,202
Changchun,BF-SAC-RF,BF-SAC-RF,13,0.538387,202
Changchun,BF-SAC-RF,BF-SAC-RF,14,0.538387,202
Changchun,BF-SAC-RF,BF-SAC-RF,15,0.538387,202
Changchun,BF-SAC-RF,BF-SAC-RF,16,0.538387,202
Changchun,BF-SAC-RF,BF-SAC-RF,17,0.538387,202
Changchun,BF-SAC-RF,BF-SAC-RF,18,0.538387,202
Changchun,BF-SAC-RF,BF-SAC-RF,19,0.316707,202
Changchun,BF-SAC-RF,BF-SAC-RF,20,0.316707,202
Changchun,BF-SAC-RF,BF-SAC-RF,21,0.316707,202
Changchun,BF-SAC-RF,BF-SAC-RF,22,0.316707,202
Changchun,BF-SAC-RF,BF-SAC-RF,23,0.316707,202
Changchun,BF-SAC-RF,BF-SAC-RF,24,0.316707,202
Changchun,BF-SAC-RF,BF-SAC-RF,25,0.316707,202
Changchun,BF-SAC-RF,BF-SAC-RF,26,0.316707,202
Changchun,BF-SAC-RF,BF-SAC-RF,27,0.316707,202
Changchun,BF-SAC-RF,BF-SAC-RF,28,0.316707,202
Changchun,BF-SAC-RF,BF-SAC-RF,29,0.316707,202
Changchun,BF-SAC-RF,BF-SAC-RF,30,0.316707,202
Changchun,BF-SAC-RF,BF-SAC-RF,31,0.316707,202
Changchun,BF-SAC-RF,BF-SAC-RF,32,0.316707,202
Changchun,BF-SAC-RF,BF-SAC-RF,33,0.316707,202
Changchun,BF-SAC-RF,BF-SAC-RF,34,0.316707,202
Changchun,BF-SAC-RF,BF-SAC-RF,35,0.316707,202
Changchun,BF-SAC-RF,BF-SAC-RF,36,0.316707,202
Changchun,BF-SAC-RF,BF-SAC-RF,37,0.316707,202
Changchun,BF-SAC-RF,BF-SAC-RF,38,0.316707,202
Changchun,BF-SAC-RF,BF-SAC-RF,39,0.316707,202
Changchun,BF-SAC-RF,BF-SAC-RF,40,0.316707,202
Changchun,BF-SAC-RF,BF-SAC-RF,41,0.316707,202
Changchun,BF-SAC-RF,BF-SAC-RF,42,0.23318,202
Changchun,BF-SAC-RF,BF-SAC-RF,43,0.23318,202
Changchun,BF-SAC-RF,BF-SAC-RF,44,0.23318,202
Changchun,BF-SAC-RF,BF-SAC-RF,45,0.23318,202
Changchun,BF-SAC-RF,BF-SAC-RF,46,0.23318,202
Changchun,BF-SAC-RF,BF-SAC-RF,47,0.23318,202
Changchun,BF-SAC-RF,BF-SAC-RF,48,0.23318,202
Changchun,BF-SAC-RF,BF-SAC-RF,49,0.23318,202
Changchun,BF-SAC-RF,BF-SAC-RF,50,0.23318,202
Changchun,BF-SAC-RF,BF-SAC-RF,51,0.23318,202
Changchun,BF-SAC-RF,BF-SAC-RF,52,0.23318,202
Changchun,BF-SAC-RF,BF-SAC-RF,53,0.23318,202
Changchun,BF-SAC-RF,BF-SAC-RF,54,0.23318,202
Changchun,BF-SAC-RF,BF-SAC-RF,55,0.23318,202
Changchun,BF-SAC-RF,BF-SAC-RF,56,0.23318,202
Changchun,BF-SAC-RF,BF-SAC-RF,57,0.23318,202
Changchun,BF-SAC-RF,BF-SAC-RF,58,0.23318,202
Changchun,BF-SAC-RF,BF-SAC-RF,59,0.207775,202
Changchun,BF-SAC-RF,BF-SAC-RF,60,0.207775,202
Changchun,BF-SAC-RF,BF-SAC-RF,61,0.207775,202
Changchun,BF-SAC-RF,BF-SAC-RF,62,0.207775,202
Changchun,BF-SAC-RF,BF-SAC-RF,63,0.207775,202
Changchun,BF-SAC-RF,BF-SAC-RF,64,0.190979,202
Changchun,BF-SAC-RF,BF-SAC-RF,65,0.180438,202
Changchun,BF-SAC-RF,BF-SAC-RF,66,0.180438,202
Changchun,BF-SAC-RF,BF-SAC-RF,67,0.180438,202
Changchun,BF-SAC-RF,BF-SAC-RF,68,0.180438,202
Changchun,BF-SAC-RF,BF-SAC-RF,69,0.180438,202
Changchun,BF-SAC-RF,BF-SAC-RF,70,0.180438,202
Changchun,BF-SAC-RF,BF-SAC-RF,71,0.180438,202
Changchun,BF-SAC-RF,BF-SAC-RF,72,0.180438,202
Changchun,BF-SAC-RF,BF-SAC-RF,73,0.180438,202
Changchun,BF-SAC-RF,BF-SAC-RF,74,0.180438,202
Changchun,BF-SAC-RF,BF-SAC-RF,75,0.180438,202
Changchun,BF-SAC-RF,BF-SAC-RF,76,0.180438,202
Changchun,BF-SAC-RF,BF-SAC-RF,77,0.180438,202
Changchun,BF-SAC-RF,BF-SAC-RF,78,0.180438,202
Changchun,BF-SAC-RF,BF-SAC-RF,79,0.180438,202
Changchun,BF-SAC-RF,BF-SAC-RF,80,0.180438,202
Changchun,BF-SAC-RF,BF-SAC-RF,81,0.180438,202
Changchun,BF-SAC-RF,BF-SAC-RF,82,0.180438,202
Changchun,BF-SAC-RF,BF-SAC-RF,83,0.180438,202
Changchun,BF-SAC-RF,BF-SAC-RF,84,0.180438,202
Changchun,BF-SAC-RF,BF-SAC-RF,85,0.180438,202
Changchun,BF-SAC-RF,BF-SAC-RF,86,0.180438,202
Changchun,BF-SAC-RF,BF-SAC-RF,87,0.180438,202
Changchun,BF-SAC-RF,BF-SAC-RF,88,0.180438,202
Changchun,BF-SAC-RF,BF-SAC-RF,89,0.180438,202
Changchun,BF-SAC-RF,BF-SAC-RF,90,0.180438,202
Changchun,BF-SAC-RF,BF-SAC-RF,91,0.180438,202
Changchun,BF-SAC-RF,BF-SAC-RF,92,0.180438,202
Changchun,BF-SAC-RF,BF-SAC-RF,93,0.180438,202
Changchun,BF-SAC-RF,BF-SAC-RF,94,0.180438,202
Changchun,BF-SAC-RF,BF-SAC-RF,95,0.180438,202
Changchun,BF-SAC-RF,BF-SAC-RF,96,0.180438,202
Changchun,BF-SAC-RF,BF-SAC-RF,97,0.180438,202
Changchun,BF-SAC-RF,BF-SAC-RF,98,0.180321,202
Changchun,BF-SAC-RF,BF-SAC-RF,99,0.180321,202
Changchun,BF-SAC-RF,BF-SAC-RF,100,0.180321,202
Changchun,BF-SAC-RF,BF-SAC-RF,1,0.621842,404
Changchun,BF-SAC-RF,BF-SAC-RF,2,0.621842,404
Changchun,BF-SAC-RF,BF-SAC-RF,3,0.391012,404
Changchun,BF-SAC-RF,BF-SAC-RF,4,0.391012,404
Changchun,BF-SAC-RF,BF-SAC-RF,5,0.391012,404
Changchun,BF-SAC-RF,BF-SAC-RF,6,0.391012,404
Changchun,BF-SAC-RF,BF-SAC-RF,7,0.391012,404
Changchun,BF-SAC-RF,BF-SAC-RF,8,0.391012,404
Changchun,BF-SAC-RF,BF-SAC-RF,9,0.391012,404
Changchun,BF-SAC-RF,BF-SAC-RF,10,0.391012,404
Changchun,BF-SAC-RF,BF-SAC-RF,11,0.391012,404
Changchun,BF-SAC-RF,BF-SAC-RF,12,0.391012,404
Changchun,BF-SAC-RF,BF-SAC-RF,13,0.391012,404
Changchun,BF-SAC-RF,BF-SAC-RF,14,0.391012,404
Changchun,BF-SAC-RF,BF-SAC-RF,15,0.391012,404
Changchun,BF-SAC-RF,BF-SAC-RF,16,0.391012,404
Changchun,BF-SAC-RF,BF-SAC-RF,17,0.391012,404
Changchun,BF-SAC-RF,BF-SAC-RF,18,0.391012,404
Changchun,BF-SAC-RF,BF-SAC-RF,19,0.391012,404
Changchun,BF-SAC-RF,BF-SAC-RF,20,0.391012,404
Changchun,BF-SAC-RF,BF-SAC-RF,21,0.391012,404
Changchun,BF-SAC-RF,BF-SAC-RF,22,0.391012,404
Changchun,BF-SAC-RF,BF-SAC-RF,23,0.391012,404
Changchun,BF-SAC-RF,BF-SAC-RF,24,0.391012,404
Changchun,BF-SAC-RF,BF-SAC-RF,25,0.391012,404
Changchun,BF-SAC-RF,BF-SAC-RF,26,0.391012,404
Changchun,BF-SAC-RF,BF-SAC-RF,27,0.391012,404
Changchun,BF-SAC-RF,BF-SAC-RF,28,0.391012,404
Changchun,BF-SAC-RF,BF-SAC-RF,29,0.391012,404
Changchun,BF-SAC-RF,BF-SAC-RF,30,0.391012,404
Changchun,BF-SAC-RF,BF-SAC-RF,31,0.391012,404
Changchun,BF-SAC-RF,BF-SAC-RF,32,0.391012,404
Changchun,BF-SAC-RF,BF-SAC-RF,33,0.391012,404
Changchun,BF-SAC-RF,BF-SAC-RF,34,0.391012,404
Changchun,BF-SAC-RF,BF-SAC-RF,35,0.391012,404
Changchun,BF-SAC-RF,BF-SAC-RF,36,0.391012,404
Changchun,BF-SAC-RF,BF-SAC-RF,37,0.391012,404
Changchun,BF-SAC-RF,BF-SAC-RF,38,0.281224,404
Changchun,BF-SAC-RF,BF-SAC-RF,39,0.281224,404
Changchun,BF-SAC-RF,BF-SAC-RF,40,0.281224,404
Changchun,BF-SAC-RF,BF-SAC-RF,41,0.281224,404
Changchun,BF-SAC-RF,BF-SAC-RF,42,0.281224,404
Changchun,BF-SAC-RF,BF-SAC-RF,43,0.281224,404
Changchun,BF-SAC-RF,BF-SAC-RF,44,0.281224,404
Changchun,BF-SAC-RF,BF-SAC-RF,45,0.281224,404
Changchun,BF-SAC-RF,BF-SAC-RF,46,0.281224,404
Changchun,BF-SAC-RF,BF-SAC-RF,47,0.281224,404
Changchun,BF-SAC-RF,BF-SAC-RF,48,0.281224,404
Changchun,BF-SAC-RF,BF-SAC-RF,49,0.281224,404
Changchun,BF-SAC-RF,BF-SAC-RF,50,0.281224,404
Changchun,BF-SAC-RF,BF-SAC-RF,51,0.281224,404
Changchun,BF-SAC-RF,BF-SAC-RF,52,0.281224,404
Changchun,BF-SAC-RF,BF-SAC-RF,53,0.281224,404
Changchun,BF-SAC-RF,BF-SAC-RF,54,0.281224,404
Changchun,BF-SAC-RF,BF-SAC-RF,55,0.281224,404
Changchun,BF-SAC-RF,BF-SAC-RF,56,0.281224,404
Changchun,BF-SAC-RF,BF-SAC-RF,57,0.255808,404
Changchun,BF-SAC-RF,BF-SAC-RF,58,0.255808,404
Changchun,BF-SAC-RF,BF-SAC-RF,59,0.184908,404
Changchun,BF-SAC-RF,BF-SAC-RF,60,0.184908,404
Changchun,BF-SAC-RF,BF-SAC-RF,61,0.184908,404
Changchun,BF-SAC-RF,BF-SAC-RF,62,0.184908,404
Changchun,BF-SAC-RF,BF-SAC-RF,63,0.184908,404
Changchun,BF-SAC-RF,BF-SAC-RF,64,0.184908,404
Changchun,BF-SAC-RF,BF-SAC-RF,65,0.184908,404
Changchun,BF-SAC-RF,BF-SAC-RF,66,0.184908,404
Changchun,BF-SAC-RF,BF-SAC-RF,67,0.184908,404
Changchun,BF-SAC-RF,BF-SAC-RF,68,0.184908,404
Changchun,BF-SAC-RF,BF-SAC-RF,69,0.184908,404
Changchun,BF-SAC-RF,BF-SAC-RF,70,0.184908,404
Changchun,BF-SAC-RF,BF-SAC-RF,71,0.184908,404
Changchun,BF-SAC-RF,BF-SAC-RF,72,0.184908,404
Changchun,BF-SAC-RF,BF-SAC-RF,73,0.184908,404
Changchun,BF-SAC-RF,BF-SAC-RF,74,0.184908,404
Changchun,BF-SAC-RF,BF-SAC-RF,75,0.184908,404
Changchun,BF-SAC-RF,BF-SAC-RF,76,0.184908,404
Changchun,BF-SAC-RF,BF-SAC-RF,77,0.184908,404
Changchun,BF-SAC-RF,BF-SAC-RF,78,0.184908,404
Changchun,BF-SAC-RF,BF-SAC-RF,79,0.184908,404
Changchun,BF-SAC-RF,BF-SAC-RF,80,0.184908,404
Changchun,BF-SAC-RF,BF-SAC-RF,81,0.184908,404
Changchun,BF-SAC-RF,BF-SAC-RF,82,0.184908,404
Changchun,BF-SAC-RF,BF-SAC-RF,83,0.184908,404
Changchun,BF-SAC-RF,BF-SAC-RF,84,0.184908,404
Changchun,BF-SAC-RF,BF-SAC-RF,85,0.184908,404
Changchun,BF-SAC-RF,BF-SAC-RF,86,0.184908,404
Changchun,BF-SAC-RF,BF-SAC-RF,87,0.184908,404
Changchun,BF-SAC-RF,BF-SAC-RF,88,0.184908,404
Changchun,BF-SAC-RF,BF-SAC-RF,89,0.184908,404
Changchun,BF-SAC-RF,BF-SAC-RF,90,0.184908,404
Changchun,BF-SAC-RF,BF-SAC-RF,91,0.184908,404
Changchun,BF-SAC-RF,BF-SAC-RF,92,0.184908,404
Changchun,BF-SAC-RF,BF-SAC-RF,93,0.184908,404
Changchun,BF-SAC-RF,BF-SAC-RF,94,0.184908,404
Changchun,BF-SAC-RF,BF-SAC-RF,95,0.184908,404
Changchun,BF-SAC-RF,BF-SAC-RF,96,0.184908,404
Changchun,BF-SAC-RF,BF-SAC-RF,97,0.184908,404
Changchun,BF-SAC-RF,BF-SAC-RF,98,0.184908,404
Changchun,BF-SAC-RF,BF-SAC-RF,99,0.184908,404
Changchun,BF-SAC-RF,BF-SAC-RF,100,0.184908,404
Changchun,SPSA,SPSA,1,0.5134728520302598,42
Changchun,SPSA,SPSA,2,0.5134728520302598,42
Changchun,SPSA,SPSA,3,0.331673752528097,42
Changchun,SPSA,SPSA,4,0.331673752528097,42
Changchun,SPSA,SPSA,5,0.331673752528097,42
Changchun,SPSA,SPSA,6,0.331673752528097,42
Changchun,SPSA,SPSA,7,0.331673752528097,42
Changchun,SPSA,SPSA,8,0.331673752528097,42
Changchun,SPSA,SPSA,9,0.331673752528097,42
Changchun,SPSA,SPSA,10,0.331673752528097,42
Changchun,SPSA,SPSA,11,0.331673752528097,42
Changchun,SPSA,SPSA,12,0.331673752528097,42
Changchun,SPSA,SPSA,13,0.331673752528097,42
Changchun,SPSA,SPSA,14,0.331673752528097,42
Changchun,SPSA,SPSA,15,0.331673752528097,42
Changchun,SPSA,SPSA,16,0.331673752528097,42
Changchun,SPSA,SPSA,17,0.331673752528097,42
Changchun,SPSA,SPSA,18,0.331673752528097,42
Changchun,SPSA,SPSA,19,0.331673752528097,42
Changchun,SPSA,SPSA,20,0.331673752528097,42
Changchun,SPSA,SPSA,21,0.331673752528097,42
Changchun,SPSA,SPSA,22,0.331673752528097,42
Changchun,SPSA,SPSA,23,0.331673752528097,42
Changchun,SPSA,SPSA,24,0.331673752528097,42
Changchun,SPSA,SPSA,25,0.331673752528097,42
Changchun,SPSA,SPSA,26,0.331673752528097,42
Changchun,SPSA,SPSA,27,0.331673752528097,42
Changchun,SPSA,SPSA,28,0.331673752528097,42
Changchun,SPSA,SPSA,29,0.331673752528097,42
Changchun,SPSA,SPSA,30,0.331673752528097,42
Changchun,SPSA,SPSA,31,0.331673752528097,42
Changchun,SPSA,SPSA,32,0.331673752528097,42
Changchun,SPSA,SPSA,33,0.331673752528097,42
Changchun,SPSA,SPSA,34,0.331673752528097,42
Changchun,SPSA,SPSA,35,0.331673752528097,42
Changchun,SPSA,SPSA,36,0.331673752528097,42
Changchun,SPSA,SPSA,37,0.331673752528097,42
Changchun,SPSA,SPSA,38,0.331673752528097,42
Changchun,SPSA,SPSA,39,0.331673752528097,42
Changchun,SPSA,SPSA,40,0.331673752528097,42
Changchun,SPSA,SPSA,41,0.331673752528097,42
Changchun,SPSA,SPSA,42,0.282001552361852,42
Changchun,SPSA,SPSA,43,0.282001552361852,42
Changchun,SPSA,SPSA,44,0.282001552361852,42
Changchun,SPSA,SPSA,45,0.282001552361852,42
Changchun,SPSA,SPSA,46,0.282001552361852,42
Changchun,SPSA,SPSA,47,0.282001552361852,42
Changchun,SPSA,SPSA,48,0.282001552361852,42
Changchun,SPSA,SPSA,49,0.282001552361852,42
Changchun,SPSA,SPSA,50,0.282001552361852,42
Changchun,SPSA,SPSA,51,0.282001552361852,42
Changchun,SPSA,SPSA,52,0.282001552361852,42
Changchun,SPSA,SPSA,53,0.282001552361852,42
Changchun,SPSA,SPSA,54,0.282001552361852,42
Changchun,SPSA,SPSA,55,0.282001552361852,42
Changchun,SPSA,SPSA,56,0.282001552361852,42
Changchun,SPSA,SPSA,57,0.282001552361852,42
Changchun,SPSA,SPSA,58,0.282001552361852,42
Changchun,SPSA,SPSA,59,0.282001552361852,42
Changchun,SPSA,SPSA,60,0.282001552361852,42
Changchun,SPSA,SPSA,61,0.282001552361852,42
Changchun,SPSA,SPSA,62,0.282001552361852,42
Changchun,SPSA,SPSA,63,0.282001552361852,42
Changchun,SPSA,SPSA,64,0.282001552361852,42
Changchun,SPSA,SPSA,65,0.282001552361852,42
Changchun,SPSA,SPSA,66,0.282001552361852,42
Changchun,SPSA,SPSA,67,0.282001552361852,42
Changchun,SPSA,SPSA,68,0.282001552361852,42
Changchun,SPSA,SPSA,69,0.282001552361852,42
Changchun,SPSA,SPSA,70,0.282001552361852,42
Changchun,SPSA,SPSA,71,0.282001552361852,42
Changchun,SPSA,SPSA,72,0.282001552361852,42
Changchun,SPSA,SPSA,73,0.282001552361852,42
Changchun,SPSA,SPSA,74,0.282001552361852,42
Changchun,SPSA,SPSA,75,0.282001552361852,42
Changchun,SPSA,SPSA,76,0.282001552361852,42
Changchun,SPSA,SPSA,77,0.282001552361852,42
Changchun,SPSA,SPSA,78,0.282001552361852,42
Changchun,SPSA,SPSA,79,0.282001552361852,42
Changchun,SPSA,SPSA,80,0.282001552361852,42
Changchun,SPSA,SPSA,81,0.282001552361852,42
Changchun,SPSA,SPSA,82,0.282001552361852,42
Changchun,SPSA,SPSA,83,0.282001552361852,42
Changchun,SPSA,SPSA,84,0.282001552361852,42
Changchun,SPSA,SPSA,85,0.282001552361852,42
Changchun,SPSA,SPSA,86,0.282001552361852,42
Changchun,SPSA,SPSA,87,0.282001552361852,42
Changchun,SPSA,SPSA,88,0.282001552361852,42
Changchun,SPSA,SPSA,89,0.282001552361852,42
Changchun,SPSA,SPSA,90,0.282001552361852,42
Changchun,SPSA,SPSA,91,0.282001552361852,42
Changchun,SPSA,SPSA,92,0.282001552361852,42
Changchun,SPSA,SPSA,93,0.282001552361852,42
Changchun,SPSA,SPSA,94,0.282001552361852,42
Changchun,SPSA,SPSA,95,0.282001552361852,42
Changchun,SPSA,SPSA,96,0.282001552361852,42
Changchun,SPSA,SPSA,97,0.282001552361852,42
Changchun,SPSA,SPSA,98,0.282001552361852,42
Changchun,SPSA,SPSA,99,0.282001552361852,42
Changchun,SPSA,SPSA,100,0.282001552361852,42
Changchun,SPSA,SPSA,1,0.3303381070560471,404
Changchun,SPSA,SPSA,2,0.3303381070560471,404
Changchun,SPSA,SPSA,3,0.3303381070560471,404
Changchun,SPSA,SPSA,4,0.3303381070560471,404
Changchun,SPSA,SPSA,5,0.3303381070560471,404
Changchun,SPSA,SPSA,6,0.3303381070560471,404
Changchun,SPSA,SPSA,7,0.3303381070560471,404
Changchun,SPSA,SPSA,8,0.3303381070560471,404
Changchun,SPSA,SPSA,9,0.2807554340820765,404
Changchun,SPSA,SPSA,10,0.2807554340820765,404
Changchun,SPSA,SPSA,11,0.2807554340820765,404
Changchun,SPSA,SPSA,12,0.2807554340820765,404
Changchun,SPSA,SPSA,13,0.2807554340820765,404
Changchun,SPSA,SPSA,14,0.2807554340820765,404
Changchun,SPSA,SPSA,15,0.2807554340820765,404
Changchun,SPSA,SPSA,16,0.2759918345276247,404
Changchun,SPSA,SPSA,17,0.2759918345276247,404
Changchun,SPSA,SPSA,18,0.2759918345276247,404
Changchun,SPSA,SPSA,19,0.2759918345276247,404
Changchun,SPSA,SPSA,20,0.2759918345276247,404
Changchun,SPSA,SPSA,21,0.2759918345276247,404
Changchun,SPSA,SPSA,22,0.2759918345276247,404
Changchun,SPSA,SPSA,23,0.2759918345276247,404
Changchun,SPSA,SPSA,24,0.2759918345276247,404
Changchun,SPSA,SPSA,25,0.2759918345276247,404
Changchun,SPSA,SPSA,26,0.2759918345276247,404
Changchun,SPSA,SPSA,27,0.2759918345276247,404
Changchun,SPSA,SPSA,28,0.2759918345276247,404
Changchun,SPSA,SPSA,29,0.2759918345276247,404
Changchun,SPSA,SPSA,30,0.2759918345276247,404
Changchun,SPSA,SPSA,31,0.2759918345276247,404
Changchun,SPSA,SPSA,32,0.2759918345276247,404
Changchun,SPSA,SPSA,33,0.2749260863588317,404
Changchun,SPSA,SPSA,34,0.2749260863588317,404
Changchun,SPSA,SPSA,35,0.2749260863588317,404
Changchun,SPSA,SPSA,36,0.2749260863588317,404
Changchun,SPSA,SPSA,37,0.2749260863588317,404
Changchun,SPSA,SPSA,38,0.2749260863588317,404
Changchun,SPSA,SPSA,39,0.2749260863588317,404
Changchun,SPSA,SPSA,40,0.2749260863588317,404
Changchun,SPSA,SPSA,41,0.2749260863588317,404
Changchun,SPSA,SPSA,42,0.2749260863588317,404
Changchun,SPSA,SPSA,43,0.2749260863588317,404
Changchun,SPSA,SPSA,44,0.2749260863588317,404
Changchun,SPSA,SPSA,45,0.2749260863588317,404
Changchun,SPSA,SPSA,46,0.2476009529691149,404
Changchun,SPSA,SPSA,47,0.2476009529691149,404
Changchun,SPSA,SPSA,48,0.2476009529691149,404
Changchun,SPSA,SPSA,49,0.2476009529691149,404
Changchun,SPSA,SPSA,50,0.2476009529691149,404
Changchun,SPSA,SPSA,51,0.2476009529691149,404
Changchun,SPSA,SPSA,52,0.2476009529691149,404
Changchun,SPSA,SPSA,53,0.2476009529691149,404
Changchun,SPSA,SPSA,54,0.2476009529691149,404
Changchun,SPSA,SPSA,55,0.2476009529691149,404
Changchun,SPSA,SPSA,56,0.2476009529691149,404
Changchun,SPSA,SPSA,57,0.2476009529691149,404
Changchun,SPSA,SPSA,58,0.2476009529691149,404
Changchun,SPSA,SPSA,59,0.2476009529691149,404
Changchun,SPSA,SPSA,60,0.2476009529691149,404
Changchun,SPSA,SPSA,61,0.2476009529691149,404
Changchun,SPSA,SPSA,62,0.2476009529691149,404
Changchun,SPSA,SPSA,63,0.2476009529691149,404
Changchun,SPSA,SPSA,64,0.2476009529691149,404
Changchun,SPSA,SPSA,65,0.2476009529691149,404
Changchun,SPSA,SPSA,66,0.2476009529691149,404
Changchun,SPSA,SPSA,67,0.2476009529691149,404
Changchun,SPSA,SPSA,68,0.2476009529691149,404
Changchun,SPSA,SPSA,69,0.2476009529691149,404
Changchun,SPSA,SPSA,70,0.2476009529691149,404
Changchun,SPSA,SPSA,71,0.2476009529691149,404
Changchun,SPSA,SPSA,72,0.2476009529691149,404
Changchun,SPSA,SPSA,73,0.2476009529691149,404
Changchun,SPSA,SPSA,74,0.2476009529691149,404
Changchun,SPSA,SPSA,75,0.2476009529691149,404
Changchun,SPSA,SPSA,76,0.2476009529691149,404
Changchun,SPSA,SPSA,77,0.2476009529691149,404
Changchun,SPSA,SPSA,78,0.2476009529691149,404
Changchun,SPSA,SPSA,79,0.2476009529691149,404
Changchun,SPSA,SPSA,80,0.2476009529691149,404
Changchun,SPSA,SPSA,81,0.2476009529691149,404
Changchun,SPSA,SPSA,82,0.2476009529691149,404
Changchun,SPSA,SPSA,83,0.2476009529691149,404
Changchun,SPSA,SPSA,84,0.2476009529691149,404
Changchun,SPSA,SPSA,85,0.2476009529691149,404
Changchun,SPSA,SPSA,86,0.2476009529691149,404
Changchun,SPSA,SPSA,87,0.2476009529691149,404
Changchun,SPSA,SPSA,88,0.2476009529691149,404
Changchun,SPSA,SPSA,89,0.2476009529691149,404
Changchun,SPSA,SPSA,90,0.2476009529691149,404
Changchun,SPSA,SPSA,91,0.2476009529691149,404
Changchun,SPSA,SPSA,92,0.2476009529691149,404
Changchun,SPSA,SPSA,93,0.2476009529691149,404
Changchun,SPSA,SPSA,94,0.2476009529691149,404
Changchun,SPSA,SPSA,95,0.2476009529691149,404
Changchun,SPSA,SPSA,96,0.2476009529691149,404
Changchun,SPSA,SPSA,97,0.2476009529691149,404
Changchun,SPSA,SPSA,98,0.2476009529691149,404
Changchun,SPSA,SPSA,99,0.2476009529691149,404
Changchun,SPSA,SPSA,100,0.2476009529691149,404
Changchun,遗传算法（GA）,GA,1,0.5905663232698697,42
Changchun,遗传算法（GA）,GA,2,0.5905663232698697,42
Changchun,遗传算法（GA）,GA,3,0.5905663232698697,42
Changchun,遗传算法（GA）,GA,4,0.5905663232698697,42
Changchun,遗传算法（GA）,GA,5,0.2721789148312877,42
Changchun,遗传算法（GA）,GA,6,0.2721789148312877,42
Changchun,遗传算法（GA）,GA,7,0.2721789148312877,42
Changchun,遗传算法（GA）,GA,8,0.2721789148312877,42
Changchun,遗传算法（GA）,GA,9,0.2721789148312877,42
Changchun,遗传算法（GA）,GA,10,0.2721789148312877,42
Changchun,遗传算法（GA）,GA,11,0.2721789148312877,42
Changchun,遗传算法（GA）,GA,12,0.2721789148312877,42
Changchun,遗传算法（GA）,GA,13,0.2721789148312877,42
Changchun,遗传算法（GA）,GA,14,0.2721789148312877,42
Changchun,遗传算法（GA）,GA,15,0.2721789148312877,42
Changchun,遗传算法（GA）,GA,16,0.2721789148312877,42
Changchun,遗传算法（GA）,GA,17,0.2721789148312877,42
Changchun,遗传算法（GA）,GA,18,0.2721789148312877,42
Changchun,遗传算法（GA）,GA,19,0.2721789148312877,42
Changchun,遗传算法（GA）,GA,20,0.2721789148312877,42
Changchun,遗传算法（GA）,GA,21,0.2721789148312877,42
Changchun,遗传算法（GA）,GA,22,0.2721789148312877,42
Changchun,遗传算法（GA）,GA,23,0.2721789148312877,42
Changchun,遗传算法（GA）,GA,24,0.2721789148312877,42
Changchun,遗传算法（GA）,GA,25,0.2721789148312877,42
Changchun,遗传算法（GA）,GA,26,0.2721789148312877,42
Changchun,遗传算法（GA）,GA,27,0.2721789148312877,42
Changchun,遗传算法（GA）,GA,28,0.2721789148312877,42
Changchun,遗传算法（GA）,GA,29,0.2721789148312877,42
Changchun,遗传算法（GA）,GA,30,0.2721789148312877,42
Changchun,遗传算法（GA）,GA,31,0.2721789148312877,42
Changchun,遗传算法（GA）,GA,32,0.2721789148312877,42
Changchun,遗传算法（GA）,GA,33,0.2721789148312877,42
Changchun,遗传算法（GA）,GA,34,0.2721789148312877,42
Changchun,遗传算法（GA）,GA,35,0.2721789148312877,42
Changchun,遗传算法（GA）,GA,36,0.2721789148312877,42
Changchun,遗传算法（GA）,GA,37,0.2721789148312877,42
Changchun,遗传算法（GA）,GA,38,0.2721789148312877,42
Changchun,遗传算法（GA）,GA,39,0.2721789148312877,42
Changchun,遗传算法（GA）,GA,40,0.2721789148312877,42
Changchun,遗传算法（GA）,GA,41,0.2721789148312877,42
Changchun,遗传算法（GA）,GA,42,0.2721789148312877,42
Changchun,遗传算法（GA）,GA,43,0.2721789148312877,42
Changchun,遗传算法（GA）,GA,44,0.2721789148312877,42
Changchun,遗传算法（GA）,GA,45,0.2721789148312877,42
Changchun,遗传算法（GA）,GA,46,0.2721789148312877,42
Changchun,遗传算法（GA）,GA,47,0.2721789148312877,42
Changchun,遗传算法（GA）,GA,48,0.2721789148312877,42
Changchun,遗传算法（GA）,GA,49,0.2721789148312877,42
Changchun,遗传算法（GA）,GA,50,0.2721789148312877,42
Changchun,遗传算法（GA）,GA,51,0.2721789148312877,42
Changchun,遗传算法（GA）,GA,52,0.2721789148312877,42
Changchun,遗传算法（GA）,GA,53,0.2721789148312877,42
Changchun,遗传算法（GA）,GA,54,0.2721789148312877,42
Changchun,遗传算法（GA）,GA,55,0.2721789148312877,42
Changchun,遗传算法（GA）,GA,56,0.2721789148312877,42
Changchun,遗传算法（GA）,GA,57,0.2721789148312877,42
Changchun,遗传算法（GA）,GA,58,0.2197869243753136,42
Changchun,遗传算法（GA）,GA,59,0.2197869243753136,42
Changchun,遗传算法（GA）,GA,60,0.2197869243753136,42
Changchun,遗传算法（GA）,GA,61,0.2197869243753136,42
Changchun,遗传算法（GA）,GA,62,0.2197869243753136,42
Changchun,遗传算法（GA）,GA,63,0.2197869243753136,42
Changchun,遗传算法（GA）,GA,64,0.2197869243753136,42
Changchun,遗传算法（GA）,GA,65,0.2197869243753136,42
Changchun,遗传算法（GA）,GA,66,0.2197869243753136,42
Changchun,遗传算法（GA）,GA,67,0.2197869243753136,42
Changchun,遗传算法（GA）,GA,68,0.2176915494685322,42
Changchun,遗传算法（GA）,GA,69,0.2176915494685322,42
Changchun,遗传算法（GA）,GA,70,0.2176915494685322,42
Changchun,遗传算法（GA）,GA,71,0.2176915494685322,42
Changchun,遗传算法（GA）,GA,72,0.2061859366181652,42
Changchun,遗传算法（GA）,GA,73,0.2061859366181652,42
Changchun,遗传算法（GA）,GA,74,0.2061859366181652,42
Changchun,遗传算法（GA）,GA,75,0.2061859366181652,42
Changchun,遗传算法（GA）,GA,76,0.2061859366181652,42
Changchun,遗传算法（GA）,GA,77,0.2061859366181652,42
Changchun,遗传算法（GA）,GA,78,0.2061859366181652,42
Changchun,遗传算法（GA）,GA,79,0.2061859366181652,42
Changchun,遗传算法（GA）,GA,80,0.2061859366181652,42
Changchun,遗传算法（GA）,GA,81,0.2061859366181652,42
Changchun,遗传算法（GA）,GA,82,0.2061859366181652,42
Changchun,遗传算法（GA）,GA,83,0.2061859366181652,42
Changchun,遗传算法（GA）,GA,84,0.2061859366181652,42
Changchun,遗传算法（GA）,GA,85,0.2061859366181652,42
Changchun,遗传算法（GA）,GA,86,0.2061859366181652,42
Changchun,遗传算法（GA）,GA,87,0.2061859366181652,42
Changchun,遗传算法（GA）,GA,88,0.2061859366181652,42
Changchun,遗传算法（GA）,GA,89,0.2061859366181652,42
Changchun,遗传算法（GA）,GA,90,0.2061859366181652,42
Changchun,遗传算法（GA）,GA,91,0.2061859366181652,42
Changchun,遗传算法（GA）,GA,92,0.2061859366181652,42
Changchun,遗传算法（GA）,GA,93,0.2061859366181652,42
Changchun,遗传算法（GA）,GA,94,0.2061859366181652,42
Changchun,遗传算法（GA）,GA,95,0.1881839360950931,42
Changchun,遗传算法（GA）,GA,96,0.1881839360950931,42
Changchun,遗传算法（GA）,GA,97,0.1881839360950931,42
Changchun,遗传算法（GA）,GA,98,0.1881839360950931,42
Changchun,遗传算法（GA）,GA,99,0.1881839360950931,42
Changchun,遗传算法（GA）,GA,100,0.1881839360950931,42
Changchun,SPSA,SPSA,1,0.3106567305959877,303
Changchun,SPSA,SPSA,2,0.2329413775314904,303
Changchun,SPSA,SPSA,3,0.2329413775314904,303
Changchun,SPSA,SPSA,4,0.2329413775314904,303
Changchun,SPSA,SPSA,5,0.2329413775314904,303
Changchun,SPSA,SPSA,6,0.2221346896721464,303
Changchun,SPSA,SPSA,7,0.2221346896721464,303
Changchun,SPSA,SPSA,8,0.2221346896721464,303
Changchun,SPSA,SPSA,9,0.2221346896721464,303
Changchun,SPSA,SPSA,10,0.2221346896721464,303
Changchun,SPSA,SPSA,11,0.2221346896721464,303
Changchun,SPSA,SPSA,12,0.2221346896721464,303
Changchun,SPSA,SPSA,13,0.2221346896721464,303
Changchun,SPSA,SPSA,14,0.2221346896721464,303
Changchun,SPSA,SPSA,15,0.2221346896721464,303
Changchun,SPSA,SPSA,16,0.2221346896721464,303
Changchun,SPSA,SPSA,17,0.2221346896721464,303
Changchun,SPSA,SPSA,18,0.2006443822292068,303
Changchun,SPSA,SPSA,19,0.2006443822292068,303
Changchun,SPSA,SPSA,20,0.2006443822292068,303
Changchun,SPSA,SPSA,21,0.2006443822292068,303
Changchun,SPSA,SPSA,22,0.2006443822292068,303
Changchun,SPSA,SPSA,23,0.2006443822292068,303
Changchun,SPSA,SPSA,24,0.2006443822292068,303
Changchun,SPSA,SPSA,25,0.2006443822292068,303
Changchun,SPSA,SPSA,26,0.2006443822292068,303
Changchun,SPSA,SPSA,27,0.2006443822292068,303
Changchun,SPSA,SPSA,28,0.2006443822292068,303
Changchun,SPSA,SPSA,29,0.2006443822292068,303
Changchun,SPSA,SPSA,30,0.2006443822292068,303
Changchun,SPSA,SPSA,31,0.1768400935874006,303
Changchun,SPSA,SPSA,32,0.1768400935874006,303
Changchun,SPSA,SPSA,33,0.1768400935874006,303
Changchun,SPSA,SPSA,34,0.1768400935874006,303
Changchun,SPSA,SPSA,35,0.1768400935874006,303
Changchun,SPSA,SPSA,36,0.1768400935874006,303
Changchun,SPSA,SPSA,37,0.1768400935874006,303
Changchun,SPSA,SPSA,38,0.1768400935874006,303
Changchun,SPSA,SPSA,39,0.1768400935874006,303
Changchun,SPSA,SPSA,40,0.1768400935874006,303
Changchun,SPSA,SPSA,41,0.1768400935874006,303
Changchun,SPSA,SPSA,42,0.1768400935874006,303
Changchun,SPSA,SPSA,43,0.1768400935874006,303
Changchun,SPSA,SPSA,44,0.1768400935874006,303
Changchun,SPSA,SPSA,45,0.1768400935874006,303
Changchun,SPSA,SPSA,46,0.1768400935874006,303
Changchun,SPSA,SPSA,47,0.1768400935874006,303
Changchun,SPSA,SPSA,48,0.1768400935874006,303
Changchun,SPSA,SPSA,49,0.1768400935874006,303
Changchun,SPSA,SPSA,50,0.1768400935874006,303
Changchun,SPSA,SPSA,51,0.1768400935874006,303
Changchun,SPSA,SPSA,52,0.1768400935874006,303
Changchun,SPSA,SPSA,53,0.1768400935874006,303
Changchun,SPSA,SPSA,54,0.1768400935874006,303
Changchun,SPSA,SPSA,55,0.1768400935874006,303
Changchun,SPSA,SPSA,56,0.1768400935874006,303
Changchun,SPSA,SPSA,57,0.1768400935874006,303
Changchun,SPSA,SPSA,58,0.1768400935874006,303
Changchun,SPSA,SPSA,59,0.1768400935874006,303
Changchun,SPSA,SPSA,60,0.1768400935874006,303
Changchun,SPSA,SPSA,61,0.1768400935874006,303
Changchun,SPSA,SPSA,62,0.1768400935874006,303
Changchun,SPSA,SPSA,63,0.1768400935874006,303
Changchun,SPSA,SPSA,64,0.1768400935874006,303
Changchun,SPSA,SPSA,65,0.1768400935874006,303
Changchun,SPSA,SPSA,66,0.1768400935874006,303
Changchun,SPSA,SPSA,67,0.1768400935874006,303
Changchun,SPSA,SPSA,68,0.1768400935874006,303
Changchun,SPSA,SPSA,69,0.1768400935874006,303
Changchun,SPSA,SPSA,70,0.1768400935874006,303
Changchun,SPSA,SPSA,71,0.1768400935874006,303
Changchun,SPSA,SPSA,72,0.1768400935874006,303
Changchun,SPSA,SPSA,73,0.1768400935874006,303
Changchun,SPSA,SPSA,74,0.1768400935874006,303
Changchun,SPSA,SPSA,75,0.1768400935874006,303
Changchun,SPSA,SPSA,76,0.1768400935874006,303
Changchun,SPSA,SPSA,77,0.1768400935874006,303
Changchun,SPSA,SPSA,78,0.1768400935874006,303
Changchun,SPSA,SPSA,79,0.1768400935874006,303
Changchun,SPSA,SPSA,80,0.1768400935874006,303
Changchun,SPSA,SPSA,81,0.1768400935874006,303
Changchun,SPSA,SPSA,82,0.1768400935874006,303
Changchun,SPSA,SPSA,83,0.1768400935874006,303
Changchun,SPSA,SPSA,84,0.1768400935874006,303
Changchun,SPSA,SPSA,85,0.1768400935874006,303
Changchun,SPSA,SPSA,86,0.1768400935874006,303
Changchun,SPSA,SPSA,87,0.1768400935874006,303
Changchun,SPSA,SPSA,88,0.1768400935874006,303
Changchun,SPSA,SPSA,89,0.1768400935874006,303
Changchun,SPSA,SPSA,90,0.1768400935874006,303
Changchun,SPSA,SPSA,91,0.1768400935874006,303
Changchun,SPSA,SPSA,92,0.1768400935874006,303
Changchun,SPSA,SPSA,93,0.1768400935874006,303
Changchun,SPSA,SPSA,94,0.1768400935874006,303
Changchun,SPSA,SPSA,95,0.1768400935874006,303
Changchun,SPSA,SPSA,96,0.1768400935874006,303
Changchun,SPSA,SPSA,97,0.1768400935874006,303
Changchun,SPSA,SPSA,98,0.1768400935874006,303
Changchun,SPSA,SPSA,99,0.1768400935874006,303
Changchun,SPSA,SPSA,100,0.1768400935874006,303
Changchun,SPSA,SPSA,1,0.581037882539734,202
Changchun,SPSA,SPSA,2,0.4488302056583986,202
Changchun,SPSA,SPSA,3,0.4488302056583986,202
Changchun,SPSA,SPSA,4,0.4488302056583986,202
Changchun,SPSA,SPSA,5,0.4488302056583986,202
Changchun,SPSA,SPSA,6,0.4488302056583986,202
Changchun,SPSA,SPSA,7,0.31399284771661,202
Changchun,SPSA,SPSA,8,0.31399284771661,202
Changchun,SPSA,SPSA,9,0.31399284771661,202
Changchun,SPSA,SPSA,10,0.31399284771661,202
Changchun,SPSA,SPSA,11,0.31399284771661,202
Changchun,SPSA,SPSA,12,0.229937744111278,202
Changchun,SPSA,SPSA,13,0.229937744111278,202
Changchun,SPSA,SPSA,14,0.229937744111278,202
Changchun,SPSA,SPSA,15,0.229937744111278,202
Changchun,SPSA,SPSA,16,0.229937744111278,202
Changchun,SPSA,SPSA,17,0.229937744111278,202
Changchun,SPSA,SPSA,18,0.229937744111278,202
Changchun,SPSA,SPSA,19,0.229937744111278,202
Changchun,SPSA,SPSA,20,0.229937744111278,202
Changchun,SPSA,SPSA,21,0.229937744111278,202
Changchun,SPSA,SPSA,22,0.229937744111278,202
Changchun,SPSA,SPSA,23,0.229937744111278,202
Changchun,SPSA,SPSA,24,0.229937744111278,202
Changchun,SPSA,SPSA,25,0.229937744111278,202
Changchun,SPSA,SPSA,26,0.229937744111278,202
Changchun,SPSA,SPSA,27,0.229937744111278,202
Changchun,SPSA,SPSA,28,0.229937744111278,202
Changchun,SPSA,SPSA,29,0.229937744111278,202
Changchun,SPSA,SPSA,30,0.229937744111278,202
Changchun,SPSA,SPSA,31,0.229937744111278,202
Changchun,SPSA,SPSA,32,0.229937744111278,202
Changchun,SPSA,SPSA,33,0.229937744111278,202
Changchun,SPSA,SPSA,34,0.229937744111278,202
Changchun,SPSA,SPSA,35,0.229937744111278,202
Changchun,SPSA,SPSA,36,0.229937744111278,202
Changchun,SPSA,SPSA,37,0.229937744111278,202
Changchun,SPSA,SPSA,38,0.229937744111278,202
Changchun,SPSA,SPSA,39,0.229937744111278,202
Changchun,SPSA,SPSA,40,0.229937744111278,202
Changchun,SPSA,SPSA,41,0.229937744111278,202
Changchun,SPSA,SPSA,42,0.229937744111278,202
Changchun,SPSA,SPSA,43,0.229937744111278,202
Changchun,SPSA,SPSA,44,0.229937744111278,202
Changchun,SPSA,SPSA,45,0.229937744111278,202
Changchun,SPSA,SPSA,46,0.229937744111278,202
Changchun,SPSA,SPSA,47,0.229937744111278,202
Changchun,SPSA,SPSA,48,0.229937744111278,202
Changchun,SPSA,SPSA,49,0.229937744111278,202
Changchun,SPSA,SPSA,50,0.229937744111278,202
Changchun,SPSA,SPSA,51,0.229937744111278,202
Changchun,SPSA,SPSA,52,0.229937744111278,202
Changchun,SPSA,SPSA,53,0.229937744111278,202
Changchun,SPSA,SPSA,54,0.229937744111278,202
Changchun,SPSA,SPSA,55,0.229937744111278,202
Changchun,SPSA,SPSA,56,0.229937744111278,202
Changchun,SPSA,SPSA,57,0.229937744111278,202
Changchun,SPSA,SPSA,58,0.229937744111278,202
Changchun,SPSA,SPSA,59,0.229937744111278,202
Changchun,SPSA,SPSA,60,0.229937744111278,202
Changchun,SPSA,SPSA,61,0.229937744111278,202
Changchun,SPSA,SPSA,62,0.229937744111278,202
Changchun,SPSA,SPSA,63,0.229937744111278,202
Changchun,SPSA,SPSA,64,0.229937744111278,202
Changchun,SPSA,SPSA,65,0.229937744111278,202
Changchun,SPSA,SPSA,66,0.229937744111278,202
Changchun,SPSA,SPSA,67,0.229937744111278,202
Changchun,SPSA,SPSA,68,0.229937744111278,202
Changchun,SPSA,SPSA,69,0.229937744111278,202
Changchun,SPSA,SPSA,70,0.229937744111278,202
Changchun,SPSA,SPSA,71,0.229937744111278,202
Changchun,SPSA,SPSA,72,0.229937744111278,202
Changchun,SPSA,SPSA,73,0.229937744111278,202
Changchun,SPSA,SPSA,74,0.229937744111278,202
Changchun,SPSA,SPSA,75,0.229937744111278,202
Changchun,SPSA,SPSA,76,0.229937744111278,202
Changchun,SPSA,SPSA,77,0.229937744111278,202
Changchun,SPSA,SPSA,78,0.229937744111278,202
Changchun,SPSA,SPSA,79,0.229937744111278,202
Changchun,SPSA,SPSA,80,0.229937744111278,202
Changchun,SPSA,SPSA,81,0.229937744111278,202
Changchun,SPSA,SPSA,82,0.229937744111278,202
Changchun,SPSA,SPSA,83,0.229937744111278,202
Changchun,SPSA,SPSA,84,0.229937744111278,202
Changchun,SPSA,SPSA,85,0.229937744111278,202
Changchun,SPSA,SPSA,86,0.229937744111278,202
Changchun,SPSA,SPSA,87,0.229937744111278,202
Changchun,SPSA,SPSA,88,0.229937744111278,202
Changchun,SPSA,SPSA,89,0.229937744111278,202
Changchun,SPSA,SPSA,90,0.229937744111278,202
Changchun,SPSA,SPSA,91,0.229937744111278,202
Changchun,SPSA,SPSA,92,0.229937744111278,202
Changchun,SPSA,SPSA,93,0.229937744111278,202
Changchun,SPSA,SPSA,94,0.229937744111278,202
Changchun,SPSA,SPSA,95,0.229937744111278,202
Changchun,SPSA,SPSA,96,0.229937744111278,202
Changchun,SPSA,SPSA,97,0.229937744111278,202
Changchun,SPSA,SPSA,98,0.229937744111278,202
Changchun,SPSA,SPSA,99,0.229937744111278,202
Changchun,SPSA,SPSA,100,0.229937744111278,202
Changchun,SPSA,SPSA,1,0.6614222432318078,101
Changchun,SPSA,SPSA,2,0.6614222432318078,101
Changchun,SPSA,SPSA,3,0.6614222432318078,101
Changchun,SPSA,SPSA,4,0.6614222432318078,101
Changchun,SPSA,SPSA,5,0.6614222432318078,101
Changchun,SPSA,SPSA,6,0.6614222432318078,101
Changchun,SPSA,SPSA,7,0.6562198877002989,101
Changchun,SPSA,SPSA,8,0.6562198877002989,101
Changchun,SPSA,SPSA,9,0.6360498515396258,101
Changchun,SPSA,SPSA,10,0.6360498515396258,101
Changchun,SPSA,SPSA,11,0.6360498515396258,101
Changchun,SPSA,SPSA,12,0.6360498515396258,101
Changchun,SPSA,SPSA,13,0.6360498515396258,101
Changchun,SPSA,SPSA,14,0.6360498515396258,101
Changchun,SPSA,SPSA,15,0.6360498515396258,101
Changchun,SPSA,SPSA,16,0.6360498515396258,101
Changchun,SPSA,SPSA,17,0.6360498515396258,101
Changchun,SPSA,SPSA,18,0.6360498515396258,101
Changchun,SPSA,SPSA,19,0.6360498515396258,101
Changchun,SPSA,SPSA,20,0.6360498515396258,101
Changchun,SPSA,SPSA,21,0.6360498515396258,101
Changchun,SPSA,SPSA,22,0.6360498515396258,101
Changchun,SPSA,SPSA,23,0.6360498515396258,101
Changchun,SPSA,SPSA,24,0.6360498515396258,101
Changchun,SPSA,SPSA,25,0.6300169493553618,101
Changchun,SPSA,SPSA,26,0.6300169493553618,101
Changchun,SPSA,SPSA,27,0.6300169493553618,101
Changchun,SPSA,SPSA,28,0.6300169493553618,101
Changchun,SPSA,SPSA,29,0.6300169493553618,101
Changchun,SPSA,SPSA,30,0.6300169493553618,101
Changchun,SPSA,SPSA,31,0.6300169493553618,101
Changchun,SPSA,SPSA,32,0.6300169493553618,101
Changchun,SPSA,SPSA,33,0.6300169493553618,101
Changchun,SPSA,SPSA,34,0.6300169493553618,101
Changchun,SPSA,SPSA,35,0.6300169493553618,101
Changchun,SPSA,SPSA,36,0.6300169493553618,101
Changchun,SPSA,SPSA,37,0.6300169493553618,101
Changchun,SPSA,SPSA,38,0.6300169493553618,101
Changchun,SPSA,SPSA,39,0.6300169493553618,101
Changchun,SPSA,SPSA,40,0.6300169493553618,101
Changchun,SPSA,SPSA,41,0.6300169493553618,101
Changchun,SPSA,SPSA,42,0.6300169493553618,101
Changchun,SPSA,SPSA,43,0.6300169493553618,101
Changchun,SPSA,SPSA,44,0.6300169493553618,101
Changchun,SPSA,SPSA,45,0.6300169493553618,101
Changchun,SPSA,SPSA,46,0.6300169493553618,101
Changchun,SPSA,SPSA,47,0.6300169493553618,101
Changchun,SPSA,SPSA,48,0.6300169493553618,101
Changchun,SPSA,SPSA,49,0.6300169493553618,101
Changchun,SPSA,SPSA,50,0.6300169493553618,101
Changchun,SPSA,SPSA,51,0.6300169493553618,101
Changchun,SPSA,SPSA,52,0.6300169493553618,101
Changchun,SPSA,SPSA,53,0.6300169493553618,101
Changchun,SPSA,SPSA,54,0.6300169493553618,101
Changchun,SPSA,SPSA,55,0.6300169493553618,101
Changchun,SPSA,SPSA,56,0.6300169493553618,101
Changchun,SPSA,SPSA,57,0.6300169493553618,101
Changchun,SPSA,SPSA,58,0.6300169493553618,101
Changchun,SPSA,SPSA,59,0.6300169493553618,101
Changchun,SPSA,SPSA,60,0.6300169493553618,101
Changchun,SPSA,SPSA,61,0.6300169493553618,101
Changchun,SPSA,SPSA,62,0.6299562134490972,101
Changchun,SPSA,SPSA,63,0.6299562134490972,101
Changchun,SPSA,SPSA,64,0.6299562134490972,101
Changchun,SPSA,SPSA,65,0.6299562134490972,101
Changchun,SPSA,SPSA,66,0.6299562134490972,101
Changchun,SPSA,SPSA,67,0.6299562134490972,101
Changchun,SPSA,SPSA,68,0.6299562134490972,101
Changchun,SPSA,SPSA,69,0.6299562134490972,101
Changchun,SPSA,SPSA,70,0.6299562134490972,101
Changchun,SPSA,SPSA,71,0.6299562134490972,101
Changchun,SPSA,SPSA,72,0.6299562134490972,101
Changchun,SPSA,SPSA,73,0.6299562134490972,101
Changchun,SPSA,SPSA,74,0.6299562134490972,101
Changchun,SPSA,SPSA,75,0.6299562134490972,101
Changchun,SPSA,SPSA,76,0.6299562134490972,101
Changchun,SPSA,SPSA,77,0.6294972603688042,101
Changchun,SPSA,SPSA,78,0.6294972603688042,101
Changchun,SPSA,SPSA,79,0.6294972603688042,101
Changchun,SPSA,SPSA,80,0.6294972603688042,101
Changchun,SPSA,SPSA,81,0.6294972603688042,101
Changchun,SPSA,SPSA,82,0.6294972603688042,101
Changchun,SPSA,SPSA,83,0.6294972603688042,101
Changchun,SPSA,SPSA,84,0.6294972603688042,101
Changchun,SPSA,SPSA,85,0.6294972603688042,101
Changchun,SPSA,SPSA,86,0.6294972603688042,101
Changchun,SPSA,SPSA,87,0.6168533458975589,101
Changchun,SPSA,SPSA,88,0.6168533458975589,101
Changchun,SPSA,SPSA,89,0.6168533458975589,101
Changchun,SPSA,SPSA,90,0.6168533458975589,101
Changchun,SPSA,SPSA,91,0.6168533458975589,101
Changchun,SPSA,SPSA,92,0.6168533458975589,101
Changchun,SPSA,SPSA,93,0.6168533458975589,101
Changchun,SPSA,SPSA,94,0.598477781784997,101
Changchun,SPSA,SPSA,95,0.598477781784997,101
Changchun,SPSA,SPSA,96,0.598477781784997,101
Changchun,SPSA,SPSA,97,0.598477781784997,101
Changchun,SPSA,SPSA,98,0.5947856803425043,101
Changchun,SPSA,SPSA,99,0.5947856803425043,101
Changchun,SPSA,SPSA,100,0.5947856803425043,101
Changchun,BF-SAC-MLP,BF-SAC-MLP,1,0.655034,42
Changchun,BF-SAC-MLP,BF-SAC-MLP,2,0.655034,42
Changchun,BF-SAC-MLP,BF-SAC-MLP,3,0.556525,42
Changchun,BF-SAC-MLP,BF-SAC-MLP,4,0.556525,42
Changchun,BF-SAC-MLP,BF-SAC-MLP,5,0.266142,42
Changchun,BF-SAC-MLP,BF-SAC-MLP,6,0.266142,42
Changchun,BF-SAC-MLP,BF-SAC-MLP,7,0.266142,42
Changchun,BF-SAC-MLP,BF-SAC-MLP,8,0.266142,42
Changchun,BF-SAC-MLP,BF-SAC-MLP,9,0.266142,42
Changchun,BF-SAC-MLP,BF-SAC-MLP,10,0.266142,42
Changchun,BF-SAC-MLP,BF-SAC-MLP,11,0.266142,42
Changchun,BF-SAC-MLP,BF-SAC-MLP,12,0.266142,42
Changchun,BF-SAC-MLP,BF-SAC-MLP,13,0.266142,42
Changchun,BF-SAC-MLP,BF-SAC-MLP,14,0.266142,42
Changchun,BF-SAC-MLP,BF-SAC-MLP,15,0.266142,42
Changchun,BF-SAC-MLP,BF-SAC-MLP,16,0.266142,42
Changchun,BF-SAC-MLP,BF-SAC-MLP,17,0.266142,42
Changchun,BF-SAC-MLP,BF-SAC-MLP,18,0.266142,42
Changchun,BF-SAC-MLP,BF-SAC-MLP,19,0.266142,42
Changchun,BF-SAC-MLP,BF-SAC-MLP,20,0.266142,42
Changchun,BF-SAC-MLP,BF-SAC-MLP,21,0.266142,42
Changchun,BF-SAC-MLP,BF-SAC-MLP,22,0.266142,42
Changchun,BF-SAC-MLP,BF-SAC-MLP,23,0.266142,42
Changchun,BF-SAC-MLP,BF-SAC-MLP,24,0.266142,42
Changchun,BF-SAC-MLP,BF-SAC-MLP,25,0.266142,42
Changchun,BF-SAC-MLP,BF-SAC-MLP,26,0.266142,42
Changchun,BF-SAC-MLP,BF-SAC-MLP,27,0.266142,42
Changchun,BF-SAC-MLP,BF-SAC-MLP,28,0.266142,42
Changchun,BF-SAC-MLP,BF-SAC-MLP,29,0.266142,42
Changchun,BF-SAC-MLP,BF-SAC-MLP,30,0.266142,42
Changchun,BF-SAC-MLP,BF-SAC-MLP,31,0.266142,42
Changchun,BF-SAC-MLP,BF-SAC-MLP,32,0.266142,42
Changchun,BF-SAC-MLP,BF-SAC-MLP,33,0.219735,42
Changchun,BF-SAC-MLP,BF-SAC-MLP,34,0.219735,42
Changchun,BF-SAC-MLP,BF-SAC-MLP,35,0.219735,42
Changchun,BF-SAC-MLP,BF-SAC-MLP,36,0.219735,42
Changchun,BF-SAC-MLP,BF-SAC-MLP,37,0.219735,42
Changchun,BF-SAC-MLP,BF-SAC-MLP,38,0.219735,42
Changchun,BF-SAC-MLP,BF-SAC-MLP,39,0.219735,42
Changchun,BF-SAC-MLP,BF-SAC-MLP,40,0.219735,42
Changchun,BF-SAC-MLP,BF-SAC-MLP,41,0.219735,42
Changchun,BF-SAC-MLP,BF-SAC-MLP,42,0.219735,42
Changchun,BF-SAC-MLP,BF-SAC-MLP,43,0.219735,42
Changchun,BF-SAC-MLP,BF-SAC-MLP,44,0.219735,42
Changchun,BF-SAC-MLP,BF-SAC-MLP,45,0.219735,42
Changchun,BF-SAC-MLP,BF-SAC-MLP,46,0.219735,42
Changchun,BF-SAC-MLP,BF-SAC-MLP,47,0.219735,42
Changchun,BF-SAC-MLP,BF-SAC-MLP,48,0.219735,42
Changchun,BF-SAC-MLP,BF-SAC-MLP,49,0.219735,42
Changchun,BF-SAC-MLP,BF-SAC-MLP,50,0.219735,42
Changchun,BF-SAC-MLP,BF-SAC-MLP,51,0.219735,42
Changchun,BF-SAC-MLP,BF-SAC-MLP,52,0.219735,42
Changchun,BF-SAC-MLP,BF-SAC-MLP,53,0.219735,42
Changchun,BF-SAC-MLP,BF-SAC-MLP,54,0.219735,42
Changchun,BF-SAC-MLP,BF-SAC-MLP,55,0.219735,42
Changchun,BF-SAC-MLP,BF-SAC-MLP,56,0.219735,42
Changchun,BF-SAC-MLP,BF-SAC-MLP,57,0.219735,42
Changchun,BF-SAC-MLP,BF-SAC-MLP,58,0.219735,42
Changchun,BF-SAC-MLP,BF-SAC-MLP,59,0.219735,42
Changchun,BF-SAC-MLP,BF-SAC-MLP,60,0.219735,42
Changchun,BF-SAC-MLP,BF-SAC-MLP,61,0.219735,42
Changchun,BF-SAC-MLP,BF-SAC-MLP,62,0.219735,42
Changchun,BF-SAC-MLP,BF-SAC-MLP,63,0.219735,42
Changchun,BF-SAC-MLP,BF-SAC-MLP,64,0.219735,42
Changchun,BF-SAC-MLP,BF-SAC-MLP,65,0.219735,42
Changchun,BF-SAC-MLP,BF-SAC-MLP,66,0.219735,42
Changchun,BF-SAC-MLP,BF-SAC-MLP,67,0.219735,42
Changchun,BF-SAC-MLP,BF-SAC-MLP,68,0.219735,42
Changchun,BF-SAC-MLP,BF-SAC-MLP,69,0.219735,42
Changchun,BF-SAC-MLP,BF-SAC-MLP,70,0.219735,42
Changchun,BF-SAC-MLP,BF-SAC-MLP,71,0.219735,42
Changchun,BF-SAC-MLP,BF-SAC-MLP,72,0.219735,42
Changchun,BF-SAC-MLP,BF-SAC-MLP,73,0.219735,42
Changchun,BF-SAC-MLP,BF-SAC-MLP,74,0.219735,42
Changchun,BF-SAC-MLP,BF-SAC-MLP,75,0.219735,42
Changchun,BF-SAC-MLP,BF-SAC-MLP,76,0.219735,42
Changchun,BF-SAC-MLP,BF-SAC-MLP,77,0.219735,42
Changchun,BF-SAC-MLP,BF-SAC-MLP,78,0.200018,42
Changchun,BF-SAC-MLP,BF-SAC-MLP,79,0.200018,42
Changchun,BF-SAC-MLP,BF-SAC-MLP,80,0.200018,42
Changchun,BF-SAC-MLP,BF-SAC-MLP,81,0.200018,42
Changchun,BF-SAC-MLP,BF-SAC-MLP,82,0.200018,42
Changchun,BF-SAC-MLP,BF-SAC-MLP,83,0.200018,42
Changchun,BF-SAC-MLP,BF-SAC-MLP,84,0.200018,42
Changchun,BF-SAC-MLP,BF-SAC-MLP,85,0.200018,42
Changchun,BF-SAC-MLP,BF-SAC-MLP,86,0.200018,42
Changchun,BF-SAC-MLP,BF-SAC-MLP,87,0.200018,42
Changchun,BF-SAC-MLP,BF-SAC-MLP,88,0.200018,42
Changchun,BF-SAC-MLP,BF-SAC-MLP,89,0.200018,42
Changchun,BF-SAC-MLP,BF-SAC-MLP,90,0.200018,42
Changchun,BF-SAC-MLP,BF-SAC-MLP,91,0.200018,42
Changchun,BF-SAC-MLP,BF-SAC-MLP,92,0.200018,42
Changchun,BF-SAC-MLP,BF-SAC-MLP,93,0.200018,42
Changchun,BF-SAC-MLP,BF-SAC-MLP,94,0.200018,42
Changchun,BF-SAC-MLP,BF-SAC-MLP,95,0.200018,42
Changchun,BF-SAC-MLP,BF-SAC-MLP,96,0.200018,42
Changchun,BF-SAC-MLP,BF-SAC-MLP,97,0.200018,42
Changchun,BF-SAC-MLP,BF-SAC-MLP,98,0.200018,42
Changchun,BF-SAC-MLP,BF-SAC-MLP,99,0.200018,42
Changchun,BF-SAC-MLP,BF-SAC-MLP,100,0.200018,42
Changchun,遗传算法（GA）,GA,1,0.4516087386118835,101
Changchun,遗传算法（GA）,GA,2,0.4516087386118835,101
Changchun,遗传算法（GA）,GA,3,0.4516087386118835,101
Changchun,遗传算法（GA）,GA,4,0.4516087386118835,101
Changchun,遗传算法（GA）,GA,5,0.4516087386118835,101
Changchun,遗传算法（GA）,GA,6,0.4516087386118835,101
Changchun,遗传算法（GA）,GA,7,0.4516087386118835,101
Changchun,遗传算法（GA）,GA,8,0.4516087386118835,101
Changchun,遗传算法（GA）,GA,9,0.4516087386118835,101
Changchun,遗传算法（GA）,GA,10,0.4516087386118835,101
Changchun,遗传算法（GA）,GA,11,0.4516087386118835,101
Changchun,遗传算法（GA）,GA,12,0.3590761455518174,101
Changchun,遗传算法（GA）,GA,13,0.3590761455518174,101
Changchun,遗传算法（GA）,GA,14,0.3590761455518174,101
Changchun,遗传算法（GA）,GA,15,0.3590761455518174,101
Changchun,遗传算法（GA）,GA,16,0.3590761455518174,101
Changchun,遗传算法（GA）,GA,17,0.3590761455518174,101
Changchun,遗传算法（GA）,GA,18,0.3590761455518174,101
Changchun,遗传算法（GA）,GA,19,0.3590761455518174,101
Changchun,遗传算法（GA）,GA,20,0.3590761455518174,101
Changchun,遗传算法（GA）,GA,21,0.3590761455518174,101
Changchun,遗传算法（GA）,GA,22,0.3590761455518174,101
Changchun,遗传算法（GA）,GA,23,0.3590761455518174,101
Changchun,遗传算法（GA）,GA,24,0.3590761455518174,101
Changchun,遗传算法（GA）,GA,25,0.3590761455518174,101
Changchun,遗传算法（GA）,GA,26,0.3590761455518174,101
Changchun,遗传算法（GA）,GA,27,0.3590761455518174,101
Changchun,遗传算法（GA）,GA,28,0.230835024032918,101
Changchun,遗传算法（GA）,GA,29,0.230835024032918,101
Changchun,遗传算法（GA）,GA,30,0.230835024032918,101
Changchun,遗传算法（GA）,GA,31,0.230835024032918,101
Changchun,遗传算法（GA）,GA,32,0.230835024032918,101
Changchun,遗传算法（GA）,GA,33,0.230835024032918,101
Changchun,遗传算法（GA）,GA,34,0.230835024032918,101
Changchun,遗传算法（GA）,GA,35,0.230835024032918,101
Changchun,遗传算法（GA）,GA,36,0.230835024032918,101
Changchun,遗传算法（GA）,GA,37,0.230835024032918,101
Changchun,遗传算法（GA）,GA,38,0.230835024032918,101
Changchun,遗传算法（GA）,GA,39,0.230835024032918,101
Changchun,遗传算法（GA）,GA,40,0.230835024032918,101
Changchun,遗传算法（GA）,GA,41,0.230835024032918,101
Changchun,遗传算法（GA）,GA,42,0.230835024032918,101
Changchun,遗传算法（GA）,GA,43,0.230835024032918,101
Changchun,遗传算法（GA）,GA,44,0.230835024032918,101
Changchun,遗传算法（GA）,GA,45,0.230835024032918,101
Changchun,遗传算法（GA）,GA,46,0.230835024032918,101
Changchun,遗传算法（GA）,GA,47,0.230835024032918,101
Changchun,遗传算法（GA）,GA,48,0.230835024032918,101
Changchun,遗传算法（GA）,GA,49,0.230835024032918,101
Changchun,遗传算法（GA）,GA,50,0.230835024032918,101
Changchun,遗传算法（GA）,GA,51,0.230835024032918,101
Changchun,遗传算法（GA）,GA,52,0.230835024032918,101
Changchun,遗传算法（GA）,GA,53,0.230835024032918,101
Changchun,遗传算法（GA）,GA,54,0.230835024032918,101
Changchun,遗传算法（GA）,GA,55,0.230835024032918,101
Changchun,遗传算法（GA）,GA,56,0.230835024032918,101
Changchun,遗传算法（GA）,GA,57,0.230835024032918,101
Changchun,遗传算法（GA）,GA,58,0.230835024032918,101
Changchun,遗传算法（GA）,GA,59,0.230835024032918,101
Changchun,遗传算法（GA）,GA,60,0.230835024032918,101
Changchun,遗传算法（GA）,GA,61,0.230835024032918,101
Changchun,遗传算法（GA）,GA,62,0.230835024032918,101
Changchun,遗传算法（GA）,GA,63,0.230835024032918,101
Changchun,遗传算法（GA）,GA,64,0.230835024032918,101
Changchun,遗传算法（GA）,GA,65,0.230835024032918,101
Changchun,遗传算法（GA）,GA,66,0.230835024032918,101
Changchun,遗传算法（GA）,GA,67,0.230835024032918,101
Changchun,遗传算法（GA）,GA,68,0.230835024032918,101
Changchun,遗传算法（GA）,GA,69,0.230835024032918,101
Changchun,遗传算法（GA）,GA,70,0.230835024032918,101
Changchun,遗传算法（GA）,GA,71,0.230835024032918,101
Changchun,遗传算法（GA）,GA,72,0.230835024032918,101
Changchun,遗传算法（GA）,GA,73,0.230835024032918,101
Changchun,遗传算法（GA）,GA,74,0.230835024032918,101
Changchun,遗传算法（GA）,GA,75,0.230835024032918,101
Changchun,遗传算法（GA）,GA,76,0.230835024032918,101
Changchun,遗传算法（GA）,GA,77,0.230835024032918,101
Changchun,遗传算法（GA）,GA,78,0.230835024032918,101
Changchun,遗传算法（GA）,GA,79,0.230835024032918,101
Changchun,遗传算法（GA）,GA,80,0.230835024032918,101
Changchun,遗传算法（GA）,GA,81,0.230835024032918,101
Changchun,遗传算法（GA）,GA,82,0.230835024032918,101
Changchun,遗传算法（GA）,GA,83,0.230835024032918,101
Changchun,遗传算法（GA）,GA,84,0.230835024032918,101
Changchun,遗传算法（GA）,GA,85,0.230835024032918,101
Changchun,遗传算法（GA）,GA,86,0.230835024032918,101
Changchun,遗传算法（GA）,GA,87,0.230835024032918,101
Changchun,遗传算法（GA）,GA,88,0.230835024032918,101
Changchun,遗传算法（GA）,GA,89,0.230835024032918,101
Changchun,遗传算法（GA）,GA,90,0.230835024032918,101
Changchun,遗传算法（GA）,GA,91,0.230835024032918,101
Changchun,遗传算法（GA）,GA,92,0.230835024032918,101
Changchun,遗传算法（GA）,GA,93,0.230835024032918,101
Changchun,遗传算法（GA）,GA,94,0.230835024032918,101
Changchun,遗传算法（GA）,GA,95,0.230835024032918,101
Changchun,遗传算法（GA）,GA,96,0.230835024032918,101
Changchun,遗传算法（GA）,GA,97,0.230835024032918,101
Changchun,遗传算法（GA）,GA,98,0.230835024032918,101
Changchun,遗传算法（GA）,GA,99,0.230835024032918,101
Changchun,遗传算法（GA）,GA,100,0.230835024032918,101
Changchun,遗传算法（GA）,GA,1,0.6253729749739951,202
Changchun,遗传算法（GA）,GA,2,0.4254632868806326,202
Changchun,遗传算法（GA）,GA,3,0.4254632868806326,202
Changchun,遗传算法（GA）,GA,4,0.4254632868806326,202
Changchun,遗传算法（GA）,GA,5,0.4254632868806326,202
Changchun,遗传算法（GA）,GA,6,0.4254632868806326,202
Changchun,遗传算法（GA）,GA,7,0.4254632868806326,202
Changchun,遗传算法（GA）,GA,8,0.4254632868806326,202
Changchun,遗传算法（GA）,GA,9,0.4254632868806326,202
Changchun,遗传算法（GA）,GA,10,0.4254632868806326,202
Changchun,遗传算法（GA）,GA,11,0.4254632868806326,202
Changchun,遗传算法（GA）,GA,12,0.4254632868806326,202
Changchun,遗传算法（GA）,GA,13,0.2825752218500018,202
Changchun,遗传算法（GA）,GA,14,0.2825752218500018,202
Changchun,遗传算法（GA）,GA,15,0.2825752218500018,202
Changchun,遗传算法（GA）,GA,16,0.2825752218500018,202
Changchun,遗传算法（GA）,GA,17,0.2825752218500018,202
Changchun,遗传算法（GA）,GA,18,0.2825752218500018,202
Changchun,遗传算法（GA）,GA,19,0.2825752218500018,202
Changchun,遗传算法（GA）,GA,20,0.2825752218500018,202
Changchun,遗传算法（GA）,GA,21,0.2825752218500018,202
Changchun,遗传算法（GA）,GA,22,0.2825752218500018,202
Changchun,遗传算法（GA）,GA,23,0.2825752218500018,202
Changchun,遗传算法（GA）,GA,24,0.2825752218500018,202
Changchun,遗传算法（GA）,GA,25,0.2825752218500018,202
Changchun,遗传算法（GA）,GA,26,0.2825752218500018,202
Changchun,遗传算法（GA）,GA,27,0.2825752218500018,202
Changchun,遗传算法（GA）,GA,28,0.2825752218500018,202
Changchun,遗传算法（GA）,GA,29,0.2825752218500018,202
Changchun,遗传算法（GA）,GA,30,0.2825752218500018,202
Changchun,遗传算法（GA）,GA,31,0.2825752218500018,202
Changchun,遗传算法（GA）,GA,32,0.2825752218500018,202
Changchun,遗传算法（GA）,GA,33,0.2825752218500018,202
Changchun,遗传算法（GA）,GA,34,0.2825752218500018,202
Changchun,遗传算法（GA）,GA,35,0.2825752218500018,202
Changchun,遗传算法（GA）,GA,36,0.2825752218500018,202
Changchun,遗传算法（GA）,GA,37,0.2825752218500018,202
Changchun,遗传算法（GA）,GA,38,0.2825752218500018,202
Changchun,遗传算法（GA）,GA,39,0.2825752218500018,202
Changchun,遗传算法（GA）,GA,40,0.2825752218500018,202
Changchun,遗传算法（GA）,GA,41,0.2825752218500018,202
Changchun,遗传算法（GA）,GA,42,0.2825752218500018,202
Changchun,遗传算法（GA）,GA,43,0.2825752218500018,202
Changchun,遗传算法（GA）,GA,44,0.2825752218500018,202
Changchun,遗传算法（GA）,GA,45,0.2825752218500018,202
Changchun,遗传算法（GA）,GA,46,0.2825752218500018,202
Changchun,遗传算法（GA）,GA,47,0.2825752218500018,202
Changchun,遗传算法（GA）,GA,48,0.2825752218500018,202
Changchun,遗传算法（GA）,GA,49,0.2825752218500018,202
Changchun,遗传算法（GA）,GA,50,0.2825752218500018,202
Changchun,遗传算法（GA）,GA,51,0.2825752218500018,202
Changchun,遗传算法（GA）,GA,52,0.2825752218500018,202
Changchun,遗传算法（GA）,GA,53,0.2825752218500018,202
Changchun,遗传算法（GA）,GA,54,0.2825752218500018,202
Changchun,遗传算法（GA）,GA,55,0.2825752218500018,202
Changchun,遗传算法（GA）,GA,56,0.2825752218500018,202
Changchun,遗传算法（GA）,GA,57,0.2825752218500018,202
Changchun,遗传算法（GA）,GA,58,0.2825752218500018,202
Changchun,遗传算法（GA）,GA,59,0.2825752218500018,202
Changchun,遗传算法（GA）,GA,60,0.2825752218500018,202
Changchun,遗传算法（GA）,GA,61,0.2825752218500018,202
Changchun,遗传算法（GA）,GA,62,0.2825752218500018,202
Changchun,遗传算法（GA）,GA,63,0.2825752218500018,202
Changchun,遗传算法（GA）,GA,64,0.2825752218500018,202
Changchun,遗传算法（GA）,GA,65,0.2825752218500018,202
Changchun,遗传算法（GA）,GA,66,0.2825752218500018,202
Changchun,遗传算法（GA）,GA,67,0.2825752218500018,202
Changchun,遗传算法（GA）,GA,68,0.2825752218500018,202
Changchun,遗传算法（GA）,GA,69,0.2825752218500018,202
Changchun,遗传算法（GA）,GA,70,0.2825752218500018,202
Changchun,遗传算法（GA）,GA,71,0.2825752218500018,202
Changchun,遗传算法（GA）,GA,72,0.2825752218500018,202
Changchun,遗传算法（GA）,GA,73,0.2825752218500018,202
Changchun,遗传算法（GA）,GA,74,0.2825752218500018,202
Changchun,遗传算法（GA）,GA,75,0.2825752218500018,202
Changchun,遗传算法（GA）,GA,76,0.2825752218500018,202
Changchun,遗传算法（GA）,GA,77,0.2825752218500018,202
Changchun,遗传算法（GA）,GA,78,0.2825752218500018,202
Changchun,遗传算法（GA）,GA,79,0.2825752218500018,202
Changchun,遗传算法（GA）,GA,80,0.2825752218500018,202
Changchun,遗传算法（GA）,GA,81,0.2825752218500018,202
Changchun,遗传算法（GA）,GA,82,0.2825752218500018,202
Changchun,遗传算法（GA）,GA,83,0.2825752218500018,202
Changchun,遗传算法（GA）,GA,84,0.2825752218500018,202
Changchun,遗传算法（GA）,GA,85,0.2825752218500018,202
Changchun,遗传算法（GA）,GA,86,0.2825752218500018,202
Changchun,遗传算法（GA）,GA,87,0.2825752218500018,202
Changchun,遗传算法（GA）,GA,88,0.2825752218500018,202
Changchun,遗传算法（GA）,GA,89,0.2825752218500018,202
Changchun,遗传算法（GA）,GA,90,0.2825752218500018,202
Changchun,遗传算法（GA）,GA,91,0.2825752218500018,202
Changchun,遗传算法（GA）,GA,92,0.2825752218500018,202
Changchun,遗传算法（GA）,GA,93,0.2825752218500018,202
Changchun,遗传算法（GA）,GA,94,0.2825752218500018,202
Changchun,遗传算法（GA）,GA,95,0.2825752218500018,202
Changchun,遗传算法（GA）,GA,96,0.2825752218500018,202
Changchun,遗传算法（GA）,GA,97,0.2825752218500018,202
Changchun,遗传算法（GA）,GA,98,0.2825752218500018,202
Changchun,遗传算法（GA）,GA,99,0.2825752218500018,202
Changchun,遗传算法（GA）,GA,100,0.2825752218500018,202
Changchun,BF-SAC-MLP,BF-SAC-MLP,1,0.687465,303
Changchun,BF-SAC-MLP,BF-SAC-MLP,2,0.451792,303
Changchun,BF-SAC-MLP,BF-SAC-MLP,3,0.436938,303
Changchun,BF-SAC-MLP,BF-SAC-MLP,4,0.436938,303
Changchun,BF-SAC-MLP,BF-SAC-MLP,5,0.436938,303
Changchun,BF-SAC-MLP,BF-SAC-MLP,6,0.436938,303
Changchun,BF-SAC-MLP,BF-SAC-MLP,7,0.436938,303
Changchun,BF-SAC-MLP,BF-SAC-MLP,8,0.436938,303
Changchun,BF-SAC-MLP,BF-SAC-MLP,9,0.325678,303
Changchun,BF-SAC-MLP,BF-SAC-MLP,10,0.325678,303
Changchun,BF-SAC-MLP,BF-SAC-MLP,11,0.325678,303
Changchun,BF-SAC-MLP,BF-SAC-MLP,12,0.325678,303
Changchun,BF-SAC-MLP,BF-SAC-MLP,13,0.325678,303
Changchun,BF-SAC-MLP,BF-SAC-MLP,14,0.325678,303
Changchun,BF-SAC-MLP,BF-SAC-MLP,15,0.325678,303
Changchun,BF-SAC-MLP,BF-SAC-MLP,16,0.325678,303
Changchun,BF-SAC-MLP,BF-SAC-MLP,17,0.325678,303
Changchun,BF-SAC-MLP,BF-SAC-MLP,18,0.325678,303
Changchun,BF-SAC-MLP,BF-SAC-MLP,19,0.325678,303
Changchun,BF-SAC-MLP,BF-SAC-MLP,20,0.325678,303
Changchun,BF-SAC-MLP,BF-SAC-MLP,21,0.325678,303
Changchun,BF-SAC-MLP,BF-SAC-MLP,22,0.325678,303
Changchun,BF-SAC-MLP,BF-SAC-MLP,23,0.325678,303
Changchun,BF-SAC-MLP,BF-SAC-MLP,24,0.325678,303
Changchun,BF-SAC-MLP,BF-SAC-MLP,25,0.325678,303
Changchun,BF-SAC-MLP,BF-SAC-MLP,26,0.325678,303
Changchun,BF-SAC-MLP,BF-SAC-MLP,27,0.325678,303
Changchun,BF-SAC-MLP,BF-SAC-MLP,28,0.325678,303
Changchun,BF-SAC-MLP,BF-SAC-MLP,29,0.325678,303
Changchun,BF-SAC-MLP,BF-SAC-MLP,30,0.325678,303
Changchun,BF-SAC-MLP,BF-SAC-MLP,31,0.325678,303
Changchun,BF-SAC-MLP,BF-SAC-MLP,32,0.325678,303
Changchun,BF-SAC-MLP,BF-SAC-MLP,33,0.325678,303
Changchun,BF-SAC-MLP,BF-SAC-MLP,34,0.325678,303
Changchun,BF-SAC-MLP,BF-SAC-MLP,35,0.325678,303
Changchun,BF-SAC-MLP,BF-SAC-MLP,36,0.325678,303
Changchun,BF-SAC-MLP,BF-SAC-MLP,37,0.325678,303
Changchun,BF-SAC-MLP,BF-SAC-MLP,38,0.320308,303
Changchun,BF-SAC-MLP,BF-SAC-MLP,39,0.320308,303
Changchun,BF-SAC-MLP,BF-SAC-MLP,40,0.320308,303
Changchun,BF-SAC-MLP,BF-SAC-MLP,41,0.259485,303
Changchun,BF-SAC-MLP,BF-SAC-MLP,42,0.259485,303
Changchun,BF-SAC-MLP,BF-SAC-MLP,43,0.259485,303
Changchun,BF-SAC-MLP,BF-SAC-MLP,44,0.259485,303
Changchun,BF-SAC-MLP,BF-SAC-MLP,45,0.258207,303
Changchun,BF-SAC-MLP,BF-SAC-MLP,46,0.258207,303
Changchun,BF-SAC-MLP,BF-SAC-MLP,47,0.258207,303
Changchun,BF-SAC-MLP,BF-SAC-MLP,48,0.258207,303
Changchun,BF-SAC-MLP,BF-SAC-MLP,49,0.258207,303
Changchun,BF-SAC-MLP,BF-SAC-MLP,50,0.258207,303
Changchun,BF-SAC-MLP,BF-SAC-MLP,51,0.258207,303
Changchun,BF-SAC-MLP,BF-SAC-MLP,52,0.258207,303
Changchun,BF-SAC-MLP,BF-SAC-MLP,53,0.256651,303
Changchun,BF-SAC-MLP,BF-SAC-MLP,54,0.230986,303
Changchun,BF-SAC-MLP,BF-SAC-MLP,55,0.230986,303
Changchun,BF-SAC-MLP,BF-SAC-MLP,56,0.230986,303
Changchun,BF-SAC-MLP,BF-SAC-MLP,57,0.230986,303
Changchun,BF-SAC-MLP,BF-SAC-MLP,58,0.230986,303
Changchun,BF-SAC-MLP,BF-SAC-MLP,59,0.230986,303
Changchun,BF-SAC-MLP,BF-SAC-MLP,60,0.230986,303
Changchun,BF-SAC-MLP,BF-SAC-MLP,61,0.230986,303
Changchun,BF-SAC-MLP,BF-SAC-MLP,62,0.230986,303
Changchun,BF-SAC-MLP,BF-SAC-MLP,63,0.230986,303
Changchun,BF-SAC-MLP,BF-SAC-MLP,64,0.198749,303
Changchun,BF-SAC-MLP,BF-SAC-MLP,65,0.198749,303
Changchun,BF-SAC-MLP,BF-SAC-MLP,66,0.198749,303
Changchun,BF-SAC-MLP,BF-SAC-MLP,67,0.198749,303
Changchun,BF-SAC-MLP,BF-SAC-MLP,68,0.198749,303
Changchun,BF-SAC-MLP,BF-SAC-MLP,69,0.198749,303
Changchun,BF-SAC-MLP,BF-SAC-MLP,70,0.198749,303
Changchun,BF-SAC-MLP,BF-SAC-MLP,71,0.198749,303
Changchun,BF-SAC-MLP,BF-SAC-MLP,72,0.198749,303
Changchun,BF-SAC-MLP,BF-SAC-MLP,73,0.198749,303
Changchun,BF-SAC-MLP,BF-SAC-MLP,74,0.198749,303
Changchun,BF-SAC-MLP,BF-SAC-MLP,75,0.198749,303
Changchun,BF-SAC-MLP,BF-SAC-MLP,76,0.198749,303
Changchun,BF-SAC-MLP,BF-SAC-MLP,77,0.198749,303
Changchun,BF-SAC-MLP,BF-SAC-MLP,78,0.198749,303
Changchun,BF-SAC-MLP,BF-SAC-MLP,79,0.198749,303
Changchun,BF-SAC-MLP,BF-SAC-MLP,80,0.198749,303
Changchun,BF-SAC-MLP,BF-SAC-MLP,81,0.192404,303
Changchun,BF-SAC-MLP,BF-SAC-MLP,82,0.192404,303
Changchun,BF-SAC-MLP,BF-SAC-MLP,83,0.192404,303
Changchun,BF-SAC-MLP,BF-SAC-MLP,84,0.192404,303
Changchun,BF-SAC-MLP,BF-SAC-MLP,85,0.192404,303
Changchun,BF-SAC-MLP,BF-SAC-MLP,86,0.192404,303
Changchun,BF-SAC-MLP,BF-SAC-MLP,87,0.192404,303
Changchun,BF-SAC-MLP,BF-SAC-MLP,88,0.192404,303
Changchun,BF-SAC-MLP,BF-SAC-MLP,89,0.192404,303
Changchun,BF-SAC-MLP,BF-SAC-MLP,90,0.192404,303
Changchun,BF-SAC-MLP,BF-SAC-MLP,91,0.192404,303
Changchun,BF-SAC-MLP,BF-SAC-MLP,92,0.192404,303
Changchun,BF-SAC-MLP,BF-SAC-MLP,93,0.192404,303
Changchun,BF-SAC-MLP,BF-SAC-MLP,94,0.186606,303
Changchun,BF-SAC-MLP,BF-SAC-MLP,95,0.186606,303
Changchun,BF-SAC-MLP,BF-SAC-MLP,96,0.186606,303
Changchun,BF-SAC-MLP,BF-SAC-MLP,97,0.186606,303
Changchun,BF-SAC-MLP,BF-SAC-MLP,98,0.186606,303
Changchun,BF-SAC-MLP,BF-SAC-MLP,99,0.186606,303
Changchun,BF-SAC-MLP,BF-SAC-MLP,100,0.186606,303
Changchun,BF-SAC-MLP,BF-SAC-MLP,1,0.683253,101
Changchun,BF-SAC-MLP,BF-SAC-MLP,2,0.683253,101
Changchun,BF-SAC-MLP,BF-SAC-MLP,3,0.683253,101
Changchun,BF-SAC-MLP,BF-SAC-MLP,4,0.612564,101
Changchun,BF-SAC-MLP,BF-SAC-MLP,5,0.612564,101
Changchun,BF-SAC-MLP,BF-SAC-MLP,6,0.612564,101
Changchun,BF-SAC-MLP,BF-SAC-MLP,7,0.612564,101
Changchun,BF-SAC-MLP,BF-SAC-MLP,8,0.612564,101
Changchun,BF-SAC-MLP,BF-SAC-MLP,9,0.589008,101
Changchun,BF-SAC-MLP,BF-SAC-MLP,10,0.578324,101
Changchun,BF-SAC-MLP,BF-SAC-MLP,11,0.578324,101
Changchun,BF-SAC-MLP,BF-SAC-MLP,12,0.578324,101
Changchun,BF-SAC-MLP,BF-SAC-MLP,13,0.578324,101
Changchun,BF-SAC-MLP,BF-SAC-MLP,14,0.221206,101
Changchun,BF-SAC-MLP,BF-SAC-MLP,15,0.221206,101
Changchun,BF-SAC-MLP,BF-SAC-MLP,16,0.221206,101
Changchun,BF-SAC-MLP,BF-SAC-MLP,17,0.221206,101
Changchun,BF-SAC-MLP,BF-SAC-MLP,18,0.221206,101
Changchun,BF-SAC-MLP,BF-SAC-MLP,19,0.221206,101
Changchun,BF-SAC-MLP,BF-SAC-MLP,20,0.221206,101
Changchun,BF-SAC-MLP,BF-SAC-MLP,21,0.221206,101
Changchun,BF-SAC-MLP,BF-SAC-MLP,22,0.221206,101
Changchun,BF-SAC-MLP,BF-SAC-MLP,23,0.221206,101
Changchun,BF-SAC-MLP,BF-SAC-MLP,24,0.221206,101
Changchun,BF-SAC-MLP,BF-SAC-MLP,25,0.221206,101
Changchun,BF-SAC-MLP,BF-SAC-MLP,26,0.221206,101
Changchun,BF-SAC-MLP,BF-SAC-MLP,27,0.221206,101
Changchun,BF-SAC-MLP,BF-SAC-MLP,28,0.221206,101
Changchun,BF-SAC-MLP,BF-SAC-MLP,29,0.221206,101
Changchun,BF-SAC-MLP,BF-SAC-MLP,30,0.221206,101
Changchun,BF-SAC-MLP,BF-SAC-MLP,31,0.221206,101
Changchun,BF-SAC-MLP,BF-SAC-MLP,32,0.221206,101
Changchun,BF-SAC-MLP,BF-SAC-MLP,33,0.221206,101
Changchun,BF-SAC-MLP,BF-SAC-MLP,34,0.221206,101
Changchun,BF-SAC-MLP,BF-SAC-MLP,35,0.221206,101
Changchun,BF-SAC-MLP,BF-SAC-MLP,36,0.221206,101
Changchun,BF-SAC-MLP,BF-SAC-MLP,37,0.221206,101
Changchun,BF-SAC-MLP,BF-SAC-MLP,38,0.221206,101
Changchun,BF-SAC-MLP,BF-SAC-MLP,39,0.221206,101
Changchun,BF-SAC-MLP,BF-SAC-MLP,40,0.221206,101
Changchun,BF-SAC-MLP,BF-SAC-MLP,41,0.221206,101
Changchun,BF-SAC-MLP,BF-SAC-MLP,42,0.221206,101
Changchun,BF-SAC-MLP,BF-SAC-MLP,43,0.221206,101
Changchun,BF-SAC-MLP,BF-SAC-MLP,44,0.221206,101
Changchun,BF-SAC-MLP,BF-SAC-MLP,45,0.221206,101
Changchun,BF-SAC-MLP,BF-SAC-MLP,46,0.221206,101
Changchun,BF-SAC-MLP,BF-SAC-MLP,47,0.221206,101
Changchun,BF-SAC-MLP,BF-SAC-MLP,48,0.221206,101
Changchun,BF-SAC-MLP,BF-SAC-MLP,49,0.221206,101
Changchun,BF-SAC-MLP,BF-SAC-MLP,50,0.221206,101
Changchun,BF-SAC-MLP,BF-SAC-MLP,51,0.221206,101
Changchun,BF-SAC-MLP,BF-SAC-MLP,52,0.221206,101
Changchun,BF-SAC-MLP,BF-SAC-MLP,53,0.221206,101
Changchun,BF-SAC-MLP,BF-SAC-MLP,54,0.221206,101
Changchun,BF-SAC-MLP,BF-SAC-MLP,55,0.221206,101
Changchun,BF-SAC-MLP,BF-SAC-MLP,56,0.221206,101
Changchun,BF-SAC-MLP,BF-SAC-MLP,57,0.221206,101
Changchun,BF-SAC-MLP,BF-SAC-MLP,58,0.221206,101
Changchun,BF-SAC-MLP,BF-SAC-MLP,59,0.221206,101
Changchun,BF-SAC-MLP,BF-SAC-MLP,60,0.221206,101
Changchun,BF-SAC-MLP,BF-SAC-MLP,61,0.221206,101
Changchun,BF-SAC-MLP,BF-SAC-MLP,62,0.221206,101
Changchun,BF-SAC-MLP,BF-SAC-MLP,63,0.221206,101
Changchun,BF-SAC-MLP,BF-SAC-MLP,64,0.221206,101
Changchun,BF-SAC-MLP,BF-SAC-MLP,65,0.221206,101
Changchun,BF-SAC-MLP,BF-SAC-MLP,66,0.221206,101
Changchun,BF-SAC-MLP,BF-SAC-MLP,67,0.221206,101
Changchun,BF-SAC-MLP,BF-SAC-MLP,68,0.221206,101
Changchun,BF-SAC-MLP,BF-SAC-MLP,69,0.221206,101
Changchun,BF-SAC-MLP,BF-SAC-MLP,70,0.221206,101
Changchun,BF-SAC-MLP,BF-SAC-MLP,71,0.221206,101
Changchun,BF-SAC-MLP,BF-SAC-MLP,72,0.221206,101
Changchun,BF-SAC-MLP,BF-SAC-MLP,73,0.221206,101
Changchun,BF-SAC-MLP,BF-SAC-MLP,74,0.221206,101
Changchun,BF-SAC-MLP,BF-SAC-MLP,75,0.221206,101
Changchun,BF-SAC-MLP,BF-SAC-MLP,76,0.221206,101
Changchun,BF-SAC-MLP,BF-SAC-MLP,77,0.221206,101
Changchun,BF-SAC-MLP,BF-SAC-MLP,78,0.221206,101
Changchun,BF-SAC-MLP,BF-SAC-MLP,79,0.221206,101
Changchun,BF-SAC-MLP,BF-SAC-MLP,80,0.221206,101
Changchun,BF-SAC-MLP,BF-SAC-MLP,81,0.221206,101
Changchun,BF-SAC-MLP,BF-SAC-MLP,82,0.221206,101
Changchun,BF-SAC-MLP,BF-SAC-MLP,83,0.221206,101
Changchun,BF-SAC-MLP,BF-SAC-MLP,84,0.221206,101
Changchun,BF-SAC-MLP,BF-SAC-MLP,85,0.221206,101
Changchun,BF-SAC-MLP,BF-SAC-MLP,86,0.221206,101
Changchun,BF-SAC-MLP,BF-SAC-MLP,87,0.221206,101
Changchun,BF-SAC-MLP,BF-SAC-MLP,88,0.221206,101
Changchun,BF-SAC-MLP,BF-SAC-MLP,89,0.221206,101
Changchun,BF-SAC-MLP,BF-SAC-MLP,90,0.221206,101
Changchun,BF-SAC-MLP,BF-SAC-MLP,91,0.221206,101
Changchun,BF-SAC-MLP,BF-SAC-MLP,92,0.221206,101
Changchun,BF-SAC-MLP,BF-SAC-MLP,93,0.221206,101
Changchun,BF-SAC-MLP,BF-SAC-MLP,94,0.221206,101
Changchun,BF-SAC-MLP,BF-SAC-MLP,95,0.221206,101
Changchun,BF-SAC-MLP,BF-SAC-MLP,96,0.221206,101
Changchun,BF-SAC-MLP,BF-SAC-MLP,97,0.221206,101
Changchun,BF-SAC-MLP,BF-SAC-MLP,98,0.221206,101
Changchun,BF-SAC-MLP,BF-SAC-MLP,99,0.221206,101
Changchun,BF-SAC-MLP,BF-SAC-MLP,100,0.221206,101
Changchun,遗传算法（GA）,GA,1,0.6620107248774192,303
Changchun,遗传算法（GA）,GA,2,0.6620107248774192,303
Changchun,遗传算法（GA）,GA,3,0.6495944304605497,303
Changchun,遗传算法（GA）,GA,4,0.6362989783375004,303
Changchun,遗传算法（GA）,GA,5,0.4198713598149388,303
Changchun,遗传算法（GA）,GA,6,0.3118373516230761,303
Changchun,遗传算法（GA）,GA,7,0.3118373516230761,303
Changchun,遗传算法（GA）,GA,8,0.3118373516230761,303
Changchun,遗传算法（GA）,GA,9,0.3118373516230761,303
Changchun,遗传算法（GA）,GA,10,0.3118373516230761,303
Changchun,遗传算法（GA）,GA,11,0.3118373516230761,303
Changchun,遗传算法（GA）,GA,12,0.3118373516230761,303
Changchun,遗传算法（GA）,GA,13,0.3118373516230761,303
Changchun,遗传算法（GA）,GA,14,0.2154665127527955,303
Changchun,遗传算法（GA）,GA,15,0.2154665127527955,303
Changchun,遗传算法（GA）,GA,16,0.2154665127527955,303
Changchun,遗传算法（GA）,GA,17,0.2154665127527955,303
Changchun,遗传算法（GA）,GA,18,0.2154665127527955,303
Changchun,遗传算法（GA）,GA,19,0.2154665127527955,303
Changchun,遗传算法（GA）,GA,20,0.2154665127527955,303
Changchun,遗传算法（GA）,GA,21,0.2154665127527955,303
Changchun,遗传算法（GA）,GA,22,0.2154665127527955,303
Changchun,遗传算法（GA）,GA,23,0.2154665127527955,303
Changchun,遗传算法（GA）,GA,24,0.2154665127527955,303
Changchun,遗传算法（GA）,GA,25,0.2154665127527955,303
Changchun,遗传算法（GA）,GA,26,0.2154665127527955,303
Changchun,遗传算法（GA）,GA,27,0.2154665127527955,303
Changchun,遗传算法（GA）,GA,28,0.2154665127527955,303
Changchun,遗传算法（GA）,GA,29,0.2154665127527955,303
Changchun,遗传算法（GA）,GA,30,0.2154665127527955,303
Changchun,遗传算法（GA）,GA,31,0.2154665127527955,303
Changchun,遗传算法（GA）,GA,32,0.2154665127527955,303
Changchun,遗传算法（GA）,GA,33,0.2154665127527955,303
Changchun,遗传算法（GA）,GA,34,0.2154665127527955,303
Changchun,遗传算法（GA）,GA,35,0.2154665127527955,303
Changchun,遗传算法（GA）,GA,36,0.2154665127527955,303
Changchun,遗传算法（GA）,GA,37,0.2154665127527955,303
Changchun,遗传算法（GA）,GA,38,0.2154665127527955,303
Changchun,遗传算法（GA）,GA,39,0.2154665127527955,303
Changchun,遗传算法（GA）,GA,40,0.2154665127527955,303
Changchun,遗传算法（GA）,GA,41,0.2154665127527955,303
Changchun,遗传算法（GA）,GA,42,0.2154665127527955,303
Changchun,遗传算法（GA）,GA,43,0.2154665127527955,303
Changchun,遗传算法（GA）,GA,44,0.2154665127527955,303
Changchun,遗传算法（GA）,GA,45,0.2154665127527955,303
Changchun,遗传算法（GA）,GA,46,0.2154665127527955,303
Changchun,遗传算法（GA）,GA,47,0.2154665127527955,303
Changchun,遗传算法（GA）,GA,48,0.2154665127527955,303
Changchun,遗传算法（GA）,GA,49,0.2154665127527955,303
Changchun,遗传算法（GA）,GA,50,0.2154665127527955,303
Changchun,遗传算法（GA）,GA,51,0.2154665127527955,303
Changchun,遗传算法（GA）,GA,52,0.2154665127527955,303
Changchun,遗传算法（GA）,GA,53,0.2154665127527955,303
Changchun,遗传算法（GA）,GA,54,0.2154665127527955,303
Changchun,遗传算法（GA）,GA,55,0.2154665127527955,303
Changchun,遗传算法（GA）,GA,56,0.2154665127527955,303
Changchun,遗传算法（GA）,GA,57,0.2154665127527955,303
Changchun,遗传算法（GA）,GA,58,0.2154665127527955,303
Changchun,遗传算法（GA）,GA,59,0.2154665127527955,303
Changchun,遗传算法（GA）,GA,60,0.2154665127527955,303
Changchun,遗传算法（GA）,GA,61,0.2154665127527955,303
Changchun,遗传算法（GA）,GA,62,0.2154665127527955,303
Changchun,遗传算法（GA）,GA,63,0.2154665127527955,303
Changchun,遗传算法（GA）,GA,64,0.2154665127527955,303
Changchun,遗传算法（GA）,GA,65,0.2154665127527955,303
Changchun,遗传算法（GA）,GA,66,0.2154665127527955,303
Changchun,遗传算法（GA）,GA,67,0.2154665127527955,303
Changchun,遗传算法（GA）,GA,68,0.2154665127527955,303
Changchun,遗传算法（GA）,GA,69,0.2154665127527955,303
Changchun,遗传算法（GA）,GA,70,0.2154665127527955,303
Changchun,遗传算法（GA）,GA,71,0.2154665127527955,303
Changchun,遗传算法（GA）,GA,72,0.2154665127527955,303
Changchun,遗传算法（GA）,GA,73,0.2154665127527955,303
Changchun,遗传算法（GA）,GA,74,0.2154665127527955,303
Changchun,遗传算法（GA）,GA,75,0.2154665127527955,303
Changchun,遗传算法（GA）,GA,76,0.2154665127527955,303
Changchun,遗传算法（GA）,GA,77,0.2154665127527955,303
Changchun,遗传算法（GA）,GA,78,0.2154665127527955,303
Changchun,遗传算法（GA）,GA,79,0.2154665127527955,303
Changchun,遗传算法（GA）,GA,80,0.2154665127527955,303
Changchun,遗传算法（GA）,GA,81,0.2154665127527955,303
Changchun,遗传算法（GA）,GA,82,0.2154665127527955,303
Changchun,遗传算法（GA）,GA,83,0.2154665127527955,303
Changchun,遗传算法（GA）,GA,84,0.2154665127527955,303
Changchun,遗传算法（GA）,GA,85,0.2154665127527955,303
Changchun,遗传算法（GA）,GA,86,0.2154665127527955,303
Changchun,遗传算法（GA）,GA,87,0.2154665127527955,303
Changchun,遗传算法（GA）,GA,88,0.2154665127527955,303
Changchun,遗传算法（GA）,GA,89,0.2154665127527955,303
Changchun,遗传算法（GA）,GA,90,0.2154665127527955,303
Changchun,遗传算法（GA）,GA,91,0.2154665127527955,303
Changchun,遗传算法（GA）,GA,92,0.2154665127527955,303
Changchun,遗传算法（GA）,GA,93,0.2154665127527955,303
Changchun,遗传算法（GA）,GA,94,0.2154665127527955,303
Changchun,遗传算法（GA）,GA,95,0.2154665127527955,303
Changchun,遗传算法（GA）,GA,96,0.2154665127527955,303
Changchun,遗传算法（GA）,GA,97,0.2154665127527955,303
Changchun,遗传算法（GA）,GA,98,0.2154665127527955,303
Changchun,遗传算法（GA）,GA,99,0.2154665127527955,303
Changchun,遗传算法（GA）,GA,100,0.2154665127527955,303
Changchun,BF-SAC-MLP,BF-SAC-MLP,1,0.648019,202
Changchun,BF-SAC-MLP,BF-SAC-MLP,2,0.648019,202
Changchun,BF-SAC-MLP,BF-SAC-MLP,3,0.599818,202
Changchun,BF-SAC-MLP,BF-SAC-MLP,4,0.599818,202
Changchun,BF-SAC-MLP,BF-SAC-MLP,5,0.599818,202
Changchun,BF-SAC-MLP,BF-SAC-MLP,6,0.599818,202
Changchun,BF-SAC-MLP,BF-SAC-MLP,7,0.599818,202
Changchun,BF-SAC-MLP,BF-SAC-MLP,8,0.599818,202
Changchun,BF-SAC-MLP,BF-SAC-MLP,9,0.599818,202
Changchun,BF-SAC-MLP,BF-SAC-MLP,10,0.599818,202
Changchun,BF-SAC-MLP,BF-SAC-MLP,11,0.599818,202
Changchun,BF-SAC-MLP,BF-SAC-MLP,12,0.53135,202
Changchun,BF-SAC-MLP,BF-SAC-MLP,13,0.53135,202
Changchun,BF-SAC-MLP,BF-SAC-MLP,14,0.53135,202
Changchun,BF-SAC-MLP,BF-SAC-MLP,15,0.53135,202
Changchun,BF-SAC-MLP,BF-SAC-MLP,16,0.53135,202
Changchun,BF-SAC-MLP,BF-SAC-MLP,17,0.53135,202
Changchun,BF-SAC-MLP,BF-SAC-MLP,18,0.53135,202
Changchun,BF-SAC-MLP,BF-SAC-MLP,19,0.294914,202
Changchun,BF-SAC-MLP,BF-SAC-MLP,20,0.294914,202
Changchun,BF-SAC-MLP,BF-SAC-MLP,21,0.294914,202
Changchun,BF-SAC-MLP,BF-SAC-MLP,22,0.294914,202
Changchun,BF-SAC-MLP,BF-SAC-MLP,23,0.294914,202
Changchun,BF-SAC-MLP,BF-SAC-MLP,24,0.294914,202
Changchun,BF-SAC-MLP,BF-SAC-MLP,25,0.294914,202
Changchun,BF-SAC-MLP,BF-SAC-MLP,26,0.294914,202
Changchun,BF-SAC-MLP,BF-SAC-MLP,27,0.294914,202
Changchun,BF-SAC-MLP,BF-SAC-MLP,28,0.294914,202
Changchun,BF-SAC-MLP,BF-SAC-MLP,29,0.294914,202
Changchun,BF-SAC-MLP,BF-SAC-MLP,30,0.294914,202
Changchun,BF-SAC-MLP,BF-SAC-MLP,31,0.294914,202
Changchun,BF-SAC-MLP,BF-SAC-MLP,32,0.294914,202
Changchun,BF-SAC-MLP,BF-SAC-MLP,33,0.294914,202
Changchun,BF-SAC-MLP,BF-SAC-MLP,34,0.294914,202
Changchun,BF-SAC-MLP,BF-SAC-MLP,35,0.294914,202
Changchun,BF-SAC-MLP,BF-SAC-MLP,36,0.294914,202
Changchun,BF-SAC-MLP,BF-SAC-MLP,37,0.294914,202
Changchun,BF-SAC-MLP,BF-SAC-MLP,38,0.294914,202
Changchun,BF-SAC-MLP,BF-SAC-MLP,39,0.294914,202
Changchun,BF-SAC-MLP,BF-SAC-MLP,40,0.294914,202
Changchun,BF-SAC-MLP,BF-SAC-MLP,41,0.294914,202
Changchun,BF-SAC-MLP,BF-SAC-MLP,42,0.294914,202
Changchun,BF-SAC-MLP,BF-SAC-MLP,43,0.294914,202
Changchun,BF-SAC-MLP,BF-SAC-MLP,44,0.255901,202
Changchun,BF-SAC-MLP,BF-SAC-MLP,45,0.255901,202
Changchun,BF-SAC-MLP,BF-SAC-MLP,46,0.255901,202
Changchun,BF-SAC-MLP,BF-SAC-MLP,47,0.255901,202
Changchun,BF-SAC-MLP,BF-SAC-MLP,48,0.255901,202
Changchun,BF-SAC-MLP,BF-SAC-MLP,49,0.255901,202
Changchun,BF-SAC-MLP,BF-SAC-MLP,50,0.255901,202
Changchun,BF-SAC-MLP,BF-SAC-MLP,51,0.255901,202
Changchun,BF-SAC-MLP,BF-SAC-MLP,52,0.255901,202
Changchun,BF-SAC-MLP,BF-SAC-MLP,53,0.255901,202
Changchun,BF-SAC-MLP,BF-SAC-MLP,54,0.255901,202
Changchun,BF-SAC-MLP,BF-SAC-MLP,55,0.255901,202
Changchun,BF-SAC-MLP,BF-SAC-MLP,56,0.255901,202
Changchun,BF-SAC-MLP,BF-SAC-MLP,57,0.255901,202
Changchun,BF-SAC-MLP,BF-SAC-MLP,58,0.210487,202
Changchun,BF-SAC-MLP,BF-SAC-MLP,59,0.210487,202
Changchun,BF-SAC-MLP,BF-SAC-MLP,60,0.210487,202
Changchun,BF-SAC-MLP,BF-SAC-MLP,61,0.210487,202
Changchun,BF-SAC-MLP,BF-SAC-MLP,62,0.210487,202
Changchun,BF-SAC-MLP,BF-SAC-MLP,63,0.210487,202
Changchun,BF-SAC-MLP,BF-SAC-MLP,64,0.210487,202
Changchun,BF-SAC-MLP,BF-SAC-MLP,65,0.210487,202
Changchun,BF-SAC-MLP,BF-SAC-MLP,66,0.210487,202
Changchun,BF-SAC-MLP,BF-SAC-MLP,67,0.210487,202
Changchun,BF-SAC-MLP,BF-SAC-MLP,68,0.210487,202
Changchun,BF-SAC-MLP,BF-SAC-MLP,69,0.210487,202
Changchun,BF-SAC-MLP,BF-SAC-MLP,70,0.210487,202
Changchun,BF-SAC-MLP,BF-SAC-MLP,71,0.210487,202
Changchun,BF-SAC-MLP,BF-SAC-MLP,72,0.210487,202
Changchun,BF-SAC-MLP,BF-SAC-MLP,73,0.210487,202
Changchun,BF-SAC-MLP,BF-SAC-MLP,74,0.210487,202
Changchun,BF-SAC-MLP,BF-SAC-MLP,75,0.210487,202
Changchun,BF-SAC-MLP,BF-SAC-MLP,76,0.210487,202
Changchun,BF-SAC-MLP,BF-SAC-MLP,77,0.210487,202
Changchun,BF-SAC-MLP,BF-SAC-MLP,78,0.210487,202
Changchun,BF-SAC-MLP,BF-SAC-MLP,79,0.210487,202
Changchun,BF-SAC-MLP,BF-SAC-MLP,80,0.210487,202
Changchun,BF-SAC-MLP,BF-SAC-MLP,81,0.210487,202
Changchun,BF-SAC-MLP,BF-SAC-MLP,82,0.210487,202
Changchun,BF-SAC-MLP,BF-SAC-MLP,83,0.210487,202
Changchun,BF-SAC-MLP,BF-SAC-MLP,84,0.210487,202
Changchun,BF-SAC-MLP,BF-SAC-MLP,85,0.210487,202
Changchun,BF-SAC-MLP,BF-SAC-MLP,86,0.210487,202
Changchun,BF-SAC-MLP,BF-SAC-MLP,87,0.210487,202
Changchun,BF-SAC-MLP,BF-SAC-MLP,88,0.210487,202
Changchun,BF-SAC-MLP,BF-SAC-MLP,89,0.210487,202
Changchun,BF-SAC-MLP,BF-SAC-MLP,90,0.210487,202
Changchun,BF-SAC-MLP,BF-SAC-MLP,91,0.20472,202
Changchun,BF-SAC-MLP,BF-SAC-MLP,92,0.20472,202
Changchun,BF-SAC-MLP,BF-SAC-MLP,93,0.20472,202
Changchun,BF-SAC-MLP,BF-SAC-MLP,94,0.20472,202
Changchun,BF-SAC-MLP,BF-SAC-MLP,95,0.20472,202
Changchun,BF-SAC-MLP,BF-SAC-MLP,96,0.20472,202
Changchun,BF-SAC-MLP,BF-SAC-MLP,97,0.20472,202
Changchun,BF-SAC-MLP,BF-SAC-MLP,98,0.20472,202
Changchun,BF-SAC-MLP,BF-SAC-MLP,99,0.20472,202
Changchun,BF-SAC-MLP,BF-SAC-MLP,100,0.20472,202
Changchun,BF-SAC-MLP,BF-SAC-MLP,1,0.648291,404
Changchun,BF-SAC-MLP,BF-SAC-MLP,2,0.648291,404
Changchun,BF-SAC-MLP,BF-SAC-MLP,3,0.600421,404
Changchun,BF-SAC-MLP,BF-SAC-MLP,4,0.600421,404
Changchun,BF-SAC-MLP,BF-SAC-MLP,5,0.544356,404
Changchun,BF-SAC-MLP,BF-SAC-MLP,6,0.544356,404
Changchun,BF-SAC-MLP,BF-SAC-MLP,7,0.544356,404
Changchun,BF-SAC-MLP,BF-SAC-MLP,8,0.544356,404
Changchun,BF-SAC-MLP,BF-SAC-MLP,9,0.544356,404
Changchun,BF-SAC-MLP,BF-SAC-MLP,10,0.544356,404
Changchun,BF-SAC-MLP,BF-SAC-MLP,11,0.544356,404
Changchun,BF-SAC-MLP,BF-SAC-MLP,12,0.544356,404
Changchun,BF-SAC-MLP,BF-SAC-MLP,13,0.544356,404
Changchun,BF-SAC-MLP,BF-SAC-MLP,14,0.544356,404
Changchun,BF-SAC-MLP,BF-SAC-MLP,15,0.544356,404
Changchun,BF-SAC-MLP,BF-SAC-MLP,16,0.544356,404
Changchun,BF-SAC-MLP,BF-SAC-MLP,17,0.544356,404
Changchun,BF-SAC-MLP,BF-SAC-MLP,18,0.544356,404
Changchun,BF-SAC-MLP,BF-SAC-MLP,19,0.544356,404
Changchun,BF-SAC-MLP,BF-SAC-MLP,20,0.392397,404
Changchun,BF-SAC-MLP,BF-SAC-MLP,21,0.392397,404
Changchun,BF-SAC-MLP,BF-SAC-MLP,22,0.392397,404
Changchun,BF-SAC-MLP,BF-SAC-MLP,23,0.392397,404
Changchun,BF-SAC-MLP,BF-SAC-MLP,24,0.392397,404
Changchun,BF-SAC-MLP,BF-SAC-MLP,25,0.392397,404
Changchun,BF-SAC-MLP,BF-SAC-MLP,26,0.392397,404
Changchun,BF-SAC-MLP,BF-SAC-MLP,27,0.392397,404
Changchun,BF-SAC-MLP,BF-SAC-MLP,28,0.392397,404
Changchun,BF-SAC-MLP,BF-SAC-MLP,29,0.392397,404
Changchun,BF-SAC-MLP,BF-SAC-MLP,30,0.392397,404
Changchun,BF-SAC-MLP,BF-SAC-MLP,31,0.392397,404
Changchun,BF-SAC-MLP,BF-SAC-MLP,32,0.392397,404
Changchun,BF-SAC-MLP,BF-SAC-MLP,33,0.392397,404
Changchun,BF-SAC-MLP,BF-SAC-MLP,34,0.392397,404
Changchun,BF-SAC-MLP,BF-SAC-MLP,35,0.392397,404
Changchun,BF-SAC-MLP,BF-SAC-MLP,36,0.392397,404
Changchun,BF-SAC-MLP,BF-SAC-MLP,37,0.392397,404
Changchun,BF-SAC-MLP,BF-SAC-MLP,38,0.268643,404
Changchun,BF-SAC-MLP,BF-SAC-MLP,39,0.268643,404
Changchun,BF-SAC-MLP,BF-SAC-MLP,40,0.268643,404
Changchun,BF-SAC-MLP,BF-SAC-MLP,41,0.245492,404
Changchun,BF-SAC-MLP,BF-SAC-MLP,42,0.245492,404
Changchun,BF-SAC-MLP,BF-SAC-MLP,43,0.245492,404
Changchun,BF-SAC-MLP,BF-SAC-MLP,44,0.245492,404
Changchun,BF-SAC-MLP,BF-SAC-MLP,45,0.245492,404
Changchun,BF-SAC-MLP,BF-SAC-MLP,46,0.245492,404
Changchun,BF-SAC-MLP,BF-SAC-MLP,47,0.235168,404
Changchun,BF-SAC-MLP,BF-SAC-MLP,48,0.235168,404
Changchun,BF-SAC-MLP,BF-SAC-MLP,49,0.235168,404
Changchun,BF-SAC-MLP,BF-SAC-MLP,50,0.235168,404
Changchun,BF-SAC-MLP,BF-SAC-MLP,51,0.235168,404
Changchun,BF-SAC-MLP,BF-SAC-MLP,52,0.235168,404
Changchun,BF-SAC-MLP,BF-SAC-MLP,53,0.235168,404
Changchun,BF-SAC-MLP,BF-SAC-MLP,54,0.235168,404
Changchun,BF-SAC-MLP,BF-SAC-MLP,55,0.235168,404
Changchun,BF-SAC-MLP,BF-SAC-MLP,56,0.235168,404
Changchun,BF-SAC-MLP,BF-SAC-MLP,57,0.230141,404
Changchun,BF-SAC-MLP,BF-SAC-MLP,58,0.230141,404
Changchun,BF-SAC-MLP,BF-SAC-MLP,59,0.230141,404
Changchun,BF-SAC-MLP,BF-SAC-MLP,60,0.230141,404
Changchun,BF-SAC-MLP,BF-SAC-MLP,61,0.205749,404
Changchun,BF-SAC-MLP,BF-SAC-MLP,62,0.205749,404
Changchun,BF-SAC-MLP,BF-SAC-MLP,63,0.205749,404
Changchun,BF-SAC-MLP,BF-SAC-MLP,64,0.205749,404
Changchun,BF-SAC-MLP,BF-SAC-MLP,65,0.205749,404
Changchun,BF-SAC-MLP,BF-SAC-MLP,66,0.205749,404
Changchun,BF-SAC-MLP,BF-SAC-MLP,67,0.205749,404
Changchun,BF-SAC-MLP,BF-SAC-MLP,68,0.205749,404
Changchun,BF-SAC-MLP,BF-SAC-MLP,69,0.205749,404
Changchun,BF-SAC-MLP,BF-SAC-MLP,70,0.205749,404
Changchun,BF-SAC-MLP,BF-SAC-MLP,71,0.205749,404
Changchun,BF-SAC-MLP,BF-SAC-MLP,72,0.205749,404
Changchun,BF-SAC-MLP,BF-SAC-MLP,73,0.205749,404
Changchun,BF-SAC-MLP,BF-SAC-MLP,74,0.205749,404
Changchun,BF-SAC-MLP,BF-SAC-MLP,75,0.19222,404
Changchun,BF-SAC-MLP,BF-SAC-MLP,76,0.19222,404
Changchun,BF-SAC-MLP,BF-SAC-MLP,77,0.19222,404
Changchun,BF-SAC-MLP,BF-SAC-MLP,78,0.19222,404
Changchun,BF-SAC-MLP,BF-SAC-MLP,79,0.19222,404
Changchun,BF-SAC-MLP,BF-SAC-MLP,80,0.19222,404
Changchun,BF-SAC-MLP,BF-SAC-MLP,81,0.19222,404
Changchun,BF-SAC-MLP,BF-SAC-MLP,82,0.19222,404
Changchun,BF-SAC-MLP,BF-SAC-MLP,83,0.19222,404
Changchun,BF-SAC-MLP,BF-SAC-MLP,84,0.19222,404
Changchun,BF-SAC-MLP,BF-SAC-MLP,85,0.19222,404
Changchun,BF-SAC-MLP,BF-SAC-MLP,86,0.19222,404
Changchun,BF-SAC-MLP,BF-SAC-MLP,87,0.19222,404
Changchun,BF-SAC-MLP,BF-SAC-MLP,88,0.19222,404
Changchun,BF-SAC-MLP,BF-SAC-MLP,89,0.19222,404
Changchun,BF-SAC-MLP,BF-SAC-MLP,90,0.19222,404
Changchun,BF-SAC-MLP,BF-SAC-MLP,91,0.19222,404
Changchun,BF-SAC-MLP,BF-SAC-MLP,92,0.19222,404
Changchun,BF-SAC-MLP,BF-SAC-MLP,93,0.19222,404
Changchun,BF-SAC-MLP,BF-SAC-MLP,94,0.19222,404
Changchun,BF-SAC-MLP,BF-SAC-MLP,95,0.19222,404
Changchun,BF-SAC-MLP,BF-SAC-MLP,96,0.19222,404
Changchun,BF-SAC-MLP,BF-SAC-MLP,97,0.19222,404
Changchun,BF-SAC-MLP,BF-SAC-MLP,98,0.19222,404
Changchun,BF-SAC-MLP,BF-SAC-MLP,99,0.19222,404
Changchun,BF-SAC-MLP,BF-SAC-MLP,100,0.19222,404
Changchun,遗传算法（GA）,GA,1,0.9219670472256266,404
Changchun,遗传算法（GA）,GA,2,0.5728302492714367,404
Changchun,遗传算法（GA）,GA,3,0.5728302492714367,404
Changchun,遗传算法（GA）,GA,4,0.347354833659075,404
Changchun,遗传算法（GA）,GA,5,0.347354833659075,404
Changchun,遗传算法（GA）,GA,6,0.347354833659075,404
Changchun,遗传算法（GA）,GA,7,0.347354833659075,404
Changchun,遗传算法（GA）,GA,8,0.347354833659075,404
Changchun,遗传算法（GA）,GA,9,0.347354833659075,404
Changchun,遗传算法（GA）,GA,10,0.347354833659075,404
Changchun,遗传算法（GA）,GA,11,0.3077810162809495,404
Changchun,遗传算法（GA）,GA,12,0.3077810162809495,404
Changchun,遗传算法（GA）,GA,13,0.3077810162809495,404
Changchun,遗传算法（GA）,GA,14,0.3077810162809495,404
Changchun,遗传算法（GA）,GA,15,0.3077810162809495,404
Changchun,遗传算法（GA）,GA,16,0.3077810162809495,404
Changchun,遗传算法（GA）,GA,17,0.3077810162809495,404
Changchun,遗传算法（GA）,GA,18,0.3077810162809495,404
Changchun,遗传算法（GA）,GA,19,0.3077810162809495,404
Changchun,遗传算法（GA）,GA,20,0.3077810162809495,404
Changchun,遗传算法（GA）,GA,21,0.3077810162809495,404
Changchun,遗传算法（GA）,GA,22,0.294524525697617,404
Changchun,遗传算法（GA）,GA,23,0.294524525697617,404
Changchun,遗传算法（GA）,GA,24,0.294524525697617,404
Changchun,遗传算法（GA）,GA,25,0.294524525697617,404
Changchun,遗传算法（GA）,GA,26,0.294524525697617,404
Changchun,遗传算法（GA）,GA,27,0.294524525697617,404
Changchun,遗传算法（GA）,GA,28,0.294524525697617,404
Changchun,遗传算法（GA）,GA,29,0.2462735822454479,404
Changchun,遗传算法（GA）,GA,30,0.2462735822454479,404
Changchun,遗传算法（GA）,GA,31,0.2462735822454479,404
Changchun,遗传算法（GA）,GA,32,0.2462735822454479,404
Changchun,遗传算法（GA）,GA,33,0.2462735822454479,404
Changchun,遗传算法（GA）,GA,34,0.2462735822454479,404
Changchun,遗传算法（GA）,GA,35,0.2462735822454479,404
Changchun,遗传算法（GA）,GA,36,0.2462735822454479,404
Changchun,遗传算法（GA）,GA,37,0.2462735822454479,404
Changchun,遗传算法（GA）,GA,38,0.2462735822454479,404
Changchun,遗传算法（GA）,GA,39,0.2462735822454479,404
Changchun,遗传算法（GA）,GA,40,0.2462735822454479,404
Changchun,遗传算法（GA）,GA,41,0.2462735822454479,404
Changchun,遗传算法（GA）,GA,42,0.2462735822454479,404
Changchun,遗传算法（GA）,GA,43,0.2462735822454479,404
Changchun,遗传算法（GA）,GA,44,0.2462735822454479,404
Changchun,遗传算法（GA）,GA,45,0.2444364783666169,404
Changchun,遗传算法（GA）,GA,46,0.2444364783666169,404
Changchun,遗传算法（GA）,GA,47,0.2444364783666169,404
Changchun,遗传算法（GA）,GA,48,0.2295936544850866,404
Changchun,遗传算法（GA）,GA,49,0.2295936544850866,404
Changchun,遗传算法（GA）,GA,50,0.2295936544850866,404
Changchun,遗传算法（GA）,GA,51,0.2295936544850866,404
Changchun,遗传算法（GA）,GA,52,0.2295936544850866,404
Changchun,遗传算法（GA）,GA,53,0.2295936544850866,404
Changchun,遗传算法（GA）,GA,54,0.2295936544850866,404
Changchun,遗传算法（GA）,GA,55,0.2295936544850866,404
Changchun,遗传算法（GA）,GA,56,0.2295936544850866,404
Changchun,遗传算法（GA）,GA,57,0.2295936544850866,404
Changchun,遗传算法（GA）,GA,58,0.2295936544850866,404
Changchun,遗传算法（GA）,GA,59,0.2295936544850866,404
Changchun,遗传算法（GA）,GA,60,0.2295936544850866,404
Changchun,遗传算法（GA）,GA,61,0.2295936544850866,404
Changchun,遗传算法（GA）,GA,62,0.224599103230311,404
Changchun,遗传算法（GA）,GA,63,0.224599103230311,404
Changchun,遗传算法（GA）,GA,64,0.224599103230311,404
Changchun,遗传算法（GA）,GA,65,0.2132638813008628,404
Changchun,遗传算法（GA）,GA,66,0.2132638813008628,404
Changchun,遗传算法（GA）,GA,67,0.2132638813008628,404
Changchun,遗传算法（GA）,GA,68,0.2132638813008628,404
Changchun,遗传算法（GA）,GA,69,0.2132638813008628,404
Changchun,遗传算法（GA）,GA,70,0.2132638813008628,404
Changchun,遗传算法（GA）,GA,71,0.2132638813008628,404
Changchun,遗传算法（GA）,GA,72,0.2132638813008628,404
Changchun,遗传算法（GA）,GA,73,0.2132638813008628,404
Changchun,遗传算法（GA）,GA,74,0.2132638813008628,404
Changchun,遗传算法（GA）,GA,75,0.2132638813008628,404
Changchun,遗传算法（GA）,GA,76,0.2132638813008628,404
Changchun,遗传算法（GA）,GA,77,0.2132638813008628,404
Changchun,遗传算法（GA）,GA,78,0.2132638813008628,404
Changchun,遗传算法（GA）,GA,79,0.2132638813008628,404
Changchun,遗传算法（GA）,GA,80,0.2132638813008628,404
Changchun,遗传算法（GA）,GA,81,0.2132638813008628,404
Changchun,遗传算法（GA）,GA,82,0.2132638813008628,404
Changchun,遗传算法（GA）,GA,83,0.2132638813008628,404
Changchun,遗传算法（GA）,GA,84,0.2132638813008628,404
Changchun,遗传算法（GA）,GA,85,0.2132638813008628,404
Changchun,遗传算法（GA）,GA,86,0.2132638813008628,404
Changchun,遗传算法（GA）,GA,87,0.2132638813008628,404
Changchun,遗传算法（GA）,GA,88,0.2132638813008628,404
Changchun,遗传算法（GA）,GA,89,0.2132638813008628,404
Changchun,遗传算法（GA）,GA,90,0.2132638813008628,404
Changchun,遗传算法（GA）,GA,91,0.2132638813008628,404
Changchun,遗传算法（GA）,GA,92,0.2132638813008628,404
Changchun,遗传算法（GA）,GA,93,0.2132638813008628,404
Changchun,遗传算法（GA）,GA,94,0.2132638813008628,404
Changchun,遗传算法（GA）,GA,95,0.2132638813008628,404
Changchun,遗传算法（GA）,GA,96,0.2132638813008628,404
Changchun,遗传算法（GA）,GA,97,0.2132638813008628,404
Changchun,遗传算法（GA）,GA,98,0.2132638813008628,404
Changchun,遗传算法（GA）,GA,99,0.2132638813008628,404
Changchun,遗传算法（GA）,GA,100,0.2132638813008628,404
Xian,BF-SAC-RF,BF-SAC-RF,1,0.577719,42
Xian,BF-SAC-RF,BF-SAC-RF,2,0.577719,42
Xian,BF-SAC-RF,BF-SAC-RF,3,0.524719,42
Xian,BF-SAC-RF,BF-SAC-RF,4,0.524719,42
Xian,BF-SAC-RF,BF-SAC-RF,5,0.524719,42
Xian,BF-SAC-RF,BF-SAC-RF,6,0.491539,42
Xian,BF-SAC-RF,BF-SAC-RF,7,0.491539,42
Xian,BF-SAC-RF,BF-SAC-RF,8,0.491539,42
Xian,BF-SAC-RF,BF-SAC-RF,9,0.491539,42
Xian,BF-SAC-RF,BF-SAC-RF,10,0.491539,42
Xian,BF-SAC-RF,BF-SAC-RF,11,0.491539,42
Xian,BF-SAC-RF,BF-SAC-RF,12,0.491539,42
Xian,BF-SAC-RF,BF-SAC-RF,13,0.491539,42
Xian,BF-SAC-RF,BF-SAC-RF,14,0.491539,42
Xian,BF-SAC-RF,BF-SAC-RF,15,0.491539,42
Xian,BF-SAC-RF,BF-SAC-RF,16,0.491539,42
Xian,BF-SAC-RF,BF-SAC-RF,17,0.491539,42
Xian,BF-SAC-RF,BF-SAC-RF,18,0.491539,42
Xian,BF-SAC-RF,BF-SAC-RF,19,0.491539,42
Xian,BF-SAC-RF,BF-SAC-RF,20,0.491539,42
Xian,BF-SAC-RF,BF-SAC-RF,21,0.479771,42
Xian,BF-SAC-RF,BF-SAC-RF,22,0.479771,42
Xian,BF-SAC-RF,BF-SAC-RF,23,0.479771,42
Xian,BF-SAC-RF,BF-SAC-RF,24,0.479771,42
Xian,BF-SAC-RF,BF-SAC-RF,25,0.479771,42
Xian,BF-SAC-RF,BF-SAC-RF,26,0.479771,42
Xian,BF-SAC-RF,BF-SAC-RF,27,0.474892,42
Xian,BF-SAC-RF,BF-SAC-RF,28,0.474892,42
Xian,BF-SAC-RF,BF-SAC-RF,29,0.474892,42
Xian,BF-SAC-RF,BF-SAC-RF,30,0.474892,42
Xian,BF-SAC-RF,BF-SAC-RF,31,0.474892,42
Xian,BF-SAC-RF,BF-SAC-RF,32,0.474892,42
Xian,BF-SAC-RF,BF-SAC-RF,33,0.474892,42
Xian,BF-SAC-RF,BF-SAC-RF,34,0.474892,42
Xian,BF-SAC-RF,BF-SAC-RF,35,0.474892,42
Xian,BF-SAC-RF,BF-SAC-RF,36,0.474892,42
Xian,BF-SAC-RF,BF-SAC-RF,37,0.474892,42
Xian,BF-SAC-RF,BF-SAC-RF,38,0.474892,42
Xian,BF-SAC-RF,BF-SAC-RF,39,0.474892,42
Xian,BF-SAC-RF,BF-SAC-RF,40,0.474892,42
Xian,BF-SAC-RF,BF-SAC-RF,41,0.474892,42
Xian,BF-SAC-RF,BF-SAC-RF,42,0.474892,42
Xian,BF-SAC-RF,BF-SAC-RF,43,0.474892,42
Xian,BF-SAC-RF,BF-SAC-RF,44,0.474892,42
Xian,BF-SAC-RF,BF-SAC-RF,45,0.474892,42
Xian,BF-SAC-RF,BF-SAC-RF,46,0.474892,42
Xian,BF-SAC-RF,BF-SAC-RF,47,0.465002,42
Xian,BF-SAC-RF,BF-SAC-RF,48,0.465002,42
Xian,BF-SAC-RF,BF-SAC-RF,49,0.465002,42
Xian,BF-SAC-RF,BF-SAC-RF,50,0.465002,42
Xian,BF-SAC-RF,BF-SAC-RF,51,0.465002,42
Xian,BF-SAC-RF,BF-SAC-RF,52,0.465002,42
Xian,BF-SAC-RF,BF-SAC-RF,53,0.462084,42
Xian,BF-SAC-RF,BF-SAC-RF,54,0.462084,42
Xian,BF-SAC-RF,BF-SAC-RF,55,0.457814,42
Xian,BF-SAC-RF,BF-SAC-RF,56,0.457814,42
Xian,BF-SAC-RF,BF-SAC-RF,57,0.457814,42
Xian,BF-SAC-RF,BF-SAC-RF,58,0.457814,42
Xian,BF-SAC-RF,BF-SAC-RF,59,0.457814,42
Xian,BF-SAC-RF,BF-SAC-RF,60,0.457814,42
Xian,BF-SAC-RF,BF-SAC-RF,61,0.457814,42
Xian,BF-SAC-RF,BF-SAC-RF,62,0.457814,42
Xian,BF-SAC-RF,BF-SAC-RF,63,0.457814,42
Xian,BF-SAC-RF,BF-SAC-RF,64,0.457814,42
Xian,BF-SAC-RF,BF-SAC-RF,65,0.457814,42
Xian,BF-SAC-RF,BF-SAC-RF,66,0.457814,42
Xian,BF-SAC-RF,BF-SAC-RF,67,0.457814,42
Xian,BF-SAC-RF,BF-SAC-RF,68,0.457814,42
Xian,BF-SAC-RF,BF-SAC-RF,69,0.457814,42
Xian,BF-SAC-RF,BF-SAC-RF,70,0.457814,42
Xian,BF-SAC-RF,BF-SAC-RF,71,0.454241,42
Xian,BF-SAC-RF,BF-SAC-RF,72,0.454241,42
Xian,BF-SAC-RF,BF-SAC-RF,73,0.454241,42
Xian,BF-SAC-RF,BF-SAC-RF,74,0.454241,42
Xian,BF-SAC-RF,BF-SAC-RF,75,0.454241,42
Xian,BF-SAC-RF,BF-SAC-RF,76,0.454241,42
Xian,BF-SAC-RF,BF-SAC-RF,77,0.454241,42
Xian,BF-SAC-RF,BF-SAC-RF,78,0.454241,42
Xian,BF-SAC-RF,BF-SAC-RF,79,0.454241,42
Xian,BF-SAC-RF,BF-SAC-RF,80,0.454241,42
Xian,BF-SAC-RF,BF-SAC-RF,81,0.454241,42
Xian,BF-SAC-RF,BF-SAC-RF,82,0.452626,42
Xian,BF-SAC-RF,BF-SAC-RF,83,0.452626,42
Xian,BF-SAC-RF,BF-SAC-RF,84,0.452626,42
Xian,BF-SAC-RF,BF-SAC-RF,85,0.452626,42
Xian,BF-SAC-RF,BF-SAC-RF,86,0.452626,42
Xian,BF-SAC-RF,BF-SAC-RF,87,0.452626,42
Xian,BF-SAC-RF,BF-SAC-RF,88,0.452626,42
Xian,BF-SAC-RF,BF-SAC-RF,89,0.452626,42
Xian,BF-SAC-RF,BF-SAC-RF,90,0.452626,42
Xian,BF-SAC-RF,BF-SAC-RF,91,0.452626,42
Xian,BF-SAC-RF,BF-SAC-RF,92,0.452626,42
Xian,BF-SAC-RF,BF-SAC-RF,93,0.452626,42
Xian,BF-SAC-RF,BF-SAC-RF,94,0.452626,42
Xian,BF-SAC-RF,BF-SAC-RF,95,0.452626,42
Xian,BF-SAC-RF,BF-SAC-RF,96,0.452626,42
Xian,BF-SAC-RF,BF-SAC-RF,97,0.452626,42
Xian,BF-SAC-RF,BF-SAC-RF,98,0.452626,42
Xian,BF-SAC-RF,BF-SAC-RF,99,0.452626,42
Xian,BF-SAC-RF,BF-SAC-RF,100,0.452626,42
Xian,BF-SAC-RF,BF-SAC-RF,1,0.552409,101
Xian,BF-SAC-RF,BF-SAC-RF,2,0.552409,101
Xian,BF-SAC-RF,BF-SAC-RF,3,0.50656,101
Xian,BF-SAC-RF,BF-SAC-RF,4,0.50656,101
Xian,BF-SAC-RF,BF-SAC-RF,5,0.50656,101
Xian,BF-SAC-RF,BF-SAC-RF,6,0.50656,101
Xian,BF-SAC-RF,BF-SAC-RF,7,0.50656,101
Xian,BF-SAC-RF,BF-SAC-RF,8,0.50656,101
Xian,BF-SAC-RF,BF-SAC-RF,9,0.50656,101
Xian,BF-SAC-RF,BF-SAC-RF,10,0.50656,101
Xian,BF-SAC-RF,BF-SAC-RF,11,0.50656,101
Xian,BF-SAC-RF,BF-SAC-RF,12,0.50656,101
Xian,BF-SAC-RF,BF-SAC-RF,13,0.494036,101
Xian,BF-SAC-RF,BF-SAC-RF,14,0.494036,101
Xian,BF-SAC-RF,BF-SAC-RF,15,0.465363,101
Xian,BF-SAC-RF,BF-SAC-RF,16,0.465363,101
Xian,BF-SAC-RF,BF-SAC-RF,17,0.465363,101
Xian,BF-SAC-RF,BF-SAC-RF,18,0.465363,101
Xian,BF-SAC-RF,BF-SAC-RF,19,0.465363,101
Xian,BF-SAC-RF,BF-SAC-RF,20,0.463546,101
Xian,BF-SAC-RF,BF-SAC-RF,21,0.463546,101
Xian,BF-SAC-RF,BF-SAC-RF,22,0.463546,101
Xian,BF-SAC-RF,BF-SAC-RF,23,0.463546,101
Xian,BF-SAC-RF,BF-SAC-RF,24,0.463546,101
Xian,BF-SAC-RF,BF-SAC-RF,25,0.463546,101
Xian,BF-SAC-RF,BF-SAC-RF,26,0.463546,101
Xian,BF-SAC-RF,BF-SAC-RF,27,0.463546,101
Xian,BF-SAC-RF,BF-SAC-RF,28,0.463546,101
Xian,BF-SAC-RF,BF-SAC-RF,29,0.463546,101
Xian,BF-SAC-RF,BF-SAC-RF,30,0.463546,101
Xian,BF-SAC-RF,BF-SAC-RF,31,0.463546,101
Xian,BF-SAC-RF,BF-SAC-RF,32,0.463546,101
Xian,BF-SAC-RF,BF-SAC-RF,33,0.463546,101
Xian,BF-SAC-RF,BF-SAC-RF,34,0.463546,101
Xian,BF-SAC-RF,BF-SAC-RF,35,0.463546,101
Xian,BF-SAC-RF,BF-SAC-RF,36,0.463546,101
Xian,BF-SAC-RF,BF-SAC-RF,37,0.463546,101
Xian,BF-SAC-RF,BF-SAC-RF,38,0.463546,101
Xian,BF-SAC-RF,BF-SAC-RF,39,0.463546,101
Xian,BF-SAC-RF,BF-SAC-RF,40,0.463546,101
Xian,BF-SAC-RF,BF-SAC-RF,41,0.463546,101
Xian,BF-SAC-RF,BF-SAC-RF,42,0.445541,101
Xian,BF-SAC-RF,BF-SAC-RF,43,0.445541,101
Xian,BF-SAC-RF,BF-SAC-RF,44,0.445541,101
Xian,BF-SAC-RF,BF-SAC-RF,45,0.445541,101
Xian,BF-SAC-RF,BF-SAC-RF,46,0.445541,101
Xian,BF-SAC-RF,BF-SAC-RF,47,0.445541,101
Xian,BF-SAC-RF,BF-SAC-RF,48,0.445541,101
Xian,BF-SAC-RF,BF-SAC-RF,49,0.445541,101
Xian,BF-SAC-RF,BF-SAC-RF,50,0.445541,101
Xian,BF-SAC-RF,BF-SAC-RF,51,0.445541,101
Xian,BF-SAC-RF,BF-SAC-RF,52,0.445541,101
Xian,BF-SAC-RF,BF-SAC-RF,53,0.445541,101
Xian,BF-SAC-RF,BF-SAC-RF,54,0.44422,101
Xian,BF-SAC-RF,BF-SAC-RF,55,0.44422,101
Xian,BF-SAC-RF,BF-SAC-RF,56,0.44422,101
Xian,BF-SAC-RF,BF-SAC-RF,57,0.44422,101
Xian,BF-SAC-RF,BF-SAC-RF,58,0.44422,101
Xian,BF-SAC-RF,BF-SAC-RF,59,0.44422,101
Xian,BF-SAC-RF,BF-SAC-RF,60,0.44422,101
Xian,BF-SAC-RF,BF-SAC-RF,61,0.44422,101
Xian,BF-SAC-RF,BF-SAC-RF,62,0.44422,101
Xian,BF-SAC-RF,BF-SAC-RF,63,0.44422,101
Xian,BF-SAC-RF,BF-SAC-RF,64,0.44422,101
Xian,BF-SAC-RF,BF-SAC-RF,65,0.44422,101
Xian,BF-SAC-RF,BF-SAC-RF,66,0.44422,101
Xian,BF-SAC-RF,BF-SAC-RF,67,0.44422,101
Xian,BF-SAC-RF,BF-SAC-RF,68,0.44422,101
Xian,BF-SAC-RF,BF-SAC-RF,69,0.44422,101
Xian,BF-SAC-RF,BF-SAC-RF,70,0.44422,101
Xian,BF-SAC-RF,BF-SAC-RF,71,0.44422,101
Xian,BF-SAC-RF,BF-SAC-RF,72,0.44422,101
Xian,BF-SAC-RF,BF-SAC-RF,73,0.44422,101
Xian,BF-SAC-RF,BF-SAC-RF,74,0.44422,101
Xian,BF-SAC-RF,BF-SAC-RF,75,0.44422,101
Xian,BF-SAC-RF,BF-SAC-RF,76,0.44422,101
Xian,BF-SAC-RF,BF-SAC-RF,77,0.427078,101
Xian,BF-SAC-RF,BF-SAC-RF,78,0.427078,101
Xian,BF-SAC-RF,BF-SAC-RF,79,0.427078,101
Xian,BF-SAC-RF,BF-SAC-RF,80,0.427078,101
Xian,BF-SAC-RF,BF-SAC-RF,81,0.427078,101
Xian,BF-SAC-RF,BF-SAC-RF,82,0.427078,101
Xian,BF-SAC-RF,BF-SAC-RF,83,0.427078,101
Xian,BF-SAC-RF,BF-SAC-RF,84,0.427078,101
Xian,BF-SAC-RF,BF-SAC-RF,85,0.427078,101
Xian,BF-SAC-RF,BF-SAC-RF,86,0.427078,101
Xian,BF-SAC-RF,BF-SAC-RF,87,0.427078,101
Xian,BF-SAC-RF,BF-SAC-RF,88,0.427078,101
Xian,BF-SAC-RF,BF-SAC-RF,89,0.427078,101
Xian,BF-SAC-RF,BF-SAC-RF,90,0.427078,101
Xian,BF-SAC-RF,BF-SAC-RF,91,0.427078,101
Xian,BF-SAC-RF,BF-SAC-RF,92,0.427078,101
Xian,BF-SAC-RF,BF-SAC-RF,93,0.427078,101
Xian,BF-SAC-RF,BF-SAC-RF,94,0.427078,101
Xian,BF-SAC-RF,BF-SAC-RF,95,0.427078,101
Xian,BF-SAC-RF,BF-SAC-RF,96,0.427078,101
Xian,BF-SAC-RF,BF-SAC-RF,97,0.427078,101
Xian,BF-SAC-RF,BF-SAC-RF,98,0.427078,101
Xian,BF-SAC-RF,BF-SAC-RF,99,0.427078,101
Xian,BF-SAC-RF,BF-SAC-RF,100,0.427078,101
Xian,BF-SAC-RF,BF-SAC-RF,1,0.622638,202
Xian,BF-SAC-RF,BF-SAC-RF,2,0.537982,202
Xian,BF-SAC-RF,BF-SAC-RF,3,0.537982,202
Xian,BF-SAC-RF,BF-SAC-RF,4,0.537982,202
Xian,BF-SAC-RF,BF-SAC-RF,5,0.495258,202
Xian,BF-SAC-RF,BF-SAC-RF,6,0.495258,202
Xian,BF-SAC-RF,BF-SAC-RF,7,0.487585,202
Xian,BF-SAC-RF,BF-SAC-RF,8,0.487585,202
Xian,BF-SAC-RF,BF-SAC-RF,9,0.487585,202
Xian,BF-SAC-RF,BF-SAC-RF,10,0.487585,202
Xian,BF-SAC-RF,BF-SAC-RF,11,0.487585,202
Xian,BF-SAC-RF,BF-SAC-RF,12,0.487585,202
Xian,BF-SAC-RF,BF-SAC-RF,13,0.487585,202
Xian,BF-SAC-RF,BF-SAC-RF,14,0.487585,202
Xian,BF-SAC-RF,BF-SAC-RF,15,0.487585,202
Xian,BF-SAC-RF,BF-SAC-RF,16,0.487585,202
Xian,BF-SAC-RF,BF-SAC-RF,17,0.487585,202
Xian,BF-SAC-RF,BF-SAC-RF,18,0.487585,202
Xian,BF-SAC-RF,BF-SAC-RF,19,0.487585,202
Xian,BF-SAC-RF,BF-SAC-RF,20,0.487585,202
Xian,BF-SAC-RF,BF-SAC-RF,21,0.487585,202
Xian,BF-SAC-RF,BF-SAC-RF,22,0.487585,202
Xian,BF-SAC-RF,BF-SAC-RF,23,0.487585,202
Xian,BF-SAC-RF,BF-SAC-RF,24,0.487585,202
Xian,BF-SAC-RF,BF-SAC-RF,25,0.487585,202
Xian,BF-SAC-RF,BF-SAC-RF,26,0.487585,202
Xian,BF-SAC-RF,BF-SAC-RF,27,0.487585,202
Xian,BF-SAC-RF,BF-SAC-RF,28,0.487585,202
Xian,BF-SAC-RF,BF-SAC-RF,29,0.487585,202
Xian,BF-SAC-RF,BF-SAC-RF,30,0.487585,202
Xian,BF-SAC-RF,BF-SAC-RF,31,0.487585,202
Xian,BF-SAC-RF,BF-SAC-RF,32,0.487585,202
Xian,BF-SAC-RF,BF-SAC-RF,33,0.487585,202
Xian,BF-SAC-RF,BF-SAC-RF,34,0.487585,202
Xian,BF-SAC-RF,BF-SAC-RF,35,0.487585,202
Xian,BF-SAC-RF,BF-SAC-RF,36,0.487585,202
Xian,BF-SAC-RF,BF-SAC-RF,37,0.487585,202
Xian,BF-SAC-RF,BF-SAC-RF,38,0.487585,202
Xian,BF-SAC-RF,BF-SAC-RF,39,0.487585,202
Xian,BF-SAC-RF,BF-SAC-RF,40,0.487585,202
Xian,BF-SAC-RF,BF-SAC-RF,41,0.484035,202
Xian,BF-SAC-RF,BF-SAC-RF,42,0.480485,202
Xian,BF-SAC-RF,BF-SAC-RF,43,0.480485,202
Xian,BF-SAC-RF,BF-SAC-RF,44,0.480485,202
Xian,BF-SAC-RF,BF-SAC-RF,45,0.480485,202
Xian,BF-SAC-RF,BF-SAC-RF,46,0.480485,202
Xian,BF-SAC-RF,BF-SAC-RF,47,0.480485,202
Xian,BF-SAC-RF,BF-SAC-RF,48,0.480485,202
Xian,BF-SAC-RF,BF-SAC-RF,49,0.480485,202
Xian,BF-SAC-RF,BF-SAC-RF,50,0.480485,202
Xian,BF-SAC-RF,BF-SAC-RF,51,0.480485,202
Xian,BF-SAC-RF,BF-SAC-RF,52,0.480485,202
Xian,BF-SAC-RF,BF-SAC-RF,53,0.480485,202
Xian,BF-SAC-RF,BF-SAC-RF,54,0.480485,202
Xian,BF-SAC-RF,BF-SAC-RF,55,0.480485,202
Xian,BF-SAC-RF,BF-SAC-RF,56,0.480485,202
Xian,BF-SAC-RF,BF-SAC-RF,57,0.480485,202
Xian,BF-SAC-RF,BF-SAC-RF,58,0.480485,202
Xian,BF-SAC-RF,BF-SAC-RF,59,0.480485,202
Xian,BF-SAC-RF,BF-SAC-RF,60,0.480485,202
Xian,BF-SAC-RF,BF-SAC-RF,61,0.480485,202
Xian,BF-SAC-RF,BF-SAC-RF,62,0.480485,202
Xian,BF-SAC-RF,BF-SAC-RF,63,0.480485,202
Xian,BF-SAC-RF,BF-SAC-RF,64,0.480485,202
Xian,BF-SAC-RF,BF-SAC-RF,65,0.480485,202
Xian,BF-SAC-RF,BF-SAC-RF,66,0.480485,202
Xian,BF-SAC-RF,BF-SAC-RF,67,0.453994,202
Xian,BF-SAC-RF,BF-SAC-RF,68,0.453994,202
Xian,BF-SAC-RF,BF-SAC-RF,69,0.453994,202
Xian,BF-SAC-RF,BF-SAC-RF,70,0.453994,202
Xian,BF-SAC-RF,BF-SAC-RF,71,0.453994,202
Xian,BF-SAC-RF,BF-SAC-RF,72,0.453994,202
Xian,BF-SAC-RF,BF-SAC-RF,73,0.453994,202
Xian,BF-SAC-RF,BF-SAC-RF,74,0.453994,202
Xian,BF-SAC-RF,BF-SAC-RF,75,0.453994,202
Xian,BF-SAC-RF,BF-SAC-RF,76,0.453994,202
Xian,BF-SAC-RF,BF-SAC-RF,77,0.453994,202
Xian,BF-SAC-RF,BF-SAC-RF,78,0.453994,202
Xian,BF-SAC-RF,BF-SAC-RF,79,0.453994,202
Xian,BF-SAC-RF,BF-SAC-RF,80,0.453994,202
Xian,BF-SAC-RF,BF-SAC-RF,81,0.453994,202
Xian,BF-SAC-RF,BF-SAC-RF,82,0.453994,202
Xian,BF-SAC-RF,BF-SAC-RF,83,0.453994,202
Xian,BF-SAC-RF,BF-SAC-RF,84,0.453994,202
Xian,BF-SAC-RF,BF-SAC-RF,85,0.453994,202
Xian,BF-SAC-RF,BF-SAC-RF,86,0.453994,202
Xian,BF-SAC-RF,BF-SAC-RF,87,0.453994,202
Xian,BF-SAC-RF,BF-SAC-RF,88,0.453994,202
Xian,BF-SAC-RF,BF-SAC-RF,89,0.453994,202
Xian,BF-SAC-RF,BF-SAC-RF,90,0.453994,202
Xian,BF-SAC-RF,BF-SAC-RF,91,0.453994,202
Xian,BF-SAC-RF,BF-SAC-RF,92,0.453994,202
Xian,BF-SAC-RF,BF-SAC-RF,93,0.45343,202
Xian,BF-SAC-RF,BF-SAC-RF,94,0.45343,202
Xian,BF-SAC-RF,BF-SAC-RF,95,0.45343,202
Xian,BF-SAC-RF,BF-SAC-RF,96,0.45343,202
Xian,BF-SAC-RF,BF-SAC-RF,97,0.449382,202
Xian,BF-SAC-RF,BF-SAC-RF,98,0.449382,202
Xian,BF-SAC-RF,BF-SAC-RF,99,0.449382,202
Xian,BF-SAC-RF,BF-SAC-RF,100,0.449382,202
Xian,BF-SAC-RF,BF-SAC-RF,1,0.583537,303
Xian,BF-SAC-RF,BF-SAC-RF,2,0.583537,303
Xian,BF-SAC-RF,BF-SAC-RF,3,0.583537,303
Xian,BF-SAC-RF,BF-SAC-RF,4,0.583537,303
Xian,BF-SAC-RF,BF-SAC-RF,5,0.535625,303
Xian,BF-SAC-RF,BF-SAC-RF,6,0.535625,303
Xian,BF-SAC-RF,BF-SAC-RF,7,0.535625,303
Xian,BF-SAC-RF,BF-SAC-RF,8,0.535625,303
Xian,BF-SAC-RF,BF-SAC-RF,9,0.533666,303
Xian,BF-SAC-RF,BF-SAC-RF,10,0.533666,303
Xian,BF-SAC-RF,BF-SAC-RF,11,0.533666,303
Xian,BF-SAC-RF,BF-SAC-RF,12,0.475917,303
Xian,BF-SAC-RF,BF-SAC-RF,13,0.475917,303
Xian,BF-SAC-RF,BF-SAC-RF,14,0.475917,303
Xian,BF-SAC-RF,BF-SAC-RF,15,0.473366,303
Xian,BF-SAC-RF,BF-SAC-RF,16,0.473366,303
Xian,BF-SAC-RF,BF-SAC-RF,17,0.473366,303
Xian,BF-SAC-RF,BF-SAC-RF,18,0.473366,303
Xian,BF-SAC-RF,BF-SAC-RF,19,0.473366,303
Xian,BF-SAC-RF,BF-SAC-RF,20,0.473366,303
Xian,BF-SAC-RF,BF-SAC-RF,21,0.473366,303
Xian,BF-SAC-RF,BF-SAC-RF,22,0.473366,303
Xian,BF-SAC-RF,BF-SAC-RF,23,0.473366,303
Xian,BF-SAC-RF,BF-SAC-RF,24,0.473366,303
Xian,BF-SAC-RF,BF-SAC-RF,25,0.473366,303
Xian,BF-SAC-RF,BF-SAC-RF,26,0.473366,303
Xian,BF-SAC-RF,BF-SAC-RF,27,0.473366,303
Xian,BF-SAC-RF,BF-SAC-RF,28,0.473366,303
Xian,BF-SAC-RF,BF-SAC-RF,29,0.473366,303
Xian,BF-SAC-RF,BF-SAC-RF,30,0.473366,303
Xian,BF-SAC-RF,BF-SAC-RF,31,0.473366,303
Xian,BF-SAC-RF,BF-SAC-RF,32,0.473366,303
Xian,BF-SAC-RF,BF-SAC-RF,33,0.473366,303
Xian,BF-SAC-RF,BF-SAC-RF,34,0.44139,303
Xian,BF-SAC-RF,BF-SAC-RF,35,0.44139,303
Xian,BF-SAC-RF,BF-SAC-RF,36,0.44139,303
Xian,BF-SAC-RF,BF-SAC-RF,37,0.44139,303
Xian,BF-SAC-RF,BF-SAC-RF,38,0.44139,303
Xian,BF-SAC-RF,BF-SAC-RF,39,0.44139,303
Xian,BF-SAC-RF,BF-SAC-RF,40,0.44139,303
Xian,BF-SAC-RF,BF-SAC-RF,41,0.44139,303
Xian,BF-SAC-RF,BF-SAC-RF,42,0.44139,303
Xian,BF-SAC-RF,BF-SAC-RF,43,0.44139,303
Xian,BF-SAC-RF,BF-SAC-RF,44,0.44139,303
Xian,BF-SAC-RF,BF-SAC-RF,45,0.44139,303
Xian,BF-SAC-RF,BF-SAC-RF,46,0.44139,303
Xian,BF-SAC-RF,BF-SAC-RF,47,0.44139,303
Xian,BF-SAC-RF,BF-SAC-RF,48,0.44139,303
Xian,BF-SAC-RF,BF-SAC-RF,49,0.44139,303
Xian,BF-SAC-RF,BF-SAC-RF,50,0.44139,303
Xian,BF-SAC-RF,BF-SAC-RF,51,0.44139,303
Xian,BF-SAC-RF,BF-SAC-RF,52,0.44139,303
Xian,BF-SAC-RF,BF-SAC-RF,53,0.44139,303
Xian,BF-SAC-RF,BF-SAC-RF,54,0.44139,303
Xian,BF-SAC-RF,BF-SAC-RF,55,0.44139,303
Xian,BF-SAC-RF,BF-SAC-RF,56,0.44139,303
Xian,BF-SAC-RF,BF-SAC-RF,57,0.44139,303
Xian,BF-SAC-RF,BF-SAC-RF,58,0.44139,303
Xian,BF-SAC-RF,BF-SAC-RF,59,0.44139,303
Xian,BF-SAC-RF,BF-SAC-RF,60,0.44139,303
Xian,BF-SAC-RF,BF-SAC-RF,61,0.44139,303
Xian,BF-SAC-RF,BF-SAC-RF,62,0.44139,303
Xian,BF-SAC-RF,BF-SAC-RF,63,0.44139,303
Xian,BF-SAC-RF,BF-SAC-RF,64,0.44139,303
Xian,BF-SAC-RF,BF-SAC-RF,65,0.44139,303
Xian,BF-SAC-RF,BF-SAC-RF,66,0.44139,303
Xian,BF-SAC-RF,BF-SAC-RF,67,0.44139,303
Xian,BF-SAC-RF,BF-SAC-RF,68,0.44139,303
Xian,BF-SAC-RF,BF-SAC-RF,69,0.44139,303
Xian,BF-SAC-RF,BF-SAC-RF,70,0.44139,303
Xian,BF-SAC-RF,BF-SAC-RF,71,0.44139,303
Xian,BF-SAC-RF,BF-SAC-RF,72,0.44139,303
Xian,BF-SAC-RF,BF-SAC-RF,73,0.434915,303
Xian,BF-SAC-RF,BF-SAC-RF,74,0.434915,303
Xian,BF-SAC-RF,BF-SAC-RF,75,0.434915,303
Xian,BF-SAC-RF,BF-SAC-RF,76,0.434915,303
Xian,BF-SAC-RF,BF-SAC-RF,77,0.425376,303
Xian,BF-SAC-RF,BF-SAC-RF,78,0.425376,303
Xian,BF-SAC-RF,BF-SAC-RF,79,0.425376,303
Xian,BF-SAC-RF,BF-SAC-RF,80,0.425376,303
Xian,BF-SAC-RF,BF-SAC-RF,81,0.425376,303
Xian,BF-SAC-RF,BF-SAC-RF,82,0.425376,303
Xian,BF-SAC-RF,BF-SAC-RF,83,0.425376,303
Xian,BF-SAC-RF,BF-SAC-RF,84,0.425376,303
Xian,BF-SAC-RF,BF-SAC-RF,85,0.425376,303
Xian,BF-SAC-RF,BF-SAC-RF,86,0.425376,303
Xian,BF-SAC-RF,BF-SAC-RF,87,0.425376,303
Xian,BF-SAC-RF,BF-SAC-RF,88,0.425376,303
Xian,BF-SAC-RF,BF-SAC-RF,89,0.425376,303
Xian,BF-SAC-RF,BF-SAC-RF,90,0.425376,303
Xian,BF-SAC-RF,BF-SAC-RF,91,0.425376,303
Xian,BF-SAC-RF,BF-SAC-RF,92,0.425376,303
Xian,BF-SAC-RF,BF-SAC-RF,93,0.425376,303
Xian,BF-SAC-RF,BF-SAC-RF,94,0.425376,303
Xian,BF-SAC-RF,BF-SAC-RF,95,0.425376,303
Xian,BF-SAC-RF,BF-SAC-RF,96,0.425376,303
Xian,BF-SAC-RF,BF-SAC-RF,97,0.425376,303
Xian,BF-SAC-RF,BF-SAC-RF,98,0.425376,303
Xian,BF-SAC-RF,BF-SAC-RF,99,0.425376,303
Xian,BF-SAC-RF,BF-SAC-RF,100,0.425376,303
Xian,BF-SAC-RF,BF-SAC-RF,1,0.516943,404
Xian,BF-SAC-RF,BF-SAC-RF,2,0.478157,404
Xian,BF-SAC-RF,BF-SAC-RF,3,0.478157,404
Xian,BF-SAC-RF,BF-SAC-RF,4,0.478157,404
Xian,BF-SAC-RF,BF-SAC-RF,5,0.478157,404
Xian,BF-SAC-RF,BF-SAC-RF,6,0.478157,404
Xian,BF-SAC-RF,BF-SAC-RF,7,0.478157,404
Xian,BF-SAC-RF,BF-SAC-RF,8,0.478157,404
Xian,BF-SAC-RF,BF-SAC-RF,9,0.478157,404
Xian,BF-SAC-RF,BF-SAC-RF,10,0.478157,404
Xian,BF-SAC-RF,BF-SAC-RF,11,0.478157,404
Xian,BF-SAC-RF,BF-SAC-RF,12,0.478157,404
Xian,BF-SAC-RF,BF-SAC-RF,13,0.478157,404
Xian,BF-SAC-RF,BF-SAC-RF,14,0.478157,404
Xian,BF-SAC-RF,BF-SAC-RF,15,0.478157,404
Xian,BF-SAC-RF,BF-SAC-RF,16,0.478157,404
Xian,BF-SAC-RF,BF-SAC-RF,17,0.478157,404
Xian,BF-SAC-RF,BF-SAC-RF,18,0.478157,404
Xian,BF-SAC-RF,BF-SAC-RF,19,0.478157,404
Xian,BF-SAC-RF,BF-SAC-RF,20,0.478157,404
Xian,BF-SAC-RF,BF-SAC-RF,21,0.478157,404
Xian,BF-SAC-RF,BF-SAC-RF,22,0.453505,404
Xian,BF-SAC-RF,BF-SAC-RF,23,0.453505,404
Xian,BF-SAC-RF,BF-SAC-RF,24,0.453505,404
Xian,BF-SAC-RF,BF-SAC-RF,25,0.453505,404
Xian,BF-SAC-RF,BF-SAC-RF,26,0.453505,404
Xian,BF-SAC-RF,BF-SAC-RF,27,0.453505,404
Xian,BF-SAC-RF,BF-SAC-RF,28,0.453505,404
Xian,BF-SAC-RF,BF-SAC-RF,29,0.453505,404
Xian,BF-SAC-RF,BF-SAC-RF,30,0.453505,404
Xian,BF-SAC-RF,BF-SAC-RF,31,0.453505,404
Xian,BF-SAC-RF,BF-SAC-RF,32,0.453505,404
Xian,BF-SAC-RF,BF-SAC-RF,33,0.453505,404
Xian,BF-SAC-RF,BF-SAC-RF,34,0.453505,404
Xian,BF-SAC-RF,BF-SAC-RF,35,0.453505,404
Xian,BF-SAC-RF,BF-SAC-RF,36,0.453505,404
Xian,BF-SAC-RF,BF-SAC-RF,37,0.453505,404
Xian,BF-SAC-RF,BF-SAC-RF,38,0.453505,404
Xian,BF-SAC-RF,BF-SAC-RF,39,0.453505,404
Xian,BF-SAC-RF,BF-SAC-RF,40,0.453505,404
Xian,BF-SAC-RF,BF-SAC-RF,41,0.453505,404
Xian,BF-SAC-RF,BF-SAC-RF,42,0.453505,404
Xian,BF-SAC-RF,BF-SAC-RF,43,0.453505,404
Xian,BF-SAC-RF,BF-SAC-RF,44,0.453505,404
Xian,BF-SAC-RF,BF-SAC-RF,45,0.453505,404
Xian,BF-SAC-RF,BF-SAC-RF,46,0.453505,404
Xian,BF-SAC-RF,BF-SAC-RF,47,0.453505,404
Xian,BF-SAC-RF,BF-SAC-RF,48,0.449852,404
Xian,BF-SAC-RF,BF-SAC-RF,49,0.449852,404
Xian,BF-SAC-RF,BF-SAC-RF,50,0.449852,404
Xian,BF-SAC-RF,BF-SAC-RF,51,0.449852,404
Xian,BF-SAC-RF,BF-SAC-RF,52,0.449852,404
Xian,BF-SAC-RF,BF-SAC-RF,53,0.449852,404
Xian,BF-SAC-RF,BF-SAC-RF,54,0.449852,404
Xian,BF-SAC-RF,BF-SAC-RF,55,0.449852,404
Xian,BF-SAC-RF,BF-SAC-RF,56,0.449852,404
Xian,BF-SAC-RF,BF-SAC-RF,57,0.449852,404
Xian,BF-SAC-RF,BF-SAC-RF,58,0.449852,404
Xian,BF-SAC-RF,BF-SAC-RF,59,0.449852,404
Xian,BF-SAC-RF,BF-SAC-RF,60,0.42071,404
Xian,BF-SAC-RF,BF-SAC-RF,61,0.42071,404
Xian,BF-SAC-RF,BF-SAC-RF,62,0.42071,404
Xian,BF-SAC-RF,BF-SAC-RF,63,0.42071,404
Xian,BF-SAC-RF,BF-SAC-RF,64,0.42071,404
Xian,BF-SAC-RF,BF-SAC-RF,65,0.42071,404
Xian,BF-SAC-RF,BF-SAC-RF,66,0.42071,404
Xian,BF-SAC-RF,BF-SAC-RF,67,0.42071,404
Xian,BF-SAC-RF,BF-SAC-RF,68,0.42071,404
Xian,BF-SAC-RF,BF-SAC-RF,69,0.42071,404
Xian,BF-SAC-RF,BF-SAC-RF,70,0.42071,404
Xian,BF-SAC-RF,BF-SAC-RF,71,0.42071,404
Xian,BF-SAC-RF,BF-SAC-RF,72,0.42071,404
Xian,BF-SAC-RF,BF-SAC-RF,73,0.42071,404
Xian,BF-SAC-RF,BF-SAC-RF,74,0.42071,404
Xian,BF-SAC-RF,BF-SAC-RF,75,0.42071,404
Xian,BF-SAC-RF,BF-SAC-RF,76,0.42071,404
Xian,BF-SAC-RF,BF-SAC-RF,77,0.42071,404
Xian,BF-SAC-RF,BF-SAC-RF,78,0.42071,404
Xian,BF-SAC-RF,BF-SAC-RF,79,0.42071,404
Xian,BF-SAC-RF,BF-SAC-RF,80,0.42071,404
Xian,BF-SAC-RF,BF-SAC-RF,81,0.42071,404
Xian,BF-SAC-RF,BF-SAC-RF,82,0.42071,404
Xian,BF-SAC-RF,BF-SAC-RF,83,0.42071,404
Xian,BF-SAC-RF,BF-SAC-RF,84,0.42071,404
Xian,BF-SAC-RF,BF-SAC-RF,85,0.42071,404
Xian,BF-SAC-RF,BF-SAC-RF,86,0.42071,404
Xian,BF-SAC-RF,BF-SAC-RF,87,0.42071,404
Xian,BF-SAC-RF,BF-SAC-RF,88,0.42071,404
Xian,BF-SAC-RF,BF-SAC-RF,89,0.42071,404
Xian,BF-SAC-RF,BF-SAC-RF,90,0.42071,404
Xian,BF-SAC-RF,BF-SAC-RF,91,0.42071,404
Xian,BF-SAC-RF,BF-SAC-RF,92,0.42071,404
Xian,BF-SAC-RF,BF-SAC-RF,93,0.42071,404
Xian,BF-SAC-RF,BF-SAC-RF,94,0.42071,404
Xian,BF-SAC-RF,BF-SAC-RF,95,0.42071,404
Xian,BF-SAC-RF,BF-SAC-RF,96,0.42071,404
Xian,BF-SAC-RF,BF-SAC-RF,97,0.42071,404
Xian,BF-SAC-RF,BF-SAC-RF,98,0.42071,404
Xian,BF-SAC-RF,BF-SAC-RF,99,0.42071,404
Xian,BF-SAC-RF,BF-SAC-RF,100,0.42071,404
Xian,SPSA,SPSA,1,0.5397134272082833,42
Xian,SPSA,SPSA,2,0.4946544838269957,42
Xian,SPSA,SPSA,3,0.4946544838269957,42
Xian,SPSA,SPSA,4,0.4946544838269957,42
Xian,SPSA,SPSA,5,0.4946544838269957,42
Xian,SPSA,SPSA,6,0.4946544838269957,42
Xian,SPSA,SPSA,7,0.4946544838269957,42
Xian,SPSA,SPSA,8,0.4946544838269957,42
Xian,SPSA,SPSA,9,0.4596425765928669,42
Xian,SPSA,SPSA,10,0.4596425765928669,42
Xian,SPSA,SPSA,11,0.4596425765928669,42
Xian,SPSA,SPSA,12,0.4596425765928669,42
Xian,SPSA,SPSA,13,0.4596425765928669,42
Xian,SPSA,SPSA,14,0.4596425765928669,42
Xian,SPSA,SPSA,15,0.4596425765928669,42
Xian,SPSA,SPSA,16,0.4596425765928669,42
Xian,SPSA,SPSA,17,0.4596425765928669,42
Xian,SPSA,SPSA,18,0.4596425765928669,42
Xian,SPSA,SPSA,19,0.4596425765928669,42
Xian,SPSA,SPSA,20,0.4596425765928669,42
Xian,SPSA,SPSA,21,0.4596425765928669,42
Xian,SPSA,SPSA,22,0.4596425765928669,42
Xian,SPSA,SPSA,23,0.4596425765928669,42
Xian,SPSA,SPSA,24,0.4596425765928669,42
Xian,SPSA,SPSA,25,0.4596425765928669,42
Xian,SPSA,SPSA,26,0.4596425765928669,42
Xian,SPSA,SPSA,27,0.4596425765928669,42
Xian,SPSA,SPSA,28,0.4596425765928669,42
Xian,SPSA,SPSA,29,0.4596425765928669,42
Xian,SPSA,SPSA,30,0.4596425765928669,42
Xian,SPSA,SPSA,31,0.4596425765928669,42
Xian,SPSA,SPSA,32,0.4596425765928669,42
Xian,SPSA,SPSA,33,0.4596425765928669,42
Xian,SPSA,SPSA,34,0.4596425765928669,42
Xian,SPSA,SPSA,35,0.4596425765928669,42
Xian,SPSA,SPSA,36,0.4596425765928669,42
Xian,SPSA,SPSA,37,0.4596425765928669,42
Xian,SPSA,SPSA,38,0.4596425765928669,42
Xian,SPSA,SPSA,39,0.4596425765928669,42
Xian,SPSA,SPSA,40,0.4596425765928669,42
Xian,SPSA,SPSA,41,0.4596425765928669,42
Xian,SPSA,SPSA,42,0.4596425765928669,42
Xian,SPSA,SPSA,43,0.4596425765928669,42
Xian,SPSA,SPSA,44,0.4596425765928669,42
Xian,SPSA,SPSA,45,0.4596425765928669,42
Xian,SPSA,SPSA,46,0.4596425765928669,42
Xian,SPSA,SPSA,47,0.4596425765928669,42
Xian,SPSA,SPSA,48,0.4596425765928669,42
Xian,SPSA,SPSA,49,0.4596425765928669,42
Xian,SPSA,SPSA,50,0.4596425765928669,42
Xian,SPSA,SPSA,51,0.4596425765928669,42
Xian,SPSA,SPSA,52,0.4596425765928669,42
Xian,SPSA,SPSA,53,0.4596425765928669,42
Xian,SPSA,SPSA,54,0.4596425765928669,42
Xian,SPSA,SPSA,55,0.4596425765928669,42
Xian,SPSA,SPSA,56,0.4596425765928669,42
Xian,SPSA,SPSA,57,0.4596425765928669,42
Xian,SPSA,SPSA,58,0.4596425765928669,42
Xian,SPSA,SPSA,59,0.4596425765928669,42
Xian,SPSA,SPSA,60,0.4596425765928669,42
Xian,SPSA,SPSA,61,0.4596425765928669,42
Xian,SPSA,SPSA,62,0.4596425765928669,42
Xian,SPSA,SPSA,63,0.4596425765928669,42
Xian,SPSA,SPSA,64,0.4596425765928669,42
Xian,SPSA,SPSA,65,0.4596425765928669,42
Xian,SPSA,SPSA,66,0.4596425765928669,42
Xian,SPSA,SPSA,67,0.4596425765928669,42
Xian,SPSA,SPSA,68,0.4596425765928669,42
Xian,SPSA,SPSA,69,0.4596425765928669,42
Xian,SPSA,SPSA,70,0.4596425765928669,42
Xian,SPSA,SPSA,71,0.4596425765928669,42
Xian,SPSA,SPSA,72,0.4596425765928669,42
Xian,SPSA,SPSA,73,0.4596425765928669,42
Xian,SPSA,SPSA,74,0.4596425765928669,42
Xian,SPSA,SPSA,75,0.4596425765928669,42
Xian,SPSA,SPSA,76,0.4596425765928669,42
Xian,SPSA,SPSA,77,0.4596425765928669,42
Xian,SPSA,SPSA,78,0.4596425765928669,42
Xian,SPSA,SPSA,79,0.4596425765928669,42
Xian,SPSA,SPSA,80,0.4596425765928669,42
Xian,SPSA,SPSA,81,0.4596425765928669,42
Xian,SPSA,SPSA,82,0.4596425765928669,42
Xian,SPSA,SPSA,83,0.4596425765928669,42
Xian,SPSA,SPSA,84,0.4596425765928669,42
Xian,SPSA,SPSA,85,0.4596425765928669,42
Xian,SPSA,SPSA,86,0.4596425765928669,42
Xian,SPSA,SPSA,87,0.4596425765928669,42
Xian,SPSA,SPSA,88,0.4596425765928669,42
Xian,SPSA,SPSA,89,0.4596425765928669,42
Xian,SPSA,SPSA,90,0.4596425765928669,42
Xian,SPSA,SPSA,91,0.4596425765928669,42
Xian,SPSA,SPSA,92,0.4596425765928669,42
Xian,SPSA,SPSA,93,0.4596425765928669,42
Xian,SPSA,SPSA,94,0.4596425765928669,42
Xian,SPSA,SPSA,95,0.4596425765928669,42
Xian,SPSA,SPSA,96,0.4596425765928669,42
Xian,SPSA,SPSA,97,0.4596425765928669,42
Xian,SPSA,SPSA,98,0.4596425765928669,42
Xian,SPSA,SPSA,99,0.4596425765928669,42
Xian,SPSA,SPSA,100,0.4596425765928669,42
Xian,SPSA,SPSA,1,0.5013150712695496,101
Xian,SPSA,SPSA,2,0.5013150712695496,101
Xian,SPSA,SPSA,3,0.5013150712695496,101
Xian,SPSA,SPSA,4,0.5013150712695496,101
Xian,SPSA,SPSA,5,0.5013150712695496,101
Xian,SPSA,SPSA,6,0.5013150712695496,101
Xian,SPSA,SPSA,7,0.4871284315972766,101
Xian,SPSA,SPSA,8,0.4871284315972766,101
Xian,SPSA,SPSA,9,0.473703627554434,101
Xian,SPSA,SPSA,10,0.473703627554434,101
Xian,SPSA,SPSA,11,0.473703627554434,101
Xian,SPSA,SPSA,12,0.4683842911273148,101
Xian,SPSA,SPSA,13,0.4683842911273148,101
Xian,SPSA,SPSA,14,0.4683842911273148,101
Xian,SPSA,SPSA,15,0.4683842911273148,101
Xian,SPSA,SPSA,16,0.4683842911273148,101
Xian,SPSA,SPSA,17,0.4683842911273148,101
Xian,SPSA,SPSA,18,0.4683842911273148,101
Xian,SPSA,SPSA,19,0.4683842911273148,101
Xian,SPSA,SPSA,20,0.4683842911273148,101
Xian,SPSA,SPSA,21,0.4683842911273148,101
Xian,SPSA,SPSA,22,0.4683842911273148,101
Xian,SPSA,SPSA,23,0.4683842911273148,101
Xian,SPSA,SPSA,24,0.4683842911273148,101
Xian,SPSA,SPSA,25,0.4683842911273148,101
Xian,SPSA,SPSA,26,0.4683842911273148,101
Xian,SPSA,SPSA,27,0.4683842911273148,101
Xian,SPSA,SPSA,28,0.4683842911273148,101
Xian,SPSA,SPSA,29,0.4683842911273148,101
Xian,SPSA,SPSA,30,0.4683842911273148,101
Xian,SPSA,SPSA,31,0.4683842911273148,101
Xian,SPSA,SPSA,32,0.4683842911273148,101
Xian,SPSA,SPSA,33,0.4683842911273148,101
Xian,SPSA,SPSA,34,0.4683842911273148,101
Xian,SPSA,SPSA,35,0.4683842911273148,101
Xian,SPSA,SPSA,36,0.4659678722018832,101
Xian,SPSA,SPSA,37,0.4659678722018832,101
Xian,SPSA,SPSA,38,0.4659678722018832,101
Xian,SPSA,SPSA,39,0.4659678722018832,101
Xian,SPSA,SPSA,40,0.4659678722018832,101
Xian,SPSA,SPSA,41,0.4659678722018832,101
Xian,SPSA,SPSA,42,0.4659678722018832,101
Xian,SPSA,SPSA,43,0.4659678722018832,101
Xian,SPSA,SPSA,44,0.4659678722018832,101
Xian,SPSA,SPSA,45,0.4659678722018832,101
Xian,SPSA,SPSA,46,0.4659678722018832,101
Xian,SPSA,SPSA,47,0.4659678722018832,101
Xian,SPSA,SPSA,48,0.4659678722018832,101
Xian,SPSA,SPSA,49,0.4659678722018832,101
Xian,SPSA,SPSA,50,0.4659678722018832,101
Xian,SPSA,SPSA,51,0.4659678722018832,101
Xian,SPSA,SPSA,52,0.4659678722018832,101
Xian,SPSA,SPSA,53,0.4659678722018832,101
Xian,SPSA,SPSA,54,0.4659678722018832,101
Xian,SPSA,SPSA,55,0.4659678722018832,101
Xian,SPSA,SPSA,56,0.4549743748652651,101
Xian,SPSA,SPSA,57,0.4549743748652651,101
Xian,SPSA,SPSA,58,0.4549743748652651,101
Xian,SPSA,SPSA,59,0.4549743748652651,101
Xian,SPSA,SPSA,60,0.4549743748652651,101
Xian,SPSA,SPSA,61,0.4549743748652651,101
Xian,SPSA,SPSA,62,0.4549743748652651,101
Xian,SPSA,SPSA,63,0.4549743748652651,101
Xian,SPSA,SPSA,64,0.4549743748652651,101
Xian,SPSA,SPSA,65,0.4549743748652651,101
Xian,SPSA,SPSA,66,0.4549743748652651,101
Xian,SPSA,SPSA,67,0.4549743748652651,101
Xian,SPSA,SPSA,68,0.4549743748652651,101
Xian,SPSA,SPSA,69,0.4549743748652651,101
Xian,SPSA,SPSA,70,0.4549743748652651,101
Xian,SPSA,SPSA,71,0.4549743748652651,101
Xian,SPSA,SPSA,72,0.4549743748652651,101
Xian,SPSA,SPSA,73,0.4549743748652651,101
Xian,SPSA,SPSA,74,0.4549743748652651,101
Xian,SPSA,SPSA,75,0.4549743748652651,101
Xian,SPSA,SPSA,76,0.4549743748652651,101
Xian,SPSA,SPSA,77,0.4549743748652651,101
Xian,SPSA,SPSA,78,0.4549743748652651,101
Xian,SPSA,SPSA,79,0.4549743748652651,101
Xian,SPSA,SPSA,80,0.4549743748652651,101
Xian,SPSA,SPSA,81,0.4549743748652651,101
Xian,SPSA,SPSA,82,0.4549743748652651,101
Xian,SPSA,SPSA,83,0.4549743748652651,101
Xian,SPSA,SPSA,84,0.4549743748652651,101
Xian,SPSA,SPSA,85,0.4549743748652651,101
Xian,SPSA,SPSA,86,0.4549743748652651,101
Xian,SPSA,SPSA,87,0.4549743748652651,101
Xian,SPSA,SPSA,88,0.4549743748652651,101
Xian,SPSA,SPSA,89,0.4549743748652651,101
Xian,SPSA,SPSA,90,0.4549743748652651,101
Xian,SPSA,SPSA,91,0.4549743748652651,101
Xian,SPSA,SPSA,92,0.4549743748652651,101
Xian,SPSA,SPSA,93,0.4549743748652651,101
Xian,SPSA,SPSA,94,0.4549743748652651,101
Xian,SPSA,SPSA,95,0.4549743748652651,101
Xian,SPSA,SPSA,96,0.4549743748652651,101
Xian,SPSA,SPSA,97,0.4549743748652651,101
Xian,SPSA,SPSA,98,0.4549743748652651,101
Xian,SPSA,SPSA,99,0.4549743748652651,101
Xian,SPSA,SPSA,100,0.4549743748652651,101
Xian,SPSA,SPSA,1,0.5379223720156608,202
Xian,SPSA,SPSA,2,0.5379223720156608,202
Xian,SPSA,SPSA,3,0.5379223720156608,202
Xian,SPSA,SPSA,4,0.5379223720156608,202
Xian,SPSA,SPSA,5,0.5093500984452464,202
Xian,SPSA,SPSA,6,0.5093500984452464,202
Xian,SPSA,SPSA,7,0.5093500984452464,202
Xian,SPSA,SPSA,8,0.5093500984452464,202
Xian,SPSA,SPSA,9,0.4904675604195392,202
Xian,SPSA,SPSA,10,0.4904675604195392,202
Xian,SPSA,SPSA,11,0.4904675604195392,202
Xian,SPSA,SPSA,12,0.4904675604195392,202
Xian,SPSA,SPSA,13,0.4753111888969987,202
Xian,SPSA,SPSA,14,0.4753111888969987,202
Xian,SPSA,SPSA,15,0.4753111888969987,202
Xian,SPSA,SPSA,16,0.4753111888969987,202
Xian,SPSA,SPSA,17,0.4753111888969987,202
Xian,SPSA,SPSA,18,0.4703064240906807,202
Xian,SPSA,SPSA,19,0.4703064240906807,202
Xian,SPSA,SPSA,20,0.4703064240906807,202
Xian,SPSA,SPSA,21,0.4703064240906807,202
Xian,SPSA,SPSA,22,0.4703064240906807,202
Xian,SPSA,SPSA,23,0.4703064240906807,202
Xian,SPSA,SPSA,24,0.4703064240906807,202
Xian,SPSA,SPSA,25,0.4703064240906807,202
Xian,SPSA,SPSA,26,0.4703064240906807,202
Xian,SPSA,SPSA,27,0.4703064240906807,202
Xian,SPSA,SPSA,28,0.4703064240906807,202
Xian,SPSA,SPSA,29,0.4703064240906807,202
Xian,SPSA,SPSA,30,0.4703064240906807,202
Xian,SPSA,SPSA,31,0.4703064240906807,202
Xian,SPSA,SPSA,32,0.4703064240906807,202
Xian,SPSA,SPSA,33,0.4703064240906807,202
Xian,SPSA,SPSA,34,0.4703064240906807,202
Xian,SPSA,SPSA,35,0.4703064240906807,202
Xian,SPSA,SPSA,36,0.4703064240906807,202
Xian,SPSA,SPSA,37,0.4703064240906807,202
Xian,SPSA,SPSA,38,0.4703064240906807,202
Xian,SPSA,SPSA,39,0.4703064240906807,202
Xian,SPSA,SPSA,40,0.4703064240906807,202
Xian,SPSA,SPSA,41,0.4703064240906807,202
Xian,SPSA,SPSA,42,0.4703064240906807,202
Xian,SPSA,SPSA,43,0.4703064240906807,202
Xian,SPSA,SPSA,44,0.4703064240906807,202
Xian,SPSA,SPSA,45,0.4703064240906807,202
Xian,SPSA,SPSA,46,0.4703064240906807,202
Xian,SPSA,SPSA,47,0.4703064240906807,202
Xian,SPSA,SPSA,48,0.4703064240906807,202
Xian,SPSA,SPSA,49,0.4703064240906807,202
Xian,SPSA,SPSA,50,0.4703064240906807,202
Xian,SPSA,SPSA,51,0.4703064240906807,202
Xian,SPSA,SPSA,52,0.4703064240906807,202
Xian,SPSA,SPSA,53,0.4703064240906807,202
Xian,SPSA,SPSA,54,0.4703064240906807,202
Xian,SPSA,SPSA,55,0.4703064240906807,202
Xian,SPSA,SPSA,56,0.4703064240906807,202
Xian,SPSA,SPSA,57,0.4703064240906807,202
Xian,SPSA,SPSA,58,0.4703064240906807,202
Xian,SPSA,SPSA,59,0.4703064240906807,202
Xian,SPSA,SPSA,60,0.4703064240906807,202
Xian,SPSA,SPSA,61,0.4703064240906807,202
Xian,SPSA,SPSA,62,0.4703064240906807,202
Xian,SPSA,SPSA,63,0.4703064240906807,202
Xian,SPSA,SPSA,64,0.4703064240906807,202
Xian,SPSA,SPSA,65,0.4703064240906807,202
Xian,SPSA,SPSA,66,0.4703064240906807,202
Xian,SPSA,SPSA,67,0.4703064240906807,202
Xian,SPSA,SPSA,68,0.4703064240906807,202
Xian,SPSA,SPSA,69,0.4703064240906807,202
Xian,SPSA,SPSA,70,0.4703064240906807,202
Xian,SPSA,SPSA,71,0.4703064240906807,202
Xian,SPSA,SPSA,72,0.4703064240906807,202
Xian,SPSA,SPSA,73,0.4703064240906807,202
Xian,SPSA,SPSA,74,0.4703064240906807,202
Xian,SPSA,SPSA,75,0.4703064240906807,202
Xian,SPSA,SPSA,76,0.4703064240906807,202
Xian,SPSA,SPSA,77,0.4703064240906807,202
Xian,SPSA,SPSA,78,0.4703064240906807,202
Xian,SPSA,SPSA,79,0.4703064240906807,202
Xian,SPSA,SPSA,80,0.4703064240906807,202
Xian,SPSA,SPSA,81,0.4703064240906807,202
Xian,SPSA,SPSA,82,0.4703064240906807,202
Xian,SPSA,SPSA,83,0.4703064240906807,202
Xian,SPSA,SPSA,84,0.4703064240906807,202
Xian,SPSA,SPSA,85,0.4703064240906807,202
Xian,SPSA,SPSA,86,0.4703064240906807,202
Xian,SPSA,SPSA,87,0.4703064240906807,202
Xian,SPSA,SPSA,88,0.4703064240906807,202
Xian,SPSA,SPSA,89,0.4703064240906807,202
Xian,SPSA,SPSA,90,0.4703064240906807,202
Xian,SPSA,SPSA,91,0.4703064240906807,202
Xian,SPSA,SPSA,92,0.4698386482898692,202
Xian,SPSA,SPSA,93,0.4698386482898692,202
Xian,SPSA,SPSA,94,0.4698386482898692,202
Xian,SPSA,SPSA,95,0.4698386482898692,202
Xian,SPSA,SPSA,96,0.4698386482898692,202
Xian,SPSA,SPSA,97,0.4698386482898692,202
Xian,SPSA,SPSA,98,0.4698386482898692,202
Xian,SPSA,SPSA,99,0.4698386482898692,202
Xian,SPSA,SPSA,100,0.4698386482898692,202
Xian,SPSA,SPSA,1,0.5970112116480875,404
Xian,SPSA,SPSA,2,0.567187367143336,404
Xian,SPSA,SPSA,3,0.567187367143336,404
Xian,SPSA,SPSA,4,0.567187367143336,404
Xian,SPSA,SPSA,5,0.5374092914838942,404
Xian,SPSA,SPSA,6,0.5374092914838942,404
Xian,SPSA,SPSA,7,0.5374092914838942,404
Xian,SPSA,SPSA,8,0.5374092914838942,404
Xian,SPSA,SPSA,9,0.5374092914838942,404
Xian,SPSA,SPSA,10,0.5374092914838942,404
Xian,SPSA,SPSA,11,0.5374092914838942,404
Xian,SPSA,SPSA,12,0.5374092914838942,404
Xian,SPSA,SPSA,13,0.5374092914838942,404
Xian,SPSA,SPSA,14,0.5374092914838942,404
Xian,SPSA,SPSA,15,0.5374092914838942,404
Xian,SPSA,SPSA,16,0.5374092914838942,404
Xian,SPSA,SPSA,17,0.5374092914838942,404
Xian,SPSA,SPSA,18,0.5374092914838942,404
Xian,SPSA,SPSA,19,0.5374092914838942,404
Xian,SPSA,SPSA,20,0.5374092914838942,404
Xian,SPSA,SPSA,21,0.5374092914838942,404
Xian,SPSA,SPSA,22,0.5374092914838942,404
Xian,SPSA,SPSA,23,0.5374092914838942,404
Xian,SPSA,SPSA,24,0.5374092914838942,404
Xian,SPSA,SPSA,25,0.5374092914838942,404
Xian,SPSA,SPSA,26,0.5374092914838942,404
Xian,SPSA,SPSA,27,0.5374092914838942,404
Xian,SPSA,SPSA,28,0.5374092914838942,404
Xian,SPSA,SPSA,29,0.5374092914838942,404
Xian,SPSA,SPSA,30,0.5374092914838942,404
Xian,SPSA,SPSA,31,0.5374092914838942,404
Xian,SPSA,SPSA,32,0.5374092914838942,404
Xian,SPSA,SPSA,33,0.5374092914838942,404
Xian,SPSA,SPSA,34,0.5374092914838942,404
Xian,SPSA,SPSA,35,0.5374092914838942,404
Xian,SPSA,SPSA,36,0.5374092914838942,404
Xian,SPSA,SPSA,37,0.5374092914838942,404
Xian,SPSA,SPSA,38,0.5374092914838942,404
Xian,SPSA,SPSA,39,0.5374092914838942,404
Xian,SPSA,SPSA,40,0.5374092914838942,404
Xian,SPSA,SPSA,41,0.5374092914838942,404
Xian,SPSA,SPSA,42,0.5374092914838942,404
Xian,SPSA,SPSA,43,0.5374092914838942,404
Xian,SPSA,SPSA,44,0.5374092914838942,404
Xian,SPSA,SPSA,45,0.5374092914838942,404
Xian,SPSA,SPSA,46,0.5374092914838942,404
Xian,SPSA,SPSA,47,0.5374092914838942,404
Xian,SPSA,SPSA,48,0.5374092914838942,404
Xian,SPSA,SPSA,49,0.5374092914838942,404
Xian,SPSA,SPSA,50,0.5374092914838942,404
Xian,SPSA,SPSA,51,0.5374092914838942,404
Xian,SPSA,SPSA,52,0.5374092914838942,404
Xian,SPSA,SPSA,53,0.5374092914838942,404
Xian,SPSA,SPSA,54,0.5374092914838942,404
Xian,SPSA,SPSA,55,0.5374092914838942,404
Xian,SPSA,SPSA,56,0.5374092914838942,404
Xian,SPSA,SPSA,57,0.5374092914838942,404
Xian,SPSA,SPSA,58,0.5374092914838942,404
Xian,SPSA,SPSA,59,0.5374092914838942,404
Xian,SPSA,SPSA,60,0.5374092914838942,404
Xian,SPSA,SPSA,61,0.5374092914838942,404
Xian,SPSA,SPSA,62,0.5374092914838942,404
Xian,SPSA,SPSA,63,0.5374092914838942,404
Xian,SPSA,SPSA,64,0.5374092914838942,404
Xian,SPSA,SPSA,65,0.5374092914838942,404
Xian,SPSA,SPSA,66,0.534740520774564,404
Xian,SPSA,SPSA,67,0.534740520774564,404
Xian,SPSA,SPSA,68,0.534740520774564,404
Xian,SPSA,SPSA,69,0.534740520774564,404
Xian,SPSA,SPSA,70,0.534740520774564,404
Xian,SPSA,SPSA,71,0.534740520774564,404
Xian,SPSA,SPSA,72,0.534740520774564,404
Xian,SPSA,SPSA,73,0.534740520774564,404
Xian,SPSA,SPSA,74,0.534740520774564,404
Xian,SPSA,SPSA,75,0.534740520774564,404
Xian,SPSA,SPSA,76,0.534740520774564,404
Xian,SPSA,SPSA,77,0.534740520774564,404
Xian,SPSA,SPSA,78,0.534740520774564,404
Xian,SPSA,SPSA,79,0.5312791555873843,404
Xian,SPSA,SPSA,80,0.5312791555873843,404
Xian,SPSA,SPSA,81,0.5312791555873843,404
Xian,SPSA,SPSA,82,0.5312791555873843,404
Xian,SPSA,SPSA,83,0.5312791555873843,404
Xian,SPSA,SPSA,84,0.5312791555873843,404
Xian,SPSA,SPSA,85,0.5312791555873843,404
Xian,SPSA,SPSA,86,0.5312791555873843,404
Xian,SPSA,SPSA,87,0.5312791555873843,404
Xian,SPSA,SPSA,88,0.5312791555873843,404
Xian,SPSA,SPSA,89,0.5312791555873843,404
Xian,SPSA,SPSA,90,0.5312791555873843,404
Xian,SPSA,SPSA,91,0.5312791555873843,404
Xian,SPSA,SPSA,92,0.5312791555873843,404
Xian,SPSA,SPSA,93,0.5312791555873843,404
Xian,SPSA,SPSA,94,0.5312791555873843,404
Xian,SPSA,SPSA,95,0.5312791555873843,404
Xian,SPSA,SPSA,96,0.5312791555873843,404
Xian,SPSA,SPSA,97,0.5312791555873843,404
Xian,SPSA,SPSA,98,0.5312791555873843,404
Xian,SPSA,SPSA,99,0.5312791555873843,404
Xian,SPSA,SPSA,100,0.5312791555873843,404
Xian,SPSA,SPSA,1,0.5906338714409862,303
Xian,SPSA,SPSA,2,0.5905598053884343,303
Xian,SPSA,SPSA,3,0.5145980234884884,303
Xian,SPSA,SPSA,4,0.5145980234884884,303
Xian,SPSA,SPSA,5,0.5033977651386268,303
Xian,SPSA,SPSA,6,0.5033977651386268,303
Xian,SPSA,SPSA,7,0.5033977651386268,303
Xian,SPSA,SPSA,8,0.5033977651386268,303
Xian,SPSA,SPSA,9,0.5033977651386268,303
Xian,SPSA,SPSA,10,0.5033977651386268,303
Xian,SPSA,SPSA,11,0.5033977651386268,303
Xian,SPSA,SPSA,12,0.5033977651386268,303
Xian,SPSA,SPSA,13,0.5033977651386268,303
Xian,SPSA,SPSA,14,0.5033977651386268,303
Xian,SPSA,SPSA,15,0.5033977651386268,303
Xian,SPSA,SPSA,16,0.5033977651386268,303
Xian,SPSA,SPSA,17,0.5033977651386268,303
Xian,SPSA,SPSA,18,0.5033977651386268,303
Xian,SPSA,SPSA,19,0.4890273106824625,303
Xian,SPSA,SPSA,20,0.4890273106824625,303
Xian,SPSA,SPSA,21,0.4890273106824625,303
Xian,SPSA,SPSA,22,0.4890273106824625,303
Xian,SPSA,SPSA,23,0.4890273106824625,303
Xian,SPSA,SPSA,24,0.4890273106824625,303
Xian,SPSA,SPSA,25,0.4890273106824625,303
Xian,SPSA,SPSA,26,0.4890273106824625,303
Xian,SPSA,SPSA,27,0.4890273106824625,303
Xian,SPSA,SPSA,28,0.4890273106824625,303
Xian,SPSA,SPSA,29,0.4842149354588973,303
Xian,SPSA,SPSA,30,0.4842149354588973,303
Xian,SPSA,SPSA,31,0.4842149354588973,303
Xian,SPSA,SPSA,32,0.4842149354588973,303
Xian,SPSA,SPSA,33,0.4842149354588973,303
Xian,SPSA,SPSA,34,0.4842149354588973,303
Xian,SPSA,SPSA,35,0.4842149354588973,303
Xian,SPSA,SPSA,36,0.4842149354588973,303
Xian,SPSA,SPSA,37,0.4842149354588973,303
Xian,SPSA,SPSA,38,0.4842149354588973,303
Xian,SPSA,SPSA,39,0.4842149354588973,303
Xian,SPSA,SPSA,40,0.4842149354588973,303
Xian,SPSA,SPSA,41,0.4842149354588973,303
Xian,SPSA,SPSA,42,0.4842149354588973,303
Xian,SPSA,SPSA,43,0.4842149354588973,303
Xian,SPSA,SPSA,44,0.4842149354588973,303
Xian,SPSA,SPSA,45,0.4842149354588973,303
Xian,SPSA,SPSA,46,0.4842149354588973,303
Xian,SPSA,SPSA,47,0.4842149354588973,303
Xian,SPSA,SPSA,48,0.4842149354588973,303
Xian,SPSA,SPSA,49,0.4842149354588973,303
Xian,SPSA,SPSA,50,0.4842149354588973,303
Xian,SPSA,SPSA,51,0.4842149354588973,303
Xian,SPSA,SPSA,52,0.4842149354588973,303
Xian,SPSA,SPSA,53,0.4842149354588973,303
Xian,SPSA,SPSA,54,0.4842149354588973,303
Xian,SPSA,SPSA,55,0.4842149354588973,303
Xian,SPSA,SPSA,56,0.4842149354588973,303
Xian,SPSA,SPSA,57,0.4842149354588973,303
Xian,SPSA,SPSA,58,0.4842149354588973,303
Xian,SPSA,SPSA,59,0.4842149354588973,303
Xian,SPSA,SPSA,60,0.4842149354588973,303
Xian,SPSA,SPSA,61,0.4842149354588973,303
Xian,SPSA,SPSA,62,0.4842149354588973,303
Xian,SPSA,SPSA,63,0.4842149354588973,303
Xian,SPSA,SPSA,64,0.4842149354588973,303
Xian,SPSA,SPSA,65,0.4842149354588973,303
Xian,SPSA,SPSA,66,0.4842149354588973,303
Xian,SPSA,SPSA,67,0.4842149354588973,303
Xian,SPSA,SPSA,68,0.4842149354588973,303
Xian,SPSA,SPSA,69,0.4842149354588973,303
Xian,SPSA,SPSA,70,0.4842149354588973,303
Xian,SPSA,SPSA,71,0.4842149354588973,303
Xian,SPSA,SPSA,72,0.4842149354588973,303
Xian,SPSA,SPSA,73,0.4842149354588973,303
Xian,SPSA,SPSA,74,0.4842149354588973,303
Xian,SPSA,SPSA,75,0.4842149354588973,303
Xian,SPSA,SPSA,76,0.4825103112325447,303
Xian,SPSA,SPSA,77,0.4825103112325447,303
Xian,SPSA,SPSA,78,0.4825103112325447,303
Xian,SPSA,SPSA,79,0.4825103112325447,303
Xian,SPSA,SPSA,80,0.4825103112325447,303
Xian,SPSA,SPSA,81,0.4825103112325447,303
Xian,SPSA,SPSA,82,0.4825103112325447,303
Xian,SPSA,SPSA,83,0.4825103112325447,303
Xian,SPSA,SPSA,84,0.4825103112325447,303
Xian,SPSA,SPSA,85,0.4825103112325447,303
Xian,SPSA,SPSA,86,0.4825103112325447,303
Xian,SPSA,SPSA,87,0.4825103112325447,303
Xian,SPSA,SPSA,88,0.4825103112325447,303
Xian,SPSA,SPSA,89,0.4825103112325447,303
Xian,SPSA,SPSA,90,0.4825103112325447,303
Xian,SPSA,SPSA,91,0.4825103112325447,303
Xian,SPSA,SPSA,92,0.4825103112325447,303
Xian,SPSA,SPSA,93,0.4825103112325447,303
Xian,SPSA,SPSA,94,0.4825103112325447,303
Xian,SPSA,SPSA,95,0.4825103112325447,303
Xian,SPSA,SPSA,96,0.4825103112325447,303
Xian,SPSA,SPSA,97,0.4825103112325447,303
Xian,SPSA,SPSA,98,0.4797251410769187,303
Xian,SPSA,SPSA,99,0.4797251410769187,303
Xian,SPSA,SPSA,100,0.4797251410769187,303
Xian,遗传算法（GA）,GA,1,0.582357522520127,42
Xian,遗传算法（GA）,GA,2,0.5260654493395285,42
Xian,遗传算法（GA）,GA,3,0.5260654493395285,42
Xian,遗传算法（GA）,GA,4,0.5260654493395285,42
Xian,遗传算法（GA）,GA,5,0.5260654493395285,42
Xian,遗传算法（GA）,GA,6,0.5260654493395285,42
Xian,遗传算法（GA）,GA,7,0.5260654493395285,42
Xian,遗传算法（GA）,GA,8,0.5260654493395285,42
Xian,遗传算法（GA）,GA,9,0.4920017456688441,42
Xian,遗传算法（GA）,GA,10,0.4920017456688441,42
Xian,遗传算法（GA）,GA,11,0.4920017456688441,42
Xian,遗传算法（GA）,GA,12,0.4920017456688441,42
Xian,遗传算法（GA）,GA,13,0.4920017456688441,42
Xian,遗传算法（GA）,GA,14,0.4846445409662934,42
Xian,遗传算法（GA）,GA,15,0.4846445409662934,42
Xian,遗传算法（GA）,GA,16,0.4846445409662934,42
Xian,遗传算法（GA）,GA,17,0.4846445409662934,42
Xian,遗传算法（GA）,GA,18,0.4846445409662934,42
Xian,遗传算法（GA）,GA,19,0.4818472496966269,42
Xian,遗传算法（GA）,GA,20,0.4818472496966269,42
Xian,遗传算法（GA）,GA,21,0.4818472496966269,42
Xian,遗传算法（GA）,GA,22,0.4818472496966269,42
Xian,遗传算法（GA）,GA,23,0.4818472496966269,42
Xian,遗传算法（GA）,GA,24,0.4818472496966269,42
Xian,遗传算法（GA）,GA,25,0.4780297761018829,42
Xian,遗传算法（GA）,GA,26,0.4780297761018829,42
Xian,遗传算法（GA）,GA,27,0.4780297761018829,42
Xian,遗传算法（GA）,GA,28,0.4780297761018829,42
Xian,遗传算法（GA）,GA,29,0.4780297761018829,42
Xian,遗传算法（GA）,GA,30,0.4780297761018829,42
Xian,遗传算法（GA）,GA,31,0.4780297761018829,42
Xian,遗传算法（GA）,GA,32,0.4780297761018829,42
Xian,遗传算法（GA）,GA,33,0.4780297761018829,42
Xian,遗传算法（GA）,GA,34,0.4780297761018829,42
Xian,遗传算法（GA）,GA,35,0.4780297761018829,42
Xian,遗传算法（GA）,GA,36,0.4780297761018829,42
Xian,遗传算法（GA）,GA,37,0.4780297761018829,42
Xian,遗传算法（GA）,GA,38,0.4780297761018829,42
Xian,遗传算法（GA）,GA,39,0.4780297761018829,42
Xian,遗传算法（GA）,GA,40,0.4780297761018829,42
Xian,遗传算法（GA）,GA,41,0.4658525289757641,42
Xian,遗传算法（GA）,GA,42,0.4658525289757641,42
Xian,遗传算法（GA）,GA,43,0.4658525289757641,42
Xian,遗传算法（GA）,GA,44,0.4658525289757641,42
Xian,遗传算法（GA）,GA,45,0.4658525289757641,42
Xian,遗传算法（GA）,GA,46,0.4658525289757641,42
Xian,遗传算法（GA）,GA,47,0.4658525289757641,42
Xian,遗传算法（GA）,GA,48,0.4658525289757641,42
Xian,遗传算法（GA）,GA,49,0.4658525289757641,42
Xian,遗传算法（GA）,GA,50,0.4658525289757641,42
Xian,遗传算法（GA）,GA,51,0.4617714748359124,42
Xian,遗传算法（GA）,GA,52,0.4617714748359124,42
Xian,遗传算法（GA）,GA,53,0.4617714748359124,42
Xian,遗传算法（GA）,GA,54,0.4617714748359124,42
Xian,遗传算法（GA）,GA,55,0.4617714748359124,42
Xian,遗传算法（GA）,GA,56,0.4617714748359124,42
Xian,遗传算法（GA）,GA,57,0.4617714748359124,42
Xian,遗传算法（GA）,GA,58,0.4617714748359124,42
Xian,遗传算法（GA）,GA,59,0.4617714748359124,42
Xian,遗传算法（GA）,GA,60,0.4617714748359124,42
Xian,遗传算法（GA）,GA,61,0.4595632679578424,42
Xian,遗传算法（GA）,GA,62,0.4595632679578424,42
Xian,遗传算法（GA）,GA,63,0.4595632679578424,42
Xian,遗传算法（GA）,GA,64,0.4595632679578424,42
Xian,遗传算法（GA）,GA,65,0.4595632679578424,42
Xian,遗传算法（GA）,GA,66,0.4595632679578424,42
Xian,遗传算法（GA）,GA,67,0.4595632679578424,42
Xian,遗传算法（GA）,GA,68,0.4595632679578424,42
Xian,遗传算法（GA）,GA,69,0.4595632679578424,42
Xian,遗传算法（GA）,GA,70,0.4488481474148392,42
Xian,遗传算法（GA）,GA,71,0.4488481474148392,42
Xian,遗传算法（GA）,GA,72,0.4488481474148392,42
Xian,遗传算法（GA）,GA,73,0.4488481474148392,42
Xian,遗传算法（GA）,GA,74,0.4488481474148392,42
Xian,遗传算法（GA）,GA,75,0.4488481474148392,42
Xian,遗传算法（GA）,GA,76,0.4488481474148392,42
Xian,遗传算法（GA）,GA,77,0.4488481474148392,42
Xian,遗传算法（GA）,GA,78,0.4488481474148392,42
Xian,遗传算法（GA）,GA,79,0.4488481474148392,42
Xian,遗传算法（GA）,GA,80,0.4488481474148392,42
Xian,遗传算法（GA）,GA,81,0.4488481474148392,42
Xian,遗传算法（GA）,GA,82,0.4488481474148392,42
Xian,遗传算法（GA）,GA,83,0.4488481474148392,42
Xian,遗传算法（GA）,GA,84,0.4288541305465241,42
Xian,遗传算法（GA）,GA,85,0.4288541305465241,42
Xian,遗传算法（GA）,GA,86,0.4288541305465241,42
Xian,遗传算法（GA）,GA,87,0.4288541305465241,42
Xian,遗传算法（GA）,GA,88,0.4288541305465241,42
Xian,遗传算法（GA）,GA,89,0.4288541305465241,42
Xian,遗传算法（GA）,GA,90,0.4288541305465241,42
Xian,遗传算法（GA）,GA,91,0.4288541305465241,42
Xian,遗传算法（GA）,GA,92,0.4288541305465241,42
Xian,遗传算法（GA）,GA,93,0.4288541305465241,42
Xian,遗传算法（GA）,GA,94,0.4288541305465241,42
Xian,遗传算法（GA）,GA,95,0.4288541305465241,42
Xian,遗传算法（GA）,GA,96,0.4288541305465241,42
Xian,遗传算法（GA）,GA,97,0.4288541305465241,42
Xian,遗传算法（GA）,GA,98,0.4288541305465241,42
Xian,遗传算法（GA）,GA,99,0.4288541305465241,42
Xian,遗传算法（GA）,GA,100,0.4288541305465241,42
Xian,遗传算法（GA）,GA,1,0.5870059996034536,101
Xian,遗传算法（GA）,GA,2,0.5030592679784692,101
Xian,遗传算法（GA）,GA,3,0.5030592679784692,101
Xian,遗传算法（GA）,GA,4,0.5030592679784692,101
Xian,遗传算法（GA）,GA,5,0.5030592679784692,101
Xian,遗传算法（GA）,GA,6,0.5030592679784692,101
Xian,遗传算法（GA）,GA,7,0.5030592679784692,101
Xian,遗传算法（GA）,GA,8,0.5030592679784692,101
Xian,遗传算法（GA）,GA,9,0.5030592679784692,101
Xian,遗传算法（GA）,GA,10,0.5030592679784692,101
Xian,遗传算法（GA）,GA,11,0.5030592679784692,101
Xian,遗传算法（GA）,GA,12,0.5030592679784692,101
Xian,遗传算法（GA）,GA,13,0.5030592679784692,101
Xian,遗传算法（GA）,GA,14,0.5030592679784692,101
Xian,遗传算法（GA）,GA,15,0.5030592679784692,101
Xian,遗传算法（GA）,GA,16,0.5030592679784692,101
Xian,遗传算法（GA）,GA,17,0.5030592679784692,101
Xian,遗传算法（GA）,GA,18,0.5030592679784692,101
Xian,遗传算法（GA）,GA,19,0.5030592679784692,101
Xian,遗传算法（GA）,GA,20,0.5030592679784692,101
Xian,遗传算法（GA）,GA,21,0.456355773740491,101
Xian,遗传算法（GA）,GA,22,0.456355773740491,101
Xian,遗传算法（GA）,GA,23,0.456355773740491,101
Xian,遗传算法（GA）,GA,24,0.456355773740491,101
Xian,遗传算法（GA）,GA,25,0.456355773740491,101
Xian,遗传算法（GA）,GA,26,0.456355773740491,101
Xian,遗传算法（GA）,GA,27,0.456355773740491,101
Xian,遗传算法（GA）,GA,28,0.456355773740491,101
Xian,遗传算法（GA）,GA,29,0.456355773740491,101
Xian,遗传算法（GA）,GA,30,0.456355773740491,101
Xian,遗传算法（GA）,GA,31,0.4555235062381436,101
Xian,遗传算法（GA）,GA,32,0.4550831636072436,101
Xian,遗传算法（GA）,GA,33,0.4550831636072436,101
Xian,遗传算法（GA）,GA,34,0.4550831636072436,101
Xian,遗传算法（GA）,GA,35,0.4495509341461189,101
Xian,遗传算法（GA）,GA,36,0.4495509341461189,101
Xian,遗传算法（GA）,GA,37,0.4495509341461189,101
Xian,遗传算法（GA）,GA,38,0.4495509341461189,101
Xian,遗传算法（GA）,GA,39,0.4495509341461189,101
Xian,遗传算法（GA）,GA,40,0.4495509341461189,101
Xian,遗传算法（GA）,GA,41,0.4495509341461189,101
Xian,遗传算法（GA）,GA,42,0.4495509341461189,101
Xian,遗传算法（GA）,GA,43,0.4495509341461189,101
Xian,遗传算法（GA）,GA,44,0.4495509341461189,101
Xian,遗传算法（GA）,GA,45,0.4495509341461189,101
Xian,遗传算法（GA）,GA,46,0.4495509341461189,101
Xian,遗传算法（GA）,GA,47,0.4495509341461189,101
Xian,遗传算法（GA）,GA,48,0.4495509341461189,101
Xian,遗传算法（GA）,GA,49,0.4495509341461189,101
Xian,遗传算法（GA）,GA,50,0.4495509341461189,101
Xian,遗传算法（GA）,GA,51,0.4495509341461189,101
Xian,遗传算法（GA）,GA,52,0.4495509341461189,101
Xian,遗传算法（GA）,GA,53,0.4495509341461189,101
Xian,遗传算法（GA）,GA,54,0.4495509341461189,101
Xian,遗传算法（GA）,GA,55,0.4495509341461189,101
Xian,遗传算法（GA）,GA,56,0.4495509341461189,101
Xian,遗传算法（GA）,GA,57,0.4495509341461189,101
Xian,遗传算法（GA）,GA,58,0.4495509341461189,101
Xian,遗传算法（GA）,GA,59,0.4495509341461189,101
Xian,遗传算法（GA）,GA,60,0.4495509341461189,101
Xian,遗传算法（GA）,GA,61,0.4495509341461189,101
Xian,遗传算法（GA）,GA,62,0.4495509341461189,101
Xian,遗传算法（GA）,GA,63,0.4495509341461189,101
Xian,遗传算法（GA）,GA,64,0.4418725177637105,101
Xian,遗传算法（GA）,GA,65,0.4418725177637105,101
Xian,遗传算法（GA）,GA,66,0.4418725177637105,101
Xian,遗传算法（GA）,GA,67,0.4418725177637105,101
Xian,遗传算法（GA）,GA,68,0.4418725177637105,101
Xian,遗传算法（GA）,GA,69,0.4418725177637105,101
Xian,遗传算法（GA）,GA,70,0.4418725177637105,101
Xian,遗传算法（GA）,GA,71,0.4418725177637105,101
Xian,遗传算法（GA）,GA,72,0.4418725177637105,101
Xian,遗传算法（GA）,GA,73,0.4418725177637105,101
Xian,遗传算法（GA）,GA,74,0.4418725177637105,101
Xian,遗传算法（GA）,GA,75,0.4418725177637105,101
Xian,遗传算法（GA）,GA,76,0.4418725177637105,101
Xian,遗传算法（GA）,GA,77,0.4418725177637105,101
Xian,遗传算法（GA）,GA,78,0.4378122571918094,101
Xian,遗传算法（GA）,GA,79,0.4378122571918094,101
Xian,遗传算法（GA）,GA,80,0.4378122571918094,101
Xian,遗传算法（GA）,GA,81,0.4378122571918094,101
Xian,遗传算法（GA）,GA,82,0.4378122571918094,101
Xian,遗传算法（GA）,GA,83,0.4378122571918094,101
Xian,遗传算法（GA）,GA,84,0.4378122571918094,101
Xian,遗传算法（GA）,GA,85,0.4378122571918094,101
Xian,遗传算法（GA）,GA,86,0.4378122571918094,101
Xian,遗传算法（GA）,GA,87,0.4378122571918094,101
Xian,遗传算法（GA）,GA,88,0.4378122571918094,101
Xian,遗传算法（GA）,GA,89,0.4378122571918094,101
Xian,遗传算法（GA）,GA,90,0.4378122571918094,101
Xian,遗传算法（GA）,GA,91,0.4378122571918094,101
Xian,遗传算法（GA）,GA,92,0.4378122571918094,101
Xian,遗传算法（GA）,GA,93,0.4378122571918094,101
Xian,遗传算法（GA）,GA,94,0.4378122571918094,101
Xian,遗传算法（GA）,GA,95,0.4378122571918094,101
Xian,遗传算法（GA）,GA,96,0.4378122571918094,101
Xian,遗传算法（GA）,GA,97,0.4378122571918094,101
Xian,遗传算法（GA）,GA,98,0.4378122571918094,101
Xian,遗传算法（GA）,GA,99,0.4378122571918094,101
Xian,遗传算法（GA）,GA,100,0.4378122571918094,101
Xian,BF-SAC-MLP,BF-SAC-MLP,1,0.622392,303
Xian,BF-SAC-MLP,BF-SAC-MLP,2,0.622392,303
Xian,BF-SAC-MLP,BF-SAC-MLP,3,0.622392,303
Xian,BF-SAC-MLP,BF-SAC-MLP,4,0.606776,303
Xian,BF-SAC-MLP,BF-SAC-MLP,5,0.549748,303
Xian,BF-SAC-MLP,BF-SAC-MLP,6,0.549748,303
Xian,BF-SAC-MLP,BF-SAC-MLP,7,0.549748,303
Xian,BF-SAC-MLP,BF-SAC-MLP,8,0.549748,303
Xian,BF-SAC-MLP,BF-SAC-MLP,9,0.529725,303
Xian,BF-SAC-MLP,BF-SAC-MLP,10,0.525779,303
Xian,BF-SAC-MLP,BF-SAC-MLP,11,0.525779,303
Xian,BF-SAC-MLP,BF-SAC-MLP,12,0.488284,303
Xian,BF-SAC-MLP,BF-SAC-MLP,13,0.48259,303
Xian,BF-SAC-MLP,BF-SAC-MLP,14,0.48259,303
Xian,BF-SAC-MLP,BF-SAC-MLP,15,0.467791,303
Xian,BF-SAC-MLP,BF-SAC-MLP,16,0.467791,303
Xian,BF-SAC-MLP,BF-SAC-MLP,17,0.467791,303
Xian,BF-SAC-MLP,BF-SAC-MLP,18,0.467791,303
Xian,BF-SAC-MLP,BF-SAC-MLP,19,0.467791,303
Xian,BF-SAC-MLP,BF-SAC-MLP,20,0.467791,303
Xian,BF-SAC-MLP,BF-SAC-MLP,21,0.467791,303
Xian,BF-SAC-MLP,BF-SAC-MLP,22,0.467791,303
Xian,BF-SAC-MLP,BF-SAC-MLP,23,0.467791,303
Xian,BF-SAC-MLP,BF-SAC-MLP,24,0.467791,303
Xian,BF-SAC-MLP,BF-SAC-MLP,25,0.467791,303
Xian,BF-SAC-MLP,BF-SAC-MLP,26,0.467791,303
Xian,BF-SAC-MLP,BF-SAC-MLP,27,0.467791,303
Xian,BF-SAC-MLP,BF-SAC-MLP,28,0.467791,303
Xian,BF-SAC-MLP,BF-SAC-MLP,29,0.467791,303
Xian,BF-SAC-MLP,BF-SAC-MLP,30,0.467791,303
Xian,BF-SAC-MLP,BF-SAC-MLP,31,0.467791,303
Xian,BF-SAC-MLP,BF-SAC-MLP,32,0.467791,303
Xian,BF-SAC-MLP,BF-SAC-MLP,33,0.467791,303
Xian,BF-SAC-MLP,BF-SAC-MLP,34,0.434265,303
Xian,BF-SAC-MLP,BF-SAC-MLP,35,0.434265,303
Xian,BF-SAC-MLP,BF-SAC-MLP,36,0.434265,303
Xian,BF-SAC-MLP,BF-SAC-MLP,37,0.434265,303
Xian,BF-SAC-MLP,BF-SAC-MLP,38,0.434265,303
Xian,BF-SAC-MLP,BF-SAC-MLP,39,0.434265,303
Xian,BF-SAC-MLP,BF-SAC-MLP,40,0.434265,303
Xian,BF-SAC-MLP,BF-SAC-MLP,41,0.434265,303
Xian,BF-SAC-MLP,BF-SAC-MLP,42,0.434265,303
Xian,BF-SAC-MLP,BF-SAC-MLP,43,0.434265,303
Xian,BF-SAC-MLP,BF-SAC-MLP,44,0.434265,303
Xian,BF-SAC-MLP,BF-SAC-MLP,45,0.434265,303
Xian,BF-SAC-MLP,BF-SAC-MLP,46,0.434265,303
Xian,BF-SAC-MLP,BF-SAC-MLP,47,0.434265,303
Xian,BF-SAC-MLP,BF-SAC-MLP,48,0.434265,303
Xian,BF-SAC-MLP,BF-SAC-MLP,49,0.434265,303
Xian,BF-SAC-MLP,BF-SAC-MLP,50,0.434265,303
Xian,BF-SAC-MLP,BF-SAC-MLP,51,0.434265,303
Xian,BF-SAC-MLP,BF-SAC-MLP,52,0.434265,303
Xian,BF-SAC-MLP,BF-SAC-MLP,53,0.434265,303
Xian,BF-SAC-MLP,BF-SAC-MLP,54,0.434265,303
Xian,BF-SAC-MLP,BF-SAC-MLP,55,0.434265,303
Xian,BF-SAC-MLP,BF-SAC-MLP,56,0.434265,303
Xian,BF-SAC-MLP,BF-SAC-MLP,57,0.434265,303
Xian,BF-SAC-MLP,BF-SAC-MLP,58,0.434265,303
Xian,BF-SAC-MLP,BF-SAC-MLP,59,0.434265,303
Xian,BF-SAC-MLP,BF-SAC-MLP,60,0.434265,303
Xian,BF-SAC-MLP,BF-SAC-MLP,61,0.434265,303
Xian,BF-SAC-MLP,BF-SAC-MLP,62,0.434265,303
Xian,BF-SAC-MLP,BF-SAC-MLP,63,0.434265,303
Xian,BF-SAC-MLP,BF-SAC-MLP,64,0.434265,303
Xian,BF-SAC-MLP,BF-SAC-MLP,65,0.434265,303
Xian,BF-SAC-MLP,BF-SAC-MLP,66,0.434265,303
Xian,BF-SAC-MLP,BF-SAC-MLP,67,0.434265,303
Xian,BF-SAC-MLP,BF-SAC-MLP,68,0.434265,303
Xian,BF-SAC-MLP,BF-SAC-MLP,69,0.434265,303
Xian,BF-SAC-MLP,BF-SAC-MLP,70,0.434265,303
Xian,BF-SAC-MLP,BF-SAC-MLP,71,0.434265,303
Xian,BF-SAC-MLP,BF-SAC-MLP,72,0.434265,303
Xian,BF-SAC-MLP,BF-SAC-MLP,73,0.434265,303
Xian,BF-SAC-MLP,BF-SAC-MLP,74,0.434265,303
Xian,BF-SAC-MLP,BF-SAC-MLP,75,0.434265,303
Xian,BF-SAC-MLP,BF-SAC-MLP,76,0.434265,303
Xian,BF-SAC-MLP,BF-SAC-MLP,77,0.434265,303
Xian,BF-SAC-MLP,BF-SAC-MLP,78,0.434265,303
Xian,BF-SAC-MLP,BF-SAC-MLP,79,0.434265,303
Xian,BF-SAC-MLP,BF-SAC-MLP,80,0.434265,303
Xian,BF-SAC-MLP,BF-SAC-MLP,81,0.434265,303
Xian,BF-SAC-MLP,BF-SAC-MLP,82,0.434265,303
Xian,BF-SAC-MLP,BF-SAC-MLP,83,0.434265,303
Xian,BF-SAC-MLP,BF-SAC-MLP,84,0.434265,303
Xian,BF-SAC-MLP,BF-SAC-MLP,85,0.434265,303
Xian,BF-SAC-MLP,BF-SAC-MLP,86,0.434265,303
Xian,BF-SAC-MLP,BF-SAC-MLP,87,0.434265,303
Xian,BF-SAC-MLP,BF-SAC-MLP,88,0.434265,303
Xian,BF-SAC-MLP,BF-SAC-MLP,89,0.434265,303
Xian,BF-SAC-MLP,BF-SAC-MLP,90,0.434265,303
Xian,BF-SAC-MLP,BF-SAC-MLP,91,0.434265,303
Xian,BF-SAC-MLP,BF-SAC-MLP,92,0.434265,303
Xian,BF-SAC-MLP,BF-SAC-MLP,93,0.434265,303
Xian,BF-SAC-MLP,BF-SAC-MLP,94,0.434265,303
Xian,BF-SAC-MLP,BF-SAC-MLP,95,0.434265,303
Xian,BF-SAC-MLP,BF-SAC-MLP,96,0.434265,303
Xian,BF-SAC-MLP,BF-SAC-MLP,97,0.434265,303
Xian,BF-SAC-MLP,BF-SAC-MLP,98,0.434265,303
Xian,BF-SAC-MLP,BF-SAC-MLP,99,0.434265,303
Xian,BF-SAC-MLP,BF-SAC-MLP,100,0.434265,303
Xian,遗传算法（GA）,GA,1,0.5364817240442727,202
Xian,遗传算法（GA）,GA,2,0.5291938423951308,202
Xian,遗传算法（GA）,GA,3,0.5291938423951308,202
Xian,遗传算法（GA）,GA,4,0.5291938423951308,202
Xian,遗传算法（GA）,GA,5,0.5291938423951308,202
Xian,遗传算法（GA）,GA,6,0.5291938423951308,202
Xian,遗传算法（GA）,GA,7,0.4759976247323085,202
Xian,遗传算法（GA）,GA,8,0.4759976247323085,202
Xian,遗传算法（GA）,GA,9,0.4759976247323085,202
Xian,遗传算法（GA）,GA,10,0.4759976247323085,202
Xian,遗传算法（GA）,GA,11,0.4580353465122276,202
Xian,遗传算法（GA）,GA,12,0.4580353465122276,202
Xian,遗传算法（GA）,GA,13,0.4580353465122276,202
Xian,遗传算法（GA）,GA,14,0.4580353465122276,202
Xian,遗传算法（GA）,GA,15,0.4580353465122276,202
Xian,遗传算法（GA）,GA,16,0.4580353465122276,202
Xian,遗传算法（GA）,GA,17,0.4580353465122276,202
Xian,遗传算法（GA）,GA,18,0.4580353465122276,202
Xian,遗传算法（GA）,GA,19,0.4580353465122276,202
Xian,遗传算法（GA）,GA,20,0.4580353465122276,202
Xian,遗传算法（GA）,GA,21,0.4580353465122276,202
Xian,遗传算法（GA）,GA,22,0.4580353465122276,202
Xian,遗传算法（GA）,GA,23,0.4580353465122276,202
Xian,遗传算法（GA）,GA,24,0.4580353465122276,202
Xian,遗传算法（GA）,GA,25,0.4580353465122276,202
Xian,遗传算法（GA）,GA,26,0.4580353465122276,202
Xian,遗传算法（GA）,GA,27,0.4580353465122276,202
Xian,遗传算法（GA）,GA,28,0.4580353465122276,202
Xian,遗传算法（GA）,GA,29,0.4580353465122276,202
Xian,遗传算法（GA）,GA,30,0.4580353465122276,202
Xian,遗传算法（GA）,GA,31,0.4580353465122276,202
Xian,遗传算法（GA）,GA,32,0.4580353465122276,202
Xian,遗传算法（GA）,GA,33,0.4580353465122276,202
Xian,遗传算法（GA）,GA,34,0.4580353465122276,202
Xian,遗传算法（GA）,GA,35,0.4580353465122276,202
Xian,遗传算法（GA）,GA,36,0.4580353465122276,202
Xian,遗传算法（GA）,GA,37,0.4580353465122276,202
Xian,遗传算法（GA）,GA,38,0.4580353465122276,202
Xian,遗传算法（GA）,GA,39,0.4580353465122276,202
Xian,遗传算法（GA）,GA,40,0.4580353465122276,202
Xian,遗传算法（GA）,GA,41,0.4580353465122276,202
Xian,遗传算法（GA）,GA,42,0.4580353465122276,202
Xian,遗传算法（GA）,GA,43,0.4580353465122276,202
Xian,遗传算法（GA）,GA,44,0.4559655701248974,202
Xian,遗传算法（GA）,GA,45,0.4559655701248974,202
Xian,遗传算法（GA）,GA,46,0.4559655701248974,202
Xian,遗传算法（GA）,GA,47,0.4559655701248974,202
Xian,遗传算法（GA）,GA,48,0.4559655701248974,202
Xian,遗传算法（GA）,GA,49,0.4559655701248974,202
Xian,遗传算法（GA）,GA,50,0.4559655701248974,202
Xian,遗传算法（GA）,GA,51,0.4559655701248974,202
Xian,遗传算法（GA）,GA,52,0.4559655701248974,202
Xian,遗传算法（GA）,GA,53,0.4559655701248974,202
Xian,遗传算法（GA）,GA,54,0.4542793180838371,202
Xian,遗传算法（GA）,GA,55,0.4542793180838371,202
Xian,遗传算法（GA）,GA,56,0.4542793180838371,202
Xian,遗传算法（GA）,GA,57,0.4542793180838371,202
Xian,遗传算法（GA）,GA,58,0.4542793180838371,202
Xian,遗传算法（GA）,GA,59,0.4494664800468768,202
Xian,遗传算法（GA）,GA,60,0.4494664800468768,202
Xian,遗传算法（GA）,GA,61,0.4494664800468768,202
Xian,遗传算法（GA）,GA,62,0.4494664800468768,202
Xian,遗传算法（GA）,GA,63,0.4494664800468768,202
Xian,遗传算法（GA）,GA,64,0.4494664800468768,202
Xian,遗传算法（GA）,GA,65,0.4494664800468768,202
Xian,遗传算法（GA）,GA,66,0.4382760146626309,202
Xian,遗传算法（GA）,GA,67,0.4382760146626309,202
Xian,遗传算法（GA）,GA,68,0.4382760146626309,202
Xian,遗传算法（GA）,GA,69,0.4382760146626309,202
Xian,遗传算法（GA）,GA,70,0.4382760146626309,202
Xian,遗传算法（GA）,GA,71,0.4382760146626309,202
Xian,遗传算法（GA）,GA,72,0.4382760146626309,202
Xian,遗传算法（GA）,GA,73,0.4382760146626309,202
Xian,遗传算法（GA）,GA,74,0.4382760146626309,202
Xian,遗传算法（GA）,GA,75,0.4382760146626309,202
Xian,遗传算法（GA）,GA,76,0.4382760146626309,202
Xian,遗传算法（GA）,GA,77,0.4382760146626309,202
Xian,遗传算法（GA）,GA,78,0.4382760146626309,202
Xian,遗传算法（GA）,GA,79,0.4382760146626309,202
Xian,遗传算法（GA）,GA,80,0.4382760146626309,202
Xian,遗传算法（GA）,GA,81,0.4382760146626309,202
Xian,遗传算法（GA）,GA,82,0.4382760146626309,202
Xian,遗传算法（GA）,GA,83,0.4382760146626309,202
Xian,遗传算法（GA）,GA,84,0.4382760146626309,202
Xian,遗传算法（GA）,GA,85,0.4382760146626309,202
Xian,遗传算法（GA）,GA,86,0.4382760146626309,202
Xian,遗传算法（GA）,GA,87,0.4382760146626309,202
Xian,遗传算法（GA）,GA,88,0.4382760146626309,202
Xian,遗传算法（GA）,GA,89,0.4382760146626309,202
Xian,遗传算法（GA）,GA,90,0.4382760146626309,202
Xian,遗传算法（GA）,GA,91,0.4382760146626309,202
Xian,遗传算法（GA）,GA,92,0.4382760146626309,202
Xian,遗传算法（GA）,GA,93,0.4382760146626309,202
Xian,遗传算法（GA）,GA,94,0.4382760146626309,202
Xian,遗传算法（GA）,GA,95,0.4382760146626309,202
Xian,遗传算法（GA）,GA,96,0.4382760146626309,202
Xian,遗传算法（GA）,GA,97,0.4382760146626309,202
Xian,遗传算法（GA）,GA,98,0.4382760146626309,202
Xian,遗传算法（GA）,GA,99,0.4382760146626309,202
Xian,遗传算法（GA）,GA,100,0.4382760146626309,202
Xian,遗传算法（GA）,GA,1,0.6213718426346673,303
Xian,遗传算法（GA）,GA,2,0.5148571425068766,303
Xian,遗传算法（GA）,GA,3,0.5148571425068766,303
Xian,遗传算法（GA）,GA,4,0.5006385337751873,303
Xian,遗传算法（GA）,GA,5,0.5006385337751873,303
Xian,遗传算法（GA）,GA,6,0.5006385337751873,303
Xian,遗传算法（GA）,GA,7,0.5006385337751873,303
Xian,遗传算法（GA）,GA,8,0.5006385337751873,303
Xian,遗传算法（GA）,GA,9,0.5006385337751873,303
Xian,遗传算法（GA）,GA,10,0.5006385337751873,303
Xian,遗传算法（GA）,GA,11,0.5006385337751873,303
Xian,遗传算法（GA）,GA,12,0.5006385337751873,303
Xian,遗传算法（GA）,GA,13,0.4648304849650908,303
Xian,遗传算法（GA）,GA,14,0.4648304849650908,303
Xian,遗传算法（GA）,GA,15,0.4648304849650908,303
Xian,遗传算法（GA）,GA,16,0.4648304849650908,303
Xian,遗传算法（GA）,GA,17,0.4648304849650908,303
Xian,遗传算法（GA）,GA,18,0.4648304849650908,303
Xian,遗传算法（GA）,GA,19,0.4648304849650908,303
Xian,遗传算法（GA）,GA,20,0.4648304849650908,303
Xian,遗传算法（GA）,GA,21,0.4648304849650908,303
Xian,遗传算法（GA）,GA,22,0.4648304849650908,303
Xian,遗传算法（GA）,GA,23,0.4648304849650908,303
Xian,遗传算法（GA）,GA,24,0.4557266059123983,303
Xian,遗传算法（GA）,GA,25,0.4557266059123983,303
Xian,遗传算法（GA）,GA,26,0.4557266059123983,303
Xian,遗传算法（GA）,GA,27,0.4557266059123983,303
Xian,遗传算法（GA）,GA,28,0.4557266059123983,303
Xian,遗传算法（GA）,GA,29,0.4557266059123983,303
Xian,遗传算法（GA）,GA,30,0.4557266059123983,303
Xian,遗传算法（GA）,GA,31,0.4557266059123983,303
Xian,遗传算法（GA）,GA,32,0.4557266059123983,303
Xian,遗传算法（GA）,GA,33,0.4557266059123983,303
Xian,遗传算法（GA）,GA,34,0.4557266059123983,303
Xian,遗传算法（GA）,GA,35,0.4557266059123983,303
Xian,遗传算法（GA）,GA,36,0.4557266059123983,303
Xian,遗传算法（GA）,GA,37,0.4557266059123983,303
Xian,遗传算法（GA）,GA,38,0.4557266059123983,303
Xian,遗传算法（GA）,GA,39,0.4557266059123983,303
Xian,遗传算法（GA）,GA,40,0.4557266059123983,303
Xian,遗传算法（GA）,GA,41,0.4557266059123983,303
Xian,遗传算法（GA）,GA,42,0.4557266059123983,303
Xian,遗传算法（GA）,GA,43,0.4557266059123983,303
Xian,遗传算法（GA）,GA,44,0.4557266059123983,303
Xian,遗传算法（GA）,GA,45,0.4557266059123983,303
Xian,遗传算法（GA）,GA,46,0.4557266059123983,303
Xian,遗传算法（GA）,GA,47,0.4557266059123983,303
Xian,遗传算法（GA）,GA,48,0.4557266059123983,303
Xian,遗传算法（GA）,GA,49,0.4557266059123983,303
Xian,遗传算法（GA）,GA,50,0.4401320369421559,303
Xian,遗传算法（GA）,GA,51,0.4401320369421559,303
Xian,遗传算法（GA）,GA,52,0.4401320369421559,303
Xian,遗传算法（GA）,GA,53,0.4401320369421559,303
Xian,遗传算法（GA）,GA,54,0.4401320369421559,303
Xian,遗传算法（GA）,GA,55,0.4401320369421559,303
Xian,遗传算法（GA）,GA,56,0.4401320369421559,303
Xian,遗传算法（GA）,GA,57,0.4401320369421559,303
Xian,遗传算法（GA）,GA,58,0.4401320369421559,303
Xian,遗传算法（GA）,GA,59,0.4383403276725979,303
Xian,遗传算法（GA）,GA,60,0.4383403276725979,303
Xian,遗传算法（GA）,GA,61,0.4383403276725979,303
Xian,遗传算法（GA）,GA,62,0.4383403276725979,303
Xian,遗传算法（GA）,GA,63,0.4383403276725979,303
Xian,遗传算法（GA）,GA,64,0.4383403276725979,303
Xian,遗传算法（GA）,GA,65,0.4383403276725979,303
Xian,遗传算法（GA）,GA,66,0.4383403276725979,303
Xian,遗传算法（GA）,GA,67,0.4383403276725979,303
Xian,遗传算法（GA）,GA,68,0.4383403276725979,303
Xian,遗传算法（GA）,GA,69,0.4383403276725979,303
Xian,遗传算法（GA）,GA,70,0.4383403276725979,303
Xian,遗传算法（GA）,GA,71,0.4383403276725979,303
Xian,遗传算法（GA）,GA,72,0.4383403276725979,303
Xian,遗传算法（GA）,GA,73,0.4383403276725979,303
Xian,遗传算法（GA）,GA,74,0.4383403276725979,303
Xian,遗传算法（GA）,GA,75,0.4383403276725979,303
Xian,遗传算法（GA）,GA,76,0.4383403276725979,303
Xian,遗传算法（GA）,GA,77,0.4383403276725979,303
Xian,遗传算法（GA）,GA,78,0.4383403276725979,303
Xian,遗传算法（GA）,GA,79,0.4383403276725979,303
Xian,遗传算法（GA）,GA,80,0.4383403276725979,303
Xian,遗传算法（GA）,GA,81,0.4383403276725979,303
Xian,遗传算法（GA）,GA,82,0.4383403276725979,303
Xian,遗传算法（GA）,GA,83,0.4383403276725979,303
Xian,遗传算法（GA）,GA,84,0.4383403276725979,303
Xian,遗传算法（GA）,GA,85,0.4383403276725979,303
Xian,遗传算法（GA）,GA,86,0.4383403276725979,303
Xian,遗传算法（GA）,GA,87,0.4383403276725979,303
Xian,遗传算法（GA）,GA,88,0.4383403276725979,303
Xian,遗传算法（GA）,GA,89,0.4383403276725979,303
Xian,遗传算法（GA）,GA,90,0.4383403276725979,303
Xian,遗传算法（GA）,GA,91,0.4383403276725979,303
Xian,遗传算法（GA）,GA,92,0.4383403276725979,303
Xian,遗传算法（GA）,GA,93,0.4383403276725979,303
Xian,遗传算法（GA）,GA,94,0.4383403276725979,303
Xian,遗传算法（GA）,GA,95,0.4383403276725979,303
Xian,遗传算法（GA）,GA,96,0.4383403276725979,303
Xian,遗传算法（GA）,GA,97,0.4383403276725979,303
Xian,遗传算法（GA）,GA,98,0.4383403276725979,303
Xian,遗传算法（GA）,GA,99,0.4383403276725979,303
Xian,遗传算法（GA）,GA,100,0.4383403276725979,303
Xian,遗传算法（GA）,GA,1,0.5617834430959979,404
Xian,遗传算法（GA）,GA,2,0.4957338077508258,404
Xian,遗传算法（GA）,GA,3,0.4957338077508258,404
Xian,遗传算法（GA）,GA,4,0.4957338077508258,404
Xian,遗传算法（GA）,GA,5,0.4957338077508258,404
Xian,遗传算法（GA）,GA,6,0.4957338077508258,404
Xian,遗传算法（GA）,GA,7,0.4957338077508258,404
Xian,遗传算法（GA）,GA,8,0.4957338077508258,404
Xian,遗传算法（GA）,GA,9,0.4957338077508258,404
Xian,遗传算法（GA）,GA,10,0.4957338077508258,404
Xian,遗传算法（GA）,GA,11,0.4957338077508258,404
Xian,遗传算法（GA）,GA,12,0.4957338077508258,404
Xian,遗传算法（GA）,GA,13,0.4957338077508258,404
Xian,遗传算法（GA）,GA,14,0.4957338077508258,404
Xian,遗传算法（GA）,GA,15,0.4957338077508258,404
Xian,遗传算法（GA）,GA,16,0.4957338077508258,404
Xian,遗传算法（GA）,GA,17,0.4957338077508258,404
Xian,遗传算法（GA）,GA,18,0.4957338077508258,404
Xian,遗传算法（GA）,GA,19,0.4957338077508258,404
Xian,遗传算法（GA）,GA,20,0.4957338077508258,404
Xian,遗传算法（GA）,GA,21,0.4957338077508258,404
Xian,遗传算法（GA）,GA,22,0.4957338077508258,404
Xian,遗传算法（GA）,GA,23,0.4957338077508258,404
Xian,遗传算法（GA）,GA,24,0.4957338077508258,404
Xian,遗传算法（GA）,GA,25,0.4957338077508258,404
Xian,遗传算法（GA）,GA,26,0.4957338077508258,404
Xian,遗传算法（GA）,GA,27,0.4957338077508258,404
Xian,遗传算法（GA）,GA,28,0.4957338077508258,404
Xian,遗传算法（GA）,GA,29,0.4957338077508258,404
Xian,遗传算法（GA）,GA,30,0.4957338077508258,404
Xian,遗传算法（GA）,GA,31,0.4851258520570488,404
Xian,遗传算法（GA）,GA,32,0.4851258520570488,404
Xian,遗传算法（GA）,GA,33,0.4851258520570488,404
Xian,遗传算法（GA）,GA,34,0.4851258520570488,404
Xian,遗传算法（GA）,GA,35,0.4851258520570488,404
Xian,遗传算法（GA）,GA,36,0.4851258520570488,404
Xian,遗传算法（GA）,GA,37,0.4851258520570488,404
Xian,遗传算法（GA）,GA,38,0.4851258520570488,404
Xian,遗传算法（GA）,GA,39,0.4851258520570488,404
Xian,遗传算法（GA）,GA,40,0.4851258520570488,404
Xian,遗传算法（GA）,GA,41,0.4706988923852547,404
Xian,遗传算法（GA）,GA,42,0.4706988923852547,404
Xian,遗传算法（GA）,GA,43,0.4706988923852547,404
Xian,遗传算法（GA）,GA,44,0.4706988923852547,404
Xian,遗传算法（GA）,GA,45,0.4706988923852547,404
Xian,遗传算法（GA）,GA,46,0.4706988923852547,404
Xian,遗传算法（GA）,GA,47,0.4706988923852547,404
Xian,遗传算法（GA）,GA,48,0.4706988923852547,404
Xian,遗传算法（GA）,GA,49,0.4706988923852547,404
Xian,遗传算法（GA）,GA,50,0.4706988923852547,404
Xian,遗传算法（GA）,GA,51,0.4706988923852547,404
Xian,遗传算法（GA）,GA,52,0.4706988923852547,404
Xian,遗传算法（GA）,GA,53,0.4706988923852547,404
Xian,遗传算法（GA）,GA,54,0.4706988923852547,404
Xian,遗传算法（GA）,GA,55,0.4706988923852547,404
Xian,遗传算法（GA）,GA,56,0.4706988923852547,404
Xian,遗传算法（GA）,GA,57,0.4706988923852547,404
Xian,遗传算法（GA）,GA,58,0.4706988923852547,404
Xian,遗传算法（GA）,GA,59,0.4706988923852547,404
Xian,遗传算法（GA）,GA,60,0.4706988923852547,404
Xian,遗传算法（GA）,GA,61,0.4706988923852547,404
Xian,遗传算法（GA）,GA,62,0.4706988923852547,404
Xian,遗传算法（GA）,GA,63,0.4706988923852547,404
Xian,遗传算法（GA）,GA,64,0.4706988923852547,404
Xian,遗传算法（GA）,GA,65,0.4464408388883638,404
Xian,遗传算法（GA）,GA,66,0.4464408388883638,404
Xian,遗传算法（GA）,GA,67,0.4464408388883638,404
Xian,遗传算法（GA）,GA,68,0.4464408388883638,404
Xian,遗传算法（GA）,GA,69,0.4464408388883638,404
Xian,遗传算法（GA）,GA,70,0.4464408388883638,404
Xian,遗传算法（GA）,GA,71,0.4464408388883638,404
Xian,遗传算法（GA）,GA,72,0.4464408388883638,404
Xian,遗传算法（GA）,GA,73,0.4464408388883638,404
Xian,遗传算法（GA）,GA,74,0.4464408388883638,404
Xian,遗传算法（GA）,GA,75,0.4464408388883638,404
Xian,遗传算法（GA）,GA,76,0.4464408388883638,404
Xian,遗传算法（GA）,GA,77,0.4464408388883638,404
Xian,遗传算法（GA）,GA,78,0.4464408388883638,404
Xian,遗传算法（GA）,GA,79,0.4464408388883638,404
Xian,遗传算法（GA）,GA,80,0.4464408388883638,404
Xian,遗传算法（GA）,GA,81,0.4464408388883638,404
Xian,遗传算法（GA）,GA,82,0.4464408388883638,404
Xian,遗传算法（GA）,GA,83,0.4464408388883638,404
Xian,遗传算法（GA）,GA,84,0.4464408388883638,404
Xian,遗传算法（GA）,GA,85,0.4464408388883638,404
Xian,遗传算法（GA）,GA,86,0.4464408388883638,404
Xian,遗传算法（GA）,GA,87,0.4464408388883638,404
Xian,遗传算法（GA）,GA,88,0.4464408388883638,404
Xian,遗传算法（GA）,GA,89,0.4464408388883638,404
Xian,遗传算法（GA）,GA,90,0.4464408388883638,404
Xian,遗传算法（GA）,GA,91,0.4464408388883638,404
Xian,遗传算法（GA）,GA,92,0.4464408388883638,404
Xian,遗传算法（GA）,GA,93,0.4464408388883638,404
Xian,遗传算法（GA）,GA,94,0.4464408388883638,404
Xian,遗传算法（GA）,GA,95,0.4464408388883638,404
Xian,遗传算法（GA）,GA,96,0.4464408388883638,404
Xian,遗传算法（GA）,GA,97,0.4464408388883638,404
Xian,遗传算法（GA）,GA,98,0.4464408388883638,404
Xian,遗传算法（GA）,GA,99,0.4464408388883638,404
Xian,遗传算法（GA）,GA,100,0.4464408388883638,404
Xian,BF-SAC-MLP,BF-SAC-MLP,1,0.51204,404
Xian,BF-SAC-MLP,BF-SAC-MLP,2,0.508595,404
Xian,BF-SAC-MLP,BF-SAC-MLP,3,0.508595,404
Xian,BF-SAC-MLP,BF-SAC-MLP,4,0.508595,404
Xian,BF-SAC-MLP,BF-SAC-MLP,5,0.508595,404
Xian,BF-SAC-MLP,BF-SAC-MLP,6,0.508595,404
Xian,BF-SAC-MLP,BF-SAC-MLP,7,0.508595,404
Xian,BF-SAC-MLP,BF-SAC-MLP,8,0.508595,404
Xian,BF-SAC-MLP,BF-SAC-MLP,9,0.508595,404
Xian,BF-SAC-MLP,BF-SAC-MLP,10,0.508595,404
Xian,BF-SAC-MLP,BF-SAC-MLP,11,0.508595,404
Xian,BF-SAC-MLP,BF-SAC-MLP,12,0.508595,404
Xian,BF-SAC-MLP,BF-SAC-MLP,13,0.508595,404
Xian,BF-SAC-MLP,BF-SAC-MLP,14,0.508595,404
Xian,BF-SAC-MLP,BF-SAC-MLP,15,0.508595,404
Xian,BF-SAC-MLP,BF-SAC-MLP,16,0.508595,404
Xian,BF-SAC-MLP,BF-SAC-MLP,17,0.508595,404
Xian,BF-SAC-MLP,BF-SAC-MLP,18,0.471902,404
Xian,BF-SAC-MLP,BF-SAC-MLP,19,0.471902,404
Xian,BF-SAC-MLP,BF-SAC-MLP,20,0.471902,404
Xian,BF-SAC-MLP,BF-SAC-MLP,21,0.471902,404
Xian,BF-SAC-MLP,BF-SAC-MLP,22,0.460288,404
Xian,BF-SAC-MLP,BF-SAC-MLP,23,0.460288,404
Xian,BF-SAC-MLP,BF-SAC-MLP,24,0.460288,404
Xian,BF-SAC-MLP,BF-SAC-MLP,25,0.460288,404
Xian,BF-SAC-MLP,BF-SAC-MLP,26,0.460288,404
Xian,BF-SAC-MLP,BF-SAC-MLP,27,0.460288,404
Xian,BF-SAC-MLP,BF-SAC-MLP,28,0.460288,404
Xian,BF-SAC-MLP,BF-SAC-MLP,29,0.460288,404
Xian,BF-SAC-MLP,BF-SAC-MLP,30,0.460288,404
Xian,BF-SAC-MLP,BF-SAC-MLP,31,0.460288,404
Xian,BF-SAC-MLP,BF-SAC-MLP,32,0.460288,404
Xian,BF-SAC-MLP,BF-SAC-MLP,33,0.460288,404
Xian,BF-SAC-MLP,BF-SAC-MLP,34,0.460288,404
Xian,BF-SAC-MLP,BF-SAC-MLP,35,0.460288,404
Xian,BF-SAC-MLP,BF-SAC-MLP,36,0.460288,404
Xian,BF-SAC-MLP,BF-SAC-MLP,37,0.460288,404
Xian,BF-SAC-MLP,BF-SAC-MLP,38,0.460288,404
Xian,BF-SAC-MLP,BF-SAC-MLP,39,0.460288,404
Xian,BF-SAC-MLP,BF-SAC-MLP,40,0.460288,404
Xian,BF-SAC-MLP,BF-SAC-MLP,41,0.460288,404
Xian,BF-SAC-MLP,BF-SAC-MLP,42,0.445062,404
Xian,BF-SAC-MLP,BF-SAC-MLP,43,0.445062,404
Xian,BF-SAC-MLP,BF-SAC-MLP,44,0.445062,404
Xian,BF-SAC-MLP,BF-SAC-MLP,45,0.445062,404
Xian,BF-SAC-MLP,BF-SAC-MLP,46,0.445062,404
Xian,BF-SAC-MLP,BF-SAC-MLP,47,0.445062,404
Xian,BF-SAC-MLP,BF-SAC-MLP,48,0.445062,404
Xian,BF-SAC-MLP,BF-SAC-MLP,49,0.445062,404
Xian,BF-SAC-MLP,BF-SAC-MLP,50,0.445062,404
Xian,BF-SAC-MLP,BF-SAC-MLP,51,0.445062,404
Xian,BF-SAC-MLP,BF-SAC-MLP,52,0.435004,404
Xian,BF-SAC-MLP,BF-SAC-MLP,53,0.435004,404
Xian,BF-SAC-MLP,BF-SAC-MLP,54,0.435004,404
Xian,BF-SAC-MLP,BF-SAC-MLP,55,0.435004,404
Xian,BF-SAC-MLP,BF-SAC-MLP,56,0.435004,404
Xian,BF-SAC-MLP,BF-SAC-MLP,57,0.435004,404
Xian,BF-SAC-MLP,BF-SAC-MLP,58,0.435004,404
Xian,BF-SAC-MLP,BF-SAC-MLP,59,0.435004,404
Xian,BF-SAC-MLP,BF-SAC-MLP,60,0.435004,404
Xian,BF-SAC-MLP,BF-SAC-MLP,61,0.435004,404
Xian,BF-SAC-MLP,BF-SAC-MLP,62,0.435004,404
Xian,BF-SAC-MLP,BF-SAC-MLP,63,0.427941,404
Xian,BF-SAC-MLP,BF-SAC-MLP,64,0.427941,404
Xian,BF-SAC-MLP,BF-SAC-MLP,65,0.427941,404
Xian,BF-SAC-MLP,BF-SAC-MLP,66,0.427941,404
Xian,BF-SAC-MLP,BF-SAC-MLP,67,0.427941,404
Xian,BF-SAC-MLP,BF-SAC-MLP,68,0.427941,404
Xian,BF-SAC-MLP,BF-SAC-MLP,69,0.427775,404
Xian,BF-SAC-MLP,BF-SAC-MLP,70,0.427775,404
Xian,BF-SAC-MLP,BF-SAC-MLP,71,0.427775,404
Xian,BF-SAC-MLP,BF-SAC-MLP,72,0.427775,404
Xian,BF-SAC-MLP,BF-SAC-MLP,73,0.427775,404
Xian,BF-SAC-MLP,BF-SAC-MLP,74,0.427775,404
Xian,BF-SAC-MLP,BF-SAC-MLP,75,0.427775,404
Xian,BF-SAC-MLP,BF-SAC-MLP,76,0.427775,404
Xian,BF-SAC-MLP,BF-SAC-MLP,77,0.427775,404
Xian,BF-SAC-MLP,BF-SAC-MLP,78,0.427775,404
Xian,BF-SAC-MLP,BF-SAC-MLP,79,0.427775,404
Xian,BF-SAC-MLP,BF-SAC-MLP,80,0.427775,404
Xian,BF-SAC-MLP,BF-SAC-MLP,81,0.427775,404
Xian,BF-SAC-MLP,BF-SAC-MLP,82,0.427775,404
Xian,BF-SAC-MLP,BF-SAC-MLP,83,0.427775,404
Xian,BF-SAC-MLP,BF-SAC-MLP,84,0.427775,404
Xian,BF-SAC-MLP,BF-SAC-MLP,85,0.427775,404
Xian,BF-SAC-MLP,BF-SAC-MLP,86,0.427775,404
Xian,BF-SAC-MLP,BF-SAC-MLP,87,0.427775,404
Xian,BF-SAC-MLP,BF-SAC-MLP,88,0.427775,404
Xian,BF-SAC-MLP,BF-SAC-MLP,89,0.427775,404
Xian,BF-SAC-MLP,BF-SAC-MLP,90,0.427775,404
Xian,BF-SAC-MLP,BF-SAC-MLP,91,0.427775,404
Xian,BF-SAC-MLP,BF-SAC-MLP,92,0.427775,404
Xian,BF-SAC-MLP,BF-SAC-MLP,93,0.427775,404
Xian,BF-SAC-MLP,BF-SAC-MLP,94,0.427775,404
Xian,BF-SAC-MLP,BF-SAC-MLP,95,0.427775,404
Xian,BF-SAC-MLP,BF-SAC-MLP,96,0.427775,404
Xian,BF-SAC-MLP,BF-SAC-MLP,97,0.427775,404
Xian,BF-SAC-MLP,BF-SAC-MLP,98,0.427775,404
Xian,BF-SAC-MLP,BF-SAC-MLP,99,0.427775,404
Xian,BF-SAC-MLP,BF-SAC-MLP,100,0.427775,404
YTDJ,BF-SAC-RF,BF-SAC-RF,1,0.622272,202
YTDJ,BF-SAC-RF,BF-SAC-RF,2,0.622272,202
YTDJ,BF-SAC-RF,BF-SAC-RF,3,0.489278,202
YTDJ,BF-SAC-RF,BF-SAC-RF,4,0.489278,202
YTDJ,BF-SAC-RF,BF-SAC-RF,5,0.489278,202
YTDJ,BF-SAC-RF,BF-SAC-RF,6,0.437255,202
YTDJ,BF-SAC-RF,BF-SAC-RF,7,0.437255,202
YTDJ,BF-SAC-RF,BF-SAC-RF,8,0.437255,202
YTDJ,BF-SAC-RF,BF-SAC-RF,9,0.345155,202
YTDJ,BF-SAC-RF,BF-SAC-RF,10,0.345155,202
YTDJ,BF-SAC-RF,BF-SAC-RF,11,0.345155,202
YTDJ,BF-SAC-RF,BF-SAC-RF,12,0.345155,202
YTDJ,BF-SAC-RF,BF-SAC-RF,13,0.331831,202
YTDJ,BF-SAC-RF,BF-SAC-RF,14,0.331831,202
YTDJ,BF-SAC-RF,BF-SAC-RF,15,0.331831,202
YTDJ,BF-SAC-RF,BF-SAC-RF,16,0.331831,202
YTDJ,BF-SAC-RF,BF-SAC-RF,17,0.331831,202
YTDJ,BF-SAC-RF,BF-SAC-RF,18,0.331831,202
YTDJ,BF-SAC-RF,BF-SAC-RF,19,0.331831,202
YTDJ,BF-SAC-RF,BF-SAC-RF,20,0.331831,202
YTDJ,BF-SAC-RF,BF-SAC-RF,21,0.331831,202
YTDJ,BF-SAC-RF,BF-SAC-RF,22,0.294192,202
YTDJ,BF-SAC-RF,BF-SAC-RF,23,0.294192,202
YTDJ,BF-SAC-RF,BF-SAC-RF,24,0.294192,202
YTDJ,BF-SAC-RF,BF-SAC-RF,25,0.294192,202
YTDJ,BF-SAC-RF,BF-SAC-RF,26,0.294192,202
YTDJ,BF-SAC-RF,BF-SAC-RF,27,0.294192,202
YTDJ,BF-SAC-RF,BF-SAC-RF,28,0.294192,202
YTDJ,BF-SAC-RF,BF-SAC-RF,29,0.294192,202
YTDJ,BF-SAC-RF,BF-SAC-RF,30,0.294192,202
YTDJ,BF-SAC-RF,BF-SAC-RF,31,0.294192,202
YTDJ,BF-SAC-RF,BF-SAC-RF,32,0.294192,202
YTDJ,BF-SAC-RF,BF-SAC-RF,33,0.294192,202
YTDJ,BF-SAC-RF,BF-SAC-RF,34,0.294192,202
YTDJ,BF-SAC-RF,BF-SAC-RF,35,0.294192,202
YTDJ,BF-SAC-RF,BF-SAC-RF,36,0.294192,202
YTDJ,BF-SAC-RF,BF-SAC-RF,37,0.294192,202
YTDJ,BF-SAC-RF,BF-SAC-RF,38,0.294192,202
YTDJ,BF-SAC-RF,BF-SAC-RF,39,0.21679,202
YTDJ,BF-SAC-RF,BF-SAC-RF,40,0.21679,202
YTDJ,BF-SAC-RF,BF-SAC-RF,41,0.21679,202
YTDJ,BF-SAC-RF,BF-SAC-RF,42,0.21679,202
YTDJ,BF-SAC-RF,BF-SAC-RF,43,0.21679,202
YTDJ,BF-SAC-RF,BF-SAC-RF,44,0.21679,202
YTDJ,BF-SAC-RF,BF-SAC-RF,45,0.21679,202
YTDJ,BF-SAC-RF,BF-SAC-RF,46,0.21679,202
YTDJ,BF-SAC-RF,BF-SAC-RF,47,0.21679,202
YTDJ,BF-SAC-RF,BF-SAC-RF,48,0.21679,202
YTDJ,BF-SAC-RF,BF-SAC-RF,49,0.21679,202
YTDJ,BF-SAC-RF,BF-SAC-RF,50,0.21679,202
YTDJ,BF-SAC-RF,BF-SAC-RF,51,0.21679,202
YTDJ,BF-SAC-RF,BF-SAC-RF,52,0.21679,202
YTDJ,BF-SAC-RF,BF-SAC-RF,53,0.21679,202
YTDJ,BF-SAC-RF,BF-SAC-RF,54,0.21679,202
YTDJ,BF-SAC-RF,BF-SAC-RF,55,0.208167,202
YTDJ,BF-SAC-RF,BF-SAC-RF,56,0.208167,202
YTDJ,BF-SAC-RF,BF-SAC-RF,57,0.208167,202
YTDJ,BF-SAC-RF,BF-SAC-RF,58,0.208167,202
YTDJ,BF-SAC-RF,BF-SAC-RF,59,0.208167,202
YTDJ,BF-SAC-RF,BF-SAC-RF,60,0.208167,202
YTDJ,BF-SAC-RF,BF-SAC-RF,61,0.196938,202
YTDJ,BF-SAC-RF,BF-SAC-RF,62,0.196938,202
YTDJ,BF-SAC-RF,BF-SAC-RF,63,0.196938,202
YTDJ,BF-SAC-RF,BF-SAC-RF,64,0.196938,202
YTDJ,BF-SAC-RF,BF-SAC-RF,65,0.196938,202
YTDJ,BF-SAC-RF,BF-SAC-RF,66,0.196938,202
YTDJ,BF-SAC-RF,BF-SAC-RF,67,0.196938,202
YTDJ,BF-SAC-RF,BF-SAC-RF,68,0.196938,202
YTDJ,BF-SAC-RF,BF-SAC-RF,69,0.196938,202
YTDJ,BF-SAC-RF,BF-SAC-RF,70,0.196938,202
YTDJ,BF-SAC-RF,BF-SAC-RF,71,0.196938,202
YTDJ,BF-SAC-RF,BF-SAC-RF,72,0.196938,202
YTDJ,BF-SAC-RF,BF-SAC-RF,73,0.196938,202
YTDJ,BF-SAC-RF,BF-SAC-RF,74,0.196938,202
YTDJ,BF-SAC-RF,BF-SAC-RF,75,0.196938,202
YTDJ,BF-SAC-RF,BF-SAC-RF,76,0.196938,202
YTDJ,BF-SAC-RF,BF-SAC-RF,77,0.196938,202
YTDJ,BF-SAC-RF,BF-SAC-RF,78,0.196938,202
YTDJ,BF-SAC-RF,BF-SAC-RF,79,0.196938,202
YTDJ,BF-SAC-RF,BF-SAC-RF,80,0.196938,202
YTDJ,BF-SAC-RF,BF-SAC-RF,81,0.196938,202
YTDJ,BF-SAC-RF,BF-SAC-RF,82,0.193115,202
YTDJ,BF-SAC-RF,BF-SAC-RF,83,0.193115,202
YTDJ,BF-SAC-RF,BF-SAC-RF,84,0.193115,202
YTDJ,BF-SAC-RF,BF-SAC-RF,85,0.193115,202
YTDJ,BF-SAC-RF,BF-SAC-RF,86,0.193115,202
YTDJ,BF-SAC-RF,BF-SAC-RF,87,0.193115,202
YTDJ,BF-SAC-RF,BF-SAC-RF,88,0.193115,202
YTDJ,BF-SAC-RF,BF-SAC-RF,89,0.193115,202
YTDJ,BF-SAC-RF,BF-SAC-RF,90,0.193115,202
YTDJ,BF-SAC-RF,BF-SAC-RF,91,0.193115,202
YTDJ,BF-SAC-RF,BF-SAC-RF,92,0.193115,202
YTDJ,BF-SAC-RF,BF-SAC-RF,93,0.193115,202
YTDJ,BF-SAC-RF,BF-SAC-RF,94,0.193115,202
YTDJ,BF-SAC-RF,BF-SAC-RF,95,0.193115,202
YTDJ,BF-SAC-RF,BF-SAC-RF,96,0.193115,202
YTDJ,BF-SAC-RF,BF-SAC-RF,97,0.193115,202
YTDJ,BF-SAC-RF,BF-SAC-RF,98,0.193115,202
YTDJ,BF-SAC-RF,BF-SAC-RF,99,0.184112,202
YTDJ,BF-SAC-RF,BF-SAC-RF,100,0.184112,202
YTDJ,BF-SAC-RF,BF-SAC-RF,1,0.663555,303
YTDJ,BF-SAC-RF,BF-SAC-RF,2,0.602774,303
YTDJ,BF-SAC-RF,BF-SAC-RF,3,0.57934,303
YTDJ,BF-SAC-RF,BF-SAC-RF,4,0.57934,303
YTDJ,BF-SAC-RF,BF-SAC-RF,5,0.57934,303
YTDJ,BF-SAC-RF,BF-SAC-RF,6,0.57934,303
YTDJ,BF-SAC-RF,BF-SAC-RF,7,0.57934,303
YTDJ,BF-SAC-RF,BF-SAC-RF,8,0.57934,303
YTDJ,BF-SAC-RF,BF-SAC-RF,9,0.57934,303
YTDJ,BF-SAC-RF,BF-SAC-RF,10,0.334453,303
YTDJ,BF-SAC-RF,BF-SAC-RF,11,0.334453,303
YTDJ,BF-SAC-RF,BF-SAC-RF,12,0.334453,303
YTDJ,BF-SAC-RF,BF-SAC-RF,13,0.334453,303
YTDJ,BF-SAC-RF,BF-SAC-RF,14,0.334453,303
YTDJ,BF-SAC-RF,BF-SAC-RF,15,0.334453,303
YTDJ,BF-SAC-RF,BF-SAC-RF,16,0.334453,303
YTDJ,BF-SAC-RF,BF-SAC-RF,17,0.334453,303
YTDJ,BF-SAC-RF,BF-SAC-RF,18,0.334453,303
YTDJ,BF-SAC-RF,BF-SAC-RF,19,0.334453,303
YTDJ,BF-SAC-RF,BF-SAC-RF,20,0.334453,303
YTDJ,BF-SAC-RF,BF-SAC-RF,21,0.334453,303
YTDJ,BF-SAC-RF,BF-SAC-RF,22,0.334453,303
YTDJ,BF-SAC-RF,BF-SAC-RF,23,0.334453,303
YTDJ,BF-SAC-RF,BF-SAC-RF,24,0.334453,303
YTDJ,BF-SAC-RF,BF-SAC-RF,25,0.334453,303
YTDJ,BF-SAC-RF,BF-SAC-RF,26,0.334453,303
YTDJ,BF-SAC-RF,BF-SAC-RF,27,0.334453,303
YTDJ,BF-SAC-RF,BF-SAC-RF,28,0.334453,303
YTDJ,BF-SAC-RF,BF-SAC-RF,29,0.334453,303
YTDJ,BF-SAC-RF,BF-SAC-RF,30,0.334453,303
YTDJ,BF-SAC-RF,BF-SAC-RF,31,0.334453,303
YTDJ,BF-SAC-RF,BF-SAC-RF,32,0.334453,303
YTDJ,BF-SAC-RF,BF-SAC-RF,33,0.334453,303
YTDJ,BF-SAC-RF,BF-SAC-RF,34,0.334453,303
YTDJ,BF-SAC-RF,BF-SAC-RF,35,0.334453,303
YTDJ,BF-SAC-RF,BF-SAC-RF,36,0.334453,303
YTDJ,BF-SAC-RF,BF-SAC-RF,37,0.334453,303
YTDJ,BF-SAC-RF,BF-SAC-RF,38,0.334453,303
YTDJ,BF-SAC-RF,BF-SAC-RF,39,0.334453,303
YTDJ,BF-SAC-RF,BF-SAC-RF,40,0.334453,303
YTDJ,BF-SAC-RF,BF-SAC-RF,41,0.334453,303
YTDJ,BF-SAC-RF,BF-SAC-RF,42,0.334453,303
YTDJ,BF-SAC-RF,BF-SAC-RF,43,0.334453,303
YTDJ,BF-SAC-RF,BF-SAC-RF,44,0.334453,303
YTDJ,BF-SAC-RF,BF-SAC-RF,45,0.334453,303
YTDJ,BF-SAC-RF,BF-SAC-RF,46,0.334453,303
YTDJ,BF-SAC-RF,BF-SAC-RF,47,0.334453,303
YTDJ,BF-SAC-RF,BF-SAC-RF,48,0.334453,303
YTDJ,BF-SAC-RF,BF-SAC-RF,49,0.334453,303
YTDJ,BF-SAC-RF,BF-SAC-RF,50,0.334453,303
YTDJ,BF-SAC-RF,BF-SAC-RF,51,0.334453,303
YTDJ,BF-SAC-RF,BF-SAC-RF,52,0.334453,303
YTDJ,BF-SAC-RF,BF-SAC-RF,53,0.334453,303
YTDJ,BF-SAC-RF,BF-SAC-RF,54,0.334453,303
YTDJ,BF-SAC-RF,BF-SAC-RF,55,0.334453,303
YTDJ,BF-SAC-RF,BF-SAC-RF,56,0.334453,303
YTDJ,BF-SAC-RF,BF-SAC-RF,57,0.334453,303
YTDJ,BF-SAC-RF,BF-SAC-RF,58,0.334453,303
YTDJ,BF-SAC-RF,BF-SAC-RF,59,0.334453,303
YTDJ,BF-SAC-RF,BF-SAC-RF,60,0.334453,303
YTDJ,BF-SAC-RF,BF-SAC-RF,61,0.330326,303
YTDJ,BF-SAC-RF,BF-SAC-RF,62,0.296871,303
YTDJ,BF-SAC-RF,BF-SAC-RF,63,0.283465,303
YTDJ,BF-SAC-RF,BF-SAC-RF,64,0.283465,303
YTDJ,BF-SAC-RF,BF-SAC-RF,65,0.283465,303
YTDJ,BF-SAC-RF,BF-SAC-RF,66,0.283465,303
YTDJ,BF-SAC-RF,BF-SAC-RF,67,0.275482,303
YTDJ,BF-SAC-RF,BF-SAC-RF,68,0.275482,303
YTDJ,BF-SAC-RF,BF-SAC-RF,69,0.255316,303
YTDJ,BF-SAC-RF,BF-SAC-RF,70,0.255316,303
YTDJ,BF-SAC-RF,BF-SAC-RF,71,0.24717,303
YTDJ,BF-SAC-RF,BF-SAC-RF,72,0.240442,303
YTDJ,BF-SAC-RF,BF-SAC-RF,73,0.227633,303
YTDJ,BF-SAC-RF,BF-SAC-RF,74,0.223881,303
YTDJ,BF-SAC-RF,BF-SAC-RF,75,0.193951,303
YTDJ,BF-SAC-RF,BF-SAC-RF,76,0.193951,303
YTDJ,BF-SAC-RF,BF-SAC-RF,77,0.193951,303
YTDJ,BF-SAC-RF,BF-SAC-RF,78,0.193951,303
YTDJ,BF-SAC-RF,BF-SAC-RF,79,0.193951,303
YTDJ,BF-SAC-RF,BF-SAC-RF,80,0.193951,303
YTDJ,BF-SAC-RF,BF-SAC-RF,81,0.193951,303
YTDJ,BF-SAC-RF,BF-SAC-RF,82,0.193951,303
YTDJ,BF-SAC-RF,BF-SAC-RF,83,0.193951,303
YTDJ,BF-SAC-RF,BF-SAC-RF,84,0.193951,303
YTDJ,BF-SAC-RF,BF-SAC-RF,85,0.193951,303
YTDJ,BF-SAC-RF,BF-SAC-RF,86,0.193951,303
YTDJ,BF-SAC-RF,BF-SAC-RF,87,0.193951,303
YTDJ,BF-SAC-RF,BF-SAC-RF,88,0.193951,303
YTDJ,BF-SAC-RF,BF-SAC-RF,89,0.193951,303
YTDJ,BF-SAC-RF,BF-SAC-RF,90,0.193951,303
YTDJ,BF-SAC-RF,BF-SAC-RF,91,0.193951,303
YTDJ,BF-SAC-RF,BF-SAC-RF,92,0.193951,303
YTDJ,BF-SAC-RF,BF-SAC-RF,93,0.193951,303
YTDJ,BF-SAC-RF,BF-SAC-RF,94,0.193951,303
YTDJ,BF-SAC-RF,BF-SAC-RF,95,0.193951,303
YTDJ,BF-SAC-RF,BF-SAC-RF,96,0.193951,303
YTDJ,BF-SAC-RF,BF-SAC-RF,97,0.193951,303
YTDJ,BF-SAC-RF,BF-SAC-RF,98,0.193951,303
YTDJ,BF-SAC-RF,BF-SAC-RF,99,0.193951,303
YTDJ,BF-SAC-RF,BF-SAC-RF,100,0.193951,303
YTDJ,BF-SAC-RF,BF-SAC-RF,1,0.595527,42
YTDJ,BF-SAC-RF,BF-SAC-RF,2,0.465982,42
YTDJ,BF-SAC-RF,BF-SAC-RF,3,0.465982,42
YTDJ,BF-SAC-RF,BF-SAC-RF,4,0.465982,42
YTDJ,BF-SAC-RF,BF-SAC-RF,5,0.465982,42
YTDJ,BF-SAC-RF,BF-SAC-RF,6,0.459829,42
YTDJ,BF-SAC-RF,BF-SAC-RF,7,0.459829,42
YTDJ,BF-SAC-RF,BF-SAC-RF,8,0.42751,42
YTDJ,BF-SAC-RF,BF-SAC-RF,9,0.42751,42
YTDJ,BF-SAC-RF,BF-SAC-RF,10,0.42751,42
YTDJ,BF-SAC-RF,BF-SAC-RF,11,0.42751,42
YTDJ,BF-SAC-RF,BF-SAC-RF,12,0.42751,42
YTDJ,BF-SAC-RF,BF-SAC-RF,13,0.42751,42
YTDJ,BF-SAC-RF,BF-SAC-RF,14,0.42751,42
YTDJ,BF-SAC-RF,BF-SAC-RF,15,0.42751,42
YTDJ,BF-SAC-RF,BF-SAC-RF,16,0.42751,42
YTDJ,BF-SAC-RF,BF-SAC-RF,17,0.42751,42
YTDJ,BF-SAC-RF,BF-SAC-RF,18,0.42751,42
YTDJ,BF-SAC-RF,BF-SAC-RF,19,0.42751,42
YTDJ,BF-SAC-RF,BF-SAC-RF,20,0.42751,42
YTDJ,BF-SAC-RF,BF-SAC-RF,21,0.42751,42
YTDJ,BF-SAC-RF,BF-SAC-RF,22,0.42751,42
YTDJ,BF-SAC-RF,BF-SAC-RF,23,0.42751,42
YTDJ,BF-SAC-RF,BF-SAC-RF,24,0.42751,42
YTDJ,BF-SAC-RF,BF-SAC-RF,25,0.42751,42
YTDJ,BF-SAC-RF,BF-SAC-RF,26,0.42751,42
YTDJ,BF-SAC-RF,BF-SAC-RF,27,0.374937,42
YTDJ,BF-SAC-RF,BF-SAC-RF,28,0.326023,42
YTDJ,BF-SAC-RF,BF-SAC-RF,29,0.326023,42
YTDJ,BF-SAC-RF,BF-SAC-RF,30,0.326023,42
YTDJ,BF-SAC-RF,BF-SAC-RF,31,0.326023,42
YTDJ,BF-SAC-RF,BF-SAC-RF,32,0.326023,42
YTDJ,BF-SAC-RF,BF-SAC-RF,33,0.326023,42
YTDJ,BF-SAC-RF,BF-SAC-RF,34,0.326023,42
YTDJ,BF-SAC-RF,BF-SAC-RF,35,0.326023,42
YTDJ,BF-SAC-RF,BF-SAC-RF,36,0.326023,42
YTDJ,BF-SAC-RF,BF-SAC-RF,37,0.326023,42
YTDJ,BF-SAC-RF,BF-SAC-RF,38,0.322405,42
YTDJ,BF-SAC-RF,BF-SAC-RF,39,0.322405,42
YTDJ,BF-SAC-RF,BF-SAC-RF,40,0.322405,42
YTDJ,BF-SAC-RF,BF-SAC-RF,41,0.322405,42
YTDJ,BF-SAC-RF,BF-SAC-RF,42,0.278038,42
YTDJ,BF-SAC-RF,BF-SAC-RF,43,0.278038,42
YTDJ,BF-SAC-RF,BF-SAC-RF,44,0.278038,42
YTDJ,BF-SAC-RF,BF-SAC-RF,45,0.229854,42
YTDJ,BF-SAC-RF,BF-SAC-RF,46,0.229854,42
YTDJ,BF-SAC-RF,BF-SAC-RF,47,0.229854,42
YTDJ,BF-SAC-RF,BF-SAC-RF,48,0.229854,42
YTDJ,BF-SAC-RF,BF-SAC-RF,49,0.229854,42
YTDJ,BF-SAC-RF,BF-SAC-RF,50,0.229854,42
YTDJ,BF-SAC-RF,BF-SAC-RF,51,0.219812,42
YTDJ,BF-SAC-RF,BF-SAC-RF,52,0.219812,42
YTDJ,BF-SAC-RF,BF-SAC-RF,53,0.219812,42
YTDJ,BF-SAC-RF,BF-SAC-RF,54,0.219812,42
YTDJ,BF-SAC-RF,BF-SAC-RF,55,0.207795,42
YTDJ,BF-SAC-RF,BF-SAC-RF,56,0.207795,42
YTDJ,BF-SAC-RF,BF-SAC-RF,57,0.207795,42
YTDJ,BF-SAC-RF,BF-SAC-RF,58,0.202365,42
YTDJ,BF-SAC-RF,BF-SAC-RF,59,0.202365,42
YTDJ,BF-SAC-RF,BF-SAC-RF,60,0.192105,42
YTDJ,BF-SAC-RF,BF-SAC-RF,61,0.191509,42
YTDJ,BF-SAC-RF,BF-SAC-RF,62,0.191509,42
YTDJ,BF-SAC-RF,BF-SAC-RF,63,0.191509,42
YTDJ,BF-SAC-RF,BF-SAC-RF,64,0.191509,42
YTDJ,BF-SAC-RF,BF-SAC-RF,65,0.191509,42
YTDJ,BF-SAC-RF,BF-SAC-RF,66,0.191509,42
YTDJ,BF-SAC-RF,BF-SAC-RF,67,0.191509,42
YTDJ,BF-SAC-RF,BF-SAC-RF,68,0.185186,42
YTDJ,BF-SAC-RF,BF-SAC-RF,69,0.185186,42
YTDJ,BF-SAC-RF,BF-SAC-RF,70,0.185186,42
YTDJ,BF-SAC-RF,BF-SAC-RF,71,0.185186,42
YTDJ,BF-SAC-RF,BF-SAC-RF,72,0.185186,42
YTDJ,BF-SAC-RF,BF-SAC-RF,73,0.185186,42
YTDJ,BF-SAC-RF,BF-SAC-RF,74,0.174705,42
YTDJ,BF-SAC-RF,BF-SAC-RF,75,0.174705,42
YTDJ,BF-SAC-RF,BF-SAC-RF,76,0.174705,42
YTDJ,BF-SAC-RF,BF-SAC-RF,77,0.174705,42
YTDJ,BF-SAC-RF,BF-SAC-RF,78,0.174705,42
YTDJ,BF-SAC-RF,BF-SAC-RF,79,0.174705,42
YTDJ,BF-SAC-RF,BF-SAC-RF,80,0.174705,42
YTDJ,BF-SAC-RF,BF-SAC-RF,81,0.174705,42
YTDJ,BF-SAC-RF,BF-SAC-RF,82,0.174705,42
YTDJ,BF-SAC-RF,BF-SAC-RF,83,0.174705,42
YTDJ,BF-SAC-RF,BF-SAC-RF,84,0.174705,42
YTDJ,BF-SAC-RF,BF-SAC-RF,85,0.174705,42
YTDJ,BF-SAC-RF,BF-SAC-RF,86,0.174705,42
YTDJ,BF-SAC-RF,BF-SAC-RF,87,0.174705,42
YTDJ,BF-SAC-RF,BF-SAC-RF,88,0.174705,42
YTDJ,BF-SAC-RF,BF-SAC-RF,89,0.174705,42
YTDJ,BF-SAC-RF,BF-SAC-RF,90,0.174705,42
YTDJ,BF-SAC-RF,BF-SAC-RF,91,0.174705,42
YTDJ,BF-SAC-RF,BF-SAC-RF,92,0.174705,42
YTDJ,BF-SAC-RF,BF-SAC-RF,93,0.174705,42
YTDJ,BF-SAC-RF,BF-SAC-RF,94,0.174705,42
YTDJ,BF-SAC-RF,BF-SAC-RF,95,0.174705,42
YTDJ,BF-SAC-RF,BF-SAC-RF,96,0.174705,42
YTDJ,BF-SAC-RF,BF-SAC-RF,97,0.174705,42
YTDJ,BF-SAC-RF,BF-SAC-RF,98,0.174705,42
YTDJ,BF-SAC-RF,BF-SAC-RF,99,0.174705,42
YTDJ,BF-SAC-RF,BF-SAC-RF,100,0.17419,42
YTDJ,BF-SAC-RF,BF-SAC-RF,1,0.608103,101
YTDJ,BF-SAC-RF,BF-SAC-RF,2,0.476646,101
YTDJ,BF-SAC-RF,BF-SAC-RF,3,0.476646,101
YTDJ,BF-SAC-RF,BF-SAC-RF,4,0.476646,101
YTDJ,BF-SAC-RF,BF-SAC-RF,5,0.476646,101
YTDJ,BF-SAC-RF,BF-SAC-RF,6,0.476646,101
YTDJ,BF-SAC-RF,BF-SAC-RF,7,0.476646,101
YTDJ,BF-SAC-RF,BF-SAC-RF,8,0.476646,101
YTDJ,BF-SAC-RF,BF-SAC-RF,9,0.476646,101
YTDJ,BF-SAC-RF,BF-SAC-RF,10,0.476646,101
YTDJ,BF-SAC-RF,BF-SAC-RF,11,0.476646,101
YTDJ,BF-SAC-RF,BF-SAC-RF,12,0.449241,101
YTDJ,BF-SAC-RF,BF-SAC-RF,13,0.449241,101
YTDJ,BF-SAC-RF,BF-SAC-RF,14,0.449241,101
YTDJ,BF-SAC-RF,BF-SAC-RF,15,0.449241,101
YTDJ,BF-SAC-RF,BF-SAC-RF,16,0.449241,101
YTDJ,BF-SAC-RF,BF-SAC-RF,17,0.449241,101
YTDJ,BF-SAC-RF,BF-SAC-RF,18,0.430223,101
YTDJ,BF-SAC-RF,BF-SAC-RF,19,0.430223,101
YTDJ,BF-SAC-RF,BF-SAC-RF,20,0.430223,101
YTDJ,BF-SAC-RF,BF-SAC-RF,21,0.430223,101
YTDJ,BF-SAC-RF,BF-SAC-RF,22,0.430223,101
YTDJ,BF-SAC-RF,BF-SAC-RF,23,0.430223,101
YTDJ,BF-SAC-RF,BF-SAC-RF,24,0.430223,101
YTDJ,BF-SAC-RF,BF-SAC-RF,25,0.430223,101
YTDJ,BF-SAC-RF,BF-SAC-RF,26,0.430223,101
YTDJ,BF-SAC-RF,BF-SAC-RF,27,0.430223,101
YTDJ,BF-SAC-RF,BF-SAC-RF,28,0.430223,101
YTDJ,BF-SAC-RF,BF-SAC-RF,29,0.430223,101
YTDJ,BF-SAC-RF,BF-SAC-RF,30,0.430223,101
YTDJ,BF-SAC-RF,BF-SAC-RF,31,0.327661,101
YTDJ,BF-SAC-RF,BF-SAC-RF,32,0.327661,101
YTDJ,BF-SAC-RF,BF-SAC-RF,33,0.327661,101
YTDJ,BF-SAC-RF,BF-SAC-RF,34,0.327661,101
YTDJ,BF-SAC-RF,BF-SAC-RF,35,0.327661,101
YTDJ,BF-SAC-RF,BF-SAC-RF,36,0.327661,101
YTDJ,BF-SAC-RF,BF-SAC-RF,37,0.327661,101
YTDJ,BF-SAC-RF,BF-SAC-RF,38,0.291855,101
YTDJ,BF-SAC-RF,BF-SAC-RF,39,0.291855,101
YTDJ,BF-SAC-RF,BF-SAC-RF,40,0.291855,101
YTDJ,BF-SAC-RF,BF-SAC-RF,41,0.291855,101
YTDJ,BF-SAC-RF,BF-SAC-RF,42,0.291855,101
YTDJ,BF-SAC-RF,BF-SAC-RF,43,0.285992,101
YTDJ,BF-SAC-RF,BF-SAC-RF,44,0.285992,101
YTDJ,BF-SAC-RF,BF-SAC-RF,45,0.285992,101
YTDJ,BF-SAC-RF,BF-SAC-RF,46,0.285992,101
YTDJ,BF-SAC-RF,BF-SAC-RF,47,0.285992,101
YTDJ,BF-SAC-RF,BF-SAC-RF,48,0.261775,101
YTDJ,BF-SAC-RF,BF-SAC-RF,49,0.261775,101
YTDJ,BF-SAC-RF,BF-SAC-RF,50,0.261775,101
YTDJ,BF-SAC-RF,BF-SAC-RF,51,0.261775,101
YTDJ,BF-SAC-RF,BF-SAC-RF,52,0.246722,101
YTDJ,BF-SAC-RF,BF-SAC-RF,53,0.246722,101
YTDJ,BF-SAC-RF,BF-SAC-RF,54,0.246722,101
YTDJ,BF-SAC-RF,BF-SAC-RF,55,0.23119,101
YTDJ,BF-SAC-RF,BF-SAC-RF,56,0.23119,101
YTDJ,BF-SAC-RF,BF-SAC-RF,57,0.23119,101
YTDJ,BF-SAC-RF,BF-SAC-RF,58,0.23119,101
YTDJ,BF-SAC-RF,BF-SAC-RF,59,0.23119,101
YTDJ,BF-SAC-RF,BF-SAC-RF,60,0.23119,101
YTDJ,BF-SAC-RF,BF-SAC-RF,61,0.23119,101
YTDJ,BF-SAC-RF,BF-SAC-RF,62,0.23119,101
YTDJ,BF-SAC-RF,BF-SAC-RF,63,0.23119,101
YTDJ,BF-SAC-RF,BF-SAC-RF,64,0.23119,101
YTDJ,BF-SAC-RF,BF-SAC-RF,65,0.23119,101
YTDJ,BF-SAC-RF,BF-SAC-RF,66,0.229461,101
YTDJ,BF-SAC-RF,BF-SAC-RF,67,0.229461,101
YTDJ,BF-SAC-RF,BF-SAC-RF,68,0.218492,101
YTDJ,BF-SAC-RF,BF-SAC-RF,69,0.218492,101
YTDJ,BF-SAC-RF,BF-SAC-RF,70,0.218492,101
YTDJ,BF-SAC-RF,BF-SAC-RF,71,0.218492,101
YTDJ,BF-SAC-RF,BF-SAC-RF,72,0.218492,101
YTDJ,BF-SAC-RF,BF-SAC-RF,73,0.218492,101
YTDJ,BF-SAC-RF,BF-SAC-RF,74,0.218492,101
YTDJ,BF-SAC-RF,BF-SAC-RF,75,0.218492,101
YTDJ,BF-SAC-RF,BF-SAC-RF,76,0.218492,101
YTDJ,BF-SAC-RF,BF-SAC-RF,77,0.218492,101
YTDJ,BF-SAC-RF,BF-SAC-RF,78,0.218492,101
YTDJ,BF-SAC-RF,BF-SAC-RF,79,0.204861,101
YTDJ,BF-SAC-RF,BF-SAC-RF,80,0.192063,101
YTDJ,BF-SAC-RF,BF-SAC-RF,81,0.192063,101
YTDJ,BF-SAC-RF,BF-SAC-RF,82,0.182102,101
YTDJ,BF-SAC-RF,BF-SAC-RF,83,0.182102,101
YTDJ,BF-SAC-RF,BF-SAC-RF,84,0.182102,101
YTDJ,BF-SAC-RF,BF-SAC-RF,85,0.176206,101
YTDJ,BF-SAC-RF,BF-SAC-RF,86,0.176206,101
YTDJ,BF-SAC-RF,BF-SAC-RF,87,0.176206,101
YTDJ,BF-SAC-RF,BF-SAC-RF,88,0.176206,101
YTDJ,BF-SAC-RF,BF-SAC-RF,89,0.176206,101
YTDJ,BF-SAC-RF,BF-SAC-RF,90,0.176206,101
YTDJ,BF-SAC-RF,BF-SAC-RF,91,0.176206,101
YTDJ,BF-SAC-RF,BF-SAC-RF,92,0.176206,101
YTDJ,BF-SAC-RF,BF-SAC-RF,93,0.176206,101
YTDJ,BF-SAC-RF,BF-SAC-RF,94,0.176206,101
YTDJ,BF-SAC-RF,BF-SAC-RF,95,0.176206,101
YTDJ,BF-SAC-RF,BF-SAC-RF,96,0.176206,101
YTDJ,BF-SAC-RF,BF-SAC-RF,97,0.176206,101
YTDJ,BF-SAC-RF,BF-SAC-RF,98,0.176206,101
YTDJ,BF-SAC-RF,BF-SAC-RF,99,0.176206,101
YTDJ,BF-SAC-RF,BF-SAC-RF,100,0.176206,101
Xian,BF-SAC-MLP,BF-SAC-MLP,1,0.522111,101
Xian,BF-SAC-MLP,BF-SAC-MLP,2,0.522111,101
Xian,BF-SAC-MLP,BF-SAC-MLP,3,0.485122,101
Xian,BF-SAC-MLP,BF-SAC-MLP,4,0.485122,101
Xian,BF-SAC-MLP,BF-SAC-MLP,5,0.485122,101
Xian,BF-SAC-MLP,BF-SAC-MLP,6,0.485122,101
Xian,BF-SAC-MLP,BF-SAC-MLP,7,0.485122,101
Xian,BF-SAC-MLP,BF-SAC-MLP,8,0.485122,101
Xian,BF-SAC-MLP,BF-SAC-MLP,9,0.485122,101
Xian,BF-SAC-MLP,BF-SAC-MLP,10,0.485122,101
Xian,BF-SAC-MLP,BF-SAC-MLP,11,0.485122,101
Xian,BF-SAC-MLP,BF-SAC-MLP,12,0.485122,101
Xian,BF-SAC-MLP,BF-SAC-MLP,13,0.485122,101
Xian,BF-SAC-MLP,BF-SAC-MLP,14,0.485122,101
Xian,BF-SAC-MLP,BF-SAC-MLP,15,0.466332,101
Xian,BF-SAC-MLP,BF-SAC-MLP,16,0.466332,101
Xian,BF-SAC-MLP,BF-SAC-MLP,17,0.466332,101
Xian,BF-SAC-MLP,BF-SAC-MLP,18,0.466332,101
Xian,BF-SAC-MLP,BF-SAC-MLP,19,0.466332,101
Xian,BF-SAC-MLP,BF-SAC-MLP,20,0.466332,101
Xian,BF-SAC-MLP,BF-SAC-MLP,21,0.466332,101
Xian,BF-SAC-MLP,BF-SAC-MLP,22,0.466332,101
Xian,BF-SAC-MLP,BF-SAC-MLP,23,0.466332,101
Xian,BF-SAC-MLP,BF-SAC-MLP,24,0.466332,101
Xian,BF-SAC-MLP,BF-SAC-MLP,25,0.466332,101
Xian,BF-SAC-MLP,BF-SAC-MLP,26,0.466332,101
Xian,BF-SAC-MLP,BF-SAC-MLP,27,0.465966,101
Xian,BF-SAC-MLP,BF-SAC-MLP,28,0.465966,101
Xian,BF-SAC-MLP,BF-SAC-MLP,29,0.465966,101
Xian,BF-SAC-MLP,BF-SAC-MLP,30,0.465966,101
Xian,BF-SAC-MLP,BF-SAC-MLP,31,0.465966,101
Xian,BF-SAC-MLP,BF-SAC-MLP,32,0.465966,101
Xian,BF-SAC-MLP,BF-SAC-MLP,33,0.465966,101
Xian,BF-SAC-MLP,BF-SAC-MLP,34,0.465966,101
Xian,BF-SAC-MLP,BF-SAC-MLP,35,0.465966,101
Xian,BF-SAC-MLP,BF-SAC-MLP,36,0.465966,101
Xian,BF-SAC-MLP,BF-SAC-MLP,37,0.465966,101
Xian,BF-SAC-MLP,BF-SAC-MLP,38,0.465966,101
Xian,BF-SAC-MLP,BF-SAC-MLP,39,0.465966,101
Xian,BF-SAC-MLP,BF-SAC-MLP,40,0.465966,101
Xian,BF-SAC-MLP,BF-SAC-MLP,41,0.454649,101
Xian,BF-SAC-MLP,BF-SAC-MLP,42,0.450357,101
Xian,BF-SAC-MLP,BF-SAC-MLP,43,0.450357,101
Xian,BF-SAC-MLP,BF-SAC-MLP,44,0.450357,101
Xian,BF-SAC-MLP,BF-SAC-MLP,45,0.450357,101
Xian,BF-SAC-MLP,BF-SAC-MLP,46,0.450357,101
Xian,BF-SAC-MLP,BF-SAC-MLP,47,0.450357,101
Xian,BF-SAC-MLP,BF-SAC-MLP,48,0.450357,101
Xian,BF-SAC-MLP,BF-SAC-MLP,49,0.450357,101
Xian,BF-SAC-MLP,BF-SAC-MLP,50,0.450357,101
Xian,BF-SAC-MLP,BF-SAC-MLP,51,0.450357,101
Xian,BF-SAC-MLP,BF-SAC-MLP,52,0.440677,101
Xian,BF-SAC-MLP,BF-SAC-MLP,53,0.440677,101
Xian,BF-SAC-MLP,BF-SAC-MLP,54,0.440677,101
Xian,BF-SAC-MLP,BF-SAC-MLP,55,0.440677,101
Xian,BF-SAC-MLP,BF-SAC-MLP,56,0.440677,101
Xian,BF-SAC-MLP,BF-SAC-MLP,57,0.440677,101
Xian,BF-SAC-MLP,BF-SAC-MLP,58,0.440677,101
Xian,BF-SAC-MLP,BF-SAC-MLP,59,0.440677,101
Xian,BF-SAC-MLP,BF-SAC-MLP,60,0.440677,101
Xian,BF-SAC-MLP,BF-SAC-MLP,61,0.440677,101
Xian,BF-SAC-MLP,BF-SAC-MLP,62,0.440677,101
Xian,BF-SAC-MLP,BF-SAC-MLP,63,0.440677,101
Xian,BF-SAC-MLP,BF-SAC-MLP,64,0.440677,101
Xian,BF-SAC-MLP,BF-SAC-MLP,65,0.440677,101
Xian,BF-SAC-MLP,BF-SAC-MLP,66,0.440677,101
Xian,BF-SAC-MLP,BF-SAC-MLP,67,0.440677,101
Xian,BF-SAC-MLP,BF-SAC-MLP,68,0.440677,101
Xian,BF-SAC-MLP,BF-SAC-MLP,69,0.436466,101
Xian,BF-SAC-MLP,BF-SAC-MLP,70,0.436466,101
Xian,BF-SAC-MLP,BF-SAC-MLP,71,0.436466,101
Xian,BF-SAC-MLP,BF-SAC-MLP,72,0.436466,101
Xian,BF-SAC-MLP,BF-SAC-MLP,73,0.436466,101
Xian,BF-SAC-MLP,BF-SAC-MLP,74,0.436466,101
Xian,BF-SAC-MLP,BF-SAC-MLP,75,0.436466,101
Xian,BF-SAC-MLP,BF-SAC-MLP,76,0.436466,101
Xian,BF-SAC-MLP,BF-SAC-MLP,77,0.436466,101
Xian,BF-SAC-MLP,BF-SAC-MLP,78,0.436466,101
Xian,BF-SAC-MLP,BF-SAC-MLP,79,0.436466,101
Xian,BF-SAC-MLP,BF-SAC-MLP,80,0.436466,101
Xian,BF-SAC-MLP,BF-SAC-MLP,81,0.436466,101
Xian,BF-SAC-MLP,BF-SAC-MLP,82,0.436466,101
Xian,BF-SAC-MLP,BF-SAC-MLP,83,0.436466,101
Xian,BF-SAC-MLP,BF-SAC-MLP,84,0.436466,101
Xian,BF-SAC-MLP,BF-SAC-MLP,85,0.436466,101
Xian,BF-SAC-MLP,BF-SAC-MLP,86,0.436466,101
Xian,BF-SAC-MLP,BF-SAC-MLP,87,0.436466,101
Xian,BF-SAC-MLP,BF-SAC-MLP,88,0.436466,101
Xian,BF-SAC-MLP,BF-SAC-MLP,89,0.436466,101
Xian,BF-SAC-MLP,BF-SAC-MLP,90,0.436466,101
Xian,BF-SAC-MLP,BF-SAC-MLP,91,0.436466,101
Xian,BF-SAC-MLP,BF-SAC-MLP,92,0.436466,101
Xian,BF-SAC-MLP,BF-SAC-MLP,93,0.436466,101
Xian,BF-SAC-MLP,BF-SAC-MLP,94,0.436466,101
Xian,BF-SAC-MLP,BF-SAC-MLP,95,0.436466,101
Xian,BF-SAC-MLP,BF-SAC-MLP,96,0.436466,101
Xian,BF-SAC-MLP,BF-SAC-MLP,97,0.436466,101
Xian,BF-SAC-MLP,BF-SAC-MLP,98,0.436466,101
Xian,BF-SAC-MLP,BF-SAC-MLP,99,0.436466,101
Xian,BF-SAC-MLP,BF-SAC-MLP,100,0.436466,101
YTDJ,BF-SAC-RF,BF-SAC-RF,1,0.62151,404
YTDJ,BF-SAC-RF,BF-SAC-RF,2,0.518424,404
YTDJ,BF-SAC-RF,BF-SAC-RF,3,0.427739,404
YTDJ,BF-SAC-RF,BF-SAC-RF,4,0.427739,404
YTDJ,BF-SAC-RF,BF-SAC-RF,5,0.427739,404
YTDJ,BF-SAC-RF,BF-SAC-RF,6,0.427739,404
YTDJ,BF-SAC-RF,BF-SAC-RF,7,0.397184,404
YTDJ,BF-SAC-RF,BF-SAC-RF,8,0.397184,404
YTDJ,BF-SAC-RF,BF-SAC-RF,9,0.397184,404
YTDJ,BF-SAC-RF,BF-SAC-RF,10,0.397184,404
YTDJ,BF-SAC-RF,BF-SAC-RF,11,0.397184,404
YTDJ,BF-SAC-RF,BF-SAC-RF,12,0.397184,404
YTDJ,BF-SAC-RF,BF-SAC-RF,13,0.21927,404
YTDJ,BF-SAC-RF,BF-SAC-RF,14,0.21927,404
YTDJ,BF-SAC-RF,BF-SAC-RF,15,0.21927,404
YTDJ,BF-SAC-RF,BF-SAC-RF,16,0.21927,404
YTDJ,BF-SAC-RF,BF-SAC-RF,17,0.21927,404
YTDJ,BF-SAC-RF,BF-SAC-RF,18,0.21927,404
YTDJ,BF-SAC-RF,BF-SAC-RF,19,0.21927,404
YTDJ,BF-SAC-RF,BF-SAC-RF,20,0.21927,404
YTDJ,BF-SAC-RF,BF-SAC-RF,21,0.21927,404
YTDJ,BF-SAC-RF,BF-SAC-RF,22,0.21927,404
YTDJ,BF-SAC-RF,BF-SAC-RF,23,0.21927,404
YTDJ,BF-SAC-RF,BF-SAC-RF,24,0.21927,404
YTDJ,BF-SAC-RF,BF-SAC-RF,25,0.21927,404
YTDJ,BF-SAC-RF,BF-SAC-RF,26,0.21927,404
YTDJ,BF-SAC-RF,BF-SAC-RF,27,0.21927,404
YTDJ,BF-SAC-RF,BF-SAC-RF,28,0.21927,404
YTDJ,BF-SAC-RF,BF-SAC-RF,29,0.21927,404
YTDJ,BF-SAC-RF,BF-SAC-RF,30,0.21927,404
YTDJ,BF-SAC-RF,BF-SAC-RF,31,0.21927,404
YTDJ,BF-SAC-RF,BF-SAC-RF,32,0.21927,404
YTDJ,BF-SAC-RF,BF-SAC-RF,33,0.21927,404
YTDJ,BF-SAC-RF,BF-SAC-RF,34,0.21927,404
YTDJ,BF-SAC-RF,BF-SAC-RF,35,0.21927,404
YTDJ,BF-SAC-RF,BF-SAC-RF,36,0.21927,404
YTDJ,BF-SAC-RF,BF-SAC-RF,37,0.21927,404
YTDJ,BF-SAC-RF,BF-SAC-RF,38,0.193331,404
YTDJ,BF-SAC-RF,BF-SAC-RF,39,0.193331,404
YTDJ,BF-SAC-RF,BF-SAC-RF,40,0.193331,404
YTDJ,BF-SAC-RF,BF-SAC-RF,41,0.179505,404
YTDJ,BF-SAC-RF,BF-SAC-RF,42,0.179505,404
YTDJ,BF-SAC-RF,BF-SAC-RF,43,0.179505,404
YTDJ,BF-SAC-RF,BF-SAC-RF,44,0.179505,404
YTDJ,BF-SAC-RF,BF-SAC-RF,45,0.178425,404
YTDJ,BF-SAC-RF,BF-SAC-RF,46,0.178425,404
YTDJ,BF-SAC-RF,BF-SAC-RF,47,0.178425,404
YTDJ,BF-SAC-RF,BF-SAC-RF,48,0.178425,404
YTDJ,BF-SAC-RF,BF-SAC-RF,49,0.178425,404
YTDJ,BF-SAC-RF,BF-SAC-RF,50,0.178425,404
YTDJ,BF-SAC-RF,BF-SAC-RF,51,0.178425,404
YTDJ,BF-SAC-RF,BF-SAC-RF,52,0.178425,404
YTDJ,BF-SAC-RF,BF-SAC-RF,53,0.178425,404
YTDJ,BF-SAC-RF,BF-SAC-RF,54,0.178425,404
YTDJ,BF-SAC-RF,BF-SAC-RF,55,0.176669,404
YTDJ,BF-SAC-RF,BF-SAC-RF,56,0.176669,404
YTDJ,BF-SAC-RF,BF-SAC-RF,57,0.176669,404
YTDJ,BF-SAC-RF,BF-SAC-RF,58,0.176669,404
YTDJ,BF-SAC-RF,BF-SAC-RF,59,0.176669,404
YTDJ,BF-SAC-RF,BF-SAC-RF,60,0.176669,404
YTDJ,BF-SAC-RF,BF-SAC-RF,61,0.176669,404
YTDJ,BF-SAC-RF,BF-SAC-RF,62,0.176669,404
YTDJ,BF-SAC-RF,BF-SAC-RF,63,0.176669,404
YTDJ,BF-SAC-RF,BF-SAC-RF,64,0.176669,404
YTDJ,BF-SAC-RF,BF-SAC-RF,65,0.176669,404
YTDJ,BF-SAC-RF,BF-SAC-RF,66,0.176669,404
YTDJ,BF-SAC-RF,BF-SAC-RF,67,0.176669,404
YTDJ,BF-SAC-RF,BF-SAC-RF,68,0.176669,404
YTDJ,BF-SAC-RF,BF-SAC-RF,69,0.176669,404
YTDJ,BF-SAC-RF,BF-SAC-RF,70,0.176669,404
YTDJ,BF-SAC-RF,BF-SAC-RF,71,0.176669,404
YTDJ,BF-SAC-RF,BF-SAC-RF,72,0.176669,404
YTDJ,BF-SAC-RF,BF-SAC-RF,73,0.176669,404
YTDJ,BF-SAC-RF,BF-SAC-RF,74,0.176669,404
YTDJ,BF-SAC-RF,BF-SAC-RF,75,0.176669,404
YTDJ,BF-SAC-RF,BF-SAC-RF,76,0.176669,404
YTDJ,BF-SAC-RF,BF-SAC-RF,77,0.176669,404
YTDJ,BF-SAC-RF,BF-SAC-RF,78,0.176669,404
YTDJ,BF-SAC-RF,BF-SAC-RF,79,0.176669,404
YTDJ,BF-SAC-RF,BF-SAC-RF,80,0.176669,404
YTDJ,BF-SAC-RF,BF-SAC-RF,81,0.176669,404
YTDJ,BF-SAC-RF,BF-SAC-RF,82,0.176669,404
YTDJ,BF-SAC-RF,BF-SAC-RF,83,0.176669,404
YTDJ,BF-SAC-RF,BF-SAC-RF,84,0.176669,404
YTDJ,BF-SAC-RF,BF-SAC-RF,85,0.176669,404
YTDJ,BF-SAC-RF,BF-SAC-RF,86,0.176669,404
YTDJ,BF-SAC-RF,BF-SAC-RF,87,0.176669,404
YTDJ,BF-SAC-RF,BF-SAC-RF,88,0.176669,404
YTDJ,BF-SAC-RF,BF-SAC-RF,89,0.176669,404
YTDJ,BF-SAC-RF,BF-SAC-RF,90,0.176669,404
YTDJ,BF-SAC-RF,BF-SAC-RF,91,0.176669,404
YTDJ,BF-SAC-RF,BF-SAC-RF,92,0.176669,404
YTDJ,BF-SAC-RF,BF-SAC-RF,93,0.173226,404
YTDJ,BF-SAC-RF,BF-SAC-RF,94,0.173226,404
YTDJ,BF-SAC-RF,BF-SAC-RF,95,0.173226,404
YTDJ,BF-SAC-RF,BF-SAC-RF,96,0.173226,404
YTDJ,BF-SAC-RF,BF-SAC-RF,97,0.173226,404
YTDJ,BF-SAC-RF,BF-SAC-RF,98,0.173226,404
YTDJ,BF-SAC-RF,BF-SAC-RF,99,0.173226,404
YTDJ,BF-SAC-RF,BF-SAC-RF,100,0.173226,404
Xian,BF-SAC-MLP,BF-SAC-MLP,1,0.576287,202
Xian,BF-SAC-MLP,BF-SAC-MLP,2,0.528753,202
Xian,BF-SAC-MLP,BF-SAC-MLP,3,0.528753,202
Xian,BF-SAC-MLP,BF-SAC-MLP,4,0.528753,202
Xian,BF-SAC-MLP,BF-SAC-MLP,5,0.503314,202
Xian,BF-SAC-MLP,BF-SAC-MLP,6,0.503314,202
Xian,BF-SAC-MLP,BF-SAC-MLP,7,0.503314,202
Xian,BF-SAC-MLP,BF-SAC-MLP,8,0.503314,202
Xian,BF-SAC-MLP,BF-SAC-MLP,9,0.503314,202
Xian,BF-SAC-MLP,BF-SAC-MLP,10,0.503314,202
Xian,BF-SAC-MLP,BF-SAC-MLP,11,0.503314,202
Xian,BF-SAC-MLP,BF-SAC-MLP,12,0.503314,202
Xian,BF-SAC-MLP,BF-SAC-MLP,13,0.503314,202
Xian,BF-SAC-MLP,BF-SAC-MLP,14,0.503314,202
Xian,BF-SAC-MLP,BF-SAC-MLP,15,0.503314,202
Xian,BF-SAC-MLP,BF-SAC-MLP,16,0.503314,202
Xian,BF-SAC-MLP,BF-SAC-MLP,17,0.503314,202
Xian,BF-SAC-MLP,BF-SAC-MLP,18,0.503314,202
Xian,BF-SAC-MLP,BF-SAC-MLP,19,0.503314,202
Xian,BF-SAC-MLP,BF-SAC-MLP,20,0.503314,202
Xian,BF-SAC-MLP,BF-SAC-MLP,21,0.503314,202
Xian,BF-SAC-MLP,BF-SAC-MLP,22,0.503314,202
Xian,BF-SAC-MLP,BF-SAC-MLP,23,0.503314,202
Xian,BF-SAC-MLP,BF-SAC-MLP,24,0.503314,202
Xian,BF-SAC-MLP,BF-SAC-MLP,25,0.468299,202
Xian,BF-SAC-MLP,BF-SAC-MLP,26,0.468299,202
Xian,BF-SAC-MLP,BF-SAC-MLP,27,0.468299,202
Xian,BF-SAC-MLP,BF-SAC-MLP,28,0.468299,202
Xian,BF-SAC-MLP,BF-SAC-MLP,29,0.468299,202
Xian,BF-SAC-MLP,BF-SAC-MLP,30,0.468299,202
Xian,BF-SAC-MLP,BF-SAC-MLP,31,0.468299,202
Xian,BF-SAC-MLP,BF-SAC-MLP,32,0.468299,202
Xian,BF-SAC-MLP,BF-SAC-MLP,33,0.468299,202
Xian,BF-SAC-MLP,BF-SAC-MLP,34,0.468299,202
Xian,BF-SAC-MLP,BF-SAC-MLP,35,0.468299,202
Xian,BF-SAC-MLP,BF-SAC-MLP,36,0.468299,202
Xian,BF-SAC-MLP,BF-SAC-MLP,37,0.468299,202
Xian,BF-SAC-MLP,BF-SAC-MLP,38,0.468299,202
Xian,BF-SAC-MLP,BF-SAC-MLP,39,0.468299,202
Xian,BF-SAC-MLP,BF-SAC-MLP,40,0.468299,202
Xian,BF-SAC-MLP,BF-SAC-MLP,41,0.468299,202
Xian,BF-SAC-MLP,BF-SAC-MLP,42,0.468299,202
Xian,BF-SAC-MLP,BF-SAC-MLP,43,0.468299,202
Xian,BF-SAC-MLP,BF-SAC-MLP,44,0.468299,202
Xian,BF-SAC-MLP,BF-SAC-MLP,45,0.468299,202
Xian,BF-SAC-MLP,BF-SAC-MLP,46,0.468299,202
Xian,BF-SAC-MLP,BF-SAC-MLP,47,0.468299,202
Xian,BF-SAC-MLP,BF-SAC-MLP,48,0.468299,202
Xian,BF-SAC-MLP,BF-SAC-MLP,49,0.452625,202
Xian,BF-SAC-MLP,BF-SAC-MLP,50,0.452625,202
Xian,BF-SAC-MLP,BF-SAC-MLP,51,0.452625,202
Xian,BF-SAC-MLP,BF-SAC-MLP,52,0.452625,202
Xian,BF-SAC-MLP,BF-SAC-MLP,53,0.452625,202
Xian,BF-SAC-MLP,BF-SAC-MLP,54,0.452203,202
Xian,BF-SAC-MLP,BF-SAC-MLP,55,0.452203,202
Xian,BF-SAC-MLP,BF-SAC-MLP,56,0.452203,202
Xian,BF-SAC-MLP,BF-SAC-MLP,57,0.452203,202
Xian,BF-SAC-MLP,BF-SAC-MLP,58,0.452203,202
Xian,BF-SAC-MLP,BF-SAC-MLP,59,0.452203,202
Xian,BF-SAC-MLP,BF-SAC-MLP,60,0.452203,202
Xian,BF-SAC-MLP,BF-SAC-MLP,61,0.452203,202
Xian,BF-SAC-MLP,BF-SAC-MLP,62,0.452203,202
Xian,BF-SAC-MLP,BF-SAC-MLP,63,0.452203,202
Xian,BF-SAC-MLP,BF-SAC-MLP,64,0.452203,202
Xian,BF-SAC-MLP,BF-SAC-MLP,65,0.452203,202
Xian,BF-SAC-MLP,BF-SAC-MLP,66,0.452203,202
Xian,BF-SAC-MLP,BF-SAC-MLP,67,0.440952,202
Xian,BF-SAC-MLP,BF-SAC-MLP,68,0.440952,202
Xian,BF-SAC-MLP,BF-SAC-MLP,69,0.440952,202
Xian,BF-SAC-MLP,BF-SAC-MLP,70,0.440952,202
Xian,BF-SAC-MLP,BF-SAC-MLP,71,0.440952,202
Xian,BF-SAC-MLP,BF-SAC-MLP,72,0.440952,202
Xian,BF-SAC-MLP,BF-SAC-MLP,73,0.440952,202
Xian,BF-SAC-MLP,BF-SAC-MLP,74,0.440952,202
Xian,BF-SAC-MLP,BF-SAC-MLP,75,0.440952,202
Xian,BF-SAC-MLP,BF-SAC-MLP,76,0.440952,202
Xian,BF-SAC-MLP,BF-SAC-MLP,77,0.440952,202
Xian,BF-SAC-MLP,BF-SAC-MLP,78,0.440952,202
Xian,BF-SAC-MLP,BF-SAC-MLP,79,0.440952,202
Xian,BF-SAC-MLP,BF-SAC-MLP,80,0.440952,202
Xian,BF-SAC-MLP,BF-SAC-MLP,81,0.440952,202
Xian,BF-SAC-MLP,BF-SAC-MLP,82,0.440952,202
Xian,BF-SAC-MLP,BF-SAC-MLP,83,0.440952,202
Xian,BF-SAC-MLP,BF-SAC-MLP,84,0.440952,202
Xian,BF-SAC-MLP,BF-SAC-MLP,85,0.440952,202
Xian,BF-SAC-MLP,BF-SAC-MLP,86,0.440952,202
Xian,BF-SAC-MLP,BF-SAC-MLP,87,0.440952,202
Xian,BF-SAC-MLP,BF-SAC-MLP,88,0.440952,202
Xian,BF-SAC-MLP,BF-SAC-MLP,89,0.440952,202
Xian,BF-SAC-MLP,BF-SAC-MLP,90,0.440952,202
Xian,BF-SAC-MLP,BF-SAC-MLP,91,0.440952,202
Xian,BF-SAC-MLP,BF-SAC-MLP,92,0.440952,202
Xian,BF-SAC-MLP,BF-SAC-MLP,93,0.440952,202
Xian,BF-SAC-MLP,BF-SAC-MLP,94,0.440952,202
Xian,BF-SAC-MLP,BF-SAC-MLP,95,0.440952,202
Xian,BF-SAC-MLP,BF-SAC-MLP,96,0.440952,202
Xian,BF-SAC-MLP,BF-SAC-MLP,97,0.433445,202
Xian,BF-SAC-MLP,BF-SAC-MLP,98,0.433445,202
Xian,BF-SAC-MLP,BF-SAC-MLP,99,0.433445,202
Xian,BF-SAC-MLP,BF-SAC-MLP,100,0.433445,202
Xian,BF-SAC-MLP,BF-SAC-MLP,1,0.553382,42
Xian,BF-SAC-MLP,BF-SAC-MLP,2,0.553382,42
Xian,BF-SAC-MLP,BF-SAC-MLP,3,0.524442,42
Xian,BF-SAC-MLP,BF-SAC-MLP,4,0.524442,42
Xian,BF-SAC-MLP,BF-SAC-MLP,5,0.524442,42
Xian,BF-SAC-MLP,BF-SAC-MLP,6,0.521205,42
Xian,BF-SAC-MLP,BF-SAC-MLP,7,0.521205,42
Xian,BF-SAC-MLP,BF-SAC-MLP,8,0.521205,42
Xian,BF-SAC-MLP,BF-SAC-MLP,9,0.521205,42
Xian,BF-SAC-MLP,BF-SAC-MLP,10,0.521205,42
Xian,BF-SAC-MLP,BF-SAC-MLP,11,0.521205,42
Xian,BF-SAC-MLP,BF-SAC-MLP,12,0.521205,42
Xian,BF-SAC-MLP,BF-SAC-MLP,13,0.521205,42
Xian,BF-SAC-MLP,BF-SAC-MLP,14,0.521205,42
Xian,BF-SAC-MLP,BF-SAC-MLP,15,0.521205,42
Xian,BF-SAC-MLP,BF-SAC-MLP,16,0.521205,42
Xian,BF-SAC-MLP,BF-SAC-MLP,17,0.521205,42
Xian,BF-SAC-MLP,BF-SAC-MLP,18,0.521205,42
Xian,BF-SAC-MLP,BF-SAC-MLP,19,0.521205,42
Xian,BF-SAC-MLP,BF-SAC-MLP,20,0.521205,42
Xian,BF-SAC-MLP,BF-SAC-MLP,21,0.471272,42
Xian,BF-SAC-MLP,BF-SAC-MLP,22,0.471272,42
Xian,BF-SAC-MLP,BF-SAC-MLP,23,0.471272,42
Xian,BF-SAC-MLP,BF-SAC-MLP,24,0.471272,42
Xian,BF-SAC-MLP,BF-SAC-MLP,25,0.471272,42
Xian,BF-SAC-MLP,BF-SAC-MLP,26,0.471272,42
Xian,BF-SAC-MLP,BF-SAC-MLP,27,0.471272,42
Xian,BF-SAC-MLP,BF-SAC-MLP,28,0.471272,42
Xian,BF-SAC-MLP,BF-SAC-MLP,29,0.471272,42
Xian,BF-SAC-MLP,BF-SAC-MLP,30,0.471272,42
Xian,BF-SAC-MLP,BF-SAC-MLP,31,0.471272,42
Xian,BF-SAC-MLP,BF-SAC-MLP,32,0.471272,42
Xian,BF-SAC-MLP,BF-SAC-MLP,33,0.471272,42
Xian,BF-SAC-MLP,BF-SAC-MLP,34,0.471272,42
Xian,BF-SAC-MLP,BF-SAC-MLP,35,0.471272,42
Xian,BF-SAC-MLP,BF-SAC-MLP,36,0.471272,42
Xian,BF-SAC-MLP,BF-SAC-MLP,37,0.471272,42
Xian,BF-SAC-MLP,BF-SAC-MLP,38,0.471272,42
Xian,BF-SAC-MLP,BF-SAC-MLP,39,0.471272,42
Xian,BF-SAC-MLP,BF-SAC-MLP,40,0.471272,42
Xian,BF-SAC-MLP,BF-SAC-MLP,41,0.434564,42
Xian,BF-SAC-MLP,BF-SAC-MLP,42,0.434564,42
Xian,BF-SAC-MLP,BF-SAC-MLP,43,0.434564,42
Xian,BF-SAC-MLP,BF-SAC-MLP,44,0.427238,42
Xian,BF-SAC-MLP,BF-SAC-MLP,45,0.427238,42
Xian,BF-SAC-MLP,BF-SAC-MLP,46,0.427238,42
Xian,BF-SAC-MLP,BF-SAC-MLP,47,0.427238,42
Xian,BF-SAC-MLP,BF-SAC-MLP,48,0.427238,42
Xian,BF-SAC-MLP,BF-SAC-MLP,49,0.427238,42
Xian,BF-SAC-MLP,BF-SAC-MLP,50,0.427238,42
Xian,BF-SAC-MLP,BF-SAC-MLP,51,0.427238,42
Xian,BF-SAC-MLP,BF-SAC-MLP,52,0.427238,42
Xian,BF-SAC-MLP,BF-SAC-MLP,53,0.427238,42
Xian,BF-SAC-MLP,BF-SAC-MLP,54,0.427238,42
Xian,BF-SAC-MLP,BF-SAC-MLP,55,0.427238,42
Xian,BF-SAC-MLP,BF-SAC-MLP,56,0.427238,42
Xian,BF-SAC-MLP,BF-SAC-MLP,57,0.427238,42
Xian,BF-SAC-MLP,BF-SAC-MLP,58,0.427238,42
Xian,BF-SAC-MLP,BF-SAC-MLP,59,0.427238,42
Xian,BF-SAC-MLP,BF-SAC-MLP,60,0.427238,42
Xian,BF-SAC-MLP,BF-SAC-MLP,61,0.427238,42
Xian,BF-SAC-MLP,BF-SAC-MLP,62,0.427238,42
Xian,BF-SAC-MLP,BF-SAC-MLP,63,0.427238,42
Xian,BF-SAC-MLP,BF-SAC-MLP,64,0.427238,42
Xian,BF-SAC-MLP,BF-SAC-MLP,65,0.427238,42
Xian,BF-SAC-MLP,BF-SAC-MLP,66,0.427238,42
Xian,BF-SAC-MLP,BF-SAC-MLP,67,0.427238,42
Xian,BF-SAC-MLP,BF-SAC-MLP,68,0.427238,42
Xian,BF-SAC-MLP,BF-SAC-MLP,69,0.427238,42
Xian,BF-SAC-MLP,BF-SAC-MLP,70,0.427238,42
Xian,BF-SAC-MLP,BF-SAC-MLP,71,0.427238,42
Xian,BF-SAC-MLP,BF-SAC-MLP,72,0.427006,42
Xian,BF-SAC-MLP,BF-SAC-MLP,73,0.427006,42
Xian,BF-SAC-MLP,BF-SAC-MLP,74,0.427006,42
Xian,BF-SAC-MLP,BF-SAC-MLP,75,0.427006,42
Xian,BF-SAC-MLP,BF-SAC-MLP,76,0.427006,42
Xian,BF-SAC-MLP,BF-SAC-MLP,77,0.427006,42
Xian,BF-SAC-MLP,BF-SAC-MLP,78,0.427006,42
Xian,BF-SAC-MLP,BF-SAC-MLP,79,0.427006,42
Xian,BF-SAC-MLP,BF-SAC-MLP,80,0.427006,42
Xian,BF-SAC-MLP,BF-SAC-MLP,81,0.427006,42
Xian,BF-SAC-MLP,BF-SAC-MLP,82,0.427006,42
Xian,BF-SAC-MLP,BF-SAC-MLP,83,0.427006,42
Xian,BF-SAC-MLP,BF-SAC-MLP,84,0.427006,42
Xian,BF-SAC-MLP,BF-SAC-MLP,85,0.427006,42
Xian,BF-SAC-MLP,BF-SAC-MLP,86,0.427006,42
Xian,BF-SAC-MLP,BF-SAC-MLP,87,0.427006,42
Xian,BF-SAC-MLP,BF-SAC-MLP,88,0.427006,42
Xian,BF-SAC-MLP,BF-SAC-MLP,89,0.427006,42
Xian,BF-SAC-MLP,BF-SAC-MLP,90,0.427006,42
Xian,BF-SAC-MLP,BF-SAC-MLP,91,0.427006,42
Xian,BF-SAC-MLP,BF-SAC-MLP,92,0.427006,42
Xian,BF-SAC-MLP,BF-SAC-MLP,93,0.427006,42
Xian,BF-SAC-MLP,BF-SAC-MLP,94,0.427006,42
Xian,BF-SAC-MLP,BF-SAC-MLP,95,0.427006,42
Xian,BF-SAC-MLP,BF-SAC-MLP,96,0.427006,42
Xian,BF-SAC-MLP,BF-SAC-MLP,97,0.427006,42
Xian,BF-SAC-MLP,BF-SAC-MLP,98,0.427006,42
Xian,BF-SAC-MLP,BF-SAC-MLP,99,0.427006,42
Xian,BF-SAC-MLP,BF-SAC-MLP,100,0.427006,42
YTDJ,SPSA,SPSA,1,0.6715862742136505,42
YTDJ,SPSA,SPSA,2,0.6715862742136505,42
YTDJ,SPSA,SPSA,3,0.6715862742136505,42
YTDJ,SPSA,SPSA,4,0.6715862742136505,42
YTDJ,SPSA,SPSA,5,0.6715862742136505,42
YTDJ,SPSA,SPSA,6,0.6715862742136505,42
YTDJ,SPSA,SPSA,7,0.6715862742136505,42
YTDJ,SPSA,SPSA,8,0.6715862742136505,42
YTDJ,SPSA,SPSA,9,0.6715862742136505,42
YTDJ,SPSA,SPSA,10,0.6715862742136505,42
YTDJ,SPSA,SPSA,11,0.6715862742136505,42
YTDJ,SPSA,SPSA,12,0.6715862742136505,42
YTDJ,SPSA,SPSA,13,0.6715862742136505,42
YTDJ,SPSA,SPSA,14,0.6715862742136505,42
YTDJ,SPSA,SPSA,15,0.6715862742136505,42
YTDJ,SPSA,SPSA,16,0.6715862742136505,42
YTDJ,SPSA,SPSA,17,0.6715862742136505,42
YTDJ,SPSA,SPSA,18,0.6715862742136505,42
YTDJ,SPSA,SPSA,19,0.6715862742136505,42
YTDJ,SPSA,SPSA,20,0.6715862742136505,42
YTDJ,SPSA,SPSA,21,0.6715862742136505,42
YTDJ,SPSA,SPSA,22,0.6715862742136505,42
YTDJ,SPSA,SPSA,23,0.6715862742136505,42
YTDJ,SPSA,SPSA,24,0.6715862742136505,42
YTDJ,SPSA,SPSA,25,0.6715862742136505,42
YTDJ,SPSA,SPSA,26,0.6715862742136505,42
YTDJ,SPSA,SPSA,27,0.6715862742136505,42
YTDJ,SPSA,SPSA,28,0.6715862742136505,42
YTDJ,SPSA,SPSA,29,0.6715862742136505,42
YTDJ,SPSA,SPSA,30,0.6715862742136505,42
YTDJ,SPSA,SPSA,31,0.6715862742136505,42
YTDJ,SPSA,SPSA,32,0.6715862742136505,42
YTDJ,SPSA,SPSA,33,0.6715862742136505,42
YTDJ,SPSA,SPSA,34,0.6715862742136505,42
YTDJ,SPSA,SPSA,35,0.6715862742136505,42
YTDJ,SPSA,SPSA,36,0.6715862742136505,42
YTDJ,SPSA,SPSA,37,0.6715862742136505,42
YTDJ,SPSA,SPSA,38,0.6715862742136505,42
YTDJ,SPSA,SPSA,39,0.6715862742136505,42
YTDJ,SPSA,SPSA,40,0.6715862742136505,42
YTDJ,SPSA,SPSA,41,0.6715862742136505,42
YTDJ,SPSA,SPSA,42,0.6715862742136505,42
YTDJ,SPSA,SPSA,43,0.6715862742136505,42
YTDJ,SPSA,SPSA,44,0.6715862742136505,42
YTDJ,SPSA,SPSA,45,0.6715862742136505,42
YTDJ,SPSA,SPSA,46,0.6715862742136505,42
YTDJ,SPSA,SPSA,47,0.6715862742136505,42
YTDJ,SPSA,SPSA,48,0.6621251609448229,42
YTDJ,SPSA,SPSA,49,0.6621251609448229,42
YTDJ,SPSA,SPSA,50,0.6621251609448229,42
YTDJ,SPSA,SPSA,51,0.6621251609448229,42
YTDJ,SPSA,SPSA,52,0.6621251609448229,42
YTDJ,SPSA,SPSA,53,0.6621251609448229,42
YTDJ,SPSA,SPSA,54,0.6621251609448229,42
YTDJ,SPSA,SPSA,55,0.6621251609448229,42
YTDJ,SPSA,SPSA,56,0.6621251609448229,42
YTDJ,SPSA,SPSA,57,0.6621251609448229,42
YTDJ,SPSA,SPSA,58,0.6621251609448229,42
YTDJ,SPSA,SPSA,59,0.6621251609448229,42
YTDJ,SPSA,SPSA,60,0.6621251609448229,42
YTDJ,SPSA,SPSA,61,0.6621251609448229,42
YTDJ,SPSA,SPSA,62,0.6621251609448229,42
YTDJ,SPSA,SPSA,63,0.6621251609448229,42
YTDJ,SPSA,SPSA,64,0.6621251609448229,42
YTDJ,SPSA,SPSA,65,0.6621251609448229,42
YTDJ,SPSA,SPSA,66,0.6621251609448229,42
YTDJ,SPSA,SPSA,67,0.6621251609448229,42
YTDJ,SPSA,SPSA,68,0.6521614349232902,42
YTDJ,SPSA,SPSA,69,0.6521614349232902,42
YTDJ,SPSA,SPSA,70,0.6521614349232902,42
YTDJ,SPSA,SPSA,71,0.6521614349232902,42
YTDJ,SPSA,SPSA,72,0.6521614349232902,42
YTDJ,SPSA,SPSA,73,0.6521614349232902,42
YTDJ,SPSA,SPSA,74,0.6521614349232902,42
YTDJ,SPSA,SPSA,75,0.6521614349232902,42
YTDJ,SPSA,SPSA,76,0.6521614349232902,42
YTDJ,SPSA,SPSA,77,0.6521614349232902,42
YTDJ,SPSA,SPSA,78,0.6521614349232902,42
YTDJ,SPSA,SPSA,79,0.6521614349232902,42
YTDJ,SPSA,SPSA,80,0.6521614349232902,42
YTDJ,SPSA,SPSA,81,0.6521614349232902,42
YTDJ,SPSA,SPSA,82,0.6521614349232902,42
YTDJ,SPSA,SPSA,83,0.6521614349232902,42
YTDJ,SPSA,SPSA,84,0.6521614349232902,42
YTDJ,SPSA,SPSA,85,0.6521614349232902,42
YTDJ,SPSA,SPSA,86,0.6521614349232902,42
YTDJ,SPSA,SPSA,87,0.6521614349232902,42
YTDJ,SPSA,SPSA,88,0.6521614349232902,42
YTDJ,SPSA,SPSA,89,0.6521614349232902,42
YTDJ,SPSA,SPSA,90,0.6521614349232902,42
YTDJ,SPSA,SPSA,91,0.6521614349232902,42
YTDJ,SPSA,SPSA,92,0.6521614349232902,42
YTDJ,SPSA,SPSA,93,0.6521614349232902,42
YTDJ,SPSA,SPSA,94,0.6521614349232902,42
YTDJ,SPSA,SPSA,95,0.6521614349232902,42
YTDJ,SPSA,SPSA,96,0.6521614349232902,42
YTDJ,SPSA,SPSA,97,0.6521614349232902,42
YTDJ,SPSA,SPSA,98,0.6521614349232902,42
YTDJ,SPSA,SPSA,99,0.6521614349232902,42
YTDJ,SPSA,SPSA,100,0.6521614349232902,42
YTDJ,SPSA,SPSA,1,0.6640877667478895,202
YTDJ,SPSA,SPSA,2,0.6640877667478895,202
YTDJ,SPSA,SPSA,3,0.6414166591809954,202
YTDJ,SPSA,SPSA,4,0.5940372812006858,202
YTDJ,SPSA,SPSA,5,0.5940372812006858,202
YTDJ,SPSA,SPSA,6,0.5940372812006858,202
YTDJ,SPSA,SPSA,7,0.5484410437850533,202
YTDJ,SPSA,SPSA,8,0.5484410437850533,202
YTDJ,SPSA,SPSA,9,0.5484410437850533,202
YTDJ,SPSA,SPSA,10,0.5484410437850533,202
YTDJ,SPSA,SPSA,11,0.5484410437850533,202
YTDJ,SPSA,SPSA,12,0.5350771136050829,202
YTDJ,SPSA,SPSA,13,0.5350771136050829,202
YTDJ,SPSA,SPSA,14,0.5243482066288981,202
YTDJ,SPSA,SPSA,15,0.5243482066288981,202
YTDJ,SPSA,SPSA,16,0.5243482066288981,202
YTDJ,SPSA,SPSA,17,0.5243482066288981,202
YTDJ,SPSA,SPSA,18,0.5243482066288981,202
YTDJ,SPSA,SPSA,19,0.5243482066288981,202
YTDJ,SPSA,SPSA,20,0.5243482066288981,202
YTDJ,SPSA,SPSA,21,0.5243482066288981,202
YTDJ,SPSA,SPSA,22,0.5243482066288981,202
YTDJ,SPSA,SPSA,23,0.4995493077888887,202
YTDJ,SPSA,SPSA,24,0.4995493077888887,202
YTDJ,SPSA,SPSA,25,0.4995493077888887,202
YTDJ,SPSA,SPSA,26,0.4995493077888887,202
YTDJ,SPSA,SPSA,27,0.4995493077888887,202
YTDJ,SPSA,SPSA,28,0.4995493077888887,202
YTDJ,SPSA,SPSA,29,0.4995493077888887,202
YTDJ,SPSA,SPSA,30,0.4995493077888887,202
YTDJ,SPSA,SPSA,31,0.4995493077888887,202
YTDJ,SPSA,SPSA,32,0.4995493077888887,202
YTDJ,SPSA,SPSA,33,0.4995493077888887,202
YTDJ,SPSA,SPSA,34,0.4995493077888887,202
YTDJ,SPSA,SPSA,35,0.4995493077888887,202
YTDJ,SPSA,SPSA,36,0.4995493077888887,202
YTDJ,SPSA,SPSA,37,0.4995493077888887,202
YTDJ,SPSA,SPSA,38,0.4995493077888887,202
YTDJ,SPSA,SPSA,39,0.4995493077888887,202
YTDJ,SPSA,SPSA,40,0.4995493077888887,202
YTDJ,SPSA,SPSA,41,0.4995493077888887,202
YTDJ,SPSA,SPSA,42,0.4995493077888887,202
YTDJ,SPSA,SPSA,43,0.4995493077888887,202
YTDJ,SPSA,SPSA,44,0.4995493077888887,202
YTDJ,SPSA,SPSA,45,0.4995493077888887,202
YTDJ,SPSA,SPSA,46,0.4995493077888887,202
YTDJ,SPSA,SPSA,47,0.4995493077888887,202
YTDJ,SPSA,SPSA,48,0.4868670736210547,202
YTDJ,SPSA,SPSA,49,0.4868670736210547,202
YTDJ,SPSA,SPSA,50,0.4868670736210547,202
YTDJ,SPSA,SPSA,51,0.4868670736210547,202
YTDJ,SPSA,SPSA,52,0.4868670736210547,202
YTDJ,SPSA,SPSA,53,0.4868670736210547,202
YTDJ,SPSA,SPSA,54,0.4868670736210547,202
YTDJ,SPSA,SPSA,55,0.4868670736210547,202
YTDJ,SPSA,SPSA,56,0.4868670736210547,202
YTDJ,SPSA,SPSA,57,0.4868670736210547,202
YTDJ,SPSA,SPSA,58,0.4868670736210547,202
YTDJ,SPSA,SPSA,59,0.4868670736210547,202
YTDJ,SPSA,SPSA,60,0.4868670736210547,202
YTDJ,SPSA,SPSA,61,0.4868670736210547,202
YTDJ,SPSA,SPSA,62,0.4868670736210547,202
YTDJ,SPSA,SPSA,63,0.4868670736210547,202
YTDJ,SPSA,SPSA,64,0.4868670736210547,202
YTDJ,SPSA,SPSA,65,0.4868670736210547,202
YTDJ,SPSA,SPSA,66,0.4868670736210547,202
YTDJ,SPSA,SPSA,67,0.4868670736210547,202
YTDJ,SPSA,SPSA,68,0.4868670736210547,202
YTDJ,SPSA,SPSA,69,0.4868670736210547,202
YTDJ,SPSA,SPSA,70,0.4868670736210547,202
YTDJ,SPSA,SPSA,71,0.4868670736210547,202
YTDJ,SPSA,SPSA,72,0.4868670736210547,202
YTDJ,SPSA,SPSA,73,0.4868670736210547,202
YTDJ,SPSA,SPSA,74,0.4868670736210547,202
YTDJ,SPSA,SPSA,75,0.4868670736210547,202
YTDJ,SPSA,SPSA,76,0.4868670736210547,202
YTDJ,SPSA,SPSA,77,0.4868670736210547,202
YTDJ,SPSA,SPSA,78,0.4868670736210547,202
YTDJ,SPSA,SPSA,79,0.4868670736210547,202
YTDJ,SPSA,SPSA,80,0.4868670736210547,202
YTDJ,SPSA,SPSA,81,0.4868670736210547,202
YTDJ,SPSA,SPSA,82,0.4868670736210547,202
YTDJ,SPSA,SPSA,83,0.4868670736210547,202
YTDJ,SPSA,SPSA,84,0.4868670736210547,202
YTDJ,SPSA,SPSA,85,0.4868670736210547,202
YTDJ,SPSA,SPSA,86,0.4868670736210547,202
YTDJ,SPSA,SPSA,87,0.4868670736210547,202
YTDJ,SPSA,SPSA,88,0.4868670736210547,202
YTDJ,SPSA,SPSA,89,0.4868670736210547,202
YTDJ,SPSA,SPSA,90,0.4868670736210547,202
YTDJ,SPSA,SPSA,91,0.4640016959499432,202
YTDJ,SPSA,SPSA,92,0.4640016959499432,202
YTDJ,SPSA,SPSA,93,0.4640016959499432,202
YTDJ,SPSA,SPSA,94,0.4640016959499432,202
YTDJ,SPSA,SPSA,95,0.4640016959499432,202
YTDJ,SPSA,SPSA,96,0.4640016959499432,202
YTDJ,SPSA,SPSA,97,0.4640016959499432,202
YTDJ,SPSA,SPSA,98,0.4640016959499432,202
YTDJ,SPSA,SPSA,99,0.4640016959499432,202
YTDJ,SPSA,SPSA,100,0.4640016959499432,202
YTDJ,SPSA,SPSA,1,0.5245050708078449,101
YTDJ,SPSA,SPSA,2,0.5057585935799811,101
YTDJ,SPSA,SPSA,3,0.5045114315824251,101
YTDJ,SPSA,SPSA,4,0.5045114315824251,101
YTDJ,SPSA,SPSA,5,0.4867175198274804,101
YTDJ,SPSA,SPSA,6,0.4867175198274804,101
YTDJ,SPSA,SPSA,7,0.4867175198274804,101
YTDJ,SPSA,SPSA,8,0.4867175198274804,101
YTDJ,SPSA,SPSA,9,0.4867175198274804,101
YTDJ,SPSA,SPSA,10,0.4691767082160428,101
YTDJ,SPSA,SPSA,11,0.4691767082160428,101
YTDJ,SPSA,SPSA,12,0.4535883303691506,101
YTDJ,SPSA,SPSA,13,0.4535883303691506,101
YTDJ,SPSA,SPSA,14,0.4535883303691506,101
YTDJ,SPSA,SPSA,15,0.4535883303691506,101
YTDJ,SPSA,SPSA,16,0.4535883303691506,101
YTDJ,SPSA,SPSA,17,0.4428166765740466,101
YTDJ,SPSA,SPSA,18,0.4428166765740466,101
YTDJ,SPSA,SPSA,19,0.4428166765740466,101
YTDJ,SPSA,SPSA,20,0.4428166765740466,101
YTDJ,SPSA,SPSA,21,0.4428166765740466,101
YTDJ,SPSA,SPSA,22,0.4428166765740466,101
YTDJ,SPSA,SPSA,23,0.4428166765740466,101
YTDJ,SPSA,SPSA,24,0.4428166765740466,101
YTDJ,SPSA,SPSA,25,0.3010236553713745,101
YTDJ,SPSA,SPSA,26,0.3010236553713745,101
YTDJ,SPSA,SPSA,27,0.3010236553713745,101
YTDJ,SPSA,SPSA,28,0.3010236553713745,101
YTDJ,SPSA,SPSA,29,0.3010236553713745,101
YTDJ,SPSA,SPSA,30,0.3010236553713745,101
YTDJ,SPSA,SPSA,31,0.3010236553713745,101
YTDJ,SPSA,SPSA,32,0.3010236553713745,101
YTDJ,SPSA,SPSA,33,0.3010236553713745,101
YTDJ,SPSA,SPSA,34,0.3010236553713745,101
YTDJ,SPSA,SPSA,35,0.3010236553713745,101
YTDJ,SPSA,SPSA,36,0.3010236553713745,101
YTDJ,SPSA,SPSA,37,0.3010236553713745,101
YTDJ,SPSA,SPSA,38,0.3010236553713745,101
YTDJ,SPSA,SPSA,39,0.3010236553713745,101
YTDJ,SPSA,SPSA,40,0.3010236553713745,101
YTDJ,SPSA,SPSA,41,0.3010236553713745,101
YTDJ,SPSA,SPSA,42,0.3010236553713745,101
YTDJ,SPSA,SPSA,43,0.3010236553713745,101
YTDJ,SPSA,SPSA,44,0.3010236553713745,101
YTDJ,SPSA,SPSA,45,0.3010236553713745,101
YTDJ,SPSA,SPSA,46,0.3010236553713745,101
YTDJ,SPSA,SPSA,47,0.3010236553713745,101
YTDJ,SPSA,SPSA,48,0.3010236553713745,101
YTDJ,SPSA,SPSA,49,0.3010236553713745,101
YTDJ,SPSA,SPSA,50,0.2860375240887844,101
YTDJ,SPSA,SPSA,51,0.2860375240887844,101
YTDJ,SPSA,SPSA,52,0.2860375240887844,101
YTDJ,SPSA,SPSA,53,0.2860375240887844,101
YTDJ,SPSA,SPSA,54,0.2860375240887844,101
YTDJ,SPSA,SPSA,55,0.2860375240887844,101
YTDJ,SPSA,SPSA,56,0.2712563219268927,101
YTDJ,SPSA,SPSA,57,0.2712563219268927,101
YTDJ,SPSA,SPSA,58,0.2712563219268927,101
YTDJ,SPSA,SPSA,59,0.2712563219268927,101
YTDJ,SPSA,SPSA,60,0.2712563219268927,101
YTDJ,SPSA,SPSA,61,0.2712563219268927,101
YTDJ,SPSA,SPSA,62,0.2712563219268927,101
YTDJ,SPSA,SPSA,63,0.2712563219268927,101
YTDJ,SPSA,SPSA,64,0.2712563219268927,101
YTDJ,SPSA,SPSA,65,0.2712563219268927,101
YTDJ,SPSA,SPSA,66,0.2712563219268927,101
YTDJ,SPSA,SPSA,67,0.2430169043706526,101
YTDJ,SPSA,SPSA,68,0.2041729837901673,101
YTDJ,SPSA,SPSA,69,0.2041729837901673,101
YTDJ,SPSA,SPSA,70,0.2041729837901673,101
YTDJ,SPSA,SPSA,71,0.2041729837901673,101
YTDJ,SPSA,SPSA,72,0.190049238389699,101
YTDJ,SPSA,SPSA,73,0.190049238389699,101
YTDJ,SPSA,SPSA,74,0.190049238389699,101
YTDJ,SPSA,SPSA,75,0.190049238389699,101
YTDJ,SPSA,SPSA,76,0.190049238389699,101
YTDJ,SPSA,SPSA,77,0.190049238389699,101
YTDJ,SPSA,SPSA,78,0.190049238389699,101
YTDJ,SPSA,SPSA,79,0.190049238389699,101
YTDJ,SPSA,SPSA,80,0.190049238389699,101
YTDJ,SPSA,SPSA,81,0.190049238389699,101
YTDJ,SPSA,SPSA,82,0.190049238389699,101
YTDJ,SPSA,SPSA,83,0.1801674570477304,101
YTDJ,SPSA,SPSA,84,0.1801674570477304,101
YTDJ,SPSA,SPSA,85,0.1801674570477304,101
YTDJ,SPSA,SPSA,86,0.1801674570477304,101
YTDJ,SPSA,SPSA,87,0.1801674570477304,101
YTDJ,SPSA,SPSA,88,0.1801674570477304,101
YTDJ,SPSA,SPSA,89,0.1801674570477304,101
YTDJ,SPSA,SPSA,90,0.1801674570477304,101
YTDJ,SPSA,SPSA,91,0.1801674570477304,101
YTDJ,SPSA,SPSA,92,0.1801674570477304,101
YTDJ,SPSA,SPSA,93,0.1801674570477304,101
YTDJ,SPSA,SPSA,94,0.1801674570477304,101
YTDJ,SPSA,SPSA,95,0.1801674570477304,101
YTDJ,SPSA,SPSA,96,0.1801674570477304,101
YTDJ,SPSA,SPSA,97,0.1801674570477304,101
YTDJ,SPSA,SPSA,98,0.1801674570477304,101
YTDJ,SPSA,SPSA,99,0.1801674570477304,101
YTDJ,SPSA,SPSA,100,0.1801674570477304,101
YTDJ,SPSA,SPSA,1,0.5923970122902813,303
YTDJ,SPSA,SPSA,2,0.5824648811648274,303
YTDJ,SPSA,SPSA,3,0.5824648811648274,303
YTDJ,SPSA,SPSA,4,0.5824648811648274,303
YTDJ,SPSA,SPSA,5,0.5200137544424992,303
YTDJ,SPSA,SPSA,6,0.5200137544424992,303
YTDJ,SPSA,SPSA,7,0.5200137544424992,303
YTDJ,SPSA,SPSA,8,0.5200137544424992,303
YTDJ,SPSA,SPSA,9,0.5200137544424992,303
YTDJ,SPSA,SPSA,10,0.5200137544424992,303
YTDJ,SPSA,SPSA,11,0.5200137544424992,303
YTDJ,SPSA,SPSA,12,0.5200137544424992,303
YTDJ,SPSA,SPSA,13,0.5200137544424992,303
YTDJ,SPSA,SPSA,14,0.5200137544424992,303
YTDJ,SPSA,SPSA,15,0.5200137544424992,303
YTDJ,SPSA,SPSA,16,0.5200137544424992,303
YTDJ,SPSA,SPSA,17,0.5200137544424992,303
YTDJ,SPSA,SPSA,18,0.5200137544424992,303
YTDJ,SPSA,SPSA,19,0.5200137544424992,303
YTDJ,SPSA,SPSA,20,0.5200137544424992,303
YTDJ,SPSA,SPSA,21,0.5200137544424992,303
YTDJ,SPSA,SPSA,22,0.5200137544424992,303
YTDJ,SPSA,SPSA,23,0.5200137544424992,303
YTDJ,SPSA,SPSA,24,0.5200137544424992,303
YTDJ,SPSA,SPSA,25,0.5200137544424992,303
YTDJ,SPSA,SPSA,26,0.5200137544424992,303
YTDJ,SPSA,SPSA,27,0.5200137544424992,303
YTDJ,SPSA,SPSA,28,0.5200137544424992,303
YTDJ,SPSA,SPSA,29,0.5200137544424992,303
YTDJ,SPSA,SPSA,30,0.5200137544424992,303
YTDJ,SPSA,SPSA,31,0.5200137544424992,303
YTDJ,SPSA,SPSA,32,0.5200137544424992,303
YTDJ,SPSA,SPSA,33,0.5200137544424992,303
YTDJ,SPSA,SPSA,34,0.5200137544424992,303
YTDJ,SPSA,SPSA,35,0.5200137544424992,303
YTDJ,SPSA,SPSA,36,0.5200137544424992,303
YTDJ,SPSA,SPSA,37,0.5200137544424992,303
YTDJ,SPSA,SPSA,38,0.5129782295390909,303
YTDJ,SPSA,SPSA,39,0.5129782295390909,303
YTDJ,SPSA,SPSA,40,0.5129782295390909,303
YTDJ,SPSA,SPSA,41,0.5129782295390909,303
YTDJ,SPSA,SPSA,42,0.5129782295390909,303
YTDJ,SPSA,SPSA,43,0.5052368186733238,303
YTDJ,SPSA,SPSA,44,0.5052368186733238,303
YTDJ,SPSA,SPSA,45,0.5052368186733238,303
YTDJ,SPSA,SPSA,46,0.5052368186733238,303
YTDJ,SPSA,SPSA,47,0.5052368186733238,303
YTDJ,SPSA,SPSA,48,0.5052368186733238,303
YTDJ,SPSA,SPSA,49,0.5052368186733238,303
YTDJ,SPSA,SPSA,50,0.5052368186733238,303
YTDJ,SPSA,SPSA,51,0.5052368186733238,303
YTDJ,SPSA,SPSA,52,0.5052368186733238,303
YTDJ,SPSA,SPSA,53,0.5052368186733238,303
YTDJ,SPSA,SPSA,54,0.5052368186733238,303
YTDJ,SPSA,SPSA,55,0.5052368186733238,303
YTDJ,SPSA,SPSA,56,0.5052368186733238,303
YTDJ,SPSA,SPSA,57,0.5052368186733238,303
YTDJ,SPSA,SPSA,58,0.5052368186733238,303
YTDJ,SPSA,SPSA,59,0.5052368186733238,303
YTDJ,SPSA,SPSA,60,0.5052368186733238,303
YTDJ,SPSA,SPSA,61,0.5052368186733238,303
YTDJ,SPSA,SPSA,62,0.5052368186733238,303
YTDJ,SPSA,SPSA,63,0.5052368186733238,303
YTDJ,SPSA,SPSA,64,0.5052368186733238,303
YTDJ,SPSA,SPSA,65,0.5052368186733238,303
YTDJ,SPSA,SPSA,66,0.5052368186733238,303
YTDJ,SPSA,SPSA,67,0.5052368186733238,303
YTDJ,SPSA,SPSA,68,0.5052368186733238,303
YTDJ,SPSA,SPSA,69,0.5052368186733238,303
YTDJ,SPSA,SPSA,70,0.5052368186733238,303
YTDJ,SPSA,SPSA,71,0.5052368186733238,303
YTDJ,SPSA,SPSA,72,0.5052368186733238,303
YTDJ,SPSA,SPSA,73,0.5052368186733238,303
YTDJ,SPSA,SPSA,74,0.5052368186733238,303
YTDJ,SPSA,SPSA,75,0.4946469840367546,303
YTDJ,SPSA,SPSA,76,0.4946469840367546,303
YTDJ,SPSA,SPSA,77,0.4946469840367546,303
YTDJ,SPSA,SPSA,78,0.4946469840367546,303
YTDJ,SPSA,SPSA,79,0.4946469840367546,303
YTDJ,SPSA,SPSA,80,0.4946469840367546,303
YTDJ,SPSA,SPSA,81,0.4946469840367546,303
YTDJ,SPSA,SPSA,82,0.4946469840367546,303
YTDJ,SPSA,SPSA,83,0.4946469840367546,303
YTDJ,SPSA,SPSA,84,0.4946469840367546,303
YTDJ,SPSA,SPSA,85,0.4946469840367546,303
YTDJ,SPSA,SPSA,86,0.4946469840367546,303
YTDJ,SPSA,SPSA,87,0.4946469840367546,303
YTDJ,SPSA,SPSA,88,0.4946469840367546,303
YTDJ,SPSA,SPSA,89,0.4946469840367546,303
YTDJ,SPSA,SPSA,90,0.4946469840367546,303
YTDJ,SPSA,SPSA,91,0.4946469840367546,303
YTDJ,SPSA,SPSA,92,0.4946469840367546,303
YTDJ,SPSA,SPSA,93,0.4946469840367546,303
YTDJ,SPSA,SPSA,94,0.4946469840367546,303
YTDJ,SPSA,SPSA,95,0.4946469840367546,303
YTDJ,SPSA,SPSA,96,0.4946469840367546,303
YTDJ,SPSA,SPSA,97,0.4946469840367546,303
YTDJ,SPSA,SPSA,98,0.4946469840367546,303
YTDJ,SPSA,SPSA,99,0.4946469840367546,303
YTDJ,SPSA,SPSA,100,0.4946469840367546,303
YTDJ,BF-SAC-MLP,BF-SAC-MLP,1,0.600423,101
YTDJ,BF-SAC-MLP,BF-SAC-MLP,2,0.381629,101
YTDJ,BF-SAC-MLP,BF-SAC-MLP,3,0.381629,101
YTDJ,BF-SAC-MLP,BF-SAC-MLP,4,0.381629,101
YTDJ,BF-SAC-MLP,BF-SAC-MLP,5,0.381629,101
YTDJ,BF-SAC-MLP,BF-SAC-MLP,6,0.381629,101
YTDJ,BF-SAC-MLP,BF-SAC-MLP,7,0.381629,101
YTDJ,BF-SAC-MLP,BF-SAC-MLP,8,0.381629,101
YTDJ,BF-SAC-MLP,BF-SAC-MLP,9,0.381629,101
YTDJ,BF-SAC-MLP,BF-SAC-MLP,10,0.381629,101
YTDJ,BF-SAC-MLP,BF-SAC-MLP,11,0.381629,101
YTDJ,BF-SAC-MLP,BF-SAC-MLP,12,0.381629,101
YTDJ,BF-SAC-MLP,BF-SAC-MLP,13,0.381629,101
YTDJ,BF-SAC-MLP,BF-SAC-MLP,14,0.381629,101
YTDJ,BF-SAC-MLP,BF-SAC-MLP,15,0.381629,101
YTDJ,BF-SAC-MLP,BF-SAC-MLP,16,0.381629,101
YTDJ,BF-SAC-MLP,BF-SAC-MLP,17,0.381629,101
YTDJ,BF-SAC-MLP,BF-SAC-MLP,18,0.377802,101
YTDJ,BF-SAC-MLP,BF-SAC-MLP,19,0.377802,101
YTDJ,BF-SAC-MLP,BF-SAC-MLP,20,0.377802,101
YTDJ,BF-SAC-MLP,BF-SAC-MLP,21,0.377802,101
YTDJ,BF-SAC-MLP,BF-SAC-MLP,22,0.377802,101
YTDJ,BF-SAC-MLP,BF-SAC-MLP,23,0.377802,101
YTDJ,BF-SAC-MLP,BF-SAC-MLP,24,0.377802,101
YTDJ,BF-SAC-MLP,BF-SAC-MLP,25,0.377802,101
YTDJ,BF-SAC-MLP,BF-SAC-MLP,26,0.377802,101
YTDJ,BF-SAC-MLP,BF-SAC-MLP,27,0.377802,101
YTDJ,BF-SAC-MLP,BF-SAC-MLP,28,0.377802,101
YTDJ,BF-SAC-MLP,BF-SAC-MLP,29,0.377802,101
YTDJ,BF-SAC-MLP,BF-SAC-MLP,30,0.377802,101
YTDJ,BF-SAC-MLP,BF-SAC-MLP,31,0.311637,101
YTDJ,BF-SAC-MLP,BF-SAC-MLP,32,0.311637,101
YTDJ,BF-SAC-MLP,BF-SAC-MLP,33,0.311637,101
YTDJ,BF-SAC-MLP,BF-SAC-MLP,34,0.311637,101
YTDJ,BF-SAC-MLP,BF-SAC-MLP,35,0.311637,101
YTDJ,BF-SAC-MLP,BF-SAC-MLP,36,0.311637,101
YTDJ,BF-SAC-MLP,BF-SAC-MLP,37,0.311637,101
YTDJ,BF-SAC-MLP,BF-SAC-MLP,38,0.24555,101
YTDJ,BF-SAC-MLP,BF-SAC-MLP,39,0.24555,101
YTDJ,BF-SAC-MLP,BF-SAC-MLP,40,0.24555,101
YTDJ,BF-SAC-MLP,BF-SAC-MLP,41,0.24555,101
YTDJ,BF-SAC-MLP,BF-SAC-MLP,42,0.24555,101
YTDJ,BF-SAC-MLP,BF-SAC-MLP,43,0.24555,101
YTDJ,BF-SAC-MLP,BF-SAC-MLP,44,0.232998,101
YTDJ,BF-SAC-MLP,BF-SAC-MLP,45,0.232998,101
YTDJ,BF-SAC-MLP,BF-SAC-MLP,46,0.232998,101
YTDJ,BF-SAC-MLP,BF-SAC-MLP,47,0.232998,101
YTDJ,BF-SAC-MLP,BF-SAC-MLP,48,0.232998,101
YTDJ,BF-SAC-MLP,BF-SAC-MLP,49,0.232998,101
YTDJ,BF-SAC-MLP,BF-SAC-MLP,50,0.232998,101
YTDJ,BF-SAC-MLP,BF-SAC-MLP,51,0.232998,101
YTDJ,BF-SAC-MLP,BF-SAC-MLP,52,0.232998,101
YTDJ,BF-SAC-MLP,BF-SAC-MLP,53,0.232998,101
YTDJ,BF-SAC-MLP,BF-SAC-MLP,54,0.232998,101
YTDJ,BF-SAC-MLP,BF-SAC-MLP,55,0.232998,101
YTDJ,BF-SAC-MLP,BF-SAC-MLP,56,0.232998,101
YTDJ,BF-SAC-MLP,BF-SAC-MLP,57,0.232998,101
YTDJ,BF-SAC-MLP,BF-SAC-MLP,58,0.232998,101
YTDJ,BF-SAC-MLP,BF-SAC-MLP,59,0.189573,101
YTDJ,BF-SAC-MLP,BF-SAC-MLP,60,0.189573,101
YTDJ,BF-SAC-MLP,BF-SAC-MLP,61,0.189573,101
YTDJ,BF-SAC-MLP,BF-SAC-MLP,62,0.17702,101
YTDJ,BF-SAC-MLP,BF-SAC-MLP,63,0.17702,101
YTDJ,BF-SAC-MLP,BF-SAC-MLP,64,0.17702,101
YTDJ,BF-SAC-MLP,BF-SAC-MLP,65,0.17702,101
YTDJ,BF-SAC-MLP,BF-SAC-MLP,66,0.17702,101
YTDJ,BF-SAC-MLP,BF-SAC-MLP,67,0.17702,101
YTDJ,BF-SAC-MLP,BF-SAC-MLP,68,0.17702,101
YTDJ,BF-SAC-MLP,BF-SAC-MLP,69,0.17702,101
YTDJ,BF-SAC-MLP,BF-SAC-MLP,70,0.17702,101
YTDJ,BF-SAC-MLP,BF-SAC-MLP,71,0.17702,101
YTDJ,BF-SAC-MLP,BF-SAC-MLP,72,0.17702,101
YTDJ,BF-SAC-MLP,BF-SAC-MLP,73,0.17702,101
YTDJ,BF-SAC-MLP,BF-SAC-MLP,74,0.17702,101
YTDJ,BF-SAC-MLP,BF-SAC-MLP,75,0.17702,101
YTDJ,BF-SAC-MLP,BF-SAC-MLP,76,0.17702,101
YTDJ,BF-SAC-MLP,BF-SAC-MLP,77,0.17702,101
YTDJ,BF-SAC-MLP,BF-SAC-MLP,78,0.17702,101
YTDJ,BF-SAC-MLP,BF-SAC-MLP,79,0.17702,101
YTDJ,BF-SAC-MLP,BF-SAC-MLP,80,0.17702,101
YTDJ,BF-SAC-MLP,BF-SAC-MLP,81,0.17702,101
YTDJ,BF-SAC-MLP,BF-SAC-MLP,82,0.17702,101
YTDJ,BF-SAC-MLP,BF-SAC-MLP,83,0.17702,101
YTDJ,BF-SAC-MLP,BF-SAC-MLP,84,0.17702,101
YTDJ,BF-SAC-MLP,BF-SAC-MLP,85,0.17702,101
YTDJ,BF-SAC-MLP,BF-SAC-MLP,86,0.17702,101
YTDJ,BF-SAC-MLP,BF-SAC-MLP,87,0.17702,101
YTDJ,BF-SAC-MLP,BF-SAC-MLP,88,0.17702,101
YTDJ,BF-SAC-MLP,BF-SAC-MLP,89,0.17702,101
YTDJ,BF-SAC-MLP,BF-SAC-MLP,90,0.17702,101
YTDJ,BF-SAC-MLP,BF-SAC-MLP,91,0.17702,101
YTDJ,BF-SAC-MLP,BF-SAC-MLP,92,0.17702,101
YTDJ,BF-SAC-MLP,BF-SAC-MLP,93,0.17702,101
YTDJ,BF-SAC-MLP,BF-SAC-MLP,94,0.17702,101
YTDJ,BF-SAC-MLP,BF-SAC-MLP,95,0.17702,101
YTDJ,BF-SAC-MLP,BF-SAC-MLP,96,0.17702,101
YTDJ,BF-SAC-MLP,BF-SAC-MLP,97,0.17702,101
YTDJ,BF-SAC-MLP,BF-SAC-MLP,98,0.17702,101
YTDJ,BF-SAC-MLP,BF-SAC-MLP,99,0.17702,101
YTDJ,BF-SAC-MLP,BF-SAC-MLP,100,0.17702,101
YTDJ,遗传算法（GA）,GA,1,0.4484080465441957,42
YTDJ,遗传算法（GA）,GA,2,0.4484080465441957,42
YTDJ,遗传算法（GA）,GA,3,0.4484080465441957,42
YTDJ,遗传算法（GA）,GA,4,0.4484080465441957,42
YTDJ,遗传算法（GA）,GA,5,0.4484080465441957,42
YTDJ,遗传算法（GA）,GA,6,0.4484080465441957,42
YTDJ,遗传算法（GA）,GA,7,0.4484080465441957,42
YTDJ,遗传算法（GA）,GA,8,0.4484080465441957,42
YTDJ,遗传算法（GA）,GA,9,0.4484080465441957,42
YTDJ,遗传算法（GA）,GA,10,0.4484080465441957,42
YTDJ,遗传算法（GA）,GA,11,0.4484080465441957,42
YTDJ,遗传算法（GA）,GA,12,0.4484080465441957,42
YTDJ,遗传算法（GA）,GA,13,0.4484080465441957,42
YTDJ,遗传算法（GA）,GA,14,0.4484080465441957,42
YTDJ,遗传算法（GA）,GA,15,0.423474382905523,42
YTDJ,遗传算法（GA）,GA,16,0.423474382905523,42
YTDJ,遗传算法（GA）,GA,17,0.423474382905523,42
YTDJ,遗传算法（GA）,GA,18,0.3282791385732239,42
YTDJ,遗传算法（GA）,GA,19,0.3282791385732239,42
YTDJ,遗传算法（GA）,GA,20,0.3281529818899775,42
YTDJ,遗传算法（GA）,GA,21,0.3281529818899775,42
YTDJ,遗传算法（GA）,GA,22,0.3281529818899775,42
YTDJ,遗传算法（GA）,GA,23,0.3281529818899775,42
YTDJ,遗传算法（GA）,GA,24,0.3281529818899775,42
YTDJ,遗传算法（GA）,GA,25,0.3281529818899775,42
YTDJ,遗传算法（GA）,GA,26,0.3281529818899775,42
YTDJ,遗传算法（GA）,GA,27,0.3281529818899775,42
YTDJ,遗传算法（GA）,GA,28,0.3132964245772555,42
YTDJ,遗传算法（GA）,GA,29,0.3132964245772555,42
YTDJ,遗传算法（GA）,GA,30,0.3132964245772555,42
YTDJ,遗传算法（GA）,GA,31,0.2680376623124058,42
YTDJ,遗传算法（GA）,GA,32,0.2680376623124058,42
YTDJ,遗传算法（GA）,GA,33,0.2680376623124058,42
YTDJ,遗传算法（GA）,GA,34,0.2680376623124058,42
YTDJ,遗传算法（GA）,GA,35,0.2680376623124058,42
YTDJ,遗传算法（GA）,GA,36,0.2680376623124058,42
YTDJ,遗传算法（GA）,GA,37,0.2680376623124058,42
YTDJ,遗传算法（GA）,GA,38,0.2680376623124058,42
YTDJ,遗传算法（GA）,GA,39,0.2680376623124058,42
YTDJ,遗传算法（GA）,GA,40,0.2620435215422187,42
YTDJ,遗传算法（GA）,GA,41,0.2620435215422187,42
YTDJ,遗传算法（GA）,GA,42,0.2620435215422187,42
YTDJ,遗传算法（GA）,GA,43,0.2620435215422187,42
YTDJ,遗传算法（GA）,GA,44,0.2620435215422187,42
YTDJ,遗传算法（GA）,GA,45,0.2620435215422187,42
YTDJ,遗传算法（GA）,GA,46,0.2620435215422187,42
YTDJ,遗传算法（GA）,GA,47,0.2620435215422187,42
YTDJ,遗传算法（GA）,GA,48,0.2620435215422187,42
YTDJ,遗传算法（GA）,GA,49,0.2620435215422187,42
YTDJ,遗传算法（GA）,GA,50,0.2620435215422187,42
YTDJ,遗传算法（GA）,GA,51,0.2620435215422187,42
YTDJ,遗传算法（GA）,GA,52,0.2620435215422187,42
YTDJ,遗传算法（GA）,GA,53,0.2620435215422187,42
YTDJ,遗传算法（GA）,GA,54,0.2620435215422187,42
YTDJ,遗传算法（GA）,GA,55,0.2620435215422187,42
YTDJ,遗传算法（GA）,GA,56,0.2620435215422187,42
YTDJ,遗传算法（GA）,GA,57,0.2620435215422187,42
YTDJ,遗传算法（GA）,GA,58,0.2620435215422187,42
YTDJ,遗传算法（GA）,GA,59,0.2620435215422187,42
YTDJ,遗传算法（GA）,GA,60,0.2620435215422187,42
YTDJ,遗传算法（GA）,GA,61,0.2620435215422187,42
YTDJ,遗传算法（GA）,GA,62,0.2620435215422187,42
YTDJ,遗传算法（GA）,GA,63,0.2620435215422187,42
YTDJ,遗传算法（GA）,GA,64,0.2620435215422187,42
YTDJ,遗传算法（GA）,GA,65,0.2620435215422187,42
YTDJ,遗传算法（GA）,GA,66,0.2620435215422187,42
YTDJ,遗传算法（GA）,GA,67,0.2620435215422187,42
YTDJ,遗传算法（GA）,GA,68,0.2620435215422187,42
YTDJ,遗传算法（GA）,GA,69,0.236574124635833,42
YTDJ,遗传算法（GA）,GA,70,0.236574124635833,42
YTDJ,遗传算法（GA）,GA,71,0.236574124635833,42
YTDJ,遗传算法（GA）,GA,72,0.236574124635833,42
YTDJ,遗传算法（GA）,GA,73,0.2327766191173432,42
YTDJ,遗传算法（GA）,GA,74,0.2327766191173432,42
YTDJ,遗传算法（GA）,GA,75,0.2327766191173432,42
YTDJ,遗传算法（GA）,GA,76,0.2327766191173432,42
YTDJ,遗传算法（GA）,GA,77,0.2327766191173432,42
YTDJ,遗传算法（GA）,GA,78,0.2327766191173432,42
YTDJ,遗传算法（GA）,GA,79,0.2327766191173432,42
YTDJ,遗传算法（GA）,GA,80,0.2327766191173432,42
YTDJ,遗传算法（GA）,GA,81,0.2327766191173432,42
YTDJ,遗传算法（GA）,GA,82,0.2327766191173432,42
YTDJ,遗传算法（GA）,GA,83,0.2327766191173432,42
YTDJ,遗传算法（GA）,GA,84,0.2327766191173432,42
YTDJ,遗传算法（GA）,GA,85,0.2083560337354121,42
YTDJ,遗传算法（GA）,GA,86,0.2083560337354121,42
YTDJ,遗传算法（GA）,GA,87,0.2083560337354121,42
YTDJ,遗传算法（GA）,GA,88,0.2083560337354121,42
YTDJ,遗传算法（GA）,GA,89,0.2083560337354121,42
YTDJ,遗传算法（GA）,GA,90,0.2083560337354121,42
YTDJ,遗传算法（GA）,GA,91,0.2083560337354121,42
YTDJ,遗传算法（GA）,GA,92,0.2083560337354121,42
YTDJ,遗传算法（GA）,GA,93,0.2083560337354121,42
YTDJ,遗传算法（GA）,GA,94,0.2083560337354121,42
YTDJ,遗传算法（GA）,GA,95,0.2083560337354121,42
YTDJ,遗传算法（GA）,GA,96,0.2083560337354121,42
YTDJ,遗传算法（GA）,GA,97,0.2083560337354121,42
YTDJ,遗传算法（GA）,GA,98,0.2083560337354121,42
YTDJ,遗传算法（GA）,GA,99,0.2083560337354121,42
YTDJ,遗传算法（GA）,GA,100,0.2083560337354121,42
YTDJ,BF-SAC-MLP,BF-SAC-MLP,1,0.637523,202
YTDJ,BF-SAC-MLP,BF-SAC-MLP,2,0.637523,202
YTDJ,BF-SAC-MLP,BF-SAC-MLP,3,0.475745,202
YTDJ,BF-SAC-MLP,BF-SAC-MLP,4,0.475745,202
YTDJ,BF-SAC-MLP,BF-SAC-MLP,5,0.475745,202
YTDJ,BF-SAC-MLP,BF-SAC-MLP,6,0.374962,202
YTDJ,BF-SAC-MLP,BF-SAC-MLP,7,0.374962,202
YTDJ,BF-SAC-MLP,BF-SAC-MLP,8,0.374962,202
YTDJ,BF-SAC-MLP,BF-SAC-MLP,9,0.342116,202
YTDJ,BF-SAC-MLP,BF-SAC-MLP,10,0.342116,202
YTDJ,BF-SAC-MLP,BF-SAC-MLP,11,0.342116,202
YTDJ,BF-SAC-MLP,BF-SAC-MLP,12,0.342116,202
YTDJ,BF-SAC-MLP,BF-SAC-MLP,13,0.334826,202
YTDJ,BF-SAC-MLP,BF-SAC-MLP,14,0.334826,202
YTDJ,BF-SAC-MLP,BF-SAC-MLP,15,0.334826,202
YTDJ,BF-SAC-MLP,BF-SAC-MLP,16,0.334826,202
YTDJ,BF-SAC-MLP,BF-SAC-MLP,17,0.334826,202
YTDJ,BF-SAC-MLP,BF-SAC-MLP,18,0.334826,202
YTDJ,BF-SAC-MLP,BF-SAC-MLP,19,0.334826,202
YTDJ,BF-SAC-MLP,BF-SAC-MLP,20,0.334826,202
YTDJ,BF-SAC-MLP,BF-SAC-MLP,21,0.334826,202
YTDJ,BF-SAC-MLP,BF-SAC-MLP,22,0.309252,202
YTDJ,BF-SAC-MLP,BF-SAC-MLP,23,0.309252,202
YTDJ,BF-SAC-MLP,BF-SAC-MLP,24,0.309252,202
YTDJ,BF-SAC-MLP,BF-SAC-MLP,25,0.309252,202
YTDJ,BF-SAC-MLP,BF-SAC-MLP,26,0.309252,202
YTDJ,BF-SAC-MLP,BF-SAC-MLP,27,0.309252,202
YTDJ,BF-SAC-MLP,BF-SAC-MLP,28,0.285195,202
YTDJ,BF-SAC-MLP,BF-SAC-MLP,29,0.285195,202
YTDJ,BF-SAC-MLP,BF-SAC-MLP,30,0.285195,202
YTDJ,BF-SAC-MLP,BF-SAC-MLP,31,0.285195,202
YTDJ,BF-SAC-MLP,BF-SAC-MLP,32,0.285195,202
YTDJ,BF-SAC-MLP,BF-SAC-MLP,33,0.285195,202
YTDJ,BF-SAC-MLP,BF-SAC-MLP,34,0.285195,202
YTDJ,BF-SAC-MLP,BF-SAC-MLP,35,0.285195,202
YTDJ,BF-SAC-MLP,BF-SAC-MLP,36,0.285195,202
YTDJ,BF-SAC-MLP,BF-SAC-MLP,37,0.285195,202
YTDJ,BF-SAC-MLP,BF-SAC-MLP,38,0.285195,202
YTDJ,BF-SAC-MLP,BF-SAC-MLP,39,0.212852,202
YTDJ,BF-SAC-MLP,BF-SAC-MLP,40,0.212852,202
YTDJ,BF-SAC-MLP,BF-SAC-MLP,41,0.1792,202
YTDJ,BF-SAC-MLP,BF-SAC-MLP,42,0.1792,202
YTDJ,BF-SAC-MLP,BF-SAC-MLP,43,0.1792,202
YTDJ,BF-SAC-MLP,BF-SAC-MLP,44,0.1792,202
YTDJ,BF-SAC-MLP,BF-SAC-MLP,45,0.1792,202
YTDJ,BF-SAC-MLP,BF-SAC-MLP,46,0.1792,202
YTDJ,BF-SAC-MLP,BF-SAC-MLP,47,0.1792,202
YTDJ,BF-SAC-MLP,BF-SAC-MLP,48,0.1792,202
YTDJ,BF-SAC-MLP,BF-SAC-MLP,49,0.1792,202
YTDJ,BF-SAC-MLP,BF-SAC-MLP,50,0.1792,202
YTDJ,BF-SAC-MLP,BF-SAC-MLP,51,0.1792,202
YTDJ,BF-SAC-MLP,BF-SAC-MLP,52,0.1792,202
YTDJ,BF-SAC-MLP,BF-SAC-MLP,53,0.1792,202
YTDJ,BF-SAC-MLP,BF-SAC-MLP,54,0.1792,202
YTDJ,BF-SAC-MLP,BF-SAC-MLP,55,0.1792,202
YTDJ,BF-SAC-MLP,BF-SAC-MLP,56,0.1792,202
YTDJ,BF-SAC-MLP,BF-SAC-MLP,57,0.1792,202
YTDJ,BF-SAC-MLP,BF-SAC-MLP,58,0.1792,202
YTDJ,BF-SAC-MLP,BF-SAC-MLP,59,0.1792,202
YTDJ,BF-SAC-MLP,BF-SAC-MLP,60,0.1792,202
YTDJ,BF-SAC-MLP,BF-SAC-MLP,61,0.1792,202
YTDJ,BF-SAC-MLP,BF-SAC-MLP,62,0.1792,202
YTDJ,BF-SAC-MLP,BF-SAC-MLP,63,0.1792,202
YTDJ,BF-SAC-MLP,BF-SAC-MLP,64,0.1792,202
YTDJ,BF-SAC-MLP,BF-SAC-MLP,65,0.1792,202
YTDJ,BF-SAC-MLP,BF-SAC-MLP,66,0.1792,202
YTDJ,BF-SAC-MLP,BF-SAC-MLP,67,0.1792,202
YTDJ,BF-SAC-MLP,BF-SAC-MLP,68,0.1792,202
YTDJ,BF-SAC-MLP,BF-SAC-MLP,69,0.1792,202
YTDJ,BF-SAC-MLP,BF-SAC-MLP,70,0.1792,202
YTDJ,BF-SAC-MLP,BF-SAC-MLP,71,0.1792,202
YTDJ,BF-SAC-MLP,BF-SAC-MLP,72,0.1792,202
YTDJ,BF-SAC-MLP,BF-SAC-MLP,73,0.1792,202
YTDJ,BF-SAC-MLP,BF-SAC-MLP,74,0.1792,202
YTDJ,BF-SAC-MLP,BF-SAC-MLP,75,0.1792,202
YTDJ,BF-SAC-MLP,BF-SAC-MLP,76,0.1792,202
YTDJ,BF-SAC-MLP,BF-SAC-MLP,77,0.1792,202
YTDJ,BF-SAC-MLP,BF-SAC-MLP,78,0.1792,202
YTDJ,BF-SAC-MLP,BF-SAC-MLP,79,0.1792,202
YTDJ,BF-SAC-MLP,BF-SAC-MLP,80,0.1792,202
YTDJ,BF-SAC-MLP,BF-SAC-MLP,81,0.1792,202
YTDJ,BF-SAC-MLP,BF-SAC-MLP,82,0.1792,202
YTDJ,BF-SAC-MLP,BF-SAC-MLP,83,0.1792,202
YTDJ,BF-SAC-MLP,BF-SAC-MLP,84,0.175151,202
YTDJ,BF-SAC-MLP,BF-SAC-MLP,85,0.175151,202
YTDJ,BF-SAC-MLP,BF-SAC-MLP,86,0.175151,202
YTDJ,BF-SAC-MLP,BF-SAC-MLP,87,0.175151,202
YTDJ,BF-SAC-MLP,BF-SAC-MLP,88,0.175151,202
YTDJ,BF-SAC-MLP,BF-SAC-MLP,89,0.175151,202
YTDJ,BF-SAC-MLP,BF-SAC-MLP,90,0.175151,202
YTDJ,BF-SAC-MLP,BF-SAC-MLP,91,0.175151,202
YTDJ,BF-SAC-MLP,BF-SAC-MLP,92,0.175151,202
YTDJ,BF-SAC-MLP,BF-SAC-MLP,93,0.175151,202
YTDJ,BF-SAC-MLP,BF-SAC-MLP,94,0.175151,202
YTDJ,BF-SAC-MLP,BF-SAC-MLP,95,0.175151,202
YTDJ,BF-SAC-MLP,BF-SAC-MLP,96,0.175151,202
YTDJ,BF-SAC-MLP,BF-SAC-MLP,97,0.175151,202
YTDJ,BF-SAC-MLP,BF-SAC-MLP,98,0.175151,202
YTDJ,BF-SAC-MLP,BF-SAC-MLP,99,0.175151,202
YTDJ,BF-SAC-MLP,BF-SAC-MLP,100,0.175151,202
YTDJ,BF-SAC-MLP,BF-SAC-MLP,1,0.599176,42
YTDJ,BF-SAC-MLP,BF-SAC-MLP,2,0.468782,42
YTDJ,BF-SAC-MLP,BF-SAC-MLP,3,0.468782,42
YTDJ,BF-SAC-MLP,BF-SAC-MLP,4,0.468782,42
YTDJ,BF-SAC-MLP,BF-SAC-MLP,5,0.468782,42
YTDJ,BF-SAC-MLP,BF-SAC-MLP,6,0.460344,42
YTDJ,BF-SAC-MLP,BF-SAC-MLP,7,0.460344,42
YTDJ,BF-SAC-MLP,BF-SAC-MLP,8,0.419412,42
YTDJ,BF-SAC-MLP,BF-SAC-MLP,9,0.419412,42
YTDJ,BF-SAC-MLP,BF-SAC-MLP,10,0.419412,42
YTDJ,BF-SAC-MLP,BF-SAC-MLP,11,0.419412,42
YTDJ,BF-SAC-MLP,BF-SAC-MLP,12,0.419412,42
YTDJ,BF-SAC-MLP,BF-SAC-MLP,13,0.419412,42
YTDJ,BF-SAC-MLP,BF-SAC-MLP,14,0.419412,42
YTDJ,BF-SAC-MLP,BF-SAC-MLP,15,0.419412,42
YTDJ,BF-SAC-MLP,BF-SAC-MLP,16,0.419412,42
YTDJ,BF-SAC-MLP,BF-SAC-MLP,17,0.419412,42
YTDJ,BF-SAC-MLP,BF-SAC-MLP,18,0.419412,42
YTDJ,BF-SAC-MLP,BF-SAC-MLP,19,0.419412,42
YTDJ,BF-SAC-MLP,BF-SAC-MLP,20,0.419412,42
YTDJ,BF-SAC-MLP,BF-SAC-MLP,21,0.419412,42
YTDJ,BF-SAC-MLP,BF-SAC-MLP,22,0.419412,42
YTDJ,BF-SAC-MLP,BF-SAC-MLP,23,0.419412,42
YTDJ,BF-SAC-MLP,BF-SAC-MLP,24,0.419412,42
YTDJ,BF-SAC-MLP,BF-SAC-MLP,25,0.419412,42
YTDJ,BF-SAC-MLP,BF-SAC-MLP,26,0.419412,42
YTDJ,BF-SAC-MLP,BF-SAC-MLP,27,0.366667,42
YTDJ,BF-SAC-MLP,BF-SAC-MLP,28,0.292062,42
YTDJ,BF-SAC-MLP,BF-SAC-MLP,29,0.292062,42
YTDJ,BF-SAC-MLP,BF-SAC-MLP,30,0.292062,42
YTDJ,BF-SAC-MLP,BF-SAC-MLP,31,0.292062,42
YTDJ,BF-SAC-MLP,BF-SAC-MLP,32,0.292062,42
YTDJ,BF-SAC-MLP,BF-SAC-MLP,33,0.292062,42
YTDJ,BF-SAC-MLP,BF-SAC-MLP,34,0.292062,42
YTDJ,BF-SAC-MLP,BF-SAC-MLP,35,0.292062,42
YTDJ,BF-SAC-MLP,BF-SAC-MLP,36,0.292062,42
YTDJ,BF-SAC-MLP,BF-SAC-MLP,37,0.292062,42
YTDJ,BF-SAC-MLP,BF-SAC-MLP,38,0.292062,42
YTDJ,BF-SAC-MLP,BF-SAC-MLP,39,0.292062,42
YTDJ,BF-SAC-MLP,BF-SAC-MLP,40,0.292062,42
YTDJ,BF-SAC-MLP,BF-SAC-MLP,41,0.292062,42
YTDJ,BF-SAC-MLP,BF-SAC-MLP,42,0.292062,42
YTDJ,BF-SAC-MLP,BF-SAC-MLP,43,0.292062,42
YTDJ,BF-SAC-MLP,BF-SAC-MLP,44,0.292062,42
YTDJ,BF-SAC-MLP,BF-SAC-MLP,45,0.265208,42
YTDJ,BF-SAC-MLP,BF-SAC-MLP,46,0.265208,42
YTDJ,BF-SAC-MLP,BF-SAC-MLP,47,0.224199,42
YTDJ,BF-SAC-MLP,BF-SAC-MLP,48,0.224199,42
YTDJ,BF-SAC-MLP,BF-SAC-MLP,49,0.224199,42
YTDJ,BF-SAC-MLP,BF-SAC-MLP,50,0.218835,42
YTDJ,BF-SAC-MLP,BF-SAC-MLP,51,0.217364,42
YTDJ,BF-SAC-MLP,BF-SAC-MLP,52,0.215563,42
YTDJ,BF-SAC-MLP,BF-SAC-MLP,53,0.215563,42
YTDJ,BF-SAC-MLP,BF-SAC-MLP,54,0.215563,42
YTDJ,BF-SAC-MLP,BF-SAC-MLP,55,0.215563,42
YTDJ,BF-SAC-MLP,BF-SAC-MLP,56,0.215563,42
YTDJ,BF-SAC-MLP,BF-SAC-MLP,57,0.215563,42
YTDJ,BF-SAC-MLP,BF-SAC-MLP,58,0.215563,42
YTDJ,BF-SAC-MLP,BF-SAC-MLP,59,0.202687,42
YTDJ,BF-SAC-MLP,BF-SAC-MLP,60,0.202687,42
YTDJ,BF-SAC-MLP,BF-SAC-MLP,61,0.202687,42
YTDJ,BF-SAC-MLP,BF-SAC-MLP,62,0.202687,42
YTDJ,BF-SAC-MLP,BF-SAC-MLP,63,0.202687,42
YTDJ,BF-SAC-MLP,BF-SAC-MLP,64,0.202687,42
YTDJ,BF-SAC-MLP,BF-SAC-MLP,65,0.202687,42
YTDJ,BF-SAC-MLP,BF-SAC-MLP,66,0.202687,42
YTDJ,BF-SAC-MLP,BF-SAC-MLP,67,0.202687,42
YTDJ,BF-SAC-MLP,BF-SAC-MLP,68,0.202687,42
YTDJ,BF-SAC-MLP,BF-SAC-MLP,69,0.202687,42
YTDJ,BF-SAC-MLP,BF-SAC-MLP,70,0.202687,42
YTDJ,BF-SAC-MLP,BF-SAC-MLP,71,0.187909,42
YTDJ,BF-SAC-MLP,BF-SAC-MLP,72,0.187909,42
YTDJ,BF-SAC-MLP,BF-SAC-MLP,73,0.187909,42
YTDJ,BF-SAC-MLP,BF-SAC-MLP,74,0.187909,42
YTDJ,BF-SAC-MLP,BF-SAC-MLP,75,0.187909,42
YTDJ,BF-SAC-MLP,BF-SAC-MLP,76,0.187909,42
YTDJ,BF-SAC-MLP,BF-SAC-MLP,77,0.187909,42
YTDJ,BF-SAC-MLP,BF-SAC-MLP,78,0.187909,42
YTDJ,BF-SAC-MLP,BF-SAC-MLP,79,0.187909,42
YTDJ,BF-SAC-MLP,BF-SAC-MLP,80,0.187909,42
YTDJ,BF-SAC-MLP,BF-SAC-MLP,81,0.187909,42
YTDJ,BF-SAC-MLP,BF-SAC-MLP,82,0.187909,42
YTDJ,BF-SAC-MLP,BF-SAC-MLP,83,0.187909,42
YTDJ,BF-SAC-MLP,BF-SAC-MLP,84,0.187909,42
YTDJ,BF-SAC-MLP,BF-SAC-MLP,85,0.187909,42
YTDJ,BF-SAC-MLP,BF-SAC-MLP,86,0.184101,42
YTDJ,BF-SAC-MLP,BF-SAC-MLP,87,0.180968,42
YTDJ,BF-SAC-MLP,BF-SAC-MLP,88,0.180968,42
YTDJ,BF-SAC-MLP,BF-SAC-MLP,89,0.180968,42
YTDJ,BF-SAC-MLP,BF-SAC-MLP,90,0.180968,42
YTDJ,BF-SAC-MLP,BF-SAC-MLP,91,0.180968,42
YTDJ,BF-SAC-MLP,BF-SAC-MLP,92,0.180968,42
YTDJ,BF-SAC-MLP,BF-SAC-MLP,93,0.180968,42
YTDJ,BF-SAC-MLP,BF-SAC-MLP,94,0.180968,42
YTDJ,BF-SAC-MLP,BF-SAC-MLP,95,0.180968,42
YTDJ,BF-SAC-MLP,BF-SAC-MLP,96,0.180968,42
YTDJ,BF-SAC-MLP,BF-SAC-MLP,97,0.180968,42
YTDJ,BF-SAC-MLP,BF-SAC-MLP,98,0.180968,42
YTDJ,BF-SAC-MLP,BF-SAC-MLP,99,0.180968,42
YTDJ,BF-SAC-MLP,BF-SAC-MLP,100,0.180968,42
YTDJ,SPSA,SPSA,1,0.3660973206971942,404
YTDJ,SPSA,SPSA,2,0.2565406294699875,404
YTDJ,SPSA,SPSA,3,0.2565406294699875,404
YTDJ,SPSA,SPSA,4,0.2565406294699875,404
YTDJ,SPSA,SPSA,5,0.2565406294699875,404
YTDJ,SPSA,SPSA,6,0.2565406294699875,404
YTDJ,SPSA,SPSA,7,0.2565406294699875,404
YTDJ,SPSA,SPSA,8,0.2565406294699875,404
YTDJ,SPSA,SPSA,9,0.2565406294699875,404
YTDJ,SPSA,SPSA,10,0.2565406294699875,404
YTDJ,SPSA,SPSA,11,0.2565406294699875,404
YTDJ,SPSA,SPSA,12,0.2565406294699875,404
YTDJ,SPSA,SPSA,13,0.2565406294699875,404
YTDJ,SPSA,SPSA,14,0.2565406294699875,404
YTDJ,SPSA,SPSA,15,0.2565406294699875,404
YTDJ,SPSA,SPSA,16,0.2565406294699875,404
YTDJ,SPSA,SPSA,17,0.2565406294699875,404
YTDJ,SPSA,SPSA,18,0.2565406294699875,404
YTDJ,SPSA,SPSA,19,0.2565406294699875,404
YTDJ,SPSA,SPSA,20,0.2565406294699875,404
YTDJ,SPSA,SPSA,21,0.2565406294699875,404
YTDJ,SPSA,SPSA,22,0.2565406294699875,404
YTDJ,SPSA,SPSA,23,0.2565406294699875,404
YTDJ,SPSA,SPSA,24,0.2565406294699875,404
YTDJ,SPSA,SPSA,25,0.230502517744851,404
YTDJ,SPSA,SPSA,26,0.230502517744851,404
YTDJ,SPSA,SPSA,27,0.230502517744851,404
YTDJ,SPSA,SPSA,28,0.230502517744851,404
YTDJ,SPSA,SPSA,29,0.230502517744851,404
YTDJ,SPSA,SPSA,30,0.230502517744851,404
YTDJ,SPSA,SPSA,31,0.230502517744851,404
YTDJ,SPSA,SPSA,32,0.230502517744851,404
YTDJ,SPSA,SPSA,33,0.230502517744851,404
YTDJ,SPSA,SPSA,34,0.230502517744851,404
YTDJ,SPSA,SPSA,35,0.230502517744851,404
YTDJ,SPSA,SPSA,36,0.230502517744851,404
YTDJ,SPSA,SPSA,37,0.230502517744851,404
YTDJ,SPSA,SPSA,38,0.2190746507998443,404
YTDJ,SPSA,SPSA,39,0.2190746507998443,404
YTDJ,SPSA,SPSA,40,0.2190746507998443,404
YTDJ,SPSA,SPSA,41,0.2190746507998443,404
YTDJ,SPSA,SPSA,42,0.2190746507998443,404
YTDJ,SPSA,SPSA,43,0.2190746507998443,404
YTDJ,SPSA,SPSA,44,0.2190746507998443,404
YTDJ,SPSA,SPSA,45,0.2190746507998443,404
YTDJ,SPSA,SPSA,46,0.2190746507998443,404
YTDJ,SPSA,SPSA,47,0.2190746507998443,404
YTDJ,SPSA,SPSA,48,0.2190746507998443,404
YTDJ,SPSA,SPSA,49,0.2190746507998443,404
YTDJ,SPSA,SPSA,50,0.2190746507998443,404
YTDJ,SPSA,SPSA,51,0.2190746507998443,404
YTDJ,SPSA,SPSA,52,0.2190746507998443,404
YTDJ,SPSA,SPSA,53,0.2190746507998443,404
YTDJ,SPSA,SPSA,54,0.2190746507998443,404
YTDJ,SPSA,SPSA,55,0.2190746507998443,404
YTDJ,SPSA,SPSA,56,0.2190746507998443,404
YTDJ,SPSA,SPSA,57,0.2190746507998443,404
YTDJ,SPSA,SPSA,58,0.2190746507998443,404
YTDJ,SPSA,SPSA,59,0.2190746507998443,404
YTDJ,SPSA,SPSA,60,0.2190746507998443,404
YTDJ,SPSA,SPSA,61,0.2190746507998443,404
YTDJ,SPSA,SPSA,62,0.2190746507998443,404
YTDJ,SPSA,SPSA,63,0.2190746507998443,404
YTDJ,SPSA,SPSA,64,0.2190746507998443,404
YTDJ,SPSA,SPSA,65,0.2190746507998443,404
YTDJ,SPSA,SPSA,66,0.2190746507998443,404
YTDJ,SPSA,SPSA,67,0.2190746507998443,404
YTDJ,SPSA,SPSA,68,0.2190746507998443,404
YTDJ,SPSA,SPSA,69,0.2190746507998443,404
YTDJ,SPSA,SPSA,70,0.2190746507998443,404
YTDJ,SPSA,SPSA,71,0.2190746507998443,404
YTDJ,SPSA,SPSA,72,0.2190746507998443,404
YTDJ,SPSA,SPSA,73,0.2190746507998443,404
YTDJ,SPSA,SPSA,74,0.2190746507998443,404
YTDJ,SPSA,SPSA,75,0.2190746507998443,404
YTDJ,SPSA,SPSA,76,0.2190746507998443,404
YTDJ,SPSA,SPSA,77,0.2190746507998443,404
YTDJ,SPSA,SPSA,78,0.2190746507998443,404
YTDJ,SPSA,SPSA,79,0.2190746507998443,404
YTDJ,SPSA,SPSA,80,0.2190746507998443,404
YTDJ,SPSA,SPSA,81,0.2190746507998443,404
YTDJ,SPSA,SPSA,82,0.2190746507998443,404
YTDJ,SPSA,SPSA,83,0.2190746507998443,404
YTDJ,SPSA,SPSA,84,0.2190746507998443,404
YTDJ,SPSA,SPSA,85,0.2190746507998443,404
YTDJ,SPSA,SPSA,86,0.2190746507998443,404
YTDJ,SPSA,SPSA,87,0.2190746507998443,404
YTDJ,SPSA,SPSA,88,0.2190746507998443,404
YTDJ,SPSA,SPSA,89,0.2190746507998443,404
YTDJ,SPSA,SPSA,90,0.2190746507998443,404
YTDJ,SPSA,SPSA,91,0.2190746507998443,404
YTDJ,SPSA,SPSA,92,0.2190746507998443,404
YTDJ,SPSA,SPSA,93,0.2190746507998443,404
YTDJ,SPSA,SPSA,94,0.2190746507998443,404
YTDJ,SPSA,SPSA,95,0.2190746507998443,404
YTDJ,SPSA,SPSA,96,0.2190746507998443,404
YTDJ,SPSA,SPSA,97,0.2190746507998443,404
YTDJ,SPSA,SPSA,98,0.2190746507998443,404
YTDJ,SPSA,SPSA,99,0.2190746507998443,404
YTDJ,SPSA,SPSA,100,0.2190746507998443,404
YTDJ,遗传算法（GA）,GA,1,0.6537304677682518,101
YTDJ,遗传算法（GA）,GA,2,0.5850068408338027,101
YTDJ,遗传算法（GA）,GA,3,0.4618743003266272,101
YTDJ,遗传算法（GA）,GA,4,0.4618743003266272,101
YTDJ,遗传算法（GA）,GA,5,0.3988057782291559,101
YTDJ,遗传算法（GA）,GA,6,0.3988057782291559,101
YTDJ,遗传算法（GA）,GA,7,0.3988057782291559,101
YTDJ,遗传算法（GA）,GA,8,0.3988057782291559,101
YTDJ,遗传算法（GA）,GA,9,0.3988057782291559,101
YTDJ,遗传算法（GA）,GA,10,0.2666923150832698,101
YTDJ,遗传算法（GA）,GA,11,0.2666923150832698,101
YTDJ,遗传算法（GA）,GA,12,0.2666923150832698,101
YTDJ,遗传算法（GA）,GA,13,0.2003621691325894,101
YTDJ,遗传算法（GA）,GA,14,0.2003621691325894,101
YTDJ,遗传算法（GA）,GA,15,0.2003621691325894,101
YTDJ,遗传算法（GA）,GA,16,0.2003621691325894,101
YTDJ,遗传算法（GA）,GA,17,0.2003621691325894,101
YTDJ,遗传算法（GA）,GA,18,0.2003621691325894,101
YTDJ,遗传算法（GA）,GA,19,0.2003621691325894,101
YTDJ,遗传算法（GA）,GA,20,0.2003621691325894,101
YTDJ,遗传算法（GA）,GA,21,0.2003621691325894,101
YTDJ,遗传算法（GA）,GA,22,0.2003621691325894,101
YTDJ,遗传算法（GA）,GA,23,0.2003621691325894,101
YTDJ,遗传算法（GA）,GA,24,0.2003621691325894,101
YTDJ,遗传算法（GA）,GA,25,0.2003621691325894,101
YTDJ,遗传算法（GA）,GA,26,0.2003621691325894,101
YTDJ,遗传算法（GA）,GA,27,0.2003621691325894,101
YTDJ,遗传算法（GA）,GA,28,0.2003621691325894,101
YTDJ,遗传算法（GA）,GA,29,0.2003621691325894,101
YTDJ,遗传算法（GA）,GA,30,0.2003621691325894,101
YTDJ,遗传算法（GA）,GA,31,0.2003621691325894,101
YTDJ,遗传算法（GA）,GA,32,0.2003621691325894,101
YTDJ,遗传算法（GA）,GA,33,0.2003621691325894,101
YTDJ,遗传算法（GA）,GA,34,0.2003621691325894,101
YTDJ,遗传算法（GA）,GA,35,0.2003621691325894,101
YTDJ,遗传算法（GA）,GA,36,0.2003621691325894,101
YTDJ,遗传算法（GA）,GA,37,0.2003621691325894,101
YTDJ,遗传算法（GA）,GA,38,0.2003621691325894,101
YTDJ,遗传算法（GA）,GA,39,0.2003621691325894,101
YTDJ,遗传算法（GA）,GA,40,0.2003621691325894,101
YTDJ,遗传算法（GA）,GA,41,0.1757088261762528,101
YTDJ,遗传算法（GA）,GA,42,0.1757088261762528,101
YTDJ,遗传算法（GA）,GA,43,0.1757088261762528,101
YTDJ,遗传算法（GA）,GA,44,0.1757088261762528,101
YTDJ,遗传算法（GA）,GA,45,0.1757088261762528,101
YTDJ,遗传算法（GA）,GA,46,0.1757088261762528,101
YTDJ,遗传算法（GA）,GA,47,0.1757088261762528,101
YTDJ,遗传算法（GA）,GA,48,0.1757088261762528,101
YTDJ,遗传算法（GA）,GA,49,0.1757088261762528,101
YTDJ,遗传算法（GA）,GA,50,0.1757088261762528,101
YTDJ,遗传算法（GA）,GA,51,0.1757088261762528,101
YTDJ,遗传算法（GA）,GA,52,0.171489191949871,101
YTDJ,遗传算法（GA）,GA,53,0.171489191949871,101
YTDJ,遗传算法（GA）,GA,54,0.171489191949871,101
YTDJ,遗传算法（GA）,GA,55,0.171489191949871,101
YTDJ,遗传算法（GA）,GA,56,0.1652175737623548,101
YTDJ,遗传算法（GA）,GA,57,0.1652175737623548,101
YTDJ,遗传算法（GA）,GA,58,0.1652175737623548,101
YTDJ,遗传算法（GA）,GA,59,0.1652175737623548,101
YTDJ,遗传算法（GA）,GA,60,0.1652175737623548,101
YTDJ,遗传算法（GA）,GA,61,0.1652175737623548,101
YTDJ,遗传算法（GA）,GA,62,0.1652175737623548,101
YTDJ,遗传算法（GA）,GA,63,0.1652175737623548,101
YTDJ,遗传算法（GA）,GA,64,0.1652175737623548,101
YTDJ,遗传算法（GA）,GA,65,0.1652175737623548,101
YTDJ,遗传算法（GA）,GA,66,0.1652175737623548,101
YTDJ,遗传算法（GA）,GA,67,0.1652175737623548,101
YTDJ,遗传算法（GA）,GA,68,0.1652175737623548,101
YTDJ,遗传算法（GA）,GA,69,0.1652175737623548,101
YTDJ,遗传算法（GA）,GA,70,0.1652175737623548,101
YTDJ,遗传算法（GA）,GA,71,0.1652175737623548,101
YTDJ,遗传算法（GA）,GA,72,0.1652175737623548,101
YTDJ,遗传算法（GA）,GA,73,0.1652175737623548,101
YTDJ,遗传算法（GA）,GA,74,0.1652175737623548,101
YTDJ,遗传算法（GA）,GA,75,0.1652175737623548,101
YTDJ,遗传算法（GA）,GA,76,0.1652175737623548,101
YTDJ,遗传算法（GA）,GA,77,0.1652175737623548,101
YTDJ,遗传算法（GA）,GA,78,0.1652175737623548,101
YTDJ,遗传算法（GA）,GA,79,0.1652175737623548,101
YTDJ,遗传算法（GA）,GA,80,0.1652175737623548,101
YTDJ,遗传算法（GA）,GA,81,0.1652175737623548,101
YTDJ,遗传算法（GA）,GA,82,0.1652175737623548,101
YTDJ,遗传算法（GA）,GA,83,0.1652175737623548,101
YTDJ,遗传算法（GA）,GA,84,0.1652175737623548,101
YTDJ,遗传算法（GA）,GA,85,0.1652175737623548,101
YTDJ,遗传算法（GA）,GA,86,0.1652175737623548,101
YTDJ,遗传算法（GA）,GA,87,0.1652175737623548,101
YTDJ,遗传算法（GA）,GA,88,0.1652175737623548,101
YTDJ,遗传算法（GA）,GA,89,0.1652175737623548,101
YTDJ,遗传算法（GA）,GA,90,0.1652175737623548,101
YTDJ,遗传算法（GA）,GA,91,0.1652175737623548,101
YTDJ,遗传算法（GA）,GA,92,0.1602102034950995,101
YTDJ,遗传算法（GA）,GA,93,0.1602102034950995,101
YTDJ,遗传算法（GA）,GA,94,0.1602102034950995,101
YTDJ,遗传算法（GA）,GA,95,0.1602102034950995,101
YTDJ,遗传算法（GA）,GA,96,0.1602102034950995,101
YTDJ,遗传算法（GA）,GA,97,0.1602102034950995,101
YTDJ,遗传算法（GA）,GA,98,0.1602102034950995,101
YTDJ,遗传算法（GA）,GA,99,0.1602102034950995,101
YTDJ,遗传算法（GA）,GA,100,0.1602102034950995,101
YTDJ,BF-SAC-MLP,BF-SAC-MLP,1,0.658439,303
YTDJ,BF-SAC-MLP,BF-SAC-MLP,2,0.614168,303
YTDJ,BF-SAC-MLP,BF-SAC-MLP,3,0.614168,303
YTDJ,BF-SAC-MLP,BF-SAC-MLP,4,0.614168,303
YTDJ,BF-SAC-MLP,BF-SAC-MLP,5,0.614168,303
YTDJ,BF-SAC-MLP,BF-SAC-MLP,6,0.614168,303
YTDJ,BF-SAC-MLP,BF-SAC-MLP,7,0.614168,303
YTDJ,BF-SAC-MLP,BF-SAC-MLP,8,0.614168,303
YTDJ,BF-SAC-MLP,BF-SAC-MLP,9,0.614168,303
YTDJ,BF-SAC-MLP,BF-SAC-MLP,10,0.344536,303
YTDJ,BF-SAC-MLP,BF-SAC-MLP,11,0.344536,303
YTDJ,BF-SAC-MLP,BF-SAC-MLP,12,0.344536,303
YTDJ,BF-SAC-MLP,BF-SAC-MLP,13,0.344536,303
YTDJ,BF-SAC-MLP,BF-SAC-MLP,14,0.344536,303
YTDJ,BF-SAC-MLP,BF-SAC-MLP,15,0.344536,303
YTDJ,BF-SAC-MLP,BF-SAC-MLP,16,0.344536,303
YTDJ,BF-SAC-MLP,BF-SAC-MLP,17,0.344536,303
YTDJ,BF-SAC-MLP,BF-SAC-MLP,18,0.344536,303
YTDJ,BF-SAC-MLP,BF-SAC-MLP,19,0.344536,303
YTDJ,BF-SAC-MLP,BF-SAC-MLP,20,0.344536,303
YTDJ,BF-SAC-MLP,BF-SAC-MLP,21,0.344536,303
YTDJ,BF-SAC-MLP,BF-SAC-MLP,22,0.344536,303
YTDJ,BF-SAC-MLP,BF-SAC-MLP,23,0.344536,303
YTDJ,BF-SAC-MLP,BF-SAC-MLP,24,0.344536,303
YTDJ,BF-SAC-MLP,BF-SAC-MLP,25,0.344536,303
YTDJ,BF-SAC-MLP,BF-SAC-MLP,26,0.344536,303
YTDJ,BF-SAC-MLP,BF-SAC-MLP,27,0.344536,303
YTDJ,BF-SAC-MLP,BF-SAC-MLP,28,0.344536,303
YTDJ,BF-SAC-MLP,BF-SAC-MLP,29,0.344536,303
YTDJ,BF-SAC-MLP,BF-SAC-MLP,30,0.344536,303
YTDJ,BF-SAC-MLP,BF-SAC-MLP,31,0.344536,303
YTDJ,BF-SAC-MLP,BF-SAC-MLP,32,0.344536,303
YTDJ,BF-SAC-MLP,BF-SAC-MLP,33,0.344536,303
YTDJ,BF-SAC-MLP,BF-SAC-MLP,34,0.344536,303
YTDJ,BF-SAC-MLP,BF-SAC-MLP,35,0.344536,303
YTDJ,BF-SAC-MLP,BF-SAC-MLP,36,0.344536,303
YTDJ,BF-SAC-MLP,BF-SAC-MLP,37,0.344536,303
YTDJ,BF-SAC-MLP,BF-SAC-MLP,38,0.344536,303
YTDJ,BF-SAC-MLP,BF-SAC-MLP,39,0.344536,303
YTDJ,BF-SAC-MLP,BF-SAC-MLP,40,0.344536,303
YTDJ,BF-SAC-MLP,BF-SAC-MLP,41,0.254588,303
YTDJ,BF-SAC-MLP,BF-SAC-MLP,42,0.254588,303
YTDJ,BF-SAC-MLP,BF-SAC-MLP,43,0.254588,303
YTDJ,BF-SAC-MLP,BF-SAC-MLP,44,0.254588,303
YTDJ,BF-SAC-MLP,BF-SAC-MLP,45,0.219229,303
YTDJ,BF-SAC-MLP,BF-SAC-MLP,46,0.219229,303
YTDJ,BF-SAC-MLP,BF-SAC-MLP,47,0.219229,303
YTDJ,BF-SAC-MLP,BF-SAC-MLP,48,0.180394,303
YTDJ,BF-SAC-MLP,BF-SAC-MLP,49,0.180394,303
YTDJ,BF-SAC-MLP,BF-SAC-MLP,50,0.180394,303
YTDJ,BF-SAC-MLP,BF-SAC-MLP,51,0.180394,303
YTDJ,BF-SAC-MLP,BF-SAC-MLP,52,0.180394,303
YTDJ,BF-SAC-MLP,BF-SAC-MLP,53,0.180394,303
YTDJ,BF-SAC-MLP,BF-SAC-MLP,54,0.180394,303
YTDJ,BF-SAC-MLP,BF-SAC-MLP,55,0.180394,303
YTDJ,BF-SAC-MLP,BF-SAC-MLP,56,0.180394,303
YTDJ,BF-SAC-MLP,BF-SAC-MLP,57,0.180394,303
YTDJ,BF-SAC-MLP,BF-SAC-MLP,58,0.180394,303
YTDJ,BF-SAC-MLP,BF-SAC-MLP,59,0.173564,303
YTDJ,BF-SAC-MLP,BF-SAC-MLP,60,0.173564,303
YTDJ,BF-SAC-MLP,BF-SAC-MLP,61,0.173564,303
YTDJ,BF-SAC-MLP,BF-SAC-MLP,62,0.173564,303
YTDJ,BF-SAC-MLP,BF-SAC-MLP,63,0.173564,303
YTDJ,BF-SAC-MLP,BF-SAC-MLP,64,0.173564,303
YTDJ,BF-SAC-MLP,BF-SAC-MLP,65,0.173564,303
YTDJ,BF-SAC-MLP,BF-SAC-MLP,66,0.173564,303
YTDJ,BF-SAC-MLP,BF-SAC-MLP,67,0.173564,303
YTDJ,BF-SAC-MLP,BF-SAC-MLP,68,0.173564,303
YTDJ,BF-SAC-MLP,BF-SAC-MLP,69,0.173564,303
YTDJ,BF-SAC-MLP,BF-SAC-MLP,70,0.173564,303
YTDJ,BF-SAC-MLP,BF-SAC-MLP,71,0.173564,303
YTDJ,BF-SAC-MLP,BF-SAC-MLP,72,0.173564,303
YTDJ,BF-SAC-MLP,BF-SAC-MLP,73,0.173564,303
YTDJ,BF-SAC-MLP,BF-SAC-MLP,74,0.173564,303
YTDJ,BF-SAC-MLP,BF-SAC-MLP,75,0.173564,303
YTDJ,BF-SAC-MLP,BF-SAC-MLP,76,0.173564,303
YTDJ,BF-SAC-MLP,BF-SAC-MLP,77,0.173564,303
YTDJ,BF-SAC-MLP,BF-SAC-MLP,78,0.173564,303
YTDJ,BF-SAC-MLP,BF-SAC-MLP,79,0.173564,303
YTDJ,BF-SAC-MLP,BF-SAC-MLP,80,0.173564,303
YTDJ,BF-SAC-MLP,BF-SAC-MLP,81,0.173564,303
YTDJ,BF-SAC-MLP,BF-SAC-MLP,82,0.173564,303
YTDJ,BF-SAC-MLP,BF-SAC-MLP,83,0.173564,303
YTDJ,BF-SAC-MLP,BF-SAC-MLP,84,0.173564,303
YTDJ,BF-SAC-MLP,BF-SAC-MLP,85,0.173564,303
YTDJ,BF-SAC-MLP,BF-SAC-MLP,86,0.173564,303
YTDJ,BF-SAC-MLP,BF-SAC-MLP,87,0.173564,303
YTDJ,BF-SAC-MLP,BF-SAC-MLP,88,0.173564,303
YTDJ,BF-SAC-MLP,BF-SAC-MLP,89,0.173564,303
YTDJ,BF-SAC-MLP,BF-SAC-MLP,90,0.173564,303
YTDJ,BF-SAC-MLP,BF-SAC-MLP,91,0.173564,303
YTDJ,BF-SAC-MLP,BF-SAC-MLP,92,0.173564,303
YTDJ,BF-SAC-MLP,BF-SAC-MLP,93,0.173564,303
YTDJ,BF-SAC-MLP,BF-SAC-MLP,94,0.173564,303
YTDJ,BF-SAC-MLP,BF-SAC-MLP,95,0.173564,303
YTDJ,BF-SAC-MLP,BF-SAC-MLP,96,0.173564,303
YTDJ,BF-SAC-MLP,BF-SAC-MLP,97,0.173564,303
YTDJ,BF-SAC-MLP,BF-SAC-MLP,98,0.173564,303
YTDJ,BF-SAC-MLP,BF-SAC-MLP,99,0.173564,303
YTDJ,BF-SAC-MLP,BF-SAC-MLP,100,0.173564,303
YTDJ,遗传算法（GA）,GA,1,0.5022098165864246,202
YTDJ,遗传算法（GA）,GA,2,0.5022098165864246,202
YTDJ,遗传算法（GA）,GA,3,0.3920900679126141,202
YTDJ,遗传算法（GA）,GA,4,0.3636940297481879,202
YTDJ,遗传算法（GA）,GA,5,0.3636940297481879,202
YTDJ,遗传算法（GA）,GA,6,0.3636940297481879,202
YTDJ,遗传算法（GA）,GA,7,0.3636940297481879,202
YTDJ,遗传算法（GA）,GA,8,0.3636940297481879,202
YTDJ,遗传算法（GA）,GA,9,0.3636940297481879,202
YTDJ,遗传算法（GA）,GA,10,0.3636940297481879,202
YTDJ,遗传算法（GA）,GA,11,0.3636940297481879,202
YTDJ,遗传算法（GA）,GA,12,0.3636940297481879,202
YTDJ,遗传算法（GA）,GA,13,0.3636940297481879,202
YTDJ,遗传算法（GA）,GA,14,0.3636940297481879,202
YTDJ,遗传算法（GA）,GA,15,0.3636940297481879,202
YTDJ,遗传算法（GA）,GA,16,0.3636940297481879,202
YTDJ,遗传算法（GA）,GA,17,0.3636940297481879,202
YTDJ,遗传算法（GA）,GA,18,0.3636940297481879,202
YTDJ,遗传算法（GA）,GA,19,0.3636940297481879,202
YTDJ,遗传算法（GA）,GA,20,0.3636940297481879,202
YTDJ,遗传算法（GA）,GA,21,0.3520732093306816,202
YTDJ,遗传算法（GA）,GA,22,0.3075868331927728,202
YTDJ,遗传算法（GA）,GA,23,0.3075868331927728,202
YTDJ,遗传算法（GA）,GA,24,0.3075868331927728,202
YTDJ,遗传算法（GA）,GA,25,0.3075868331927728,202
YTDJ,遗传算法（GA）,GA,26,0.3075868331927728,202
YTDJ,遗传算法（GA）,GA,27,0.3075868331927728,202
YTDJ,遗传算法（GA）,GA,28,0.3075868331927728,202
YTDJ,遗传算法（GA）,GA,29,0.3075868331927728,202
YTDJ,遗传算法（GA）,GA,30,0.3075868331927728,202
YTDJ,遗传算法（GA）,GA,31,0.3075868331927728,202
YTDJ,遗传算法（GA）,GA,32,0.3075868331927728,202
YTDJ,遗传算法（GA）,GA,33,0.3075868331927728,202
YTDJ,遗传算法（GA）,GA,34,0.2727131321312821,202
YTDJ,遗传算法（GA）,GA,35,0.2727131321312821,202
YTDJ,遗传算法（GA）,GA,36,0.2727131321312821,202
YTDJ,遗传算法（GA）,GA,37,0.2727131321312821,202
YTDJ,遗传算法（GA）,GA,38,0.2727131321312821,202
YTDJ,遗传算法（GA）,GA,39,0.2727131321312821,202
YTDJ,遗传算法（GA）,GA,40,0.2727131321312821,202
YTDJ,遗传算法（GA）,GA,41,0.2727131321312821,202
YTDJ,遗传算法（GA）,GA,42,0.2581383383739479,202
YTDJ,遗传算法（GA）,GA,43,0.2581383383739479,202
YTDJ,遗传算法（GA）,GA,44,0.2581383383739479,202
YTDJ,遗传算法（GA）,GA,45,0.2581383383739479,202
YTDJ,遗传算法（GA）,GA,46,0.2581383383739479,202
YTDJ,遗传算法（GA）,GA,47,0.2581383383739479,202
YTDJ,遗传算法（GA）,GA,48,0.2581383383739479,202
YTDJ,遗传算法（GA）,GA,49,0.2581383383739479,202
YTDJ,遗传算法（GA）,GA,50,0.2581383383739479,202
YTDJ,遗传算法（GA）,GA,51,0.2581383383739479,202
YTDJ,遗传算法（GA）,GA,52,0.2581383383739479,202
YTDJ,遗传算法（GA）,GA,53,0.2581383383739479,202
YTDJ,遗传算法（GA）,GA,54,0.2581383383739479,202
YTDJ,遗传算法（GA）,GA,55,0.2581383383739479,202
YTDJ,遗传算法（GA）,GA,56,0.2076520566324587,202
YTDJ,遗传算法（GA）,GA,57,0.2076520566324587,202
YTDJ,遗传算法（GA）,GA,58,0.2076520566324587,202
YTDJ,遗传算法（GA）,GA,59,0.2076520566324587,202
YTDJ,遗传算法（GA）,GA,60,0.2051985860634981,202
YTDJ,遗传算法（GA）,GA,61,0.2051985860634981,202
YTDJ,遗传算法（GA）,GA,62,0.2051985860634981,202
YTDJ,遗传算法（GA）,GA,63,0.2051985860634981,202
YTDJ,遗传算法（GA）,GA,64,0.2051985860634981,202
YTDJ,遗传算法（GA）,GA,65,0.2051985860634981,202
YTDJ,遗传算法（GA）,GA,66,0.2051985860634981,202
YTDJ,遗传算法（GA）,GA,67,0.2051985860634981,202
YTDJ,遗传算法（GA）,GA,68,0.2051985860634981,202
YTDJ,遗传算法（GA）,GA,69,0.2051985860634981,202
YTDJ,遗传算法（GA）,GA,70,0.2051985860634981,202
YTDJ,遗传算法（GA）,GA,71,0.2051985860634981,202
YTDJ,遗传算法（GA）,GA,72,0.2051985860634981,202
YTDJ,遗传算法（GA）,GA,73,0.2051985860634981,202
YTDJ,遗传算法（GA）,GA,74,0.2051985860634981,202
YTDJ,遗传算法（GA）,GA,75,0.2051985860634981,202
YTDJ,遗传算法（GA）,GA,76,0.2051985860634981,202
YTDJ,遗传算法（GA）,GA,77,0.2051985860634981,202
YTDJ,遗传算法（GA）,GA,78,0.2037175436154027,202
YTDJ,遗传算法（GA）,GA,79,0.2037175436154027,202
YTDJ,遗传算法（GA）,GA,80,0.2037175436154027,202
YTDJ,遗传算法（GA）,GA,81,0.2037175436154027,202
YTDJ,遗传算法（GA）,GA,82,0.2037175436154027,202
YTDJ,遗传算法（GA）,GA,83,0.2037175436154027,202
YTDJ,遗传算法（GA）,GA,84,0.2037175436154027,202
YTDJ,遗传算法（GA）,GA,85,0.2037175436154027,202
YTDJ,遗传算法（GA）,GA,86,0.2037175436154027,202
YTDJ,遗传算法（GA）,GA,87,0.2037175436154027,202
YTDJ,遗传算法（GA）,GA,88,0.2037175436154027,202
YTDJ,遗传算法（GA）,GA,89,0.2037175436154027,202
YTDJ,遗传算法（GA）,GA,90,0.2037175436154027,202
YTDJ,遗传算法（GA）,GA,91,0.1979913008389746,202
YTDJ,遗传算法（GA）,GA,92,0.1979913008389746,202
YTDJ,遗传算法（GA）,GA,93,0.1979913008389746,202
YTDJ,遗传算法（GA）,GA,94,0.1979913008389746,202
YTDJ,遗传算法（GA）,GA,95,0.1979913008389746,202
YTDJ,遗传算法（GA）,GA,96,0.1979913008389746,202
YTDJ,遗传算法（GA）,GA,97,0.1979913008389746,202
YTDJ,遗传算法（GA）,GA,98,0.1979913008389746,202
YTDJ,遗传算法（GA）,GA,99,0.1979913008389746,202
YTDJ,遗传算法（GA）,GA,100,0.1979913008389746,202
YTDJ,BF-SAC-MLP,BF-SAC-MLP,1,0.666363,404
YTDJ,BF-SAC-MLP,BF-SAC-MLP,2,0.545275,404
YTDJ,BF-SAC-MLP,BF-SAC-MLP,3,0.429756,404
YTDJ,BF-SAC-MLP,BF-SAC-MLP,4,0.429756,404
YTDJ,BF-SAC-MLP,BF-SAC-MLP,5,0.429756,404
YTDJ,BF-SAC-MLP,BF-SAC-MLP,6,0.429756,404
YTDJ,BF-SAC-MLP,BF-SAC-MLP,7,0.429756,404
YTDJ,BF-SAC-MLP,BF-SAC-MLP,8,0.429756,404
YTDJ,BF-SAC-MLP,BF-SAC-MLP,9,0.429756,404
YTDJ,BF-SAC-MLP,BF-SAC-MLP,10,0.429756,404
YTDJ,BF-SAC-MLP,BF-SAC-MLP,11,0.429756,404
YTDJ,BF-SAC-MLP,BF-SAC-MLP,12,0.429756,404
YTDJ,BF-SAC-MLP,BF-SAC-MLP,13,0.23502,404
YTDJ,BF-SAC-MLP,BF-SAC-MLP,14,0.23502,404
YTDJ,BF-SAC-MLP,BF-SAC-MLP,15,0.23502,404
YTDJ,BF-SAC-MLP,BF-SAC-MLP,16,0.23502,404
YTDJ,BF-SAC-MLP,BF-SAC-MLP,17,0.23502,404
YTDJ,BF-SAC-MLP,BF-SAC-MLP,18,0.23502,404
YTDJ,BF-SAC-MLP,BF-SAC-MLP,19,0.23502,404
YTDJ,BF-SAC-MLP,BF-SAC-MLP,20,0.23502,404
YTDJ,BF-SAC-MLP,BF-SAC-MLP,21,0.23502,404
YTDJ,BF-SAC-MLP,BF-SAC-MLP,22,0.23502,404
YTDJ,BF-SAC-MLP,BF-SAC-MLP,23,0.23502,404
YTDJ,BF-SAC-MLP,BF-SAC-MLP,24,0.23502,404
YTDJ,BF-SAC-MLP,BF-SAC-MLP,25,0.23502,404
YTDJ,BF-SAC-MLP,BF-SAC-MLP,26,0.23502,404
YTDJ,BF-SAC-MLP,BF-SAC-MLP,27,0.23502,404
YTDJ,BF-SAC-MLP,BF-SAC-MLP,28,0.23502,404
YTDJ,BF-SAC-MLP,BF-SAC-MLP,29,0.23502,404
YTDJ,BF-SAC-MLP,BF-SAC-MLP,30,0.23502,404
YTDJ,BF-SAC-MLP,BF-SAC-MLP,31,0.23502,404
YTDJ,BF-SAC-MLP,BF-SAC-MLP,32,0.23502,404
YTDJ,BF-SAC-MLP,BF-SAC-MLP,33,0.23502,404
YTDJ,BF-SAC-MLP,BF-SAC-MLP,34,0.23502,404
YTDJ,BF-SAC-MLP,BF-SAC-MLP,35,0.23502,404
YTDJ,BF-SAC-MLP,BF-SAC-MLP,36,0.23502,404
YTDJ,BF-SAC-MLP,BF-SAC-MLP,37,0.23502,404
YTDJ,BF-SAC-MLP,BF-SAC-MLP,38,0.185799,404
YTDJ,BF-SAC-MLP,BF-SAC-MLP,39,0.185799,404
YTDJ,BF-SAC-MLP,BF-SAC-MLP,40,0.185799,404
YTDJ,BF-SAC-MLP,BF-SAC-MLP,41,0.185799,404
YTDJ,BF-SAC-MLP,BF-SAC-MLP,42,0.185799,404
YTDJ,BF-SAC-MLP,BF-SAC-MLP,43,0.185799,404
YTDJ,BF-SAC-MLP,BF-SAC-MLP,44,0.185799,404
YTDJ,BF-SAC-MLP,BF-SAC-MLP,45,0.185799,404
YTDJ,BF-SAC-MLP,BF-SAC-MLP,46,0.185799,404
YTDJ,BF-SAC-MLP,BF-SAC-MLP,47,0.185799,404
YTDJ,BF-SAC-MLP,BF-SAC-MLP,48,0.185799,404
YTDJ,BF-SAC-MLP,BF-SAC-MLP,49,0.163988,404
YTDJ,BF-SAC-MLP,BF-SAC-MLP,50,0.163988,404
YTDJ,BF-SAC-MLP,BF-SAC-MLP,51,0.163988,404
YTDJ,BF-SAC-MLP,BF-SAC-MLP,52,0.163988,404
YTDJ,BF-SAC-MLP,BF-SAC-MLP,53,0.163988,404
YTDJ,BF-SAC-MLP,BF-SAC-MLP,54,0.163988,404
YTDJ,BF-SAC-MLP,BF-SAC-MLP,55,0.163988,404
YTDJ,BF-SAC-MLP,BF-SAC-MLP,56,0.163988,404
YTDJ,BF-SAC-MLP,BF-SAC-MLP,57,0.163988,404
YTDJ,BF-SAC-MLP,BF-SAC-MLP,58,0.163988,404
YTDJ,BF-SAC-MLP,BF-SAC-MLP,59,0.163988,404
YTDJ,BF-SAC-MLP,BF-SAC-MLP,60,0.163988,404
YTDJ,BF-SAC-MLP,BF-SAC-MLP,61,0.163988,404
YTDJ,BF-SAC-MLP,BF-SAC-MLP,62,0.163988,404
YTDJ,BF-SAC-MLP,BF-SAC-MLP,63,0.163988,404
YTDJ,BF-SAC-MLP,BF-SAC-MLP,64,0.163988,404
YTDJ,BF-SAC-MLP,BF-SAC-MLP,65,0.163988,404
YTDJ,BF-SAC-MLP,BF-SAC-MLP,66,0.163988,404
YTDJ,BF-SAC-MLP,BF-SAC-MLP,67,0.163988,404
YTDJ,BF-SAC-MLP,BF-SAC-MLP,68,0.163988,404
YTDJ,BF-SAC-MLP,BF-SAC-MLP,69,0.163988,404
YTDJ,BF-SAC-MLP,BF-SAC-MLP,70,0.163988,404
YTDJ,BF-SAC-MLP,BF-SAC-MLP,71,0.163988,404
YTDJ,BF-SAC-MLP,BF-SAC-MLP,72,0.163988,404
YTDJ,BF-SAC-MLP,BF-SAC-MLP,73,0.163988,404
YTDJ,BF-SAC-MLP,BF-SAC-MLP,74,0.163988,404
YTDJ,BF-SAC-MLP,BF-SAC-MLP,75,0.163988,404
YTDJ,BF-SAC-MLP,BF-SAC-MLP,76,0.163988,404
YTDJ,BF-SAC-MLP,BF-SAC-MLP,77,0.163988,404
YTDJ,BF-SAC-MLP,BF-SAC-MLP,78,0.163988,404
YTDJ,BF-SAC-MLP,BF-SAC-MLP,79,0.163988,404
YTDJ,BF-SAC-MLP,BF-SAC-MLP,80,0.163988,404
YTDJ,BF-SAC-MLP,BF-SAC-MLP,81,0.163988,404
YTDJ,BF-SAC-MLP,BF-SAC-MLP,82,0.163988,404
YTDJ,BF-SAC-MLP,BF-SAC-MLP,83,0.163988,404
YTDJ,BF-SAC-MLP,BF-SAC-MLP,84,0.163988,404
YTDJ,BF-SAC-MLP,BF-SAC-MLP,85,0.163988,404
YTDJ,BF-SAC-MLP,BF-SAC-MLP,86,0.163988,404
YTDJ,BF-SAC-MLP,BF-SAC-MLP,87,0.163988,404
YTDJ,BF-SAC-MLP,BF-SAC-MLP,88,0.163988,404
YTDJ,BF-SAC-MLP,BF-SAC-MLP,89,0.163988,404
YTDJ,BF-SAC-MLP,BF-SAC-MLP,90,0.162466,404
YTDJ,BF-SAC-MLP,BF-SAC-MLP,91,0.162466,404
YTDJ,BF-SAC-MLP,BF-SAC-MLP,92,0.162466,404
YTDJ,BF-SAC-MLP,BF-SAC-MLP,93,0.162466,404
YTDJ,BF-SAC-MLP,BF-SAC-MLP,94,0.160491,404
YTDJ,BF-SAC-MLP,BF-SAC-MLP,95,0.160491,404
YTDJ,BF-SAC-MLP,BF-SAC-MLP,96,0.160491,404
YTDJ,BF-SAC-MLP,BF-SAC-MLP,97,0.15477,404
YTDJ,BF-SAC-MLP,BF-SAC-MLP,98,0.15477,404
YTDJ,BF-SAC-MLP,BF-SAC-MLP,99,0.15477,404
YTDJ,BF-SAC-MLP,BF-SAC-MLP,100,0.15477,404
RML,BF-SAC-RF,BF-SAC-RF,1,1.146559,42
RML,BF-SAC-RF,BF-SAC-RF,2,0.872588,42
RML,BF-SAC-RF,BF-SAC-RF,3,0.872588,42
RML,BF-SAC-RF,BF-SAC-RF,4,0.638259,42
RML,BF-SAC-RF,BF-SAC-RF,5,0.638259,42
RML,BF-SAC-RF,BF-SAC-RF,6,0.638259,42
RML,BF-SAC-RF,BF-SAC-RF,7,0.638259,42
RML,BF-SAC-RF,BF-SAC-RF,8,0.638259,42
RML,BF-SAC-RF,BF-SAC-RF,9,0.638259,42
RML,BF-SAC-RF,BF-SAC-RF,10,0.638259,42
RML,BF-SAC-RF,BF-SAC-RF,11,0.638259,42
RML,BF-SAC-RF,BF-SAC-RF,12,0.638259,42
RML,BF-SAC-RF,BF-SAC-RF,13,0.638259,42
RML,BF-SAC-RF,BF-SAC-RF,14,0.638259,42
RML,BF-SAC-RF,BF-SAC-RF,15,0.638259,42
RML,BF-SAC-RF,BF-SAC-RF,16,0.638259,42
RML,BF-SAC-RF,BF-SAC-RF,17,0.638259,42
RML,BF-SAC-RF,BF-SAC-RF,18,0.501422,42
RML,BF-SAC-RF,BF-SAC-RF,19,0.501422,42
RML,BF-SAC-RF,BF-SAC-RF,20,0.501422,42
RML,BF-SAC-RF,BF-SAC-RF,21,0.501422,42
RML,BF-SAC-RF,BF-SAC-RF,22,0.496466,42
RML,BF-SAC-RF,BF-SAC-RF,23,0.487808,42
RML,BF-SAC-RF,BF-SAC-RF,24,0.487808,42
RML,BF-SAC-RF,BF-SAC-RF,25,0.487808,42
RML,BF-SAC-RF,BF-SAC-RF,26,0.487808,42
RML,BF-SAC-RF,BF-SAC-RF,27,0.487808,42
RML,BF-SAC-RF,BF-SAC-RF,28,0.487808,42
RML,BF-SAC-RF,BF-SAC-RF,29,0.487808,42
RML,BF-SAC-RF,BF-SAC-RF,30,0.487808,42
RML,BF-SAC-RF,BF-SAC-RF,31,0.487808,42
RML,BF-SAC-RF,BF-SAC-RF,32,0.487808,42
RML,BF-SAC-RF,BF-SAC-RF,33,0.487808,42
RML,BF-SAC-RF,BF-SAC-RF,34,0.487808,42
RML,BF-SAC-RF,BF-SAC-RF,35,0.487808,42
RML,BF-SAC-RF,BF-SAC-RF,36,0.487808,42
RML,BF-SAC-RF,BF-SAC-RF,37,0.487808,42
RML,BF-SAC-RF,BF-SAC-RF,38,0.487808,42
RML,BF-SAC-RF,BF-SAC-RF,39,0.487808,42
RML,BF-SAC-RF,BF-SAC-RF,40,0.487808,42
RML,BF-SAC-RF,BF-SAC-RF,41,0.409428,42
RML,BF-SAC-RF,BF-SAC-RF,42,0.409428,42
RML,BF-SAC-RF,BF-SAC-RF,43,0.409428,42
RML,BF-SAC-RF,BF-SAC-RF,44,0.409428,42
RML,BF-SAC-RF,BF-SAC-RF,45,0.409428,42
RML,BF-SAC-RF,BF-SAC-RF,46,0.409428,42
RML,BF-SAC-RF,BF-SAC-RF,47,0.409428,42
RML,BF-SAC-RF,BF-SAC-RF,48,0.409428,42
RML,BF-SAC-RF,BF-SAC-RF,49,0.409428,42
RML,BF-SAC-RF,BF-SAC-RF,50,0.409428,42
RML,BF-SAC-RF,BF-SAC-RF,51,0.409428,42
RML,BF-SAC-RF,BF-SAC-RF,52,0.409428,42
RML,BF-SAC-RF,BF-SAC-RF,53,0.409428,42
RML,BF-SAC-RF,BF-SAC-RF,54,0.409428,42
RML,BF-SAC-RF,BF-SAC-RF,55,0.409428,42
RML,BF-SAC-RF,BF-SAC-RF,56,0.409428,42
RML,BF-SAC-RF,BF-SAC-RF,57,0.409428,42
RML,BF-SAC-RF,BF-SAC-RF,58,0.409428,42
RML,BF-SAC-RF,BF-SAC-RF,59,0.409428,42
RML,BF-SAC-RF,BF-SAC-RF,60,0.409428,42
RML,BF-SAC-RF,BF-SAC-RF,61,0.409428,42
RML,BF-SAC-RF,BF-SAC-RF,62,0.409428,42
RML,BF-SAC-RF,BF-SAC-RF,63,0.409428,42
RML,BF-SAC-RF,BF-SAC-RF,64,0.409428,42
RML,BF-SAC-RF,BF-SAC-RF,65,0.409428,42
RML,BF-SAC-RF,BF-SAC-RF,66,0.409428,42
RML,BF-SAC-RF,BF-SAC-RF,67,0.409428,42
RML,BF-SAC-RF,BF-SAC-RF,68,0.395735,42
RML,BF-SAC-RF,BF-SAC-RF,69,0.395735,42
RML,BF-SAC-RF,BF-SAC-RF,70,0.395735,42
RML,BF-SAC-RF,BF-SAC-RF,71,0.395735,42
RML,BF-SAC-RF,BF-SAC-RF,72,0.395735,42
RML,BF-SAC-RF,BF-SAC-RF,73,0.395735,42
RML,BF-SAC-RF,BF-SAC-RF,74,0.387588,42
RML,BF-SAC-RF,BF-SAC-RF,75,0.387588,42
RML,BF-SAC-RF,BF-SAC-RF,76,0.387588,42
RML,BF-SAC-RF,BF-SAC-RF,77,0.387588,42
RML,BF-SAC-RF,BF-SAC-RF,78,0.387588,42
RML,BF-SAC-RF,BF-SAC-RF,79,0.387588,42
RML,BF-SAC-RF,BF-SAC-RF,80,0.387588,42
RML,BF-SAC-RF,BF-SAC-RF,81,0.387588,42
RML,BF-SAC-RF,BF-SAC-RF,82,0.387588,42
RML,BF-SAC-RF,BF-SAC-RF,83,0.387588,42
RML,BF-SAC-RF,BF-SAC-RF,84,0.387588,42
RML,BF-SAC-RF,BF-SAC-RF,85,0.379871,42
RML,BF-SAC-RF,BF-SAC-RF,86,0.379871,42
RML,BF-SAC-RF,BF-SAC-RF,87,0.379871,42
RML,BF-SAC-RF,BF-SAC-RF,88,0.379871,42
RML,BF-SAC-RF,BF-SAC-RF,89,0.379871,42
RML,BF-SAC-RF,BF-SAC-RF,90,0.379871,42
RML,BF-SAC-RF,BF-SAC-RF,91,0.379871,42
RML,BF-SAC-RF,BF-SAC-RF,92,0.379871,42
RML,BF-SAC-RF,BF-SAC-RF,93,0.379871,42
RML,BF-SAC-RF,BF-SAC-RF,94,0.379871,42
RML,BF-SAC-RF,BF-SAC-RF,95,0.379871,42
RML,BF-SAC-RF,BF-SAC-RF,96,0.379871,42
RML,BF-SAC-RF,BF-SAC-RF,97,0.379871,42
RML,BF-SAC-RF,BF-SAC-RF,98,0.379871,42
RML,BF-SAC-RF,BF-SAC-RF,99,0.379871,42
RML,BF-SAC-RF,BF-SAC-RF,100,0.379871,42
YTDJ,遗传算法（GA）,GA,1,0.6600603083146744,303
YTDJ,遗传算法（GA）,GA,2,0.3812461874846307,303
YTDJ,遗传算法（GA）,GA,3,0.3438242385763215,303
YTDJ,遗传算法（GA）,GA,4,0.3438242385763215,303
YTDJ,遗传算法（GA）,GA,5,0.3438242385763215,303
YTDJ,遗传算法（GA）,GA,6,0.3438242385763215,303
YTDJ,遗传算法（GA）,GA,7,0.3438242385763215,303
YTDJ,遗传算法（GA）,GA,8,0.3438242385763215,303
YTDJ,遗传算法（GA）,GA,9,0.3438242385763215,303
YTDJ,遗传算法（GA）,GA,10,0.3438242385763215,303
YTDJ,遗传算法（GA）,GA,11,0.2866516228322364,303
YTDJ,遗传算法（GA）,GA,12,0.2866516228322364,303
YTDJ,遗传算法（GA）,GA,13,0.2866516228322364,303
YTDJ,遗传算法（GA）,GA,14,0.2866516228322364,303
YTDJ,遗传算法（GA）,GA,15,0.2866516228322364,303
YTDJ,遗传算法（GA）,GA,16,0.2866516228322364,303
YTDJ,遗传算法（GA）,GA,17,0.2866516228322364,303
YTDJ,遗传算法（GA）,GA,18,0.2866516228322364,303
YTDJ,遗传算法（GA）,GA,19,0.2866516228322364,303
YTDJ,遗传算法（GA）,GA,20,0.2866516228322364,303
YTDJ,遗传算法（GA）,GA,21,0.2866516228322364,303
YTDJ,遗传算法（GA）,GA,22,0.2866516228322364,303
YTDJ,遗传算法（GA）,GA,23,0.2866516228322364,303
YTDJ,遗传算法（GA）,GA,24,0.2866516228322364,303
YTDJ,遗传算法（GA）,GA,25,0.2866516228322364,303
YTDJ,遗传算法（GA）,GA,26,0.2866516228322364,303
YTDJ,遗传算法（GA）,GA,27,0.2866516228322364,303
YTDJ,遗传算法（GA）,GA,28,0.2866516228322364,303
YTDJ,遗传算法（GA）,GA,29,0.2866516228322364,303
YTDJ,遗传算法（GA）,GA,30,0.2866516228322364,303
YTDJ,遗传算法（GA）,GA,31,0.2866516228322364,303
YTDJ,遗传算法（GA）,GA,32,0.2866516228322364,303
YTDJ,遗传算法（GA）,GA,33,0.2866516228322364,303
YTDJ,遗传算法（GA）,GA,34,0.2866516228322364,303
YTDJ,遗传算法（GA）,GA,35,0.2866516228322364,303
YTDJ,遗传算法（GA）,GA,36,0.2442256398524647,303
YTDJ,遗传算法（GA）,GA,37,0.2442256398524647,303
YTDJ,遗传算法（GA）,GA,38,0.2442256398524647,303
YTDJ,遗传算法（GA）,GA,39,0.2442256398524647,303
YTDJ,遗传算法（GA）,GA,40,0.2442256398524647,303
YTDJ,遗传算法（GA）,GA,41,0.2442256398524647,303
YTDJ,遗传算法（GA）,GA,42,0.2442256398524647,303
YTDJ,遗传算法（GA）,GA,43,0.2442256398524647,303
YTDJ,遗传算法（GA）,GA,44,0.2442256398524647,303
YTDJ,遗传算法（GA）,GA,45,0.2442256398524647,303
YTDJ,遗传算法（GA）,GA,46,0.2287755618857058,303
YTDJ,遗传算法（GA）,GA,47,0.2287755618857058,303
YTDJ,遗传算法（GA）,GA,48,0.2287755618857058,303
YTDJ,遗传算法（GA）,GA,49,0.2287755618857058,303
YTDJ,遗传算法（GA）,GA,50,0.1868347848591544,303
YTDJ,遗传算法（GA）,GA,51,0.1868347848591544,303
YTDJ,遗传算法（GA）,GA,52,0.1868347848591544,303
YTDJ,遗传算法（GA）,GA,53,0.1868347848591544,303
YTDJ,遗传算法（GA）,GA,54,0.1868347848591544,303
YTDJ,遗传算法（GA）,GA,55,0.1868347848591544,303
YTDJ,遗传算法（GA）,GA,56,0.1868347848591544,303
YTDJ,遗传算法（GA）,GA,57,0.1868347848591544,303
YTDJ,遗传算法（GA）,GA,58,0.1868347848591544,303
YTDJ,遗传算法（GA）,GA,59,0.1868347848591544,303
YTDJ,遗传算法（GA）,GA,60,0.1868347848591544,303
YTDJ,遗传算法（GA）,GA,61,0.1868347848591544,303
YTDJ,遗传算法（GA）,GA,62,0.1868347848591544,303
YTDJ,遗传算法（GA）,GA,63,0.1868347848591544,303
YTDJ,遗传算法（GA）,GA,64,0.1868347848591544,303
YTDJ,遗传算法（GA）,GA,65,0.1868347848591544,303
YTDJ,遗传算法（GA）,GA,66,0.1868347848591544,303
YTDJ,遗传算法（GA）,GA,67,0.1868347848591544,303
YTDJ,遗传算法（GA）,GA,68,0.1868347848591544,303
YTDJ,遗传算法（GA）,GA,69,0.1868347848591544,303
YTDJ,遗传算法（GA）,GA,70,0.1868347848591544,303
YTDJ,遗传算法（GA）,GA,71,0.1868347848591544,303
YTDJ,遗传算法（GA）,GA,72,0.1868347848591544,303
YTDJ,遗传算法（GA）,GA,73,0.1868347848591544,303
YTDJ,遗传算法（GA）,GA,74,0.1729120680327915,303
YTDJ,遗传算法（GA）,GA,75,0.1729120680327915,303
YTDJ,遗传算法（GA）,GA,76,0.1729120680327915,303
YTDJ,遗传算法（GA）,GA,77,0.1729120680327915,303
YTDJ,遗传算法（GA）,GA,78,0.1729120680327915,303
YTDJ,遗传算法（GA）,GA,79,0.1729120680327915,303
YTDJ,遗传算法（GA）,GA,80,0.1729120680327915,303
YTDJ,遗传算法（GA）,GA,81,0.1729120680327915,303
YTDJ,遗传算法（GA）,GA,82,0.1729120680327915,303
YTDJ,遗传算法（GA）,GA,83,0.1729120680327915,303
YTDJ,遗传算法（GA）,GA,84,0.1729120680327915,303
YTDJ,遗传算法（GA）,GA,85,0.1729120680327915,303
YTDJ,遗传算法（GA）,GA,86,0.1729120680327915,303
YTDJ,遗传算法（GA）,GA,87,0.1729120680327915,303
YTDJ,遗传算法（GA）,GA,88,0.1729120680327915,303
YTDJ,遗传算法（GA）,GA,89,0.1729120680327915,303
YTDJ,遗传算法（GA）,GA,90,0.1729120680327915,303
YTDJ,遗传算法（GA）,GA,91,0.1729120680327915,303
YTDJ,遗传算法（GA）,GA,92,0.1729120680327915,303
YTDJ,遗传算法（GA）,GA,93,0.1729120680327915,303
YTDJ,遗传算法（GA）,GA,94,0.1729120680327915,303
YTDJ,遗传算法（GA）,GA,95,0.1729120680327915,303
YTDJ,遗传算法（GA）,GA,96,0.1729120680327915,303
YTDJ,遗传算法（GA）,GA,97,0.1729120680327915,303
YTDJ,遗传算法（GA）,GA,98,0.1729120680327915,303
YTDJ,遗传算法（GA）,GA,99,0.1729120680327915,303
YTDJ,遗传算法（GA）,GA,100,0.1729120680327915,303
RML,BF-SAC-RF,BF-SAC-RF,1,0.804996,101
RML,BF-SAC-RF,BF-SAC-RF,2,0.804996,101
RML,BF-SAC-RF,BF-SAC-RF,3,0.765786,101
RML,BF-SAC-RF,BF-SAC-RF,4,0.765786,101
RML,BF-SAC-RF,BF-SAC-RF,5,0.765786,101
RML,BF-SAC-RF,BF-SAC-RF,6,0.765786,101
RML,BF-SAC-RF,BF-SAC-RF,7,0.765786,101
RML,BF-SAC-RF,BF-SAC-RF,8,0.627101,101
RML,BF-SAC-RF,BF-SAC-RF,9,0.627101,101
RML,BF-SAC-RF,BF-SAC-RF,10,0.627101,101
RML,BF-SAC-RF,BF-SAC-RF,11,0.627101,101
RML,BF-SAC-RF,BF-SAC-RF,12,0.627101,101
RML,BF-SAC-RF,BF-SAC-RF,13,0.627101,101
RML,BF-SAC-RF,BF-SAC-RF,14,0.627101,101
RML,BF-SAC-RF,BF-SAC-RF,15,0.627101,101
RML,BF-SAC-RF,BF-SAC-RF,16,0.627101,101
RML,BF-SAC-RF,BF-SAC-RF,17,0.627101,101
RML,BF-SAC-RF,BF-SAC-RF,18,0.627101,101
RML,BF-SAC-RF,BF-SAC-RF,19,0.627101,101
RML,BF-SAC-RF,BF-SAC-RF,20,0.627101,101
RML,BF-SAC-RF,BF-SAC-RF,21,0.627101,101
RML,BF-SAC-RF,BF-SAC-RF,22,0.627101,101
RML,BF-SAC-RF,BF-SAC-RF,23,0.627101,101
RML,BF-SAC-RF,BF-SAC-RF,24,0.627101,101
RML,BF-SAC-RF,BF-SAC-RF,25,0.564106,101
RML,BF-SAC-RF,BF-SAC-RF,26,0.564106,101
RML,BF-SAC-RF,BF-SAC-RF,27,0.564106,101
RML,BF-SAC-RF,BF-SAC-RF,28,0.564106,101
RML,BF-SAC-RF,BF-SAC-RF,29,0.564106,101
RML,BF-SAC-RF,BF-SAC-RF,30,0.564106,101
RML,BF-SAC-RF,BF-SAC-RF,31,0.564106,101
RML,BF-SAC-RF,BF-SAC-RF,32,0.564106,101
RML,BF-SAC-RF,BF-SAC-RF,33,0.564106,101
RML,BF-SAC-RF,BF-SAC-RF,34,0.564106,101
RML,BF-SAC-RF,BF-SAC-RF,35,0.564106,101
RML,BF-SAC-RF,BF-SAC-RF,36,0.564106,101
RML,BF-SAC-RF,BF-SAC-RF,37,0.564106,101
RML,BF-SAC-RF,BF-SAC-RF,38,0.564106,101
RML,BF-SAC-RF,BF-SAC-RF,39,0.564106,101
RML,BF-SAC-RF,BF-SAC-RF,40,0.564106,101
RML,BF-SAC-RF,BF-SAC-RF,41,0.564106,101
RML,BF-SAC-RF,BF-SAC-RF,42,0.512417,101
RML,BF-SAC-RF,BF-SAC-RF,43,0.510714,101
RML,BF-SAC-RF,BF-SAC-RF,44,0.343166,101
RML,BF-SAC-RF,BF-SAC-RF,45,0.337042,101
RML,BF-SAC-RF,BF-SAC-RF,46,0.337042,101
RML,BF-SAC-RF,BF-SAC-RF,47,0.337042,101
RML,BF-SAC-RF,BF-SAC-RF,48,0.337042,101
RML,BF-SAC-RF,BF-SAC-RF,49,0.337042,101
RML,BF-SAC-RF,BF-SAC-RF,50,0.337042,101
RML,BF-SAC-RF,BF-SAC-RF,51,0.337042,101
RML,BF-SAC-RF,BF-SAC-RF,52,0.337042,101
RML,BF-SAC-RF,BF-SAC-RF,53,0.337042,101
RML,BF-SAC-RF,BF-SAC-RF,54,0.337042,101
RML,BF-SAC-RF,BF-SAC-RF,55,0.337042,101
RML,BF-SAC-RF,BF-SAC-RF,56,0.337042,101
RML,BF-SAC-RF,BF-SAC-RF,57,0.337042,101
RML,BF-SAC-RF,BF-SAC-RF,58,0.337042,101
RML,BF-SAC-RF,BF-SAC-RF,59,0.337042,101
RML,BF-SAC-RF,BF-SAC-RF,60,0.337042,101
RML,BF-SAC-RF,BF-SAC-RF,61,0.337042,101
RML,BF-SAC-RF,BF-SAC-RF,62,0.332904,101
RML,BF-SAC-RF,BF-SAC-RF,63,0.332904,101
RML,BF-SAC-RF,BF-SAC-RF,64,0.332904,101
RML,BF-SAC-RF,BF-SAC-RF,65,0.332904,101
RML,BF-SAC-RF,BF-SAC-RF,66,0.332904,101
RML,BF-SAC-RF,BF-SAC-RF,67,0.332904,101
RML,BF-SAC-RF,BF-SAC-RF,68,0.332904,101
RML,BF-SAC-RF,BF-SAC-RF,69,0.332904,101
RML,BF-SAC-RF,BF-SAC-RF,70,0.332904,101
RML,BF-SAC-RF,BF-SAC-RF,71,0.332904,101
RML,BF-SAC-RF,BF-SAC-RF,72,0.332904,101
RML,BF-SAC-RF,BF-SAC-RF,73,0.332904,101
RML,BF-SAC-RF,BF-SAC-RF,74,0.332904,101
RML,BF-SAC-RF,BF-SAC-RF,75,0.332904,101
RML,BF-SAC-RF,BF-SAC-RF,76,0.332904,101
RML,BF-SAC-RF,BF-SAC-RF,77,0.332904,101
RML,BF-SAC-RF,BF-SAC-RF,78,0.321435,101
RML,BF-SAC-RF,BF-SAC-RF,79,0.321435,101
RML,BF-SAC-RF,BF-SAC-RF,80,0.321435,101
RML,BF-SAC-RF,BF-SAC-RF,81,0.321435,101
RML,BF-SAC-RF,BF-SAC-RF,82,0.321435,101
RML,BF-SAC-RF,BF-SAC-RF,83,0.321435,101
RML,BF-SAC-RF,BF-SAC-RF,84,0.321435,101
RML,BF-SAC-RF,BF-SAC-RF,85,0.321435,101
RML,BF-SAC-RF,BF-SAC-RF,86,0.321435,101
RML,BF-SAC-RF,BF-SAC-RF,87,0.321435,101
RML,BF-SAC-RF,BF-SAC-RF,88,0.293948,101
RML,BF-SAC-RF,BF-SAC-RF,89,0.293948,101
RML,BF-SAC-RF,BF-SAC-RF,90,0.293948,101
RML,BF-SAC-RF,BF-SAC-RF,91,0.293948,101
RML,BF-SAC-RF,BF-SAC-RF,92,0.293948,101
RML,BF-SAC-RF,BF-SAC-RF,93,0.293948,101
RML,BF-SAC-RF,BF-SAC-RF,94,0.293948,101
RML,BF-SAC-RF,BF-SAC-RF,95,0.293948,101
RML,BF-SAC-RF,BF-SAC-RF,96,0.293948,101
RML,BF-SAC-RF,BF-SAC-RF,97,0.293948,101
RML,BF-SAC-RF,BF-SAC-RF,98,0.293948,101
RML,BF-SAC-RF,BF-SAC-RF,99,0.293948,101
RML,BF-SAC-RF,BF-SAC-RF,100,0.293948,101
RML,BF-SAC-RF,BF-SAC-RF,1,0.74204,303
RML,BF-SAC-RF,BF-SAC-RF,2,0.74204,303
RML,BF-SAC-RF,BF-SAC-RF,3,0.74204,303
RML,BF-SAC-RF,BF-SAC-RF,4,0.74204,303
RML,BF-SAC-RF,BF-SAC-RF,5,0.74204,303
RML,BF-SAC-RF,BF-SAC-RF,6,0.74204,303
RML,BF-SAC-RF,BF-SAC-RF,7,0.74204,303
RML,BF-SAC-RF,BF-SAC-RF,8,0.74204,303
RML,BF-SAC-RF,BF-SAC-RF,9,0.74204,303
RML,BF-SAC-RF,BF-SAC-RF,10,0.53424,303
RML,BF-SAC-RF,BF-SAC-RF,11,0.53424,303
RML,BF-SAC-RF,BF-SAC-RF,12,0.53424,303
RML,BF-SAC-RF,BF-SAC-RF,13,0.53424,303
RML,BF-SAC-RF,BF-SAC-RF,14,0.53424,303
RML,BF-SAC-RF,BF-SAC-RF,15,0.53424,303
RML,BF-SAC-RF,BF-SAC-RF,16,0.53424,303
RML,BF-SAC-RF,BF-SAC-RF,17,0.53424,303
RML,BF-SAC-RF,BF-SAC-RF,18,0.53424,303
RML,BF-SAC-RF,BF-SAC-RF,19,0.53424,303
RML,BF-SAC-RF,BF-SAC-RF,20,0.53424,303
RML,BF-SAC-RF,BF-SAC-RF,21,0.53424,303
RML,BF-SAC-RF,BF-SAC-RF,22,0.53424,303
RML,BF-SAC-RF,BF-SAC-RF,23,0.53424,303
RML,BF-SAC-RF,BF-SAC-RF,24,0.53424,303
RML,BF-SAC-RF,BF-SAC-RF,25,0.53424,303
RML,BF-SAC-RF,BF-SAC-RF,26,0.53424,303
RML,BF-SAC-RF,BF-SAC-RF,27,0.53424,303
RML,BF-SAC-RF,BF-SAC-RF,28,0.53424,303
RML,BF-SAC-RF,BF-SAC-RF,29,0.53424,303
RML,BF-SAC-RF,BF-SAC-RF,30,0.53424,303
RML,BF-SAC-RF,BF-SAC-RF,31,0.53424,303
RML,BF-SAC-RF,BF-SAC-RF,32,0.53424,303
RML,BF-SAC-RF,BF-SAC-RF,33,0.53424,303
RML,BF-SAC-RF,BF-SAC-RF,34,0.53424,303
RML,BF-SAC-RF,BF-SAC-RF,35,0.53424,303
RML,BF-SAC-RF,BF-SAC-RF,36,0.53424,303
RML,BF-SAC-RF,BF-SAC-RF,37,0.53424,303
RML,BF-SAC-RF,BF-SAC-RF,38,0.53424,303
RML,BF-SAC-RF,BF-SAC-RF,39,0.53424,303
RML,BF-SAC-RF,BF-SAC-RF,40,0.53424,303
RML,BF-SAC-RF,BF-SAC-RF,41,0.53424,303
RML,BF-SAC-RF,BF-SAC-RF,42,0.53424,303
RML,BF-SAC-RF,BF-SAC-RF,43,0.53424,303
RML,BF-SAC-RF,BF-SAC-RF,44,0.53424,303
RML,BF-SAC-RF,BF-SAC-RF,45,0.53424,303
RML,BF-SAC-RF,BF-SAC-RF,46,0.53424,303
RML,BF-SAC-RF,BF-SAC-RF,47,0.53424,303
RML,BF-SAC-RF,BF-SAC-RF,48,0.53424,303
RML,BF-SAC-RF,BF-SAC-RF,49,0.53424,303
RML,BF-SAC-RF,BF-SAC-RF,50,0.48021,303
RML,BF-SAC-RF,BF-SAC-RF,51,0.474755,303
RML,BF-SAC-RF,BF-SAC-RF,52,0.474755,303
RML,BF-SAC-RF,BF-SAC-RF,53,0.443768,303
RML,BF-SAC-RF,BF-SAC-RF,54,0.443768,303
RML,BF-SAC-RF,BF-SAC-RF,55,0.443768,303
RML,BF-SAC-RF,BF-SAC-RF,56,0.443768,303
RML,BF-SAC-RF,BF-SAC-RF,57,0.443768,303
RML,BF-SAC-RF,BF-SAC-RF,58,0.443768,303
RML,BF-SAC-RF,BF-SAC-RF,59,0.443768,303
RML,BF-SAC-RF,BF-SAC-RF,60,0.434716,303
RML,BF-SAC-RF,BF-SAC-RF,61,0.434716,303
RML,BF-SAC-RF,BF-SAC-RF,62,0.434716,303
RML,BF-SAC-RF,BF-SAC-RF,63,0.434716,303
RML,BF-SAC-RF,BF-SAC-RF,64,0.434716,303
RML,BF-SAC-RF,BF-SAC-RF,65,0.434716,303
RML,BF-SAC-RF,BF-SAC-RF,66,0.434716,303
RML,BF-SAC-RF,BF-SAC-RF,67,0.434716,303
RML,BF-SAC-RF,BF-SAC-RF,68,0.434716,303
RML,BF-SAC-RF,BF-SAC-RF,69,0.434716,303
RML,BF-SAC-RF,BF-SAC-RF,70,0.417458,303
RML,BF-SAC-RF,BF-SAC-RF,71,0.417458,303
RML,BF-SAC-RF,BF-SAC-RF,72,0.412431,303
RML,BF-SAC-RF,BF-SAC-RF,73,0.412431,303
RML,BF-SAC-RF,BF-SAC-RF,74,0.412431,303
RML,BF-SAC-RF,BF-SAC-RF,75,0.398405,303
RML,BF-SAC-RF,BF-SAC-RF,76,0.398405,303
RML,BF-SAC-RF,BF-SAC-RF,77,0.398405,303
RML,BF-SAC-RF,BF-SAC-RF,78,0.395298,303
RML,BF-SAC-RF,BF-SAC-RF,79,0.395298,303
RML,BF-SAC-RF,BF-SAC-RF,80,0.395298,303
RML,BF-SAC-RF,BF-SAC-RF,81,0.395298,303
RML,BF-SAC-RF,BF-SAC-RF,82,0.395298,303
RML,BF-SAC-RF,BF-SAC-RF,83,0.395298,303
RML,BF-SAC-RF,BF-SAC-RF,84,0.395298,303
RML,BF-SAC-RF,BF-SAC-RF,85,0.395298,303
RML,BF-SAC-RF,BF-SAC-RF,86,0.395298,303
RML,BF-SAC-RF,BF-SAC-RF,87,0.395298,303
RML,BF-SAC-RF,BF-SAC-RF,88,0.395298,303
RML,BF-SAC-RF,BF-SAC-RF,89,0.395298,303
RML,BF-SAC-RF,BF-SAC-RF,90,0.395298,303
RML,BF-SAC-RF,BF-SAC-RF,91,0.395298,303
RML,BF-SAC-RF,BF-SAC-RF,92,0.395298,303
RML,BF-SAC-RF,BF-SAC-RF,93,0.395298,303
RML,BF-SAC-RF,BF-SAC-RF,94,0.395298,303
RML,BF-SAC-RF,BF-SAC-RF,95,0.395298,303
RML,BF-SAC-RF,BF-SAC-RF,96,0.395298,303
RML,BF-SAC-RF,BF-SAC-RF,97,0.395298,303
RML,BF-SAC-RF,BF-SAC-RF,98,0.395298,303
RML,BF-SAC-RF,BF-SAC-RF,99,0.395298,303
RML,BF-SAC-RF,BF-SAC-RF,100,0.395298,303
RML,BF-SAC-RF,BF-SAC-RF,1,0.683394,202
RML,BF-SAC-RF,BF-SAC-RF,2,0.683394,202
RML,BF-SAC-RF,BF-SAC-RF,3,0.683394,202
RML,BF-SAC-RF,BF-SAC-RF,4,0.683394,202
RML,BF-SAC-RF,BF-SAC-RF,5,0.683394,202
RML,BF-SAC-RF,BF-SAC-RF,6,0.683394,202
RML,BF-SAC-RF,BF-SAC-RF,7,0.683394,202
RML,BF-SAC-RF,BF-SAC-RF,8,0.683394,202
RML,BF-SAC-RF,BF-SAC-RF,9,0.683394,202
RML,BF-SAC-RF,BF-SAC-RF,10,0.683394,202
RML,BF-SAC-RF,BF-SAC-RF,11,0.683394,202
RML,BF-SAC-RF,BF-SAC-RF,12,0.683394,202
RML,BF-SAC-RF,BF-SAC-RF,13,0.683394,202
RML,BF-SAC-RF,BF-SAC-RF,14,0.587088,202
RML,BF-SAC-RF,BF-SAC-RF,15,0.587088,202
RML,BF-SAC-RF,BF-SAC-RF,16,0.587088,202
RML,BF-SAC-RF,BF-SAC-RF,17,0.587088,202
RML,BF-SAC-RF,BF-SAC-RF,18,0.587088,202
RML,BF-SAC-RF,BF-SAC-RF,19,0.587088,202
RML,BF-SAC-RF,BF-SAC-RF,20,0.587088,202
RML,BF-SAC-RF,BF-SAC-RF,21,0.587088,202
RML,BF-SAC-RF,BF-SAC-RF,22,0.529118,202
RML,BF-SAC-RF,BF-SAC-RF,23,0.529118,202
RML,BF-SAC-RF,BF-SAC-RF,24,0.529118,202
RML,BF-SAC-RF,BF-SAC-RF,25,0.518726,202
RML,BF-SAC-RF,BF-SAC-RF,26,0.518726,202
RML,BF-SAC-RF,BF-SAC-RF,27,0.518726,202
RML,BF-SAC-RF,BF-SAC-RF,28,0.518726,202
RML,BF-SAC-RF,BF-SAC-RF,29,0.518726,202
RML,BF-SAC-RF,BF-SAC-RF,30,0.518726,202
RML,BF-SAC-RF,BF-SAC-RF,31,0.518726,202
RML,BF-SAC-RF,BF-SAC-RF,32,0.518726,202
RML,BF-SAC-RF,BF-SAC-RF,33,0.518726,202
RML,BF-SAC-RF,BF-SAC-RF,34,0.518726,202
RML,BF-SAC-RF,BF-SAC-RF,35,0.518726,202
RML,BF-SAC-RF,BF-SAC-RF,36,0.518726,202
RML,BF-SAC-RF,BF-SAC-RF,37,0.518726,202
RML,BF-SAC-RF,BF-SAC-RF,38,0.518726,202
RML,BF-SAC-RF,BF-SAC-RF,39,0.518726,202
RML,BF-SAC-RF,BF-SAC-RF,40,0.518726,202
RML,BF-SAC-RF,BF-SAC-RF,41,0.518726,202
RML,BF-SAC-RF,BF-SAC-RF,42,0.518726,202
RML,BF-SAC-RF,BF-SAC-RF,43,0.518726,202
RML,BF-SAC-RF,BF-SAC-RF,44,0.491527,202
RML,BF-SAC-RF,BF-SAC-RF,45,0.445934,202
RML,BF-SAC-RF,BF-SAC-RF,46,0.445934,202
RML,BF-SAC-RF,BF-SAC-RF,47,0.445934,202
RML,BF-SAC-RF,BF-SAC-RF,48,0.445934,202
RML,BF-SAC-RF,BF-SAC-RF,49,0.445934,202
RML,BF-SAC-RF,BF-SAC-RF,50,0.417271,202
RML,BF-SAC-RF,BF-SAC-RF,51,0.417271,202
RML,BF-SAC-RF,BF-SAC-RF,52,0.417271,202
RML,BF-SAC-RF,BF-SAC-RF,53,0.417271,202
RML,BF-SAC-RF,BF-SAC-RF,54,0.417271,202
RML,BF-SAC-RF,BF-SAC-RF,55,0.417271,202
RML,BF-SAC-RF,BF-SAC-RF,56,0.417271,202
RML,BF-SAC-RF,BF-SAC-RF,57,0.417271,202
RML,BF-SAC-RF,BF-SAC-RF,58,0.417271,202
RML,BF-SAC-RF,BF-SAC-RF,59,0.417271,202
RML,BF-SAC-RF,BF-SAC-RF,60,0.417271,202
RML,BF-SAC-RF,BF-SAC-RF,61,0.417271,202
RML,BF-SAC-RF,BF-SAC-RF,62,0.417271,202
RML,BF-SAC-RF,BF-SAC-RF,63,0.417271,202
RML,BF-SAC-RF,BF-SAC-RF,64,0.417271,202
RML,BF-SAC-RF,BF-SAC-RF,65,0.417271,202
RML,BF-SAC-RF,BF-SAC-RF,66,0.417271,202
RML,BF-SAC-RF,BF-SAC-RF,67,0.417271,202
RML,BF-SAC-RF,BF-SAC-RF,68,0.417271,202
RML,BF-SAC-RF,BF-SAC-RF,69,0.417271,202
RML,BF-SAC-RF,BF-SAC-RF,70,0.377874,202
RML,BF-SAC-RF,BF-SAC-RF,71,0.377874,202
RML,BF-SAC-RF,BF-SAC-RF,72,0.377874,202
RML,BF-SAC-RF,BF-SAC-RF,73,0.376324,202
RML,BF-SAC-RF,BF-SAC-RF,74,0.376324,202
RML,BF-SAC-RF,BF-SAC-RF,75,0.376324,202
RML,BF-SAC-RF,BF-SAC-RF,76,0.376324,202
RML,BF-SAC-RF,BF-SAC-RF,77,0.376324,202
RML,BF-SAC-RF,BF-SAC-RF,78,0.376324,202
RML,BF-SAC-RF,BF-SAC-RF,79,0.376324,202
RML,BF-SAC-RF,BF-SAC-RF,80,0.376324,202
RML,BF-SAC-RF,BF-SAC-RF,81,0.376324,202
RML,BF-SAC-RF,BF-SAC-RF,82,0.376324,202
RML,BF-SAC-RF,BF-SAC-RF,83,0.376324,202
RML,BF-SAC-RF,BF-SAC-RF,84,0.350399,202
RML,BF-SAC-RF,BF-SAC-RF,85,0.350399,202
RML,BF-SAC-RF,BF-SAC-RF,86,0.350399,202
RML,BF-SAC-RF,BF-SAC-RF,87,0.350399,202
RML,BF-SAC-RF,BF-SAC-RF,88,0.350399,202
RML,BF-SAC-RF,BF-SAC-RF,89,0.350399,202
RML,BF-SAC-RF,BF-SAC-RF,90,0.350399,202
RML,BF-SAC-RF,BF-SAC-RF,91,0.350399,202
RML,BF-SAC-RF,BF-SAC-RF,92,0.350399,202
RML,BF-SAC-RF,BF-SAC-RF,93,0.350399,202
RML,BF-SAC-RF,BF-SAC-RF,94,0.350399,202
RML,BF-SAC-RF,BF-SAC-RF,95,0.350399,202
RML,BF-SAC-RF,BF-SAC-RF,96,0.350399,202
RML,BF-SAC-RF,BF-SAC-RF,97,0.350399,202
RML,BF-SAC-RF,BF-SAC-RF,98,0.350399,202
RML,BF-SAC-RF,BF-SAC-RF,99,0.350399,202
RML,BF-SAC-RF,BF-SAC-RF,100,0.350399,202
YTDJ,遗传算法（GA）,GA,1,0.6305507918670377,404
YTDJ,遗传算法（GA）,GA,2,0.6305507918670377,404
YTDJ,遗传算法（GA）,GA,3,0.4547453956424098,404
YTDJ,遗传算法（GA）,GA,4,0.4547453956424098,404
YTDJ,遗传算法（GA）,GA,5,0.4547453956424098,404
YTDJ,遗传算法（GA）,GA,6,0.4547453956424098,404
YTDJ,遗传算法（GA）,GA,7,0.4547453956424098,404
YTDJ,遗传算法（GA）,GA,8,0.3778419469361715,404
YTDJ,遗传算法（GA）,GA,9,0.3778419469361715,404
YTDJ,遗传算法（GA）,GA,10,0.3778419469361715,404
YTDJ,遗传算法（GA）,GA,11,0.3778419469361715,404
YTDJ,遗传算法（GA）,GA,12,0.3778419469361715,404
YTDJ,遗传算法（GA）,GA,13,0.3778419469361715,404
YTDJ,遗传算法（GA）,GA,14,0.2718397715318184,404
YTDJ,遗传算法（GA）,GA,15,0.2718397715318184,404
YTDJ,遗传算法（GA）,GA,16,0.2718397715318184,404
YTDJ,遗传算法（GA）,GA,17,0.2718397715318184,404
YTDJ,遗传算法（GA）,GA,18,0.2718397715318184,404
YTDJ,遗传算法（GA）,GA,19,0.2718397715318184,404
YTDJ,遗传算法（GA）,GA,20,0.2718397715318184,404
YTDJ,遗传算法（GA）,GA,21,0.2718397715318184,404
YTDJ,遗传算法（GA）,GA,22,0.2718397715318184,404
YTDJ,遗传算法（GA）,GA,23,0.2718397715318184,404
YTDJ,遗传算法（GA）,GA,24,0.2718397715318184,404
YTDJ,遗传算法（GA）,GA,25,0.2718397715318184,404
YTDJ,遗传算法（GA）,GA,26,0.2718397715318184,404
YTDJ,遗传算法（GA）,GA,27,0.2718397715318184,404
YTDJ,遗传算法（GA）,GA,28,0.2651025085496167,404
YTDJ,遗传算法（GA）,GA,29,0.2651025085496167,404
YTDJ,遗传算法（GA）,GA,30,0.2651025085496167,404
YTDJ,遗传算法（GA）,GA,31,0.2651025085496167,404
YTDJ,遗传算法（GA）,GA,32,0.2651025085496167,404
YTDJ,遗传算法（GA）,GA,33,0.2651025085496167,404
YTDJ,遗传算法（GA）,GA,34,0.2651025085496167,404
YTDJ,遗传算法（GA）,GA,35,0.2651025085496167,404
YTDJ,遗传算法（GA）,GA,36,0.2651025085496167,404
YTDJ,遗传算法（GA）,GA,37,0.2651025085496167,404
YTDJ,遗传算法（GA）,GA,38,0.2621576854342303,404
YTDJ,遗传算法（GA）,GA,39,0.2621576854342303,404
YTDJ,遗传算法（GA）,GA,40,0.2621576854342303,404
YTDJ,遗传算法（GA）,GA,41,0.2621576854342303,404
YTDJ,遗传算法（GA）,GA,42,0.2621576854342303,404
YTDJ,遗传算法（GA）,GA,43,0.2621576854342303,404
YTDJ,遗传算法（GA）,GA,44,0.2621576854342303,404
YTDJ,遗传算法（GA）,GA,45,0.2621576854342303,404
YTDJ,遗传算法（GA）,GA,46,0.247348393805547,404
YTDJ,遗传算法（GA）,GA,47,0.247348393805547,404
YTDJ,遗传算法（GA）,GA,48,0.247348393805547,404
YTDJ,遗传算法（GA）,GA,49,0.247348393805547,404
YTDJ,遗传算法（GA）,GA,50,0.247348393805547,404
YTDJ,遗传算法（GA）,GA,51,0.247348393805547,404
YTDJ,遗传算法（GA）,GA,52,0.247348393805547,404
YTDJ,遗传算法（GA）,GA,53,0.247348393805547,404
YTDJ,遗传算法（GA）,GA,54,0.247348393805547,404
YTDJ,遗传算法（GA）,GA,55,0.247348393805547,404
YTDJ,遗传算法（GA）,GA,56,0.247348393805547,404
YTDJ,遗传算法（GA）,GA,57,0.247348393805547,404
YTDJ,遗传算法（GA）,GA,58,0.247348393805547,404
YTDJ,遗传算法（GA）,GA,59,0.247348393805547,404
YTDJ,遗传算法（GA）,GA,60,0.247348393805547,404
YTDJ,遗传算法（GA）,GA,61,0.247348393805547,404
YTDJ,遗传算法（GA）,GA,62,0.247348393805547,404
YTDJ,遗传算法（GA）,GA,63,0.247348393805547,404
YTDJ,遗传算法（GA）,GA,64,0.247348393805547,404
YTDJ,遗传算法（GA）,GA,65,0.247348393805547,404
YTDJ,遗传算法（GA）,GA,66,0.247348393805547,404
YTDJ,遗传算法（GA）,GA,67,0.247348393805547,404
YTDJ,遗传算法（GA）,GA,68,0.247348393805547,404
YTDJ,遗传算法（GA）,GA,69,0.247348393805547,404
YTDJ,遗传算法（GA）,GA,70,0.247348393805547,404
YTDJ,遗传算法（GA）,GA,71,0.1803970428485351,404
YTDJ,遗传算法（GA）,GA,72,0.1803970428485351,404
YTDJ,遗传算法（GA）,GA,73,0.1803970428485351,404
YTDJ,遗传算法（GA）,GA,74,0.1803970428485351,404
YTDJ,遗传算法（GA）,GA,75,0.1803970428485351,404
YTDJ,遗传算法（GA）,GA,76,0.1803970428485351,404
YTDJ,遗传算法（GA）,GA,77,0.1803970428485351,404
YTDJ,遗传算法（GA）,GA,78,0.1803970428485351,404
YTDJ,遗传算法（GA）,GA,79,0.1803970428485351,404
YTDJ,遗传算法（GA）,GA,80,0.1803970428485351,404
YTDJ,遗传算法（GA）,GA,81,0.1803970428485351,404
YTDJ,遗传算法（GA）,GA,82,0.1803970428485351,404
YTDJ,遗传算法（GA）,GA,83,0.1803970428485351,404
YTDJ,遗传算法（GA）,GA,84,0.1803970428485351,404
YTDJ,遗传算法（GA）,GA,85,0.1803970428485351,404
YTDJ,遗传算法（GA）,GA,86,0.1803970428485351,404
YTDJ,遗传算法（GA）,GA,87,0.1803970428485351,404
YTDJ,遗传算法（GA）,GA,88,0.1803970428485351,404
YTDJ,遗传算法（GA）,GA,89,0.1803970428485351,404
YTDJ,遗传算法（GA）,GA,90,0.1803970428485351,404
YTDJ,遗传算法（GA）,GA,91,0.1803970428485351,404
YTDJ,遗传算法（GA）,GA,92,0.1803970428485351,404
YTDJ,遗传算法（GA）,GA,93,0.1803970428485351,404
YTDJ,遗传算法（GA）,GA,94,0.1803970428485351,404
YTDJ,遗传算法（GA）,GA,95,0.1803970428485351,404
YTDJ,遗传算法（GA）,GA,96,0.1803970428485351,404
YTDJ,遗传算法（GA）,GA,97,0.1803970428485351,404
YTDJ,遗传算法（GA）,GA,98,0.1803970428485351,404
YTDJ,遗传算法（GA）,GA,99,0.1803970428485351,404
YTDJ,遗传算法（GA）,GA,100,0.1803970428485351,404
RML,BF-SAC-RF,BF-SAC-RF,1,0.84581,404
RML,BF-SAC-RF,BF-SAC-RF,2,0.84581,404
RML,BF-SAC-RF,BF-SAC-RF,3,0.84581,404
RML,BF-SAC-RF,BF-SAC-RF,4,0.84581,404
RML,BF-SAC-RF,BF-SAC-RF,5,0.84581,404
RML,BF-SAC-RF,BF-SAC-RF,6,0.84581,404
RML,BF-SAC-RF,BF-SAC-RF,7,0.802198,404
RML,BF-SAC-RF,BF-SAC-RF,8,0.802198,404
RML,BF-SAC-RF,BF-SAC-RF,9,0.802198,404
RML,BF-SAC-RF,BF-SAC-RF,10,0.802198,404
RML,BF-SAC-RF,BF-SAC-RF,11,0.802198,404
RML,BF-SAC-RF,BF-SAC-RF,12,0.802198,404
RML,BF-SAC-RF,BF-SAC-RF,13,0.802198,404
RML,BF-SAC-RF,BF-SAC-RF,14,0.802198,404
RML,BF-SAC-RF,BF-SAC-RF,15,0.671605,404
RML,BF-SAC-RF,BF-SAC-RF,16,0.671605,404
RML,BF-SAC-RF,BF-SAC-RF,17,0.671605,404
RML,BF-SAC-RF,BF-SAC-RF,18,0.671605,404
RML,BF-SAC-RF,BF-SAC-RF,19,0.657794,404
RML,BF-SAC-RF,BF-SAC-RF,20,0.657794,404
RML,BF-SAC-RF,BF-SAC-RF,21,0.657794,404
RML,BF-SAC-RF,BF-SAC-RF,22,0.529831,404
RML,BF-SAC-RF,BF-SAC-RF,23,0.529831,404
RML,BF-SAC-RF,BF-SAC-RF,24,0.529831,404
RML,BF-SAC-RF,BF-SAC-RF,25,0.529831,404
RML,BF-SAC-RF,BF-SAC-RF,26,0.529831,404
RML,BF-SAC-RF,BF-SAC-RF,27,0.529831,404
RML,BF-SAC-RF,BF-SAC-RF,28,0.529831,404
RML,BF-SAC-RF,BF-SAC-RF,29,0.529831,404
RML,BF-SAC-RF,BF-SAC-RF,30,0.529831,404
RML,BF-SAC-RF,BF-SAC-RF,31,0.529831,404
RML,BF-SAC-RF,BF-SAC-RF,32,0.529831,404
RML,BF-SAC-RF,BF-SAC-RF,33,0.529831,404
RML,BF-SAC-RF,BF-SAC-RF,34,0.529831,404
RML,BF-SAC-RF,BF-SAC-RF,35,0.529831,404
RML,BF-SAC-RF,BF-SAC-RF,36,0.529831,404
RML,BF-SAC-RF,BF-SAC-RF,37,0.529831,404
RML,BF-SAC-RF,BF-SAC-RF,38,0.529831,404
RML,BF-SAC-RF,BF-SAC-RF,39,0.529831,404
RML,BF-SAC-RF,BF-SAC-RF,40,0.529831,404
RML,BF-SAC-RF,BF-SAC-RF,41,0.529831,404
RML,BF-SAC-RF,BF-SAC-RF,42,0.529831,404
RML,BF-SAC-RF,BF-SAC-RF,43,0.508482,404
RML,BF-SAC-RF,BF-SAC-RF,44,0.508482,404
RML,BF-SAC-RF,BF-SAC-RF,45,0.468466,404
RML,BF-SAC-RF,BF-SAC-RF,46,0.468466,404
RML,BF-SAC-RF,BF-SAC-RF,47,0.466478,404
RML,BF-SAC-RF,BF-SAC-RF,48,0.466478,404
RML,BF-SAC-RF,BF-SAC-RF,49,0.466478,404
RML,BF-SAC-RF,BF-SAC-RF,50,0.466478,404
RML,BF-SAC-RF,BF-SAC-RF,51,0.462407,404
RML,BF-SAC-RF,BF-SAC-RF,52,0.462407,404
RML,BF-SAC-RF,BF-SAC-RF,53,0.462407,404
RML,BF-SAC-RF,BF-SAC-RF,54,0.462407,404
RML,BF-SAC-RF,BF-SAC-RF,55,0.462407,404
RML,BF-SAC-RF,BF-SAC-RF,56,0.462407,404
RML,BF-SAC-RF,BF-SAC-RF,57,0.449997,404
RML,BF-SAC-RF,BF-SAC-RF,58,0.449997,404
RML,BF-SAC-RF,BF-SAC-RF,59,0.449997,404
RML,BF-SAC-RF,BF-SAC-RF,60,0.449997,404
RML,BF-SAC-RF,BF-SAC-RF,61,0.449997,404
RML,BF-SAC-RF,BF-SAC-RF,62,0.449997,404
RML,BF-SAC-RF,BF-SAC-RF,63,0.449997,404
RML,BF-SAC-RF,BF-SAC-RF,64,0.449997,404
RML,BF-SAC-RF,BF-SAC-RF,65,0.449997,404
RML,BF-SAC-RF,BF-SAC-RF,66,0.449997,404
RML,BF-SAC-RF,BF-SAC-RF,67,0.449997,404
RML,BF-SAC-RF,BF-SAC-RF,68,0.449997,404
RML,BF-SAC-RF,BF-SAC-RF,69,0.449997,404
RML,BF-SAC-RF,BF-SAC-RF,70,0.449997,404
RML,BF-SAC-RF,BF-SAC-RF,71,0.449997,404
RML,BF-SAC-RF,BF-SAC-RF,72,0.441035,404
RML,BF-SAC-RF,BF-SAC-RF,73,0.441035,404
RML,BF-SAC-RF,BF-SAC-RF,74,0.441035,404
RML,BF-SAC-RF,BF-SAC-RF,75,0.433241,404
RML,BF-SAC-RF,BF-SAC-RF,76,0.433241,404
RML,BF-SAC-RF,BF-SAC-RF,77,0.418665,404
RML,BF-SAC-RF,BF-SAC-RF,78,0.418665,404
RML,BF-SAC-RF,BF-SAC-RF,79,0.418665,404
RML,BF-SAC-RF,BF-SAC-RF,80,0.418665,404
RML,BF-SAC-RF,BF-SAC-RF,81,0.418665,404
RML,BF-SAC-RF,BF-SAC-RF,82,0.418665,404
RML,BF-SAC-RF,BF-SAC-RF,83,0.418665,404
RML,BF-SAC-RF,BF-SAC-RF,84,0.418665,404
RML,BF-SAC-RF,BF-SAC-RF,85,0.418665,404
RML,BF-SAC-RF,BF-SAC-RF,86,0.418665,404
RML,BF-SAC-RF,BF-SAC-RF,87,0.418665,404
RML,BF-SAC-RF,BF-SAC-RF,88,0.418665,404
RML,BF-SAC-RF,BF-SAC-RF,89,0.418665,404
RML,BF-SAC-RF,BF-SAC-RF,90,0.418665,404
RML,BF-SAC-RF,BF-SAC-RF,91,0.418665,404
RML,BF-SAC-RF,BF-SAC-RF,92,0.41501,404
RML,BF-SAC-RF,BF-SAC-RF,93,0.41099,404
RML,BF-SAC-RF,BF-SAC-RF,94,0.41099,404
RML,BF-SAC-RF,BF-SAC-RF,95,0.41099,404
RML,BF-SAC-RF,BF-SAC-RF,96,0.389775,404
RML,BF-SAC-RF,BF-SAC-RF,97,0.389775,404
RML,BF-SAC-RF,BF-SAC-RF,98,0.389775,404
RML,BF-SAC-RF,BF-SAC-RF,99,0.389775,404
RML,BF-SAC-RF,BF-SAC-RF,100,0.389775,404
RML,BF-SAC-MLP,BF-SAC-MLP,1,1.135533,42
RML,BF-SAC-MLP,BF-SAC-MLP,2,0.932967,42
RML,BF-SAC-MLP,BF-SAC-MLP,3,0.843959,42
RML,BF-SAC-MLP,BF-SAC-MLP,4,0.657837,42
RML,BF-SAC-MLP,BF-SAC-MLP,5,0.657837,42
RML,BF-SAC-MLP,BF-SAC-MLP,6,0.657837,42
RML,BF-SAC-MLP,BF-SAC-MLP,7,0.657837,42
RML,BF-SAC-MLP,BF-SAC-MLP,8,0.657837,42
RML,BF-SAC-MLP,BF-SAC-MLP,9,0.657837,42
RML,BF-SAC-MLP,BF-SAC-MLP,10,0.657837,42
RML,BF-SAC-MLP,BF-SAC-MLP,11,0.657837,42
RML,BF-SAC-MLP,BF-SAC-MLP,12,0.657837,42
RML,BF-SAC-MLP,BF-SAC-MLP,13,0.657837,42
RML,BF-SAC-MLP,BF-SAC-MLP,14,0.657837,42
RML,BF-SAC-MLP,BF-SAC-MLP,15,0.657837,42
RML,BF-SAC-MLP,BF-SAC-MLP,16,0.657837,42
RML,BF-SAC-MLP,BF-SAC-MLP,17,0.657837,42
RML,BF-SAC-MLP,BF-SAC-MLP,18,0.508032,42
RML,BF-SAC-MLP,BF-SAC-MLP,19,0.508032,42
RML,BF-SAC-MLP,BF-SAC-MLP,20,0.508032,42
RML,BF-SAC-MLP,BF-SAC-MLP,21,0.508032,42
RML,BF-SAC-MLP,BF-SAC-MLP,22,0.508032,42
RML,BF-SAC-MLP,BF-SAC-MLP,23,0.508032,42
RML,BF-SAC-MLP,BF-SAC-MLP,24,0.508032,42
RML,BF-SAC-MLP,BF-SAC-MLP,25,0.508032,42
RML,BF-SAC-MLP,BF-SAC-MLP,26,0.508032,42
RML,BF-SAC-MLP,BF-SAC-MLP,27,0.508032,42
RML,BF-SAC-MLP,BF-SAC-MLP,28,0.508032,42
RML,BF-SAC-MLP,BF-SAC-MLP,29,0.508032,42
RML,BF-SAC-MLP,BF-SAC-MLP,30,0.508032,42
RML,BF-SAC-MLP,BF-SAC-MLP,31,0.508032,42
RML,BF-SAC-MLP,BF-SAC-MLP,32,0.508032,42
RML,BF-SAC-MLP,BF-SAC-MLP,33,0.508032,42
RML,BF-SAC-MLP,BF-SAC-MLP,34,0.508032,42
RML,BF-SAC-MLP,BF-SAC-MLP,35,0.508032,42
RML,BF-SAC-MLP,BF-SAC-MLP,36,0.508032,42
RML,BF-SAC-MLP,BF-SAC-MLP,37,0.508032,42
RML,BF-SAC-MLP,BF-SAC-MLP,38,0.508032,42
RML,BF-SAC-MLP,BF-SAC-MLP,39,0.508032,42
RML,BF-SAC-MLP,BF-SAC-MLP,40,0.508032,42
RML,BF-SAC-MLP,BF-SAC-MLP,41,0.508032,42
RML,BF-SAC-MLP,BF-SAC-MLP,42,0.482421,42
RML,BF-SAC-MLP,BF-SAC-MLP,43,0.482421,42
RML,BF-SAC-MLP,BF-SAC-MLP,44,0.482421,42
RML,BF-SAC-MLP,BF-SAC-MLP,45,0.472925,42
RML,BF-SAC-MLP,BF-SAC-MLP,46,0.472925,42
RML,BF-SAC-MLP,BF-SAC-MLP,47,0.472925,42
RML,BF-SAC-MLP,BF-SAC-MLP,48,0.472925,42
RML,BF-SAC-MLP,BF-SAC-MLP,49,0.472925,42
RML,BF-SAC-MLP,BF-SAC-MLP,50,0.472925,42
RML,BF-SAC-MLP,BF-SAC-MLP,51,0.472925,42
RML,BF-SAC-MLP,BF-SAC-MLP,52,0.472925,42
RML,BF-SAC-MLP,BF-SAC-MLP,53,0.472925,42
RML,BF-SAC-MLP,BF-SAC-MLP,54,0.472925,42
RML,BF-SAC-MLP,BF-SAC-MLP,55,0.472925,42
RML,BF-SAC-MLP,BF-SAC-MLP,56,0.467131,42
RML,BF-SAC-MLP,BF-SAC-MLP,57,0.467131,42
RML,BF-SAC-MLP,BF-SAC-MLP,58,0.467131,42
RML,BF-SAC-MLP,BF-SAC-MLP,59,0.467131,42
RML,BF-SAC-MLP,BF-SAC-MLP,60,0.467131,42
RML,BF-SAC-MLP,BF-SAC-MLP,61,0.467131,42
RML,BF-SAC-MLP,BF-SAC-MLP,62,0.467131,42
RML,BF-SAC-MLP,BF-SAC-MLP,63,0.467131,42
RML,BF-SAC-MLP,BF-SAC-MLP,64,0.467131,42
RML,BF-SAC-MLP,BF-SAC-MLP,65,0.467131,42
RML,BF-SAC-MLP,BF-SAC-MLP,66,0.467131,42
RML,BF-SAC-MLP,BF-SAC-MLP,67,0.467131,42
RML,BF-SAC-MLP,BF-SAC-MLP,68,0.467131,42
RML,BF-SAC-MLP,BF-SAC-MLP,69,0.467131,42
RML,BF-SAC-MLP,BF-SAC-MLP,70,0.467131,42
RML,BF-SAC-MLP,BF-SAC-MLP,71,0.467131,42
RML,BF-SAC-MLP,BF-SAC-MLP,72,0.467131,42
RML,BF-SAC-MLP,BF-SAC-MLP,73,0.467131,42
RML,BF-SAC-MLP,BF-SAC-MLP,74,0.467131,42
RML,BF-SAC-MLP,BF-SAC-MLP,75,0.467131,42
RML,BF-SAC-MLP,BF-SAC-MLP,76,0.467131,42
RML,BF-SAC-MLP,BF-SAC-MLP,77,0.467131,42
RML,BF-SAC-MLP,BF-SAC-MLP,78,0.467131,42
RML,BF-SAC-MLP,BF-SAC-MLP,79,0.467131,42
RML,BF-SAC-MLP,BF-SAC-MLP,80,0.464526,42
RML,BF-SAC-MLP,BF-SAC-MLP,81,0.464526,42
RML,BF-SAC-MLP,BF-SAC-MLP,82,0.464526,42
RML,BF-SAC-MLP,BF-SAC-MLP,83,0.464526,42
RML,BF-SAC-MLP,BF-SAC-MLP,84,0.464526,42
RML,BF-SAC-MLP,BF-SAC-MLP,85,0.464526,42
RML,BF-SAC-MLP,BF-SAC-MLP,86,0.464526,42
RML,BF-SAC-MLP,BF-SAC-MLP,87,0.464526,42
RML,BF-SAC-MLP,BF-SAC-MLP,88,0.464526,42
RML,BF-SAC-MLP,BF-SAC-MLP,89,0.464526,42
RML,BF-SAC-MLP,BF-SAC-MLP,90,0.464526,42
RML,BF-SAC-MLP,BF-SAC-MLP,91,0.464526,42
RML,BF-SAC-MLP,BF-SAC-MLP,92,0.451408,42
RML,BF-SAC-MLP,BF-SAC-MLP,93,0.451408,42
RML,BF-SAC-MLP,BF-SAC-MLP,94,0.451408,42
RML,BF-SAC-MLP,BF-SAC-MLP,95,0.451408,42
RML,BF-SAC-MLP,BF-SAC-MLP,96,0.44766,42
RML,BF-SAC-MLP,BF-SAC-MLP,97,0.44766,42
RML,BF-SAC-MLP,BF-SAC-MLP,98,0.44766,42
RML,BF-SAC-MLP,BF-SAC-MLP,99,0.44766,42
RML,BF-SAC-MLP,BF-SAC-MLP,100,0.446581,42
RML,SPSA,SPSA,1,1.0112178458138368,101
RML,SPSA,SPSA,2,0.9910436601475664,101
RML,SPSA,SPSA,3,0.9910436601475664,101
RML,SPSA,SPSA,4,0.90363241734188,101
RML,SPSA,SPSA,5,0.90363241734188,101
RML,SPSA,SPSA,6,0.90363241734188,101
RML,SPSA,SPSA,7,0.90363241734188,101
RML,SPSA,SPSA,8,0.90363241734188,101
RML,SPSA,SPSA,9,0.90363241734188,101
RML,SPSA,SPSA,10,0.90363241734188,101
RML,SPSA,SPSA,11,0.90363241734188,101
RML,SPSA,SPSA,12,0.8944020310277979,101
RML,SPSA,SPSA,13,0.8944020310277979,101
RML,SPSA,SPSA,14,0.8588241854552094,101
RML,SPSA,SPSA,15,0.8588241854552094,101
RML,SPSA,SPSA,16,0.8117989421339915,101
RML,SPSA,SPSA,17,0.8117989421339915,101
RML,SPSA,SPSA,18,0.8117989421339915,101
RML,SPSA,SPSA,19,0.8117989421339915,101
RML,SPSA,SPSA,20,0.8117989421339915,101
RML,SPSA,SPSA,21,0.8117989421339915,101
RML,SPSA,SPSA,22,0.8117989421339915,101
RML,SPSA,SPSA,23,0.8117989421339915,101
RML,SPSA,SPSA,24,0.8008988183733263,101
RML,SPSA,SPSA,25,0.8008988183733263,101
RML,SPSA,SPSA,26,0.8008988183733263,101
RML,SPSA,SPSA,27,0.7992137921093855,101
RML,SPSA,SPSA,28,0.7539484800282258,101
RML,SPSA,SPSA,29,0.7539484800282258,101
RML,SPSA,SPSA,30,0.7539484800282258,101
RML,SPSA,SPSA,31,0.7539484800282258,101
RML,SPSA,SPSA,32,0.7539484800282258,101
RML,SPSA,SPSA,33,0.7375593966592147,101
RML,SPSA,SPSA,34,0.7375593966592147,101
RML,SPSA,SPSA,35,0.7291502193479005,101
RML,SPSA,SPSA,36,0.7291502193479005,101
RML,SPSA,SPSA,37,0.6725173625405498,101
RML,SPSA,SPSA,38,0.6725173625405498,101
RML,SPSA,SPSA,39,0.6725173625405498,101
RML,SPSA,SPSA,40,0.6725173625405498,101
RML,SPSA,SPSA,41,0.6583827737563595,101
RML,SPSA,SPSA,42,0.6583827737563595,101
RML,SPSA,SPSA,43,0.6583827737563595,101
RML,SPSA,SPSA,44,0.6479551856056005,101
RML,SPSA,SPSA,45,0.6479551856056005,101
RML,SPSA,SPSA,46,0.6479551856056005,101
RML,SPSA,SPSA,47,0.6479551856056005,101
RML,SPSA,SPSA,48,0.6479551856056005,101
RML,SPSA,SPSA,49,0.6479551856056005,101
RML,SPSA,SPSA,50,0.6479551856056005,101
RML,SPSA,SPSA,51,0.6323185150782961,101
RML,SPSA,SPSA,52,0.60232704990107,101
RML,SPSA,SPSA,53,0.60232704990107,101
RML,SPSA,SPSA,54,0.60232704990107,101
RML,SPSA,SPSA,55,0.60232704990107,101
RML,SPSA,SPSA,56,0.60232704990107,101
RML,SPSA,SPSA,57,0.60232704990107,101
RML,SPSA,SPSA,58,0.5769356520904251,101
RML,SPSA,SPSA,59,0.5769356520904251,101
RML,SPSA,SPSA,60,0.5769356520904251,101
RML,SPSA,SPSA,61,0.5769356520904251,101
RML,SPSA,SPSA,62,0.5769356520904251,101
RML,SPSA,SPSA,63,0.5735400658682919,101
RML,SPSA,SPSA,64,0.5735400658682919,101
RML,SPSA,SPSA,65,0.5735400658682919,101
RML,SPSA,SPSA,66,0.5702092711435882,101
RML,SPSA,SPSA,67,0.5702092711435882,101
RML,SPSA,SPSA,68,0.5567959571454381,101
RML,SPSA,SPSA,69,0.5567959571454381,101
RML,SPSA,SPSA,70,0.5029283826950464,101
RML,SPSA,SPSA,71,0.5029283826950464,101
RML,SPSA,SPSA,72,0.5029283826950464,101
RML,SPSA,SPSA,73,0.5029283826950464,101
RML,SPSA,SPSA,74,0.5029283826950464,101
RML,SPSA,SPSA,75,0.5029283826950464,101
RML,SPSA,SPSA,76,0.5029283826950464,101
RML,SPSA,SPSA,77,0.5029283826950464,101
RML,SPSA,SPSA,78,0.5029283826950464,101
RML,SPSA,SPSA,79,0.5029283826950464,101
RML,SPSA,SPSA,80,0.5029283826950464,101
RML,SPSA,SPSA,81,0.5029283826950464,101
RML,SPSA,SPSA,82,0.5029283826950464,101
RML,SPSA,SPSA,83,0.5029283826950464,101
RML,SPSA,SPSA,84,0.5029283826950464,101
RML,SPSA,SPSA,85,0.5029283826950464,101
RML,SPSA,SPSA,86,0.5029283826950464,101
RML,SPSA,SPSA,87,0.5029283826950464,101
RML,SPSA,SPSA,88,0.5029283826950464,101
RML,SPSA,SPSA,89,0.5029283826950464,101
RML,SPSA,SPSA,90,0.5029283826950464,101
RML,SPSA,SPSA,91,0.5029283826950464,101
RML,SPSA,SPSA,92,0.5029283826950464,101
RML,SPSA,SPSA,93,0.5029283826950464,101
RML,SPSA,SPSA,94,0.5029283826950464,101
RML,SPSA,SPSA,95,0.5029283826950464,101
RML,SPSA,SPSA,96,0.5029283826950464,101
RML,SPSA,SPSA,97,0.5029283826950464,101
RML,SPSA,SPSA,98,0.5029283826950464,101
RML,SPSA,SPSA,99,0.5029283826950464,101
RML,SPSA,SPSA,100,0.5029283826950464,101
RML,SPSA,SPSA,1,0.9274922140293492,42
RML,SPSA,SPSA,2,0.9274922140293492,42
RML,SPSA,SPSA,3,0.8906596809576164,42
RML,SPSA,SPSA,4,0.8906596809576164,42
RML,SPSA,SPSA,5,0.7366879569046114,42
RML,SPSA,SPSA,6,0.7366879569046114,42
RML,SPSA,SPSA,7,0.7366879569046114,42
RML,SPSA,SPSA,8,0.7043970438358773,42
RML,SPSA,SPSA,9,0.7043970438358773,42
RML,SPSA,SPSA,10,0.7043970438358773,42
RML,SPSA,SPSA,11,0.6331961005125233,42
RML,SPSA,SPSA,12,0.6331961005125233,42
RML,SPSA,SPSA,13,0.6331961005125233,42
RML,SPSA,SPSA,14,0.6331961005125233,42
RML,SPSA,SPSA,15,0.6293249371755534,42
RML,SPSA,SPSA,16,0.6293249371755534,42
RML,SPSA,SPSA,17,0.6293249371755534,42
RML,SPSA,SPSA,18,0.6293249371755534,42
RML,SPSA,SPSA,19,0.6212181922677714,42
RML,SPSA,SPSA,20,0.6212181922677714,42
RML,SPSA,SPSA,21,0.6180274611592583,42
RML,SPSA,SPSA,22,0.6180274611592583,42
RML,SPSA,SPSA,23,0.6180274611592583,42
RML,SPSA,SPSA,24,0.5363454745227222,42
RML,SPSA,SPSA,25,0.5363454745227222,42
RML,SPSA,SPSA,26,0.5363454745227222,42
RML,SPSA,SPSA,27,0.5363454745227222,42
RML,SPSA,SPSA,28,0.5363454745227222,42
RML,SPSA,SPSA,29,0.5363454745227222,42
RML,SPSA,SPSA,30,0.5363454745227222,42
RML,SPSA,SPSA,31,0.5363454745227222,42
RML,SPSA,SPSA,32,0.5363454745227222,42
RML,SPSA,SPSA,33,0.5363454745227222,42
RML,SPSA,SPSA,34,0.5363454745227222,42
RML,SPSA,SPSA,35,0.5363454745227222,42
RML,SPSA,SPSA,36,0.5363454745227222,42
RML,SPSA,SPSA,37,0.5363454745227222,42
RML,SPSA,SPSA,38,0.5363454745227222,42
RML,SPSA,SPSA,39,0.5363454745227222,42
RML,SPSA,SPSA,40,0.5363454745227222,42
RML,SPSA,SPSA,41,0.5363454745227222,42
RML,SPSA,SPSA,42,0.5363454745227222,42
RML,SPSA,SPSA,43,0.5363454745227222,42
RML,SPSA,SPSA,44,0.5363454745227222,42
RML,SPSA,SPSA,45,0.5363454745227222,42
RML,SPSA,SPSA,46,0.5363454745227222,42
RML,SPSA,SPSA,47,0.5363454745227222,42
RML,SPSA,SPSA,48,0.5363454745227222,42
RML,SPSA,SPSA,49,0.5363454745227222,42
RML,SPSA,SPSA,50,0.5363454745227222,42
RML,SPSA,SPSA,51,0.5363454745227222,42
RML,SPSA,SPSA,52,0.5363454745227222,42
RML,SPSA,SPSA,53,0.5363454745227222,42
RML,SPSA,SPSA,54,0.5363454745227222,42
RML,SPSA,SPSA,55,0.5363454745227222,42
RML,SPSA,SPSA,56,0.5363454745227222,42
RML,SPSA,SPSA,57,0.5363454745227222,42
RML,SPSA,SPSA,58,0.5363454745227222,42
RML,SPSA,SPSA,59,0.5363454745227222,42
RML,SPSA,SPSA,60,0.5363454745227222,42
RML,SPSA,SPSA,61,0.5363454745227222,42
RML,SPSA,SPSA,62,0.5363454745227222,42
RML,SPSA,SPSA,63,0.5363454745227222,42
RML,SPSA,SPSA,64,0.5363454745227222,42
RML,SPSA,SPSA,65,0.5363454745227222,42
RML,SPSA,SPSA,66,0.5363454745227222,42
RML,SPSA,SPSA,67,0.5363454745227222,42
RML,SPSA,SPSA,68,0.5363454745227222,42
RML,SPSA,SPSA,69,0.5363454745227222,42
RML,SPSA,SPSA,70,0.5363454745227222,42
RML,SPSA,SPSA,71,0.5363454745227222,42
RML,SPSA,SPSA,72,0.5363454745227222,42
RML,SPSA,SPSA,73,0.5363454745227222,42
RML,SPSA,SPSA,74,0.5363454745227222,42
RML,SPSA,SPSA,75,0.5363454745227222,42
RML,SPSA,SPSA,76,0.5363454745227222,42
RML,SPSA,SPSA,77,0.5363454745227222,42
RML,SPSA,SPSA,78,0.5363454745227222,42
RML,SPSA,SPSA,79,0.5363454745227222,42
RML,SPSA,SPSA,80,0.5363454745227222,42
RML,SPSA,SPSA,81,0.5363454745227222,42
RML,SPSA,SPSA,82,0.5363454745227222,42
RML,SPSA,SPSA,83,0.5363454745227222,42
RML,SPSA,SPSA,84,0.5363454745227222,42
RML,SPSA,SPSA,85,0.5363454745227222,42
RML,SPSA,SPSA,86,0.5363454745227222,42
RML,SPSA,SPSA,87,0.5363454745227222,42
RML,SPSA,SPSA,88,0.5363454745227222,42
RML,SPSA,SPSA,89,0.5363454745227222,42
RML,SPSA,SPSA,90,0.5363454745227222,42
RML,SPSA,SPSA,91,0.5363454745227222,42
RML,SPSA,SPSA,92,0.5324372379129533,42
RML,SPSA,SPSA,93,0.5324372379129533,42
RML,SPSA,SPSA,94,0.5324372379129533,42
RML,SPSA,SPSA,95,0.5324372379129533,42
RML,SPSA,SPSA,96,0.5324372379129533,42
RML,SPSA,SPSA,97,0.5324372379129533,42
RML,SPSA,SPSA,98,0.5324372379129533,42
RML,SPSA,SPSA,99,0.5324372379129533,42
RML,SPSA,SPSA,100,0.5324372379129533,42
RML,SPSA,SPSA,1,0.8951243848509807,202
RML,SPSA,SPSA,2,0.8951243848509807,202
RML,SPSA,SPSA,3,0.5692095558041632,202
RML,SPSA,SPSA,4,0.5114041895764683,202
RML,SPSA,SPSA,5,0.5114041895764683,202
RML,SPSA,SPSA,6,0.5114041895764683,202
RML,SPSA,SPSA,7,0.5114041895764683,202
RML,SPSA,SPSA,8,0.5114041895764683,202
RML,SPSA,SPSA,9,0.4687529848901025,202
RML,SPSA,SPSA,10,0.4687529848901025,202
RML,SPSA,SPSA,11,0.4687529848901025,202
RML,SPSA,SPSA,12,0.4687529848901025,202
RML,SPSA,SPSA,13,0.4687529848901025,202
RML,SPSA,SPSA,14,0.4687529848901025,202
RML,SPSA,SPSA,15,0.4687529848901025,202
RML,SPSA,SPSA,16,0.4687529848901025,202
RML,SPSA,SPSA,17,0.4687529848901025,202
RML,SPSA,SPSA,18,0.4390312334526455,202
RML,SPSA,SPSA,19,0.4390312334526455,202
RML,SPSA,SPSA,20,0.4390312334526455,202
RML,SPSA,SPSA,21,0.4390312334526455,202
RML,SPSA,SPSA,22,0.4390312334526455,202
RML,SPSA,SPSA,23,0.4070563975053513,202
RML,SPSA,SPSA,24,0.4070563975053513,202
RML,SPSA,SPSA,25,0.4070563975053513,202
RML,SPSA,SPSA,26,0.4070563975053513,202
RML,SPSA,SPSA,27,0.4070563975053513,202
RML,SPSA,SPSA,28,0.4070563975053513,202
RML,SPSA,SPSA,29,0.4070563975053513,202
RML,SPSA,SPSA,30,0.4070563975053513,202
RML,SPSA,SPSA,31,0.4070563975053513,202
RML,SPSA,SPSA,32,0.4070563975053513,202
RML,SPSA,SPSA,33,0.4070563975053513,202
RML,SPSA,SPSA,34,0.4070563975053513,202
RML,SPSA,SPSA,35,0.4070563975053513,202
RML,SPSA,SPSA,36,0.3977002850999758,202
RML,SPSA,SPSA,37,0.3977002850999758,202
RML,SPSA,SPSA,38,0.3977002850999758,202
RML,SPSA,SPSA,39,0.3977002850999758,202
RML,SPSA,SPSA,40,0.3977002850999758,202
RML,SPSA,SPSA,41,0.3977002850999758,202
RML,SPSA,SPSA,42,0.3977002850999758,202
RML,SPSA,SPSA,43,0.3977002850999758,202
RML,SPSA,SPSA,44,0.3977002850999758,202
RML,SPSA,SPSA,45,0.3977002850999758,202
RML,SPSA,SPSA,46,0.3977002850999758,202
RML,SPSA,SPSA,47,0.3977002850999758,202
RML,SPSA,SPSA,48,0.3977002850999758,202
RML,SPSA,SPSA,49,0.3977002850999758,202
RML,SPSA,SPSA,50,0.3977002850999758,202
RML,SPSA,SPSA,51,0.3842956938220334,202
RML,SPSA,SPSA,52,0.3842956938220334,202
RML,SPSA,SPSA,53,0.3842956938220334,202
RML,SPSA,SPSA,54,0.3842956938220334,202
RML,SPSA,SPSA,55,0.3842956938220334,202
RML,SPSA,SPSA,56,0.3842956938220334,202
RML,SPSA,SPSA,57,0.3842956938220334,202
RML,SPSA,SPSA,58,0.3842956938220334,202
RML,SPSA,SPSA,59,0.3842956938220334,202
RML,SPSA,SPSA,60,0.3842956938220334,202
RML,SPSA,SPSA,61,0.3842956938220334,202
RML,SPSA,SPSA,62,0.3842956938220334,202
RML,SPSA,SPSA,63,0.3842956938220334,202
RML,SPSA,SPSA,64,0.3842956938220334,202
RML,SPSA,SPSA,65,0.3842956938220334,202
RML,SPSA,SPSA,66,0.3842956938220334,202
RML,SPSA,SPSA,67,0.3842956938220334,202
RML,SPSA,SPSA,68,0.3842956938220334,202
RML,SPSA,SPSA,69,0.3842956938220334,202
RML,SPSA,SPSA,70,0.3842956938220334,202
RML,SPSA,SPSA,71,0.3842956938220334,202
RML,SPSA,SPSA,72,0.3842956938220334,202
RML,SPSA,SPSA,73,0.3842956938220334,202
RML,SPSA,SPSA,74,0.3842956938220334,202
RML,SPSA,SPSA,75,0.3842956938220334,202
RML,SPSA,SPSA,76,0.3842956938220334,202
RML,SPSA,SPSA,77,0.3842956938220334,202
RML,SPSA,SPSA,78,0.3842956938220334,202
RML,SPSA,SPSA,79,0.3842956938220334,202
RML,SPSA,SPSA,80,0.3842956938220334,202
RML,SPSA,SPSA,81,0.3842956938220334,202
RML,SPSA,SPSA,82,0.3842956938220334,202
RML,SPSA,SPSA,83,0.3842956938220334,202
RML,SPSA,SPSA,84,0.3842956938220334,202
RML,SPSA,SPSA,85,0.3842956938220334,202
RML,SPSA,SPSA,86,0.3842956938220334,202
RML,SPSA,SPSA,87,0.3842956938220334,202
RML,SPSA,SPSA,88,0.3842956938220334,202
RML,SPSA,SPSA,89,0.3842956938220334,202
RML,SPSA,SPSA,90,0.3842956938220334,202
RML,SPSA,SPSA,91,0.3842956938220334,202
RML,SPSA,SPSA,92,0.3842956938220334,202
RML,SPSA,SPSA,93,0.3842956938220334,202
RML,SPSA,SPSA,94,0.3842956938220334,202
RML,SPSA,SPSA,95,0.3842956938220334,202
RML,SPSA,SPSA,96,0.3842956938220334,202
RML,SPSA,SPSA,97,0.3842956938220334,202
RML,SPSA,SPSA,98,0.3842956938220334,202
RML,SPSA,SPSA,99,0.3842956938220334,202
RML,SPSA,SPSA,100,0.3842956938220334,202
RML,BF-SAC-MLP,BF-SAC-MLP,1,0.810085,101
RML,BF-SAC-MLP,BF-SAC-MLP,2,0.810085,101
RML,BF-SAC-MLP,BF-SAC-MLP,3,0.696194,101
RML,BF-SAC-MLP,BF-SAC-MLP,4,0.696194,101
RML,BF-SAC-MLP,BF-SAC-MLP,5,0.696194,101
RML,BF-SAC-MLP,BF-SAC-MLP,6,0.696194,101
RML,BF-SAC-MLP,BF-SAC-MLP,7,0.696194,101
RML,BF-SAC-MLP,BF-SAC-MLP,8,0.621755,101
RML,BF-SAC-MLP,BF-SAC-MLP,9,0.621755,101
RML,BF-SAC-MLP,BF-SAC-MLP,10,0.621755,101
RML,BF-SAC-MLP,BF-SAC-MLP,11,0.621755,101
RML,BF-SAC-MLP,BF-SAC-MLP,12,0.621755,101
RML,BF-SAC-MLP,BF-SAC-MLP,13,0.621755,101
RML,BF-SAC-MLP,BF-SAC-MLP,14,0.621755,101
RML,BF-SAC-MLP,BF-SAC-MLP,15,0.621755,101
RML,BF-SAC-MLP,BF-SAC-MLP,16,0.621755,101
RML,BF-SAC-MLP,BF-SAC-MLP,17,0.621755,101
RML,BF-SAC-MLP,BF-SAC-MLP,18,0.621755,101
RML,BF-SAC-MLP,BF-SAC-MLP,19,0.621755,101
RML,BF-SAC-MLP,BF-SAC-MLP,20,0.621755,101
RML,BF-SAC-MLP,BF-SAC-MLP,21,0.621755,101
RML,BF-SAC-MLP,BF-SAC-MLP,22,0.621755,101
RML,BF-SAC-MLP,BF-SAC-MLP,23,0.621755,101
RML,BF-SAC-MLP,BF-SAC-MLP,24,0.621755,101
RML,BF-SAC-MLP,BF-SAC-MLP,25,0.583927,101
RML,BF-SAC-MLP,BF-SAC-MLP,26,0.583927,101
RML,BF-SAC-MLP,BF-SAC-MLP,27,0.583927,101
RML,BF-SAC-MLP,BF-SAC-MLP,28,0.583927,101
RML,BF-SAC-MLP,BF-SAC-MLP,29,0.583927,101
RML,BF-SAC-MLP,BF-SAC-MLP,30,0.583927,101
RML,BF-SAC-MLP,BF-SAC-MLP,31,0.583927,101
RML,BF-SAC-MLP,BF-SAC-MLP,32,0.583927,101
RML,BF-SAC-MLP,BF-SAC-MLP,33,0.583927,101
RML,BF-SAC-MLP,BF-SAC-MLP,34,0.583927,101
RML,BF-SAC-MLP,BF-SAC-MLP,35,0.583927,101
RML,BF-SAC-MLP,BF-SAC-MLP,36,0.583927,101
RML,BF-SAC-MLP,BF-SAC-MLP,37,0.583927,101
RML,BF-SAC-MLP,BF-SAC-MLP,38,0.583927,101
RML,BF-SAC-MLP,BF-SAC-MLP,39,0.583927,101
RML,BF-SAC-MLP,BF-SAC-MLP,40,0.583927,101
RML,BF-SAC-MLP,BF-SAC-MLP,41,0.516727,101
RML,BF-SAC-MLP,BF-SAC-MLP,42,0.492082,101
RML,BF-SAC-MLP,BF-SAC-MLP,43,0.492082,101
RML,BF-SAC-MLP,BF-SAC-MLP,44,0.492082,101
RML,BF-SAC-MLP,BF-SAC-MLP,45,0.492082,101
RML,BF-SAC-MLP,BF-SAC-MLP,46,0.492082,101
RML,BF-SAC-MLP,BF-SAC-MLP,47,0.47843,101
RML,BF-SAC-MLP,BF-SAC-MLP,48,0.47843,101
RML,BF-SAC-MLP,BF-SAC-MLP,49,0.473859,101
RML,BF-SAC-MLP,BF-SAC-MLP,50,0.473859,101
RML,BF-SAC-MLP,BF-SAC-MLP,51,0.473859,101
RML,BF-SAC-MLP,BF-SAC-MLP,52,0.473859,101
RML,BF-SAC-MLP,BF-SAC-MLP,53,0.473859,101
RML,BF-SAC-MLP,BF-SAC-MLP,54,0.473859,101
RML,BF-SAC-MLP,BF-SAC-MLP,55,0.473859,101
RML,BF-SAC-MLP,BF-SAC-MLP,56,0.473859,101
RML,BF-SAC-MLP,BF-SAC-MLP,57,0.473859,101
RML,BF-SAC-MLP,BF-SAC-MLP,58,0.473859,101
RML,BF-SAC-MLP,BF-SAC-MLP,59,0.473859,101
RML,BF-SAC-MLP,BF-SAC-MLP,60,0.473859,101
RML,BF-SAC-MLP,BF-SAC-MLP,61,0.473859,101
RML,BF-SAC-MLP,BF-SAC-MLP,62,0.473859,101
RML,BF-SAC-MLP,BF-SAC-MLP,63,0.473859,101
RML,BF-SAC-MLP,BF-SAC-MLP,64,0.473859,101
RML,BF-SAC-MLP,BF-SAC-MLP,65,0.473859,101
RML,BF-SAC-MLP,BF-SAC-MLP,66,0.473859,101
RML,BF-SAC-MLP,BF-SAC-MLP,67,0.473859,101
RML,BF-SAC-MLP,BF-SAC-MLP,68,0.473859,101
RML,BF-SAC-MLP,BF-SAC-MLP,69,0.473859,101
RML,BF-SAC-MLP,BF-SAC-MLP,70,0.473859,101
RML,BF-SAC-MLP,BF-SAC-MLP,71,0.473859,101
RML,BF-SAC-MLP,BF-SAC-MLP,72,0.473859,101
RML,BF-SAC-MLP,BF-SAC-MLP,73,0.473859,101
RML,BF-SAC-MLP,BF-SAC-MLP,74,0.473859,101
RML,BF-SAC-MLP,BF-SAC-MLP,75,0.462974,101
RML,BF-SAC-MLP,BF-SAC-MLP,76,0.462974,101
RML,BF-SAC-MLP,BF-SAC-MLP,77,0.462974,101
RML,BF-SAC-MLP,BF-SAC-MLP,78,0.462974,101
RML,BF-SAC-MLP,BF-SAC-MLP,79,0.462974,101
RML,BF-SAC-MLP,BF-SAC-MLP,80,0.462974,101
RML,BF-SAC-MLP,BF-SAC-MLP,81,0.462974,101
RML,BF-SAC-MLP,BF-SAC-MLP,82,0.462974,101
RML,BF-SAC-MLP,BF-SAC-MLP,83,0.462974,101
RML,BF-SAC-MLP,BF-SAC-MLP,84,0.446225,101
RML,BF-SAC-MLP,BF-SAC-MLP,85,0.446225,101
RML,BF-SAC-MLP,BF-SAC-MLP,86,0.446225,101
RML,BF-SAC-MLP,BF-SAC-MLP,87,0.441487,101
RML,BF-SAC-MLP,BF-SAC-MLP,88,0.441487,101
RML,BF-SAC-MLP,BF-SAC-MLP,89,0.441487,101
RML,BF-SAC-MLP,BF-SAC-MLP,90,0.441487,101
RML,BF-SAC-MLP,BF-SAC-MLP,91,0.441487,101
RML,BF-SAC-MLP,BF-SAC-MLP,92,0.441487,101
RML,BF-SAC-MLP,BF-SAC-MLP,93,0.441487,101
RML,BF-SAC-MLP,BF-SAC-MLP,94,0.441487,101
RML,BF-SAC-MLP,BF-SAC-MLP,95,0.441487,101
RML,BF-SAC-MLP,BF-SAC-MLP,96,0.441487,101
RML,BF-SAC-MLP,BF-SAC-MLP,97,0.441487,101
RML,BF-SAC-MLP,BF-SAC-MLP,98,0.441487,101
RML,BF-SAC-MLP,BF-SAC-MLP,99,0.441487,101
RML,BF-SAC-MLP,BF-SAC-MLP,100,0.441487,101
RML,遗传算法（GA）,GA,1,1.195705386007422,42
RML,遗传算法（GA）,GA,2,0.7817118741509452,42
RML,遗传算法（GA）,GA,3,0.7817118741509452,42
RML,遗传算法（GA）,GA,4,0.7817118741509452,42
RML,遗传算法（GA）,GA,5,0.7817118741509452,42
RML,遗传算法（GA）,GA,6,0.7817118741509452,42
RML,遗传算法（GA）,GA,7,0.7817118741509452,42
RML,遗传算法（GA）,GA,8,0.610438974630908,42
RML,遗传算法（GA）,GA,9,0.535025302241271,42
RML,遗传算法（GA）,GA,10,0.535025302241271,42
RML,遗传算法（GA）,GA,11,0.535025302241271,42
RML,遗传算法（GA）,GA,12,0.535025302241271,42
RML,遗传算法（GA）,GA,13,0.535025302241271,42
RML,遗传算法（GA）,GA,14,0.4684257140418206,42
RML,遗传算法（GA）,GA,15,0.4684257140418206,42
RML,遗传算法（GA）,GA,16,0.4684257140418206,42
RML,遗传算法（GA）,GA,17,0.432252623340401,42
RML,遗传算法（GA）,GA,18,0.432252623340401,42
RML,遗传算法（GA）,GA,19,0.432252623340401,42
RML,遗传算法（GA）,GA,20,0.432252623340401,42
RML,遗传算法（GA）,GA,21,0.432252623340401,42
RML,遗传算法（GA）,GA,22,0.432252623340401,42
RML,遗传算法（GA）,GA,23,0.432252623340401,42
RML,遗传算法（GA）,GA,24,0.432252623340401,42
RML,遗传算法（GA）,GA,25,0.432252623340401,42
RML,遗传算法（GA）,GA,26,0.432252623340401,42
RML,遗传算法（GA）,GA,27,0.432252623340401,42
RML,遗传算法（GA）,GA,28,0.432252623340401,42
RML,遗传算法（GA）,GA,29,0.432252623340401,42
RML,遗传算法（GA）,GA,30,0.432252623340401,42
RML,遗传算法（GA）,GA,31,0.432252623340401,42
RML,遗传算法（GA）,GA,32,0.432252623340401,42
RML,遗传算法（GA）,GA,33,0.432252623340401,42
RML,遗传算法（GA）,GA,34,0.432252623340401,42
RML,遗传算法（GA）,GA,35,0.432252623340401,42
RML,遗传算法（GA）,GA,36,0.432252623340401,42
RML,遗传算法（GA）,GA,37,0.432252623340401,42
RML,遗传算法（GA）,GA,38,0.432252623340401,42
RML,遗传算法（GA）,GA,39,0.432252623340401,42
RML,遗传算法（GA）,GA,40,0.432252623340401,42
RML,遗传算法（GA）,GA,41,0.432252623340401,42
RML,遗传算法（GA）,GA,42,0.432252623340401,42
RML,遗传算法（GA）,GA,43,0.432252623340401,42
RML,遗传算法（GA）,GA,44,0.432252623340401,42
RML,遗传算法（GA）,GA,45,0.432252623340401,42
RML,遗传算法（GA）,GA,46,0.432252623340401,42
RML,遗传算法（GA）,GA,47,0.432252623340401,42
RML,遗传算法（GA）,GA,48,0.432252623340401,42
RML,遗传算法（GA）,GA,49,0.432252623340401,42
RML,遗传算法（GA）,GA,50,0.432252623340401,42
RML,遗传算法（GA）,GA,51,0.432252623340401,42
RML,遗传算法（GA）,GA,52,0.432252623340401,42
RML,遗传算法（GA）,GA,53,0.432252623340401,42
RML,遗传算法（GA）,GA,54,0.432252623340401,42
RML,遗传算法（GA）,GA,55,0.432252623340401,42
RML,遗传算法（GA）,GA,56,0.432252623340401,42
RML,遗传算法（GA）,GA,57,0.432252623340401,42
RML,遗传算法（GA）,GA,58,0.432252623340401,42
RML,遗传算法（GA）,GA,59,0.432252623340401,42
RML,遗传算法（GA）,GA,60,0.432252623340401,42
RML,遗传算法（GA）,GA,61,0.432252623340401,42
RML,遗传算法（GA）,GA,62,0.432252623340401,42
RML,遗传算法（GA）,GA,63,0.432252623340401,42
RML,遗传算法（GA）,GA,64,0.432252623340401,42
RML,遗传算法（GA）,GA,65,0.432252623340401,42
RML,遗传算法（GA）,GA,66,0.432252623340401,42
RML,遗传算法（GA）,GA,67,0.432252623340401,42
RML,遗传算法（GA）,GA,68,0.432252623340401,42
RML,遗传算法（GA）,GA,69,0.432252623340401,42
RML,遗传算法（GA）,GA,70,0.432252623340401,42
RML,遗传算法（GA）,GA,71,0.432252623340401,42
RML,遗传算法（GA）,GA,72,0.432252623340401,42
RML,遗传算法（GA）,GA,73,0.432252623340401,42
RML,遗传算法（GA）,GA,74,0.432252623340401,42
RML,遗传算法（GA）,GA,75,0.432252623340401,42
RML,遗传算法（GA）,GA,76,0.432252623340401,42
RML,遗传算法（GA）,GA,77,0.432252623340401,42
RML,遗传算法（GA）,GA,78,0.432252623340401,42
RML,遗传算法（GA）,GA,79,0.432252623340401,42
RML,遗传算法（GA）,GA,80,0.432252623340401,42
RML,遗传算法（GA）,GA,81,0.432252623340401,42
RML,遗传算法（GA）,GA,82,0.432252623340401,42
RML,遗传算法（GA）,GA,83,0.432252623340401,42
RML,遗传算法（GA）,GA,84,0.432252623340401,42
RML,遗传算法（GA）,GA,85,0.432252623340401,42
RML,遗传算法（GA）,GA,86,0.432252623340401,42
RML,遗传算法（GA）,GA,87,0.432252623340401,42
RML,遗传算法（GA）,GA,88,0.432252623340401,42
RML,遗传算法（GA）,GA,89,0.432252623340401,42
RML,遗传算法（GA）,GA,90,0.432252623340401,42
RML,遗传算法（GA）,GA,91,0.432252623340401,42
RML,遗传算法（GA）,GA,92,0.432252623340401,42
RML,遗传算法（GA）,GA,93,0.432252623340401,42
RML,遗传算法（GA）,GA,94,0.432252623340401,42
RML,遗传算法（GA）,GA,95,0.432252623340401,42
RML,遗传算法（GA）,GA,96,0.432252623340401,42
RML,遗传算法（GA）,GA,97,0.432252623340401,42
RML,遗传算法（GA）,GA,98,0.432252623340401,42
RML,遗传算法（GA）,GA,99,0.432252623340401,42
RML,遗传算法（GA）,GA,100,0.432252623340401,42
RML,SPSA,SPSA,1,1.1207938361375644,404
RML,SPSA,SPSA,2,1.1207938361375644,404
RML,SPSA,SPSA,3,1.059191227227663,404
RML,SPSA,SPSA,4,1.0582788715758926,404
RML,SPSA,SPSA,5,1.0582788715758926,404
RML,SPSA,SPSA,6,1.0582788715758926,404
RML,SPSA,SPSA,7,1.0582788715758926,404
RML,SPSA,SPSA,8,1.0582788715758926,404
RML,SPSA,SPSA,9,1.0582788715758926,404
RML,SPSA,SPSA,10,0.9935427391218252,404
RML,SPSA,SPSA,11,0.9935427391218252,404
RML,SPSA,SPSA,12,0.9273347155034504,404
RML,SPSA,SPSA,13,0.9273347155034504,404
RML,SPSA,SPSA,14,0.9273347155034504,404
RML,SPSA,SPSA,15,0.9273347155034504,404
RML,SPSA,SPSA,16,0.9273347155034504,404
RML,SPSA,SPSA,17,0.9273347155034504,404
RML,SPSA,SPSA,18,0.9273347155034504,404
RML,SPSA,SPSA,19,0.9273347155034504,404
RML,SPSA,SPSA,20,0.9273347155034504,404
RML,SPSA,SPSA,21,0.9273347155034504,404
RML,SPSA,SPSA,22,0.8594736489047048,404
RML,SPSA,SPSA,23,0.8594736489047048,404
RML,SPSA,SPSA,24,0.8594736489047048,404
RML,SPSA,SPSA,25,0.8594736489047048,404
RML,SPSA,SPSA,26,0.7712129289473166,404
RML,SPSA,SPSA,27,0.7712129289473166,404
RML,SPSA,SPSA,28,0.7712129289473166,404
RML,SPSA,SPSA,29,0.7712129289473166,404
RML,SPSA,SPSA,30,0.7712129289473166,404
RML,SPSA,SPSA,31,0.7712129289473166,404
RML,SPSA,SPSA,32,0.7712129289473166,404
RML,SPSA,SPSA,33,0.7712129289473166,404
RML,SPSA,SPSA,34,0.7712129289473166,404
RML,SPSA,SPSA,35,0.7712129289473166,404
RML,SPSA,SPSA,36,0.7712129289473166,404
RML,SPSA,SPSA,37,0.7712129289473166,404
RML,SPSA,SPSA,38,0.7712129289473166,404
RML,SPSA,SPSA,39,0.7712129289473166,404
RML,SPSA,SPSA,40,0.7712129289473166,404
RML,SPSA,SPSA,41,0.7712129289473166,404
RML,SPSA,SPSA,42,0.7712129289473166,404
RML,SPSA,SPSA,43,0.7712129289473166,404
RML,SPSA,SPSA,44,0.7712129289473166,404
RML,SPSA,SPSA,45,0.7712129289473166,404
RML,SPSA,SPSA,46,0.7712129289473166,404
RML,SPSA,SPSA,47,0.7712129289473166,404
RML,SPSA,SPSA,48,0.7180924077118056,404
RML,SPSA,SPSA,49,0.7180924077118056,404
RML,SPSA,SPSA,50,0.7180924077118056,404
RML,SPSA,SPSA,51,0.7180924077118056,404
RML,SPSA,SPSA,52,0.7180924077118056,404
RML,SPSA,SPSA,53,0.7180924077118056,404
RML,SPSA,SPSA,54,0.7180924077118056,404
RML,SPSA,SPSA,55,0.7180924077118056,404
RML,SPSA,SPSA,56,0.7180924077118056,404
RML,SPSA,SPSA,57,0.7180924077118056,404
RML,SPSA,SPSA,58,0.7180924077118056,404
RML,SPSA,SPSA,59,0.7180924077118056,404
RML,SPSA,SPSA,60,0.6784713632932138,404
RML,SPSA,SPSA,61,0.6784713632932138,404
RML,SPSA,SPSA,62,0.6784713632932138,404
RML,SPSA,SPSA,63,0.6784713632932138,404
RML,SPSA,SPSA,64,0.6784713632932138,404
RML,SPSA,SPSA,65,0.6763012747363746,404
RML,SPSA,SPSA,66,0.6763012747363746,404
RML,SPSA,SPSA,67,0.6763012747363746,404
RML,SPSA,SPSA,68,0.6763012747363746,404
RML,SPSA,SPSA,69,0.6763012747363746,404
RML,SPSA,SPSA,70,0.674342206552526,404
RML,SPSA,SPSA,71,0.674342206552526,404
RML,SPSA,SPSA,72,0.6397745610759769,404
RML,SPSA,SPSA,73,0.6397745610759769,404
RML,SPSA,SPSA,74,0.6397745610759769,404
RML,SPSA,SPSA,75,0.6397745610759769,404
RML,SPSA,SPSA,76,0.6397745610759769,404
RML,SPSA,SPSA,77,0.6397745610759769,404
RML,SPSA,SPSA,78,0.6397745610759769,404
RML,SPSA,SPSA,79,0.6397745610759769,404
RML,SPSA,SPSA,80,0.6397745610759769,404
RML,SPSA,SPSA,81,0.6397745610759769,404
RML,SPSA,SPSA,82,0.6397745610759769,404
RML,SPSA,SPSA,83,0.6397745610759769,404
RML,SPSA,SPSA,84,0.6397745610759769,404
RML,SPSA,SPSA,85,0.6397745610759769,404
RML,SPSA,SPSA,86,0.6397745610759769,404
RML,SPSA,SPSA,87,0.6397745610759769,404
RML,SPSA,SPSA,88,0.6397745610759769,404
RML,SPSA,SPSA,89,0.6397745610759769,404
RML,SPSA,SPSA,90,0.6397745610759769,404
RML,SPSA,SPSA,91,0.6397745610759769,404
RML,SPSA,SPSA,92,0.6397745610759769,404
RML,SPSA,SPSA,93,0.6397745610759769,404
RML,SPSA,SPSA,94,0.6397745610759769,404
RML,SPSA,SPSA,95,0.6397745610759769,404
RML,SPSA,SPSA,96,0.6397745610759769,404
RML,SPSA,SPSA,97,0.6100699350743295,404
RML,SPSA,SPSA,98,0.6100699350743295,404
RML,SPSA,SPSA,99,0.6100699350743295,404
RML,SPSA,SPSA,100,0.6100699350743295,404
RML,遗传算法（GA）,GA,1,1.0586847300369564,101
RML,遗传算法（GA）,GA,2,0.5463712048884382,101
RML,遗传算法（GA）,GA,3,0.4904173991223497,101
RML,遗传算法（GA）,GA,4,0.4904173991223497,101
RML,遗传算法（GA）,GA,5,0.4904173991223497,101
RML,遗传算法（GA）,GA,6,0.4904173991223497,101
RML,遗传算法（GA）,GA,7,0.4904173991223497,101
RML,遗传算法（GA）,GA,8,0.4904173991223497,101
RML,遗传算法（GA）,GA,9,0.4904173991223497,101
RML,遗传算法（GA）,GA,10,0.4904173991223497,101
RML,遗传算法（GA）,GA,11,0.4904173991223497,101
RML,遗传算法（GA）,GA,12,0.4586634493671619,101
RML,遗传算法（GA）,GA,13,0.4586634493671619,101
RML,遗传算法（GA）,GA,14,0.4586634493671619,101
RML,遗传算法（GA）,GA,15,0.4586634493671619,101
RML,遗传算法（GA）,GA,16,0.4586634493671619,101
RML,遗传算法（GA）,GA,17,0.4586634493671619,101
RML,遗传算法（GA）,GA,18,0.4586634493671619,101
RML,遗传算法（GA）,GA,19,0.4586634493671619,101
RML,遗传算法（GA）,GA,20,0.4586634493671619,101
RML,遗传算法（GA）,GA,21,0.4586634493671619,101
RML,遗传算法（GA）,GA,22,0.4586634493671619,101
RML,遗传算法（GA）,GA,23,0.4586634493671619,101
RML,遗传算法（GA）,GA,24,0.4586634493671619,101
RML,遗传算法（GA）,GA,25,0.4586634493671619,101
RML,遗传算法（GA）,GA,26,0.4586634493671619,101
RML,遗传算法（GA）,GA,27,0.4586634493671619,101
RML,遗传算法（GA）,GA,28,0.4586634493671619,101
RML,遗传算法（GA）,GA,29,0.4586634493671619,101
RML,遗传算法（GA）,GA,30,0.4586634493671619,101
RML,遗传算法（GA）,GA,31,0.4586634493671619,101
RML,遗传算法（GA）,GA,32,0.4586634493671619,101
RML,遗传算法（GA）,GA,33,0.4586634493671619,101
RML,遗传算法（GA）,GA,34,0.4586634493671619,101
RML,遗传算法（GA）,GA,35,0.4586634493671619,101
RML,遗传算法（GA）,GA,36,0.4586634493671619,101
RML,遗传算法（GA）,GA,37,0.4586634493671619,101
RML,遗传算法（GA）,GA,38,0.4586634493671619,101
RML,遗传算法（GA）,GA,39,0.4586634493671619,101
RML,遗传算法（GA）,GA,40,0.4586634493671619,101
RML,遗传算法（GA）,GA,41,0.4586634493671619,101
RML,遗传算法（GA）,GA,42,0.4586634493671619,101
RML,遗传算法（GA）,GA,43,0.4586634493671619,101
RML,遗传算法（GA）,GA,44,0.4586634493671619,101
RML,遗传算法（GA）,GA,45,0.4586634493671619,101
RML,遗传算法（GA）,GA,46,0.4586634493671619,101
RML,遗传算法（GA）,GA,47,0.4586634493671619,101
RML,遗传算法（GA）,GA,48,0.4586634493671619,101
RML,遗传算法（GA）,GA,49,0.4586634493671619,101
RML,遗传算法（GA）,GA,50,0.4569162272131611,101
RML,遗传算法（GA）,GA,51,0.4569162272131611,101
RML,遗传算法（GA）,GA,52,0.4569162272131611,101
RML,遗传算法（GA）,GA,53,0.4569162272131611,101
RML,遗传算法（GA）,GA,54,0.4440461844577773,101
RML,遗传算法（GA）,GA,55,0.4440461844577773,101
RML,遗传算法（GA）,GA,56,0.4440461844577773,101
RML,遗传算法（GA）,GA,57,0.4440461844577773,101
RML,遗传算法（GA）,GA,58,0.4440461844577773,101
RML,遗传算法（GA）,GA,59,0.4440461844577773,101
RML,遗传算法（GA）,GA,60,0.4440461844577773,101
RML,遗传算法（GA）,GA,61,0.4440461844577773,101
RML,遗传算法（GA）,GA,62,0.4440461844577773,101
RML,遗传算法（GA）,GA,63,0.4440461844577773,101
RML,遗传算法（GA）,GA,64,0.4440461844577773,101
RML,遗传算法（GA）,GA,65,0.4440461844577773,101
RML,遗传算法（GA）,GA,66,0.4440461844577773,101
RML,遗传算法（GA）,GA,67,0.4440461844577773,101
RML,遗传算法（GA）,GA,68,0.4440461844577773,101
RML,遗传算法（GA）,GA,69,0.4440461844577773,101
RML,遗传算法（GA）,GA,70,0.4440461844577773,101
RML,遗传算法（GA）,GA,71,0.4440461844577773,101
RML,遗传算法（GA）,GA,72,0.4440461844577773,101
RML,遗传算法（GA）,GA,73,0.4440461844577773,101
RML,遗传算法（GA）,GA,74,0.4440461844577773,101
RML,遗传算法（GA）,GA,75,0.4440461844577773,101
RML,遗传算法（GA）,GA,76,0.4440461844577773,101
RML,遗传算法（GA）,GA,77,0.4440461844577773,101
RML,遗传算法（GA）,GA,78,0.4440461844577773,101
RML,遗传算法（GA）,GA,79,0.4440461844577773,101
RML,遗传算法（GA）,GA,80,0.4440461844577773,101
RML,遗传算法（GA）,GA,81,0.4440461844577773,101
RML,遗传算法（GA）,GA,82,0.4440461844577773,101
RML,遗传算法（GA）,GA,83,0.4440461844577773,101
RML,遗传算法（GA）,GA,84,0.4440461844577773,101
RML,遗传算法（GA）,GA,85,0.4440461844577773,101
RML,遗传算法（GA）,GA,86,0.4440461844577773,101
RML,遗传算法（GA）,GA,87,0.4440461844577773,101
RML,遗传算法（GA）,GA,88,0.4440461844577773,101
RML,遗传算法（GA）,GA,89,0.4440461844577773,101
RML,遗传算法（GA）,GA,90,0.4440461844577773,101
RML,遗传算法（GA）,GA,91,0.4440461844577773,101
RML,遗传算法（GA）,GA,92,0.4365704216332408,101
RML,遗传算法（GA）,GA,93,0.4365704216332408,101
RML,遗传算法（GA）,GA,94,0.4365704216332408,101
RML,遗传算法（GA）,GA,95,0.4365704216332408,101
RML,遗传算法（GA）,GA,96,0.4365704216332408,101
RML,遗传算法（GA）,GA,97,0.4365704216332408,101
RML,遗传算法（GA）,GA,98,0.4365704216332408,101
RML,遗传算法（GA）,GA,99,0.4365704216332408,101
RML,遗传算法（GA）,GA,100,0.4365704216332408,101
RML,BF-SAC-MLP,BF-SAC-MLP,1,0.699569,202
RML,BF-SAC-MLP,BF-SAC-MLP,2,0.699569,202
RML,BF-SAC-MLP,BF-SAC-MLP,3,0.699569,202
RML,BF-SAC-MLP,BF-SAC-MLP,4,0.699569,202
RML,BF-SAC-MLP,BF-SAC-MLP,5,0.699569,202
RML,BF-SAC-MLP,BF-SAC-MLP,6,0.699569,202
RML,BF-SAC-MLP,BF-SAC-MLP,7,0.699569,202
RML,BF-SAC-MLP,BF-SAC-MLP,8,0.699569,202
RML,BF-SAC-MLP,BF-SAC-MLP,9,0.699569,202
RML,BF-SAC-MLP,BF-SAC-MLP,10,0.699569,202
RML,BF-SAC-MLP,BF-SAC-MLP,11,0.699569,202
RML,BF-SAC-MLP,BF-SAC-MLP,12,0.699569,202
RML,BF-SAC-MLP,BF-SAC-MLP,13,0.699569,202
RML,BF-SAC-MLP,BF-SAC-MLP,14,0.534053,202
RML,BF-SAC-MLP,BF-SAC-MLP,15,0.534053,202
RML,BF-SAC-MLP,BF-SAC-MLP,16,0.534053,202
RML,BF-SAC-MLP,BF-SAC-MLP,17,0.534053,202
RML,BF-SAC-MLP,BF-SAC-MLP,18,0.534053,202
RML,BF-SAC-MLP,BF-SAC-MLP,19,0.534053,202
RML,BF-SAC-MLP,BF-SAC-MLP,20,0.534053,202
RML,BF-SAC-MLP,BF-SAC-MLP,21,0.534053,202
RML,BF-SAC-MLP,BF-SAC-MLP,22,0.534053,202
RML,BF-SAC-MLP,BF-SAC-MLP,23,0.534053,202
RML,BF-SAC-MLP,BF-SAC-MLP,24,0.534053,202
RML,BF-SAC-MLP,BF-SAC-MLP,25,0.509602,202
RML,BF-SAC-MLP,BF-SAC-MLP,26,0.509602,202
RML,BF-SAC-MLP,BF-SAC-MLP,27,0.509602,202
RML,BF-SAC-MLP,BF-SAC-MLP,28,0.509602,202
RML,BF-SAC-MLP,BF-SAC-MLP,29,0.509602,202
RML,BF-SAC-MLP,BF-SAC-MLP,30,0.509602,202
RML,BF-SAC-MLP,BF-SAC-MLP,31,0.509602,202
RML,BF-SAC-MLP,BF-SAC-MLP,32,0.509602,202
RML,BF-SAC-MLP,BF-SAC-MLP,33,0.509602,202
RML,BF-SAC-MLP,BF-SAC-MLP,34,0.509602,202
RML,BF-SAC-MLP,BF-SAC-MLP,35,0.509602,202
RML,BF-SAC-MLP,BF-SAC-MLP,36,0.509602,202
RML,BF-SAC-MLP,BF-SAC-MLP,37,0.509602,202
RML,BF-SAC-MLP,BF-SAC-MLP,38,0.509602,202
RML,BF-SAC-MLP,BF-SAC-MLP,39,0.509602,202
RML,BF-SAC-MLP,BF-SAC-MLP,40,0.509602,202
RML,BF-SAC-MLP,BF-SAC-MLP,41,0.509602,202
RML,BF-SAC-MLP,BF-SAC-MLP,42,0.490696,202
RML,BF-SAC-MLP,BF-SAC-MLP,43,0.490696,202
RML,BF-SAC-MLP,BF-SAC-MLP,44,0.489816,202
RML,BF-SAC-MLP,BF-SAC-MLP,45,0.467683,202
RML,BF-SAC-MLP,BF-SAC-MLP,46,0.467683,202
RML,BF-SAC-MLP,BF-SAC-MLP,47,0.467683,202
RML,BF-SAC-MLP,BF-SAC-MLP,48,0.467683,202
RML,BF-SAC-MLP,BF-SAC-MLP,49,0.467683,202
RML,BF-SAC-MLP,BF-SAC-MLP,50,0.467683,202
RML,BF-SAC-MLP,BF-SAC-MLP,51,0.467683,202
RML,BF-SAC-MLP,BF-SAC-MLP,52,0.467683,202
RML,BF-SAC-MLP,BF-SAC-MLP,53,0.467683,202
RML,BF-SAC-MLP,BF-SAC-MLP,54,0.467683,202
RML,BF-SAC-MLP,BF-SAC-MLP,55,0.467683,202
RML,BF-SAC-MLP,BF-SAC-MLP,56,0.467683,202
RML,BF-SAC-MLP,BF-SAC-MLP,57,0.467683,202
RML,BF-SAC-MLP,BF-SAC-MLP,58,0.467683,202
RML,BF-SAC-MLP,BF-SAC-MLP,59,0.467683,202
RML,BF-SAC-MLP,BF-SAC-MLP,60,0.466173,202
RML,BF-SAC-MLP,BF-SAC-MLP,61,0.466173,202
RML,BF-SAC-MLP,BF-SAC-MLP,62,0.466173,202
RML,BF-SAC-MLP,BF-SAC-MLP,63,0.460663,202
RML,BF-SAC-MLP,BF-SAC-MLP,64,0.460663,202
RML,BF-SAC-MLP,BF-SAC-MLP,65,0.460663,202
RML,BF-SAC-MLP,BF-SAC-MLP,66,0.460663,202
RML,BF-SAC-MLP,BF-SAC-MLP,67,0.460663,202
RML,BF-SAC-MLP,BF-SAC-MLP,68,0.460663,202
RML,BF-SAC-MLP,BF-SAC-MLP,69,0.460663,202
RML,BF-SAC-MLP,BF-SAC-MLP,70,0.460663,202
RML,BF-SAC-MLP,BF-SAC-MLP,71,0.460663,202
RML,BF-SAC-MLP,BF-SAC-MLP,72,0.460663,202
RML,BF-SAC-MLP,BF-SAC-MLP,73,0.460663,202
RML,BF-SAC-MLP,BF-SAC-MLP,74,0.460663,202
RML,BF-SAC-MLP,BF-SAC-MLP,75,0.460663,202
RML,BF-SAC-MLP,BF-SAC-MLP,76,0.460663,202
RML,BF-SAC-MLP,BF-SAC-MLP,77,0.460663,202
RML,BF-SAC-MLP,BF-SAC-MLP,78,0.460663,202
RML,BF-SAC-MLP,BF-SAC-MLP,79,0.460663,202
RML,BF-SAC-MLP,BF-SAC-MLP,80,0.460663,202
RML,BF-SAC-MLP,BF-SAC-MLP,81,0.460663,202
RML,BF-SAC-MLP,BF-SAC-MLP,82,0.460663,202
RML,BF-SAC-MLP,BF-SAC-MLP,83,0.460663,202
RML,BF-SAC-MLP,BF-SAC-MLP,84,0.460663,202
RML,BF-SAC-MLP,BF-SAC-MLP,85,0.460663,202
RML,BF-SAC-MLP,BF-SAC-MLP,86,0.460663,202
RML,BF-SAC-MLP,BF-SAC-MLP,87,0.460663,202
RML,BF-SAC-MLP,BF-SAC-MLP,88,0.456059,202
RML,BF-SAC-MLP,BF-SAC-MLP,89,0.456059,202
RML,BF-SAC-MLP,BF-SAC-MLP,90,0.456059,202
RML,BF-SAC-MLP,BF-SAC-MLP,91,0.456059,202
RML,BF-SAC-MLP,BF-SAC-MLP,92,0.456059,202
RML,BF-SAC-MLP,BF-SAC-MLP,93,0.456059,202
RML,BF-SAC-MLP,BF-SAC-MLP,94,0.456059,202
RML,BF-SAC-MLP,BF-SAC-MLP,95,0.456059,202
RML,BF-SAC-MLP,BF-SAC-MLP,96,0.456059,202
RML,BF-SAC-MLP,BF-SAC-MLP,97,0.456059,202
RML,BF-SAC-MLP,BF-SAC-MLP,98,0.456059,202
RML,BF-SAC-MLP,BF-SAC-MLP,99,0.456059,202
RML,BF-SAC-MLP,BF-SAC-MLP,100,0.456059,202
RML,BF-SAC-MLP,BF-SAC-MLP,1,0.895509,404
RML,BF-SAC-MLP,BF-SAC-MLP,2,0.895509,404
RML,BF-SAC-MLP,BF-SAC-MLP,3,0.825342,404
RML,BF-SAC-MLP,BF-SAC-MLP,4,0.825342,404
RML,BF-SAC-MLP,BF-SAC-MLP,5,0.825342,404
RML,BF-SAC-MLP,BF-SAC-MLP,6,0.825342,404
RML,BF-SAC-MLP,BF-SAC-MLP,7,0.787834,404
RML,BF-SAC-MLP,BF-SAC-MLP,8,0.787834,404
RML,BF-SAC-MLP,BF-SAC-MLP,9,0.787834,404
RML,BF-SAC-MLP,BF-SAC-MLP,10,0.787834,404
RML,BF-SAC-MLP,BF-SAC-MLP,11,0.787834,404
RML,BF-SAC-MLP,BF-SAC-MLP,12,0.787834,404
RML,BF-SAC-MLP,BF-SAC-MLP,13,0.787834,404
RML,BF-SAC-MLP,BF-SAC-MLP,14,0.787834,404
RML,BF-SAC-MLP,BF-SAC-MLP,15,0.787834,404
RML,BF-SAC-MLP,BF-SAC-MLP,16,0.746519,404
RML,BF-SAC-MLP,BF-SAC-MLP,17,0.670662,404
RML,BF-SAC-MLP,BF-SAC-MLP,18,0.670662,404
RML,BF-SAC-MLP,BF-SAC-MLP,19,0.670662,404
RML,BF-SAC-MLP,BF-SAC-MLP,20,0.670662,404
RML,BF-SAC-MLP,BF-SAC-MLP,21,0.670662,404
RML,BF-SAC-MLP,BF-SAC-MLP,22,0.546937,404
RML,BF-SAC-MLP,BF-SAC-MLP,23,0.546937,404
RML,BF-SAC-MLP,BF-SAC-MLP,24,0.546937,404
RML,BF-SAC-MLP,BF-SAC-MLP,25,0.546937,404
RML,BF-SAC-MLP,BF-SAC-MLP,26,0.546937,404
RML,BF-SAC-MLP,BF-SAC-MLP,27,0.546937,404
RML,BF-SAC-MLP,BF-SAC-MLP,28,0.546937,404
RML,BF-SAC-MLP,BF-SAC-MLP,29,0.546937,404
RML,BF-SAC-MLP,BF-SAC-MLP,30,0.546937,404
RML,BF-SAC-MLP,BF-SAC-MLP,31,0.546937,404
RML,BF-SAC-MLP,BF-SAC-MLP,32,0.546937,404
RML,BF-SAC-MLP,BF-SAC-MLP,33,0.546937,404
RML,BF-SAC-MLP,BF-SAC-MLP,34,0.546937,404
RML,BF-SAC-MLP,BF-SAC-MLP,35,0.546937,404
RML,BF-SAC-MLP,BF-SAC-MLP,36,0.546937,404
RML,BF-SAC-MLP,BF-SAC-MLP,37,0.546937,404
RML,BF-SAC-MLP,BF-SAC-MLP,38,0.546937,404
RML,BF-SAC-MLP,BF-SAC-MLP,39,0.546937,404
RML,BF-SAC-MLP,BF-SAC-MLP,40,0.546937,404
RML,BF-SAC-MLP,BF-SAC-MLP,41,0.477002,404
RML,BF-SAC-MLP,BF-SAC-MLP,42,0.477002,404
RML,BF-SAC-MLP,BF-SAC-MLP,43,0.477002,404
RML,BF-SAC-MLP,BF-SAC-MLP,44,0.477002,404
RML,BF-SAC-MLP,BF-SAC-MLP,45,0.467658,404
RML,BF-SAC-MLP,BF-SAC-MLP,46,0.467658,404
RML,BF-SAC-MLP,BF-SAC-MLP,47,0.467658,404
RML,BF-SAC-MLP,BF-SAC-MLP,48,0.467658,404
RML,BF-SAC-MLP,BF-SAC-MLP,49,0.459678,404
RML,BF-SAC-MLP,BF-SAC-MLP,50,0.459678,404
RML,BF-SAC-MLP,BF-SAC-MLP,51,0.459678,404
RML,BF-SAC-MLP,BF-SAC-MLP,52,0.454032,404
RML,BF-SAC-MLP,BF-SAC-MLP,53,0.454032,404
RML,BF-SAC-MLP,BF-SAC-MLP,54,0.454032,404
RML,BF-SAC-MLP,BF-SAC-MLP,55,0.454032,404
RML,BF-SAC-MLP,BF-SAC-MLP,56,0.454032,404
RML,BF-SAC-MLP,BF-SAC-MLP,57,0.454032,404
RML,BF-SAC-MLP,BF-SAC-MLP,58,0.454032,404
RML,BF-SAC-MLP,BF-SAC-MLP,59,0.454032,404
RML,BF-SAC-MLP,BF-SAC-MLP,60,0.454032,404
RML,BF-SAC-MLP,BF-SAC-MLP,61,0.454032,404
RML,BF-SAC-MLP,BF-SAC-MLP,62,0.454032,404
RML,BF-SAC-MLP,BF-SAC-MLP,63,0.454032,404
RML,BF-SAC-MLP,BF-SAC-MLP,64,0.454032,404
RML,BF-SAC-MLP,BF-SAC-MLP,65,0.454032,404
RML,BF-SAC-MLP,BF-SAC-MLP,66,0.454032,404
RML,BF-SAC-MLP,BF-SAC-MLP,67,0.454032,404
RML,BF-SAC-MLP,BF-SAC-MLP,68,0.454032,404
RML,BF-SAC-MLP,BF-SAC-MLP,69,0.454032,404
RML,BF-SAC-MLP,BF-SAC-MLP,70,0.454032,404
RML,BF-SAC-MLP,BF-SAC-MLP,71,0.454032,404
RML,BF-SAC-MLP,BF-SAC-MLP,72,0.454032,404
RML,BF-SAC-MLP,BF-SAC-MLP,73,0.454032,404
RML,BF-SAC-MLP,BF-SAC-MLP,74,0.454032,404
RML,BF-SAC-MLP,BF-SAC-MLP,75,0.454032,404
RML,BF-SAC-MLP,BF-SAC-MLP,76,0.454032,404
RML,BF-SAC-MLP,BF-SAC-MLP,77,0.454032,404
RML,BF-SAC-MLP,BF-SAC-MLP,78,0.454032,404
RML,BF-SAC-MLP,BF-SAC-MLP,79,0.454032,404
RML,BF-SAC-MLP,BF-SAC-MLP,80,0.454032,404
RML,BF-SAC-MLP,BF-SAC-MLP,81,0.454032,404
RML,BF-SAC-MLP,BF-SAC-MLP,82,0.454032,404
RML,BF-SAC-MLP,BF-SAC-MLP,83,0.454032,404
RML,BF-SAC-MLP,BF-SAC-MLP,84,0.454032,404
RML,BF-SAC-MLP,BF-SAC-MLP,85,0.454032,404
RML,BF-SAC-MLP,BF-SAC-MLP,86,0.454032,404
RML,BF-SAC-MLP,BF-SAC-MLP,87,0.454032,404
RML,BF-SAC-MLP,BF-SAC-MLP,88,0.454032,404
RML,BF-SAC-MLP,BF-SAC-MLP,89,0.454032,404
RML,BF-SAC-MLP,BF-SAC-MLP,90,0.454032,404
RML,BF-SAC-MLP,BF-SAC-MLP,91,0.454032,404
RML,BF-SAC-MLP,BF-SAC-MLP,92,0.454032,404
RML,BF-SAC-MLP,BF-SAC-MLP,93,0.454032,404
RML,BF-SAC-MLP,BF-SAC-MLP,94,0.454032,404
RML,BF-SAC-MLP,BF-SAC-MLP,95,0.454032,404
RML,BF-SAC-MLP,BF-SAC-MLP,96,0.454032,404
RML,BF-SAC-MLP,BF-SAC-MLP,97,0.454032,404
RML,BF-SAC-MLP,BF-SAC-MLP,98,0.454032,404
RML,BF-SAC-MLP,BF-SAC-MLP,99,0.454032,404
RML,BF-SAC-MLP,BF-SAC-MLP,100,0.454032,404
RML,遗传算法（GA）,GA,1,0.8285985217951096,202
RML,遗传算法（GA）,GA,2,0.8285985217951096,202
RML,遗传算法（GA）,GA,3,0.8285985217951096,202
RML,遗传算法（GA）,GA,4,0.8285985217951096,202
RML,遗传算法（GA）,GA,5,0.5931071530311968,202
RML,遗传算法（GA）,GA,6,0.5931071530311968,202
RML,遗传算法（GA）,GA,7,0.5931071530311968,202
RML,遗传算法（GA）,GA,8,0.5931071530311968,202
RML,遗传算法（GA）,GA,9,0.5817752994730208,202
RML,遗传算法（GA）,GA,10,0.5817752994730208,202
RML,遗传算法（GA）,GA,11,0.5817752994730208,202
RML,遗传算法（GA）,GA,12,0.5817752994730208,202
RML,遗传算法（GA）,GA,13,0.5817752994730208,202
RML,遗传算法（GA）,GA,14,0.5817752994730208,202
RML,遗传算法（GA）,GA,15,0.5598454087177641,202
RML,遗传算法（GA）,GA,16,0.5598454087177641,202
RML,遗传算法（GA）,GA,17,0.5598454087177641,202
RML,遗传算法（GA）,GA,18,0.5424689281940673,202
RML,遗传算法（GA）,GA,19,0.5424689281940673,202
RML,遗传算法（GA）,GA,20,0.5424689281940673,202
RML,遗传算法（GA）,GA,21,0.5424689281940673,202
RML,遗传算法（GA）,GA,22,0.5424689281940673,202
RML,遗传算法（GA）,GA,23,0.5424689281940673,202
RML,遗传算法（GA）,GA,24,0.5254919580992293,202
RML,遗传算法（GA）,GA,25,0.5254919580992293,202
RML,遗传算法（GA）,GA,26,0.5254919580992293,202
RML,遗传算法（GA）,GA,27,0.5254919580992293,202
RML,遗传算法（GA）,GA,28,0.5254919580992293,202
RML,遗传算法（GA）,GA,29,0.5254919580992293,202
RML,遗传算法（GA）,GA,30,0.5042250847244117,202
RML,遗传算法（GA）,GA,31,0.5042250847244117,202
RML,遗传算法（GA）,GA,32,0.5025285525161705,202
RML,遗传算法（GA）,GA,33,0.5025285525161705,202
RML,遗传算法（GA）,GA,34,0.5025285525161705,202
RML,遗传算法（GA）,GA,35,0.5025285525161705,202
RML,遗传算法（GA）,GA,36,0.5025285525161705,202
RML,遗传算法（GA）,GA,37,0.5025285525161705,202
RML,遗传算法（GA）,GA,38,0.4993626158036106,202
RML,遗传算法（GA）,GA,39,0.4993626158036106,202
RML,遗传算法（GA）,GA,40,0.4993626158036106,202
RML,遗传算法（GA）,GA,41,0.4993626158036106,202
RML,遗传算法（GA）,GA,42,0.4703596232275204,202
RML,遗传算法（GA）,GA,43,0.4703596232275204,202
RML,遗传算法（GA）,GA,44,0.4703596232275204,202
RML,遗传算法（GA）,GA,45,0.4703596232275204,202
RML,遗传算法（GA）,GA,46,0.4703596232275204,202
RML,遗传算法（GA）,GA,47,0.4703596232275204,202
RML,遗传算法（GA）,GA,48,0.4703596232275204,202
RML,遗传算法（GA）,GA,49,0.4703596232275204,202
RML,遗传算法（GA）,GA,50,0.4703596232275204,202
RML,遗传算法（GA）,GA,51,0.4703596232275204,202
RML,遗传算法（GA）,GA,52,0.4703596232275204,202
RML,遗传算法（GA）,GA,53,0.4703596232275204,202
RML,遗传算法（GA）,GA,54,0.4703596232275204,202
RML,遗传算法（GA）,GA,55,0.4703596232275204,202
RML,遗传算法（GA）,GA,56,0.4703596232275204,202
RML,遗传算法（GA）,GA,57,0.4703596232275204,202
RML,遗传算法（GA）,GA,58,0.4703596232275204,202
RML,遗传算法（GA）,GA,59,0.4703596232275204,202
RML,遗传算法（GA）,GA,60,0.4703596232275204,202
RML,遗传算法（GA）,GA,61,0.4703596232275204,202
RML,遗传算法（GA）,GA,62,0.4703596232275204,202
RML,遗传算法（GA）,GA,63,0.4703596232275204,202
RML,遗传算法（GA）,GA,64,0.4703596232275204,202
RML,遗传算法（GA）,GA,65,0.4703596232275204,202
RML,遗传算法（GA）,GA,66,0.4703596232275204,202
RML,遗传算法（GA）,GA,67,0.4703596232275204,202
RML,遗传算法（GA）,GA,68,0.4703596232275204,202
RML,遗传算法（GA）,GA,69,0.4703596232275204,202
RML,遗传算法（GA）,GA,70,0.4703596232275204,202
RML,遗传算法（GA）,GA,71,0.4703596232275204,202
RML,遗传算法（GA）,GA,72,0.4703596232275204,202
RML,遗传算法（GA）,GA,73,0.4703596232275204,202
RML,遗传算法（GA）,GA,74,0.4703596232275204,202
RML,遗传算法（GA）,GA,75,0.4703596232275204,202
RML,遗传算法（GA）,GA,76,0.4703596232275204,202
RML,遗传算法（GA）,GA,77,0.4703596232275204,202
RML,遗传算法（GA）,GA,78,0.4703596232275204,202
RML,遗传算法（GA）,GA,79,0.4703596232275204,202
RML,遗传算法（GA）,GA,80,0.4703596232275204,202
RML,遗传算法（GA）,GA,81,0.4703596232275204,202
RML,遗传算法（GA）,GA,82,0.4703596232275204,202
RML,遗传算法（GA）,GA,83,0.4703596232275204,202
RML,遗传算法（GA）,GA,84,0.4703596232275204,202
RML,遗传算法（GA）,GA,85,0.4703596232275204,202
RML,遗传算法（GA）,GA,86,0.4703596232275204,202
RML,遗传算法（GA）,GA,87,0.4703596232275204,202
RML,遗传算法（GA）,GA,88,0.4647927057523129,202
RML,遗传算法（GA）,GA,89,0.4647927057523129,202
RML,遗传算法（GA）,GA,90,0.4647927057523129,202
RML,遗传算法（GA）,GA,91,0.4647927057523129,202
RML,遗传算法（GA）,GA,92,0.4647927057523129,202
RML,遗传算法（GA）,GA,93,0.4647927057523129,202
RML,遗传算法（GA）,GA,94,0.4647927057523129,202
RML,遗传算法（GA）,GA,95,0.4647927057523129,202
RML,遗传算法（GA）,GA,96,0.4647927057523129,202
RML,遗传算法（GA）,GA,97,0.4647927057523129,202
RML,遗传算法（GA）,GA,98,0.4647927057523129,202
RML,遗传算法（GA）,GA,99,0.4647927057523129,202
RML,遗传算法（GA）,GA,100,0.4647927057523129,202
RML,BF-SAC-MLP,BF-SAC-MLP,1,0.747405,303
RML,BF-SAC-MLP,BF-SAC-MLP,2,0.747405,303
RML,BF-SAC-MLP,BF-SAC-MLP,3,0.747405,303
RML,BF-SAC-MLP,BF-SAC-MLP,4,0.747405,303
RML,BF-SAC-MLP,BF-SAC-MLP,5,0.747405,303
RML,BF-SAC-MLP,BF-SAC-MLP,6,0.747405,303
RML,BF-SAC-MLP,BF-SAC-MLP,7,0.747405,303
RML,BF-SAC-MLP,BF-SAC-MLP,8,0.747405,303
RML,BF-SAC-MLP,BF-SAC-MLP,9,0.747405,303
RML,BF-SAC-MLP,BF-SAC-MLP,10,0.512165,303
RML,BF-SAC-MLP,BF-SAC-MLP,11,0.512165,303
RML,BF-SAC-MLP,BF-SAC-MLP,12,0.512165,303
RML,BF-SAC-MLP,BF-SAC-MLP,13,0.512165,303
RML,BF-SAC-MLP,BF-SAC-MLP,14,0.512165,303
RML,BF-SAC-MLP,BF-SAC-MLP,15,0.512165,303
RML,BF-SAC-MLP,BF-SAC-MLP,16,0.512165,303
RML,BF-SAC-MLP,BF-SAC-MLP,17,0.512165,303
RML,BF-SAC-MLP,BF-SAC-MLP,18,0.512165,303
RML,BF-SAC-MLP,BF-SAC-MLP,19,0.512165,303
RML,BF-SAC-MLP,BF-SAC-MLP,20,0.512165,303
RML,BF-SAC-MLP,BF-SAC-MLP,21,0.512165,303
RML,BF-SAC-MLP,BF-SAC-MLP,22,0.512165,303
RML,BF-SAC-MLP,BF-SAC-MLP,23,0.512165,303
RML,BF-SAC-MLP,BF-SAC-MLP,24,0.512165,303
RML,BF-SAC-MLP,BF-SAC-MLP,25,0.512165,303
RML,BF-SAC-MLP,BF-SAC-MLP,26,0.512165,303
RML,BF-SAC-MLP,BF-SAC-MLP,27,0.512165,303
RML,BF-SAC-MLP,BF-SAC-MLP,28,0.512165,303
RML,BF-SAC-MLP,BF-SAC-MLP,29,0.512165,303
RML,BF-SAC-MLP,BF-SAC-MLP,30,0.512165,303
RML,BF-SAC-MLP,BF-SAC-MLP,31,0.512165,303
RML,BF-SAC-MLP,BF-SAC-MLP,32,0.512165,303
RML,BF-SAC-MLP,BF-SAC-MLP,33,0.512165,303
RML,BF-SAC-MLP,BF-SAC-MLP,34,0.512165,303
RML,BF-SAC-MLP,BF-SAC-MLP,35,0.512165,303
RML,BF-SAC-MLP,BF-SAC-MLP,36,0.512165,303
RML,BF-SAC-MLP,BF-SAC-MLP,37,0.512165,303
RML,BF-SAC-MLP,BF-SAC-MLP,38,0.512165,303
RML,BF-SAC-MLP,BF-SAC-MLP,39,0.512165,303
RML,BF-SAC-MLP,BF-SAC-MLP,40,0.512165,303
RML,BF-SAC-MLP,BF-SAC-MLP,41,0.512165,303
RML,BF-SAC-MLP,BF-SAC-MLP,42,0.512165,303
RML,BF-SAC-MLP,BF-SAC-MLP,43,0.512165,303
RML,BF-SAC-MLP,BF-SAC-MLP,44,0.512165,303
RML,BF-SAC-MLP,BF-SAC-MLP,45,0.493266,303
RML,BF-SAC-MLP,BF-SAC-MLP,46,0.493266,303
RML,BF-SAC-MLP,BF-SAC-MLP,47,0.493266,303
RML,BF-SAC-MLP,BF-SAC-MLP,48,0.493266,303
RML,BF-SAC-MLP,BF-SAC-MLP,49,0.493266,303
RML,BF-SAC-MLP,BF-SAC-MLP,50,0.481174,303
RML,BF-SAC-MLP,BF-SAC-MLP,51,0.477346,303
RML,BF-SAC-MLP,BF-SAC-MLP,52,0.477346,303
RML,BF-SAC-MLP,BF-SAC-MLP,53,0.477346,303
RML,BF-SAC-MLP,BF-SAC-MLP,54,0.477346,303
RML,BF-SAC-MLP,BF-SAC-MLP,55,0.464496,303
RML,BF-SAC-MLP,BF-SAC-MLP,56,0.464496,303
RML,BF-SAC-MLP,BF-SAC-MLP,57,0.464496,303
RML,BF-SAC-MLP,BF-SAC-MLP,58,0.464496,303
RML,BF-SAC-MLP,BF-SAC-MLP,59,0.464496,303
RML,BF-SAC-MLP,BF-SAC-MLP,60,0.464496,303
RML,BF-SAC-MLP,BF-SAC-MLP,61,0.464496,303
RML,BF-SAC-MLP,BF-SAC-MLP,62,0.464496,303
RML,BF-SAC-MLP,BF-SAC-MLP,63,0.464496,303
RML,BF-SAC-MLP,BF-SAC-MLP,64,0.464496,303
RML,BF-SAC-MLP,BF-SAC-MLP,65,0.464496,303
RML,BF-SAC-MLP,BF-SAC-MLP,66,0.464496,303
RML,BF-SAC-MLP,BF-SAC-MLP,67,0.464496,303
RML,BF-SAC-MLP,BF-SAC-MLP,68,0.464496,303
RML,BF-SAC-MLP,BF-SAC-MLP,69,0.464496,303
RML,BF-SAC-MLP,BF-SAC-MLP,70,0.464496,303
RML,BF-SAC-MLP,BF-SAC-MLP,71,0.464496,303
RML,BF-SAC-MLP,BF-SAC-MLP,72,0.464496,303
RML,BF-SAC-MLP,BF-SAC-MLP,73,0.464496,303
RML,BF-SAC-MLP,BF-SAC-MLP,74,0.464496,303
RML,BF-SAC-MLP,BF-SAC-MLP,75,0.453215,303
RML,BF-SAC-MLP,BF-SAC-MLP,76,0.453215,303
RML,BF-SAC-MLP,BF-SAC-MLP,77,0.453215,303
RML,BF-SAC-MLP,BF-SAC-MLP,78,0.453215,303
RML,BF-SAC-MLP,BF-SAC-MLP,79,0.453215,303
RML,BF-SAC-MLP,BF-SAC-MLP,80,0.453215,303
RML,BF-SAC-MLP,BF-SAC-MLP,81,0.453215,303
RML,BF-SAC-MLP,BF-SAC-MLP,82,0.453215,303
RML,BF-SAC-MLP,BF-SAC-MLP,83,0.453215,303
RML,BF-SAC-MLP,BF-SAC-MLP,84,0.453215,303
RML,BF-SAC-MLP,BF-SAC-MLP,85,0.453215,303
RML,BF-SAC-MLP,BF-SAC-MLP,86,0.453215,303
RML,BF-SAC-MLP,BF-SAC-MLP,87,0.453215,303
RML,BF-SAC-MLP,BF-SAC-MLP,88,0.453215,303
RML,BF-SAC-MLP,BF-SAC-MLP,89,0.453215,303
RML,BF-SAC-MLP,BF-SAC-MLP,90,0.453215,303
RML,BF-SAC-MLP,BF-SAC-MLP,91,0.452888,303
RML,BF-SAC-MLP,BF-SAC-MLP,92,0.452888,303
RML,BF-SAC-MLP,BF-SAC-MLP,93,0.452888,303
RML,BF-SAC-MLP,BF-SAC-MLP,94,0.452888,303
RML,BF-SAC-MLP,BF-SAC-MLP,95,0.452888,303
RML,BF-SAC-MLP,BF-SAC-MLP,96,0.452888,303
RML,BF-SAC-MLP,BF-SAC-MLP,97,0.452888,303
RML,BF-SAC-MLP,BF-SAC-MLP,98,0.452888,303
RML,BF-SAC-MLP,BF-SAC-MLP,99,0.452888,303
RML,BF-SAC-MLP,BF-SAC-MLP,100,0.452888,303
RML,遗传算法（GA）,GA,1,0.8146314514560318,303
RML,遗传算法（GA）,GA,2,0.8146314514560318,303
RML,遗传算法（GA）,GA,3,0.7245711621516324,303
RML,遗传算法（GA）,GA,4,0.7245711621516324,303
RML,遗传算法（GA）,GA,5,0.5614248011637581,303
RML,遗传算法（GA）,GA,6,0.5614248011637581,303
RML,遗传算法（GA）,GA,7,0.5614248011637581,303
RML,遗传算法（GA）,GA,8,0.5614248011637581,303
RML,遗传算法（GA）,GA,9,0.5614248011637581,303
RML,遗传算法（GA）,GA,10,0.5614248011637581,303
RML,遗传算法（GA）,GA,11,0.5614248011637581,303
RML,遗传算法（GA）,GA,12,0.5614248011637581,303
RML,遗传算法（GA）,GA,13,0.5614248011637581,303
RML,遗传算法（GA）,GA,14,0.5614248011637581,303
RML,遗传算法（GA）,GA,15,0.5614248011637581,303
RML,遗传算法（GA）,GA,16,0.5614248011637581,303
RML,遗传算法（GA）,GA,17,0.5614248011637581,303
RML,遗传算法（GA）,GA,18,0.5614248011637581,303
RML,遗传算法（GA）,GA,19,0.5614248011637581,303
RML,遗传算法（GA）,GA,20,0.5614248011637581,303
RML,遗传算法（GA）,GA,21,0.5311583779426308,303
RML,遗传算法（GA）,GA,22,0.5311583779426308,303
RML,遗传算法（GA）,GA,23,0.5166120875017557,303
RML,遗传算法（GA）,GA,24,0.5166120875017557,303
RML,遗传算法（GA）,GA,25,0.5166120875017557,303
RML,遗传算法（GA）,GA,26,0.5166120875017557,303
RML,遗传算法（GA）,GA,27,0.5166120875017557,303
RML,遗传算法（GA）,GA,28,0.5166120875017557,303
RML,遗传算法（GA）,GA,29,0.5166120875017557,303
RML,遗传算法（GA）,GA,30,0.5166120875017557,303
RML,遗传算法（GA）,GA,31,0.5166120875017557,303
RML,遗传算法（GA）,GA,32,0.5166120875017557,303
RML,遗传算法（GA）,GA,33,0.4939492323859646,303
RML,遗传算法（GA）,GA,34,0.4939492323859646,303
RML,遗传算法（GA）,GA,35,0.4939492323859646,303
RML,遗传算法（GA）,GA,36,0.4939492323859646,303
RML,遗传算法（GA）,GA,37,0.4939492323859646,303
RML,遗传算法（GA）,GA,38,0.4939492323859646,303
RML,遗传算法（GA）,GA,39,0.4939492323859646,303
RML,遗传算法（GA）,GA,40,0.4939492323859646,303
RML,遗传算法（GA）,GA,41,0.4939492323859646,303
RML,遗传算法（GA）,GA,42,0.4939492323859646,303
RML,遗传算法（GA）,GA,43,0.4939492323859646,303
RML,遗传算法（GA）,GA,44,0.4939492323859646,303
RML,遗传算法（GA）,GA,45,0.4939492323859646,303
RML,遗传算法（GA）,GA,46,0.4939492323859646,303
RML,遗传算法（GA）,GA,47,0.4939492323859646,303
RML,遗传算法（GA）,GA,48,0.4939492323859646,303
RML,遗传算法（GA）,GA,49,0.4939492323859646,303
RML,遗传算法（GA）,GA,50,0.4939492323859646,303
RML,遗传算法（GA）,GA,51,0.4939492323859646,303
RML,遗传算法（GA）,GA,52,0.4939492323859646,303
RML,遗传算法（GA）,GA,53,0.4939492323859646,303
RML,遗传算法（GA）,GA,54,0.4939492323859646,303
RML,遗传算法（GA）,GA,55,0.4939492323859646,303
RML,遗传算法（GA）,GA,56,0.4939492323859646,303
RML,遗传算法（GA）,GA,57,0.4939492323859646,303
RML,遗传算法（GA）,GA,58,0.4939492323859646,303
RML,遗传算法（GA）,GA,59,0.4939492323859646,303
RML,遗传算法（GA）,GA,60,0.4939492323859646,303
RML,遗传算法（GA）,GA,61,0.4939492323859646,303
RML,遗传算法（GA）,GA,62,0.4939492323859646,303
RML,遗传算法（GA）,GA,63,0.4939492323859646,303
RML,遗传算法（GA）,GA,64,0.4939492323859646,303
RML,遗传算法（GA）,GA,65,0.4939492323859646,303
RML,遗传算法（GA）,GA,66,0.4939492323859646,303
RML,遗传算法（GA）,GA,67,0.4939492323859646,303
RML,遗传算法（GA）,GA,68,0.4939492323859646,303
RML,遗传算法（GA）,GA,69,0.4939492323859646,303
RML,遗传算法（GA）,GA,70,0.4939492323859646,303
RML,遗传算法（GA）,GA,71,0.4939492323859646,303
RML,遗传算法（GA）,GA,72,0.4939492323859646,303
RML,遗传算法（GA）,GA,73,0.4939492323859646,303
RML,遗传算法（GA）,GA,74,0.4939492323859646,303
RML,遗传算法（GA）,GA,75,0.4939492323859646,303
RML,遗传算法（GA）,GA,76,0.4939492323859646,303
RML,遗传算法（GA）,GA,77,0.4939492323859646,303
RML,遗传算法（GA）,GA,78,0.4939492323859646,303
RML,遗传算法（GA）,GA,79,0.4939492323859646,303
RML,遗传算法（GA）,GA,80,0.4939492323859646,303
RML,遗传算法（GA）,GA,81,0.4939492323859646,303
RML,遗传算法（GA）,GA,82,0.4939492323859646,303
RML,遗传算法（GA）,GA,83,0.4939492323859646,303
RML,遗传算法（GA）,GA,84,0.4939492323859646,303
RML,遗传算法（GA）,GA,85,0.4939492323859646,303
RML,遗传算法（GA）,GA,86,0.4939492323859646,303
RML,遗传算法（GA）,GA,87,0.4939492323859646,303
RML,遗传算法（GA）,GA,88,0.4939492323859646,303
RML,遗传算法（GA）,GA,89,0.4939492323859646,303
RML,遗传算法（GA）,GA,90,0.4939492323859646,303
RML,遗传算法（GA）,GA,91,0.4939492323859646,303
RML,遗传算法（GA）,GA,92,0.4939492323859646,303
RML,遗传算法（GA）,GA,93,0.4939492323859646,303
RML,遗传算法（GA）,GA,94,0.4939492323859646,303
RML,遗传算法（GA）,GA,95,0.4939492323859646,303
RML,遗传算法（GA）,GA,96,0.4939492323859646,303
RML,遗传算法（GA）,GA,97,0.4939492323859646,303
RML,遗传算法（GA）,GA,98,0.4939492323859646,303
RML,遗传算法（GA）,GA,99,0.4939492323859646,303
RML,遗传算法（GA）,GA,100,0.4939492323859646,303
RML,遗传算法（GA）,GA,1,1.0600112650058708,404
RML,遗传算法（GA）,GA,2,0.9648668003619884,404
RML,遗传算法（GA）,GA,3,0.8985924667483942,404
RML,遗传算法（GA）,GA,4,0.8985924667483942,404
RML,遗传算法（GA）,GA,5,0.8643715410508478,404
RML,遗传算法（GA）,GA,6,0.8533650253250602,404
RML,遗传算法（GA）,GA,7,0.8533650253250602,404
RML,遗传算法（GA）,GA,8,0.8533650253250602,404
RML,遗传算法（GA）,GA,9,0.8533650253250602,404
RML,遗传算法（GA）,GA,10,0.7224298058964856,404
RML,遗传算法（GA）,GA,11,0.6713161299995127,404
RML,遗传算法（GA）,GA,12,0.6713161299995127,404
RML,遗传算法（GA）,GA,13,0.6713161299995127,404
RML,遗传算法（GA）,GA,14,0.6713161299995127,404
RML,遗传算法（GA）,GA,15,0.6713161299995127,404
RML,遗传算法（GA）,GA,16,0.6560169473217095,404
RML,遗传算法（GA）,GA,17,0.6560169473217095,404
RML,遗传算法（GA）,GA,18,0.6560169473217095,404
RML,遗传算法（GA）,GA,19,0.6560169473217095,404
RML,遗传算法（GA）,GA,20,0.6560169473217095,404
RML,遗传算法（GA）,GA,21,0.5469481918943585,404
RML,遗传算法（GA）,GA,22,0.5469481918943585,404
RML,遗传算法（GA）,GA,23,0.5469481918943585,404
RML,遗传算法（GA）,GA,24,0.5469481918943585,404
RML,遗传算法（GA）,GA,25,0.5469481918943585,404
RML,遗传算法（GA）,GA,26,0.5469481918943585,404
RML,遗传算法（GA）,GA,27,0.5469481918943585,404
RML,遗传算法（GA）,GA,28,0.5469481918943585,404
RML,遗传算法（GA）,GA,29,0.5469481918943585,404
RML,遗传算法（GA）,GA,30,0.5469481918943585,404
RML,遗传算法（GA）,GA,31,0.5375335081691953,404
RML,遗传算法（GA）,GA,32,0.5375335081691953,404
RML,遗传算法（GA）,GA,33,0.5375335081691953,404
RML,遗传算法（GA）,GA,34,0.5375335081691953,404
RML,遗传算法（GA）,GA,35,0.5375335081691953,404
RML,遗传算法（GA）,GA,36,0.5375335081691953,404
RML,遗传算法（GA）,GA,37,0.5375335081691953,404
RML,遗传算法（GA）,GA,38,0.5375335081691953,404
RML,遗传算法（GA）,GA,39,0.5375335081691953,404
RML,遗传算法（GA）,GA,40,0.5375335081691953,404
RML,遗传算法（GA）,GA,41,0.5375335081691953,404
RML,遗传算法（GA）,GA,42,0.5375335081691953,404
RML,遗传算法（GA）,GA,43,0.5375335081691953,404
RML,遗传算法（GA）,GA,44,0.5375335081691953,404
RML,遗传算法（GA）,GA,45,0.5375335081691953,404
RML,遗传算法（GA）,GA,46,0.5375335081691953,404
RML,遗传算法（GA）,GA,47,0.5375335081691953,404
RML,遗传算法（GA）,GA,48,0.5375335081691953,404
RML,遗传算法（GA）,GA,49,0.5375335081691953,404
RML,遗传算法（GA）,GA,50,0.5375335081691953,404
RML,遗传算法（GA）,GA,51,0.5375335081691953,404
RML,遗传算法（GA）,GA,52,0.5375335081691953,404
RML,遗传算法（GA）,GA,53,0.514091697702394,404
RML,遗传算法（GA）,GA,54,0.514091697702394,404
RML,遗传算法（GA）,GA,55,0.514091697702394,404
RML,遗传算法（GA）,GA,56,0.5129408445763733,404
RML,遗传算法（GA）,GA,57,0.506729350411708,404
RML,遗传算法（GA）,GA,58,0.506729350411708,404
RML,遗传算法（GA）,GA,59,0.506729350411708,404
RML,遗传算法（GA）,GA,60,0.506729350411708,404
RML,遗传算法（GA）,GA,61,0.506729350411708,404
RML,遗传算法（GA）,GA,62,0.506729350411708,404
RML,遗传算法（GA）,GA,63,0.506729350411708,404
RML,遗传算法（GA）,GA,64,0.506729350411708,404
RML,遗传算法（GA）,GA,65,0.506729350411708,404
RML,遗传算法（GA）,GA,66,0.506729350411708,404
RML,遗传算法（GA）,GA,67,0.506729350411708,404
RML,遗传算法（GA）,GA,68,0.506729350411708,404
RML,遗传算法（GA）,GA,69,0.506729350411708,404
RML,遗传算法（GA）,GA,70,0.506729350411708,404
RML,遗传算法（GA）,GA,71,0.506729350411708,404
RML,遗传算法（GA）,GA,72,0.506729350411708,404
RML,遗传算法（GA）,GA,73,0.506729350411708,404
RML,遗传算法（GA）,GA,74,0.506729350411708,404
RML,遗传算法（GA）,GA,75,0.506729350411708,404
RML,遗传算法（GA）,GA,76,0.506729350411708,404
RML,遗传算法（GA）,GA,77,0.506729350411708,404
RML,遗传算法（GA）,GA,78,0.506729350411708,404
RML,遗传算法（GA）,GA,79,0.506729350411708,404
RML,遗传算法（GA）,GA,80,0.506729350411708,404
RML,遗传算法（GA）,GA,81,0.506729350411708,404
RML,遗传算法（GA）,GA,82,0.506729350411708,404
RML,遗传算法（GA）,GA,83,0.506729350411708,404
RML,遗传算法（GA）,GA,84,0.506729350411708,404
RML,遗传算法（GA）,GA,85,0.506729350411708,404
RML,遗传算法（GA）,GA,86,0.506729350411708,404
RML,遗传算法（GA）,GA,87,0.506729350411708,404
RML,遗传算法（GA）,GA,88,0.506729350411708,404
RML,遗传算法（GA）,GA,89,0.506729350411708,404
RML,遗传算法（GA）,GA,90,0.506729350411708,404
RML,遗传算法（GA）,GA,91,0.506729350411708,404
RML,遗传算法（GA）,GA,92,0.506729350411708,404
RML,遗传算法（GA）,GA,93,0.506729350411708,404
RML,遗传算法（GA）,GA,94,0.506729350411708,404
RML,遗传算法（GA）,GA,95,0.4992007839782444,404
RML,遗传算法（GA）,GA,96,0.4992007839782444,404
RML,遗传算法（GA）,GA,97,0.4992007839782444,404
RML,遗传算法（GA）,GA,98,0.4992007839782444,404
RML,遗传算法（GA）,GA,99,0.4992007839782444,404
RML,遗传算法（GA）,GA,100,0.4992007839782444,404
XAM-N6,BF-SAC-RF,BF-SAC-RF,1,0.398488,303
XAM-N6,BF-SAC-RF,BF-SAC-RF,2,0.214812,303
XAM-N6,BF-SAC-RF,BF-SAC-RF,3,0.214812,303
XAM-N6,BF-SAC-RF,BF-SAC-RF,4,0.165819,303
XAM-N6,BF-SAC-RF,BF-SAC-RF,5,0.165819,303
XAM-N6,BF-SAC-RF,BF-SAC-RF,6,0.165819,303
XAM-N6,BF-SAC-RF,BF-SAC-RF,7,0.165819,303
XAM-N6,BF-SAC-RF,BF-SAC-RF,8,0.165819,303
XAM-N6,BF-SAC-RF,BF-SAC-RF,9,0.165819,303
XAM-N6,BF-SAC-RF,BF-SAC-RF,10,0.165819,303
XAM-N6,BF-SAC-RF,BF-SAC-RF,11,0.165819,303
XAM-N6,BF-SAC-RF,BF-SAC-RF,12,0.165819,303
XAM-N6,BF-SAC-RF,BF-SAC-RF,13,0.165819,303
XAM-N6,BF-SAC-RF,BF-SAC-RF,14,0.165819,303
XAM-N6,BF-SAC-RF,BF-SAC-RF,15,0.13673,303
XAM-N6,BF-SAC-RF,BF-SAC-RF,16,0.13673,303
XAM-N6,BF-SAC-RF,BF-SAC-RF,17,0.13673,303
XAM-N6,BF-SAC-RF,BF-SAC-RF,18,0.13673,303
XAM-N6,BF-SAC-RF,BF-SAC-RF,19,0.13673,303
XAM-N6,BF-SAC-RF,BF-SAC-RF,20,0.13673,303
XAM-N6,BF-SAC-RF,BF-SAC-RF,21,0.13673,303
XAM-N6,BF-SAC-RF,BF-SAC-RF,22,0.13673,303
XAM-N6,BF-SAC-RF,BF-SAC-RF,23,0.13673,303
XAM-N6,BF-SAC-RF,BF-SAC-RF,24,0.13673,303
XAM-N6,BF-SAC-RF,BF-SAC-RF,25,0.13673,303
XAM-N6,BF-SAC-RF,BF-SAC-RF,26,0.13673,303
XAM-N6,BF-SAC-RF,BF-SAC-RF,27,0.13673,303
XAM-N6,BF-SAC-RF,BF-SAC-RF,28,0.13673,303
XAM-N6,BF-SAC-RF,BF-SAC-RF,29,0.13673,303
XAM-N6,BF-SAC-RF,BF-SAC-RF,30,0.13673,303
XAM-N6,BF-SAC-RF,BF-SAC-RF,31,0.13673,303
XAM-N6,BF-SAC-RF,BF-SAC-RF,32,0.13673,303
XAM-N6,BF-SAC-RF,BF-SAC-RF,33,0.13673,303
XAM-N6,BF-SAC-RF,BF-SAC-RF,34,0.13673,303
XAM-N6,BF-SAC-RF,BF-SAC-RF,35,0.13673,303
XAM-N6,BF-SAC-RF,BF-SAC-RF,36,0.13673,303
XAM-N6,BF-SAC-RF,BF-SAC-RF,37,0.13673,303
XAM-N6,BF-SAC-RF,BF-SAC-RF,38,0.13673,303
XAM-N6,BF-SAC-RF,BF-SAC-RF,39,0.13673,303
XAM-N6,BF-SAC-RF,BF-SAC-RF,40,0.13673,303
XAM-N6,BF-SAC-RF,BF-SAC-RF,41,0.13673,303
XAM-N6,BF-SAC-RF,BF-SAC-RF,42,0.13673,303
XAM-N6,BF-SAC-RF,BF-SAC-RF,43,0.13673,303
XAM-N6,BF-SAC-RF,BF-SAC-RF,44,0.13673,303
XAM-N6,BF-SAC-RF,BF-SAC-RF,45,0.13673,303
XAM-N6,BF-SAC-RF,BF-SAC-RF,46,0.13673,303
XAM-N6,BF-SAC-RF,BF-SAC-RF,47,0.13673,303
XAM-N6,BF-SAC-RF,BF-SAC-RF,48,0.13673,303
XAM-N6,BF-SAC-RF,BF-SAC-RF,49,0.13673,303
XAM-N6,BF-SAC-RF,BF-SAC-RF,50,0.13673,303
XAM-N6,BF-SAC-RF,BF-SAC-RF,51,0.117264,303
XAM-N6,BF-SAC-RF,BF-SAC-RF,52,0.117264,303
XAM-N6,BF-SAC-RF,BF-SAC-RF,53,0.117264,303
XAM-N6,BF-SAC-RF,BF-SAC-RF,54,0.117264,303
XAM-N6,BF-SAC-RF,BF-SAC-RF,55,0.117264,303
XAM-N6,BF-SAC-RF,BF-SAC-RF,56,0.117264,303
XAM-N6,BF-SAC-RF,BF-SAC-RF,57,0.117264,303
XAM-N6,BF-SAC-RF,BF-SAC-RF,58,0.117264,303
XAM-N6,BF-SAC-RF,BF-SAC-RF,59,0.117264,303
XAM-N6,BF-SAC-RF,BF-SAC-RF,60,0.117264,303
XAM-N6,BF-SAC-RF,BF-SAC-RF,61,0.117264,303
XAM-N6,BF-SAC-RF,BF-SAC-RF,62,0.117264,303
XAM-N6,BF-SAC-RF,BF-SAC-RF,63,0.117264,303
XAM-N6,BF-SAC-RF,BF-SAC-RF,64,0.117264,303
XAM-N6,BF-SAC-RF,BF-SAC-RF,65,0.117264,303
XAM-N6,BF-SAC-RF,BF-SAC-RF,66,0.117264,303
XAM-N6,BF-SAC-RF,BF-SAC-RF,67,0.117264,303
XAM-N6,BF-SAC-RF,BF-SAC-RF,68,0.117264,303
XAM-N6,BF-SAC-RF,BF-SAC-RF,69,0.117264,303
XAM-N6,BF-SAC-RF,BF-SAC-RF,70,0.110939,303
XAM-N6,BF-SAC-RF,BF-SAC-RF,71,0.110939,303
XAM-N6,BF-SAC-RF,BF-SAC-RF,72,0.110939,303
XAM-N6,BF-SAC-RF,BF-SAC-RF,73,0.110939,303
XAM-N6,BF-SAC-RF,BF-SAC-RF,74,0.110939,303
XAM-N6,BF-SAC-RF,BF-SAC-RF,75,0.110939,303
XAM-N6,BF-SAC-RF,BF-SAC-RF,76,0.110939,303
XAM-N6,BF-SAC-RF,BF-SAC-RF,77,0.110939,303
XAM-N6,BF-SAC-RF,BF-SAC-RF,78,0.090292,303
XAM-N6,BF-SAC-RF,BF-SAC-RF,79,0.090292,303
XAM-N6,BF-SAC-RF,BF-SAC-RF,80,0.090292,303
XAM-N6,BF-SAC-RF,BF-SAC-RF,81,0.090292,303
XAM-N6,BF-SAC-RF,BF-SAC-RF,82,0.090292,303
XAM-N6,BF-SAC-RF,BF-SAC-RF,83,0.090292,303
XAM-N6,BF-SAC-RF,BF-SAC-RF,84,0.090292,303
XAM-N6,BF-SAC-RF,BF-SAC-RF,85,0.090292,303
XAM-N6,BF-SAC-RF,BF-SAC-RF,86,0.090292,303
XAM-N6,BF-SAC-RF,BF-SAC-RF,87,0.090292,303
XAM-N6,BF-SAC-RF,BF-SAC-RF,88,0.090292,303
XAM-N6,BF-SAC-RF,BF-SAC-RF,89,0.090292,303
XAM-N6,BF-SAC-RF,BF-SAC-RF,90,0.090292,303
XAM-N6,BF-SAC-RF,BF-SAC-RF,91,0.090292,303
XAM-N6,BF-SAC-RF,BF-SAC-RF,92,0.090292,303
XAM-N6,BF-SAC-RF,BF-SAC-RF,93,0.090292,303
XAM-N6,BF-SAC-RF,BF-SAC-RF,94,0.090292,303
XAM-N6,BF-SAC-RF,BF-SAC-RF,95,0.090292,303
XAM-N6,BF-SAC-RF,BF-SAC-RF,96,0.090292,303
XAM-N6,BF-SAC-RF,BF-SAC-RF,97,0.090292,303
XAM-N6,BF-SAC-RF,BF-SAC-RF,98,0.090292,303
XAM-N6,BF-SAC-RF,BF-SAC-RF,99,0.090292,303
XAM-N6,BF-SAC-RF,BF-SAC-RF,100,0.090292,303
XAM-N6,BF-SAC-RF,BF-SAC-RF,1,0.239622,101
XAM-N6,BF-SAC-RF,BF-SAC-RF,2,0.239622,101
XAM-N6,BF-SAC-RF,BF-SAC-RF,3,0.239622,101
XAM-N6,BF-SAC-RF,BF-SAC-RF,4,0.239622,101
XAM-N6,BF-SAC-RF,BF-SAC-RF,5,0.239622,101
XAM-N6,BF-SAC-RF,BF-SAC-RF,6,0.239622,101
XAM-N6,BF-SAC-RF,BF-SAC-RF,7,0.195823,101
XAM-N6,BF-SAC-RF,BF-SAC-RF,8,0.195823,101
XAM-N6,BF-SAC-RF,BF-SAC-RF,9,0.195823,101
XAM-N6,BF-SAC-RF,BF-SAC-RF,10,0.195823,101
XAM-N6,BF-SAC-RF,BF-SAC-RF,11,0.195823,101
XAM-N6,BF-SAC-RF,BF-SAC-RF,12,0.195823,101
XAM-N6,BF-SAC-RF,BF-SAC-RF,13,0.195823,101
XAM-N6,BF-SAC-RF,BF-SAC-RF,14,0.195823,101
XAM-N6,BF-SAC-RF,BF-SAC-RF,15,0.195823,101
XAM-N6,BF-SAC-RF,BF-SAC-RF,16,0.195823,101
XAM-N6,BF-SAC-RF,BF-SAC-RF,17,0.195823,101
XAM-N6,BF-SAC-RF,BF-SAC-RF,18,0.195823,101
XAM-N6,BF-SAC-RF,BF-SAC-RF,19,0.195823,101
XAM-N6,BF-SAC-RF,BF-SAC-RF,20,0.195823,101
XAM-N6,BF-SAC-RF,BF-SAC-RF,21,0.195823,101
XAM-N6,BF-SAC-RF,BF-SAC-RF,22,0.195823,101
XAM-N6,BF-SAC-RF,BF-SAC-RF,23,0.195823,101
XAM-N6,BF-SAC-RF,BF-SAC-RF,24,0.195823,101
XAM-N6,BF-SAC-RF,BF-SAC-RF,25,0.195823,101
XAM-N6,BF-SAC-RF,BF-SAC-RF,26,0.195823,101
XAM-N6,BF-SAC-RF,BF-SAC-RF,27,0.195823,101
XAM-N6,BF-SAC-RF,BF-SAC-RF,28,0.195823,101
XAM-N6,BF-SAC-RF,BF-SAC-RF,29,0.195823,101
XAM-N6,BF-SAC-RF,BF-SAC-RF,30,0.195823,101
XAM-N6,BF-SAC-RF,BF-SAC-RF,31,0.195823,101
XAM-N6,BF-SAC-RF,BF-SAC-RF,32,0.184193,101
XAM-N6,BF-SAC-RF,BF-SAC-RF,33,0.184193,101
XAM-N6,BF-SAC-RF,BF-SAC-RF,34,0.184193,101
XAM-N6,BF-SAC-RF,BF-SAC-RF,35,0.16261,101
XAM-N6,BF-SAC-RF,BF-SAC-RF,36,0.16261,101
XAM-N6,BF-SAC-RF,BF-SAC-RF,37,0.16261,101
XAM-N6,BF-SAC-RF,BF-SAC-RF,38,0.16261,101
XAM-N6,BF-SAC-RF,BF-SAC-RF,39,0.16261,101
XAM-N6,BF-SAC-RF,BF-SAC-RF,40,0.16261,101
XAM-N6,BF-SAC-RF,BF-SAC-RF,41,0.16261,101
XAM-N6,BF-SAC-RF,BF-SAC-RF,42,0.16261,101
XAM-N6,BF-SAC-RF,BF-SAC-RF,43,0.16261,101
XAM-N6,BF-SAC-RF,BF-SAC-RF,44,0.16261,101
XAM-N6,BF-SAC-RF,BF-SAC-RF,45,0.16261,101
XAM-N6,BF-SAC-RF,BF-SAC-RF,46,0.16261,101
XAM-N6,BF-SAC-RF,BF-SAC-RF,47,0.16261,101
XAM-N6,BF-SAC-RF,BF-SAC-RF,48,0.16261,101
XAM-N6,BF-SAC-RF,BF-SAC-RF,49,0.16261,101
XAM-N6,BF-SAC-RF,BF-SAC-RF,50,0.16261,101
XAM-N6,BF-SAC-RF,BF-SAC-RF,51,0.16261,101
XAM-N6,BF-SAC-RF,BF-SAC-RF,52,0.16261,101
XAM-N6,BF-SAC-RF,BF-SAC-RF,53,0.16261,101
XAM-N6,BF-SAC-RF,BF-SAC-RF,54,0.16261,101
XAM-N6,BF-SAC-RF,BF-SAC-RF,55,0.14597,101
XAM-N6,BF-SAC-RF,BF-SAC-RF,56,0.14597,101
XAM-N6,BF-SAC-RF,BF-SAC-RF,57,0.115338,101
XAM-N6,BF-SAC-RF,BF-SAC-RF,58,0.115338,101
XAM-N6,BF-SAC-RF,BF-SAC-RF,59,0.115338,101
XAM-N6,BF-SAC-RF,BF-SAC-RF,60,0.115338,101
XAM-N6,BF-SAC-RF,BF-SAC-RF,61,0.115338,101
XAM-N6,BF-SAC-RF,BF-SAC-RF,62,0.115338,101
XAM-N6,BF-SAC-RF,BF-SAC-RF,63,0.115338,101
XAM-N6,BF-SAC-RF,BF-SAC-RF,64,0.115338,101
XAM-N6,BF-SAC-RF,BF-SAC-RF,65,0.115338,101
XAM-N6,BF-SAC-RF,BF-SAC-RF,66,0.115338,101
XAM-N6,BF-SAC-RF,BF-SAC-RF,67,0.115338,101
XAM-N6,BF-SAC-RF,BF-SAC-RF,68,0.115338,101
XAM-N6,BF-SAC-RF,BF-SAC-RF,69,0.115338,101
XAM-N6,BF-SAC-RF,BF-SAC-RF,70,0.109973,101
XAM-N6,BF-SAC-RF,BF-SAC-RF,71,0.104823,101
XAM-N6,BF-SAC-RF,BF-SAC-RF,72,0.104823,101
XAM-N6,BF-SAC-RF,BF-SAC-RF,73,0.104823,101
XAM-N6,BF-SAC-RF,BF-SAC-RF,74,0.104823,101
XAM-N6,BF-SAC-RF,BF-SAC-RF,75,0.104823,101
XAM-N6,BF-SAC-RF,BF-SAC-RF,76,0.104823,101
XAM-N6,BF-SAC-RF,BF-SAC-RF,77,0.079199,101
XAM-N6,BF-SAC-RF,BF-SAC-RF,78,0.079199,101
XAM-N6,BF-SAC-RF,BF-SAC-RF,79,0.079199,101
XAM-N6,BF-SAC-RF,BF-SAC-RF,80,0.079199,101
XAM-N6,BF-SAC-RF,BF-SAC-RF,81,0.079199,101
XAM-N6,BF-SAC-RF,BF-SAC-RF,82,0.079199,101
XAM-N6,BF-SAC-RF,BF-SAC-RF,83,0.079199,101
XAM-N6,BF-SAC-RF,BF-SAC-RF,84,0.079199,101
XAM-N6,BF-SAC-RF,BF-SAC-RF,85,0.079199,101
XAM-N6,BF-SAC-RF,BF-SAC-RF,86,0.079199,101
XAM-N6,BF-SAC-RF,BF-SAC-RF,87,0.079199,101
XAM-N6,BF-SAC-RF,BF-SAC-RF,88,0.079199,101
XAM-N6,BF-SAC-RF,BF-SAC-RF,89,0.079199,101
XAM-N6,BF-SAC-RF,BF-SAC-RF,90,0.079199,101
XAM-N6,BF-SAC-RF,BF-SAC-RF,91,0.079199,101
XAM-N6,BF-SAC-RF,BF-SAC-RF,92,0.079199,101
XAM-N6,BF-SAC-RF,BF-SAC-RF,93,0.079199,101
XAM-N6,BF-SAC-RF,BF-SAC-RF,94,0.079199,101
XAM-N6,BF-SAC-RF,BF-SAC-RF,95,0.079199,101
XAM-N6,BF-SAC-RF,BF-SAC-RF,96,0.079199,101
XAM-N6,BF-SAC-RF,BF-SAC-RF,97,0.079199,101
XAM-N6,BF-SAC-RF,BF-SAC-RF,98,0.079199,101
XAM-N6,BF-SAC-RF,BF-SAC-RF,99,0.079199,101
XAM-N6,BF-SAC-RF,BF-SAC-RF,100,0.079199,101
XAM-N6,BF-SAC-RF,BF-SAC-RF,1,0.429042,404
XAM-N6,BF-SAC-RF,BF-SAC-RF,2,0.429042,404
XAM-N6,BF-SAC-RF,BF-SAC-RF,3,0.37693,404
XAM-N6,BF-SAC-RF,BF-SAC-RF,4,0.37693,404
XAM-N6,BF-SAC-RF,BF-SAC-RF,5,0.37693,404
XAM-N6,BF-SAC-RF,BF-SAC-RF,6,0.28064,404
XAM-N6,BF-SAC-RF,BF-SAC-RF,7,0.28064,404
XAM-N6,BF-SAC-RF,BF-SAC-RF,8,0.28064,404
XAM-N6,BF-SAC-RF,BF-SAC-RF,9,0.28064,404
XAM-N6,BF-SAC-RF,BF-SAC-RF,10,0.28064,404
XAM-N6,BF-SAC-RF,BF-SAC-RF,11,0.28064,404
XAM-N6,BF-SAC-RF,BF-SAC-RF,12,0.28064,404
XAM-N6,BF-SAC-RF,BF-SAC-RF,13,0.28064,404
XAM-N6,BF-SAC-RF,BF-SAC-RF,14,0.260354,404
XAM-N6,BF-SAC-RF,BF-SAC-RF,15,0.112587,404
XAM-N6,BF-SAC-RF,BF-SAC-RF,16,0.112587,404
XAM-N6,BF-SAC-RF,BF-SAC-RF,17,0.112587,404
XAM-N6,BF-SAC-RF,BF-SAC-RF,18,0.112587,404
XAM-N6,BF-SAC-RF,BF-SAC-RF,19,0.112587,404
XAM-N6,BF-SAC-RF,BF-SAC-RF,20,0.112587,404
XAM-N6,BF-SAC-RF,BF-SAC-RF,21,0.112587,404
XAM-N6,BF-SAC-RF,BF-SAC-RF,22,0.112587,404
XAM-N6,BF-SAC-RF,BF-SAC-RF,23,0.112587,404
XAM-N6,BF-SAC-RF,BF-SAC-RF,24,0.112587,404
XAM-N6,BF-SAC-RF,BF-SAC-RF,25,0.112587,404
XAM-N6,BF-SAC-RF,BF-SAC-RF,26,0.112587,404
XAM-N6,BF-SAC-RF,BF-SAC-RF,27,0.112587,404
XAM-N6,BF-SAC-RF,BF-SAC-RF,28,0.112587,404
XAM-N6,BF-SAC-RF,BF-SAC-RF,29,0.112587,404
XAM-N6,BF-SAC-RF,BF-SAC-RF,30,0.112587,404
XAM-N6,BF-SAC-RF,BF-SAC-RF,31,0.112587,404
XAM-N6,BF-SAC-RF,BF-SAC-RF,32,0.112587,404
XAM-N6,BF-SAC-RF,BF-SAC-RF,33,0.112587,404
XAM-N6,BF-SAC-RF,BF-SAC-RF,34,0.112587,404
XAM-N6,BF-SAC-RF,BF-SAC-RF,35,0.112587,404
XAM-N6,BF-SAC-RF,BF-SAC-RF,36,0.112587,404
XAM-N6,BF-SAC-RF,BF-SAC-RF,37,0.112587,404
XAM-N6,BF-SAC-RF,BF-SAC-RF,38,0.112587,404
XAM-N6,BF-SAC-RF,BF-SAC-RF,39,0.112587,404
XAM-N6,BF-SAC-RF,BF-SAC-RF,40,0.112587,404
XAM-N6,BF-SAC-RF,BF-SAC-RF,41,0.112587,404
XAM-N6,BF-SAC-RF,BF-SAC-RF,42,0.112587,404
XAM-N6,BF-SAC-RF,BF-SAC-RF,43,0.112587,404
XAM-N6,BF-SAC-RF,BF-SAC-RF,44,0.112587,404
XAM-N6,BF-SAC-RF,BF-SAC-RF,45,0.112587,404
XAM-N6,BF-SAC-RF,BF-SAC-RF,46,0.112587,404
XAM-N6,BF-SAC-RF,BF-SAC-RF,47,0.112587,404
XAM-N6,BF-SAC-RF,BF-SAC-RF,48,0.112587,404
XAM-N6,BF-SAC-RF,BF-SAC-RF,49,0.112587,404
XAM-N6,BF-SAC-RF,BF-SAC-RF,50,0.112587,404
XAM-N6,BF-SAC-RF,BF-SAC-RF,51,0.112587,404
XAM-N6,BF-SAC-RF,BF-SAC-RF,52,0.112587,404
XAM-N6,BF-SAC-RF,BF-SAC-RF,53,0.112587,404
XAM-N6,BF-SAC-RF,BF-SAC-RF,54,0.112587,404
XAM-N6,BF-SAC-RF,BF-SAC-RF,55,0.112587,404
XAM-N6,BF-SAC-RF,BF-SAC-RF,56,0.112587,404
XAM-N6,BF-SAC-RF,BF-SAC-RF,57,0.112587,404
XAM-N6,BF-SAC-RF,BF-SAC-RF,58,0.112587,404
XAM-N6,BF-SAC-RF,BF-SAC-RF,59,0.112587,404
XAM-N6,BF-SAC-RF,BF-SAC-RF,60,0.112587,404
XAM-N6,BF-SAC-RF,BF-SAC-RF,61,0.112587,404
XAM-N6,BF-SAC-RF,BF-SAC-RF,62,0.112587,404
XAM-N6,BF-SAC-RF,BF-SAC-RF,63,0.112587,404
XAM-N6,BF-SAC-RF,BF-SAC-RF,64,0.112587,404
XAM-N6,BF-SAC-RF,BF-SAC-RF,65,0.112587,404
XAM-N6,BF-SAC-RF,BF-SAC-RF,66,0.112587,404
XAM-N6,BF-SAC-RF,BF-SAC-RF,67,0.112587,404
XAM-N6,BF-SAC-RF,BF-SAC-RF,68,0.112587,404
XAM-N6,BF-SAC-RF,BF-SAC-RF,69,0.112587,404
XAM-N6,BF-SAC-RF,BF-SAC-RF,70,0.112587,404
XAM-N6,BF-SAC-RF,BF-SAC-RF,71,0.112587,404
XAM-N6,BF-SAC-RF,BF-SAC-RF,72,0.112587,404
XAM-N6,BF-SAC-RF,BF-SAC-RF,73,0.11179,404
XAM-N6,BF-SAC-RF,BF-SAC-RF,74,0.11179,404
XAM-N6,BF-SAC-RF,BF-SAC-RF,75,0.11179,404
XAM-N6,BF-SAC-RF,BF-SAC-RF,76,0.11179,404
XAM-N6,BF-SAC-RF,BF-SAC-RF,77,0.11179,404
XAM-N6,BF-SAC-RF,BF-SAC-RF,78,0.11179,404
XAM-N6,BF-SAC-RF,BF-SAC-RF,79,0.11179,404
XAM-N6,BF-SAC-RF,BF-SAC-RF,80,0.11179,404
XAM-N6,BF-SAC-RF,BF-SAC-RF,81,0.11179,404
XAM-N6,BF-SAC-RF,BF-SAC-RF,82,0.11179,404
XAM-N6,BF-SAC-RF,BF-SAC-RF,83,0.11179,404
XAM-N6,BF-SAC-RF,BF-SAC-RF,84,0.11179,404
XAM-N6,BF-SAC-RF,BF-SAC-RF,85,0.11179,404
XAM-N6,BF-SAC-RF,BF-SAC-RF,86,0.11179,404
XAM-N6,BF-SAC-RF,BF-SAC-RF,87,0.11179,404
XAM-N6,BF-SAC-RF,BF-SAC-RF,88,0.11179,404
XAM-N6,BF-SAC-RF,BF-SAC-RF,89,0.11179,404
XAM-N6,BF-SAC-RF,BF-SAC-RF,90,0.10973,404
XAM-N6,BF-SAC-RF,BF-SAC-RF,91,0.10973,404
XAM-N6,BF-SAC-RF,BF-SAC-RF,92,0.10973,404
XAM-N6,BF-SAC-RF,BF-SAC-RF,93,0.10973,404
XAM-N6,BF-SAC-RF,BF-SAC-RF,94,0.10973,404
XAM-N6,BF-SAC-RF,BF-SAC-RF,95,0.10973,404
XAM-N6,BF-SAC-RF,BF-SAC-RF,96,0.10973,404
XAM-N6,BF-SAC-RF,BF-SAC-RF,97,0.10973,404
XAM-N6,BF-SAC-RF,BF-SAC-RF,98,0.10973,404
XAM-N6,BF-SAC-RF,BF-SAC-RF,99,0.10973,404
XAM-N6,BF-SAC-RF,BF-SAC-RF,100,0.109614,404
XAM-N6,BF-SAC-RF,BF-SAC-RF,1,0.17023,202
XAM-N6,BF-SAC-RF,BF-SAC-RF,2,0.17023,202
XAM-N6,BF-SAC-RF,BF-SAC-RF,3,0.17023,202
XAM-N6,BF-SAC-RF,BF-SAC-RF,4,0.17023,202
XAM-N6,BF-SAC-RF,BF-SAC-RF,5,0.17023,202
XAM-N6,BF-SAC-RF,BF-SAC-RF,6,0.17023,202
XAM-N6,BF-SAC-RF,BF-SAC-RF,7,0.17023,202
XAM-N6,BF-SAC-RF,BF-SAC-RF,8,0.17023,202
XAM-N6,BF-SAC-RF,BF-SAC-RF,9,0.17023,202
XAM-N6,BF-SAC-RF,BF-SAC-RF,10,0.17023,202
XAM-N6,BF-SAC-RF,BF-SAC-RF,11,0.17023,202
XAM-N6,BF-SAC-RF,BF-SAC-RF,12,0.17023,202
XAM-N6,BF-SAC-RF,BF-SAC-RF,13,0.17023,202
XAM-N6,BF-SAC-RF,BF-SAC-RF,14,0.17023,202
XAM-N6,BF-SAC-RF,BF-SAC-RF,15,0.17023,202
XAM-N6,BF-SAC-RF,BF-SAC-RF,16,0.17023,202
XAM-N6,BF-SAC-RF,BF-SAC-RF,17,0.146799,202
XAM-N6,BF-SAC-RF,BF-SAC-RF,18,0.146799,202
XAM-N6,BF-SAC-RF,BF-SAC-RF,19,0.146799,202
XAM-N6,BF-SAC-RF,BF-SAC-RF,20,0.146799,202
XAM-N6,BF-SAC-RF,BF-SAC-RF,21,0.146799,202
XAM-N6,BF-SAC-RF,BF-SAC-RF,22,0.146799,202
XAM-N6,BF-SAC-RF,BF-SAC-RF,23,0.146799,202
XAM-N6,BF-SAC-RF,BF-SAC-RF,24,0.146799,202
XAM-N6,BF-SAC-RF,BF-SAC-RF,25,0.146799,202
XAM-N6,BF-SAC-RF,BF-SAC-RF,26,0.146799,202
XAM-N6,BF-SAC-RF,BF-SAC-RF,27,0.130167,202
XAM-N6,BF-SAC-RF,BF-SAC-RF,28,0.130167,202
XAM-N6,BF-SAC-RF,BF-SAC-RF,29,0.130167,202
XAM-N6,BF-SAC-RF,BF-SAC-RF,30,0.130167,202
XAM-N6,BF-SAC-RF,BF-SAC-RF,31,0.130167,202
XAM-N6,BF-SAC-RF,BF-SAC-RF,32,0.130167,202
XAM-N6,BF-SAC-RF,BF-SAC-RF,33,0.130167,202
XAM-N6,BF-SAC-RF,BF-SAC-RF,34,0.130167,202
XAM-N6,BF-SAC-RF,BF-SAC-RF,35,0.130167,202
XAM-N6,BF-SAC-RF,BF-SAC-RF,36,0.130167,202
XAM-N6,BF-SAC-RF,BF-SAC-RF,37,0.130167,202
XAM-N6,BF-SAC-RF,BF-SAC-RF,38,0.130167,202
XAM-N6,BF-SAC-RF,BF-SAC-RF,39,0.130167,202
XAM-N6,BF-SAC-RF,BF-SAC-RF,40,0.130167,202
XAM-N6,BF-SAC-RF,BF-SAC-RF,41,0.130167,202
XAM-N6,BF-SAC-RF,BF-SAC-RF,42,0.130167,202
XAM-N6,BF-SAC-RF,BF-SAC-RF,43,0.130167,202
XAM-N6,BF-SAC-RF,BF-SAC-RF,44,0.130167,202
XAM-N6,BF-SAC-RF,BF-SAC-RF,45,0.130167,202
XAM-N6,BF-SAC-RF,BF-SAC-RF,46,0.130167,202
XAM-N6,BF-SAC-RF,BF-SAC-RF,47,0.130167,202
XAM-N6,BF-SAC-RF,BF-SAC-RF,48,0.130167,202
XAM-N6,BF-SAC-RF,BF-SAC-RF,49,0.130167,202
XAM-N6,BF-SAC-RF,BF-SAC-RF,50,0.130167,202
XAM-N6,BF-SAC-RF,BF-SAC-RF,51,0.130167,202
XAM-N6,BF-SAC-RF,BF-SAC-RF,52,0.130167,202
XAM-N6,BF-SAC-RF,BF-SAC-RF,53,0.130167,202
XAM-N6,BF-SAC-RF,BF-SAC-RF,54,0.130167,202
XAM-N6,BF-SAC-RF,BF-SAC-RF,55,0.130167,202
XAM-N6,BF-SAC-RF,BF-SAC-RF,56,0.130167,202
XAM-N6,BF-SAC-RF,BF-SAC-RF,57,0.130167,202
XAM-N6,BF-SAC-RF,BF-SAC-RF,58,0.130167,202
XAM-N6,BF-SAC-RF,BF-SAC-RF,59,0.130167,202
XAM-N6,BF-SAC-RF,BF-SAC-RF,60,0.130167,202
XAM-N6,BF-SAC-RF,BF-SAC-RF,61,0.130167,202
XAM-N6,BF-SAC-RF,BF-SAC-RF,62,0.130167,202
XAM-N6,BF-SAC-RF,BF-SAC-RF,63,0.130167,202
XAM-N6,BF-SAC-RF,BF-SAC-RF,64,0.130167,202
XAM-N6,BF-SAC-RF,BF-SAC-RF,65,0.130167,202
XAM-N6,BF-SAC-RF,BF-SAC-RF,66,0.130167,202
XAM-N6,BF-SAC-RF,BF-SAC-RF,67,0.130167,202
XAM-N6,BF-SAC-RF,BF-SAC-RF,68,0.130167,202
XAM-N6,BF-SAC-RF,BF-SAC-RF,69,0.123529,202
XAM-N6,BF-SAC-RF,BF-SAC-RF,70,0.123529,202
XAM-N6,BF-SAC-RF,BF-SAC-RF,71,0.123529,202
XAM-N6,BF-SAC-RF,BF-SAC-RF,72,0.113106,202
XAM-N6,BF-SAC-RF,BF-SAC-RF,73,0.113106,202
XAM-N6,BF-SAC-RF,BF-SAC-RF,74,0.113106,202
XAM-N6,BF-SAC-RF,BF-SAC-RF,75,0.113106,202
XAM-N6,BF-SAC-RF,BF-SAC-RF,76,0.113106,202
XAM-N6,BF-SAC-RF,BF-SAC-RF,77,0.107995,202
XAM-N6,BF-SAC-RF,BF-SAC-RF,78,0.107995,202
XAM-N6,BF-SAC-RF,BF-SAC-RF,79,0.107995,202
XAM-N6,BF-SAC-RF,BF-SAC-RF,80,0.107995,202
XAM-N6,BF-SAC-RF,BF-SAC-RF,81,0.107995,202
XAM-N6,BF-SAC-RF,BF-SAC-RF,82,0.107995,202
XAM-N6,BF-SAC-RF,BF-SAC-RF,83,0.107995,202
XAM-N6,BF-SAC-RF,BF-SAC-RF,84,0.107995,202
XAM-N6,BF-SAC-RF,BF-SAC-RF,85,0.104881,202
XAM-N6,BF-SAC-RF,BF-SAC-RF,86,0.104881,202
XAM-N6,BF-SAC-RF,BF-SAC-RF,87,0.104881,202
XAM-N6,BF-SAC-RF,BF-SAC-RF,88,0.104881,202
XAM-N6,BF-SAC-RF,BF-SAC-RF,89,0.104881,202
XAM-N6,BF-SAC-RF,BF-SAC-RF,90,0.104881,202
XAM-N6,BF-SAC-RF,BF-SAC-RF,91,0.104881,202
XAM-N6,BF-SAC-RF,BF-SAC-RF,92,0.104881,202
XAM-N6,BF-SAC-RF,BF-SAC-RF,93,0.104881,202
XAM-N6,BF-SAC-RF,BF-SAC-RF,94,0.095112,202
XAM-N6,BF-SAC-RF,BF-SAC-RF,95,0.095112,202
XAM-N6,BF-SAC-RF,BF-SAC-RF,96,0.095112,202
XAM-N6,BF-SAC-RF,BF-SAC-RF,97,0.095112,202
XAM-N6,BF-SAC-RF,BF-SAC-RF,98,0.095112,202
XAM-N6,BF-SAC-RF,BF-SAC-RF,99,0.095112,202
XAM-N6,BF-SAC-RF,BF-SAC-RF,100,0.091805,202
XAM-N6,BF-SAC-RF,BF-SAC-RF,1,0.140919,42
XAM-N6,BF-SAC-RF,BF-SAC-RF,2,0.140919,42
XAM-N6,BF-SAC-RF,BF-SAC-RF,3,0.115701,42
XAM-N6,BF-SAC-RF,BF-SAC-RF,4,0.115701,42
XAM-N6,BF-SAC-RF,BF-SAC-RF,5,0.115701,42
XAM-N6,BF-SAC-RF,BF-SAC-RF,6,0.115701,42
XAM-N6,BF-SAC-RF,BF-SAC-RF,7,0.115701,42
XAM-N6,BF-SAC-RF,BF-SAC-RF,8,0.115701,42
XAM-N6,BF-SAC-RF,BF-SAC-RF,9,0.115701,42
XAM-N6,BF-SAC-RF,BF-SAC-RF,10,0.115701,42
XAM-N6,BF-SAC-RF,BF-SAC-RF,11,0.115701,42
XAM-N6,BF-SAC-RF,BF-SAC-RF,12,0.115701,42
XAM-N6,BF-SAC-RF,BF-SAC-RF,13,0.115701,42
XAM-N6,BF-SAC-RF,BF-SAC-RF,14,0.115701,42
XAM-N6,BF-SAC-RF,BF-SAC-RF,15,0.115701,42
XAM-N6,BF-SAC-RF,BF-SAC-RF,16,0.115701,42
XAM-N6,BF-SAC-RF,BF-SAC-RF,17,0.115701,42
XAM-N6,BF-SAC-RF,BF-SAC-RF,18,0.115701,42
XAM-N6,BF-SAC-RF,BF-SAC-RF,19,0.115701,42
XAM-N6,BF-SAC-RF,BF-SAC-RF,20,0.115701,42
XAM-N6,BF-SAC-RF,BF-SAC-RF,21,0.115701,42
XAM-N6,BF-SAC-RF,BF-SAC-RF,22,0.115701,42
XAM-N6,BF-SAC-RF,BF-SAC-RF,23,0.115701,42
XAM-N6,BF-SAC-RF,BF-SAC-RF,24,0.115701,42
XAM-N6,BF-SAC-RF,BF-SAC-RF,25,0.115701,42
XAM-N6,BF-SAC-RF,BF-SAC-RF,26,0.115701,42
XAM-N6,BF-SAC-RF,BF-SAC-RF,27,0.115701,42
XAM-N6,BF-SAC-RF,BF-SAC-RF,28,0.115701,42
XAM-N6,BF-SAC-RF,BF-SAC-RF,29,0.115701,42
XAM-N6,BF-SAC-RF,BF-SAC-RF,30,0.115701,42
XAM-N6,BF-SAC-RF,BF-SAC-RF,31,0.115701,42
XAM-N6,BF-SAC-RF,BF-SAC-RF,32,0.115701,42
XAM-N6,BF-SAC-RF,BF-SAC-RF,33,0.115701,42
XAM-N6,BF-SAC-RF,BF-SAC-RF,34,0.115701,42
XAM-N6,BF-SAC-RF,BF-SAC-RF,35,0.115701,42
XAM-N6,BF-SAC-RF,BF-SAC-RF,36,0.115701,42
XAM-N6,BF-SAC-RF,BF-SAC-RF,37,0.115701,42
XAM-N6,BF-SAC-RF,BF-SAC-RF,38,0.115701,42
XAM-N6,BF-SAC-RF,BF-SAC-RF,39,0.115701,42
XAM-N6,BF-SAC-RF,BF-SAC-RF,40,0.115701,42
XAM-N6,BF-SAC-RF,BF-SAC-RF,41,0.115701,42
XAM-N6,BF-SAC-RF,BF-SAC-RF,42,0.115701,42
XAM-N6,BF-SAC-RF,BF-SAC-RF,43,0.115701,42
XAM-N6,BF-SAC-RF,BF-SAC-RF,44,0.115701,42
XAM-N6,BF-SAC-RF,BF-SAC-RF,45,0.115701,42
XAM-N6,BF-SAC-RF,BF-SAC-RF,46,0.115701,42
XAM-N6,BF-SAC-RF,BF-SAC-RF,47,0.115701,42
XAM-N6,BF-SAC-RF,BF-SAC-RF,48,0.115701,42
XAM-N6,BF-SAC-RF,BF-SAC-RF,49,0.115701,42
XAM-N6,BF-SAC-RF,BF-SAC-RF,50,0.115701,42
XAM-N6,BF-SAC-RF,BF-SAC-RF,51,0.115701,42
XAM-N6,BF-SAC-RF,BF-SAC-RF,52,0.115701,42
XAM-N6,BF-SAC-RF,BF-SAC-RF,53,0.115701,42
XAM-N6,BF-SAC-RF,BF-SAC-RF,54,0.115701,42
XAM-N6,BF-SAC-RF,BF-SAC-RF,55,0.115701,42
XAM-N6,BF-SAC-RF,BF-SAC-RF,56,0.115701,42
XAM-N6,BF-SAC-RF,BF-SAC-RF,57,0.115701,42
XAM-N6,BF-SAC-RF,BF-SAC-RF,58,0.115701,42
XAM-N6,BF-SAC-RF,BF-SAC-RF,59,0.108757,42
XAM-N6,BF-SAC-RF,BF-SAC-RF,60,0.108757,42
XAM-N6,BF-SAC-RF,BF-SAC-RF,61,0.098425,42
XAM-N6,BF-SAC-RF,BF-SAC-RF,62,0.098425,42
XAM-N6,BF-SAC-RF,BF-SAC-RF,63,0.098425,42
XAM-N6,BF-SAC-RF,BF-SAC-RF,64,0.098425,42
XAM-N6,BF-SAC-RF,BF-SAC-RF,65,0.098425,42
XAM-N6,BF-SAC-RF,BF-SAC-RF,66,0.098425,42
XAM-N6,BF-SAC-RF,BF-SAC-RF,67,0.098425,42
XAM-N6,BF-SAC-RF,BF-SAC-RF,68,0.098425,42
XAM-N6,BF-SAC-RF,BF-SAC-RF,69,0.098425,42
XAM-N6,BF-SAC-RF,BF-SAC-RF,70,0.098425,42
XAM-N6,BF-SAC-RF,BF-SAC-RF,71,0.098425,42
XAM-N6,BF-SAC-RF,BF-SAC-RF,72,0.096362,42
XAM-N6,BF-SAC-RF,BF-SAC-RF,73,0.096362,42
XAM-N6,BF-SAC-RF,BF-SAC-RF,74,0.096362,42
XAM-N6,BF-SAC-RF,BF-SAC-RF,75,0.096362,42
XAM-N6,BF-SAC-RF,BF-SAC-RF,76,0.096362,42
XAM-N6,BF-SAC-RF,BF-SAC-RF,77,0.096362,42
XAM-N6,BF-SAC-RF,BF-SAC-RF,78,0.096362,42
XAM-N6,BF-SAC-RF,BF-SAC-RF,79,0.096362,42
XAM-N6,BF-SAC-RF,BF-SAC-RF,80,0.096362,42
XAM-N6,BF-SAC-RF,BF-SAC-RF,81,0.096362,42
XAM-N6,BF-SAC-RF,BF-SAC-RF,82,0.096362,42
XAM-N6,BF-SAC-RF,BF-SAC-RF,83,0.096362,42
XAM-N6,BF-SAC-RF,BF-SAC-RF,84,0.096362,42
XAM-N6,BF-SAC-RF,BF-SAC-RF,85,0.096362,42
XAM-N6,BF-SAC-RF,BF-SAC-RF,86,0.096362,42
XAM-N6,BF-SAC-RF,BF-SAC-RF,87,0.096362,42
XAM-N6,BF-SAC-RF,BF-SAC-RF,88,0.096362,42
XAM-N6,BF-SAC-RF,BF-SAC-RF,89,0.096362,42
XAM-N6,BF-SAC-RF,BF-SAC-RF,90,0.096362,42
XAM-N6,BF-SAC-RF,BF-SAC-RF,91,0.096362,42
XAM-N6,BF-SAC-RF,BF-SAC-RF,92,0.096362,42
XAM-N6,BF-SAC-RF,BF-SAC-RF,93,0.09159,42
XAM-N6,BF-SAC-RF,BF-SAC-RF,94,0.09159,42
XAM-N6,BF-SAC-RF,BF-SAC-RF,95,0.09159,42
XAM-N6,BF-SAC-RF,BF-SAC-RF,96,0.09159,42
XAM-N6,BF-SAC-RF,BF-SAC-RF,97,0.09159,42
XAM-N6,BF-SAC-RF,BF-SAC-RF,98,0.09159,42
XAM-N6,BF-SAC-RF,BF-SAC-RF,99,0.09159,42
XAM-N6,BF-SAC-RF,BF-SAC-RF,100,0.09159,42
XAM-N6,SPSA,SPSA,1,0.7973174660860062,42
XAM-N6,SPSA,SPSA,2,0.7390310815373897,42
XAM-N6,SPSA,SPSA,3,0.7390310815373897,42
XAM-N6,SPSA,SPSA,4,0.7390310815373897,42
XAM-N6,SPSA,SPSA,5,0.6999933698771277,42
XAM-N6,SPSA,SPSA,6,0.6999933698771277,42
XAM-N6,SPSA,SPSA,7,0.6999933698771277,42
XAM-N6,SPSA,SPSA,8,0.6999933698771277,42
XAM-N6,SPSA,SPSA,9,0.6999933698771277,42
XAM-N6,SPSA,SPSA,10,0.6978089517232277,42
XAM-N6,SPSA,SPSA,11,0.6978089517232277,42
XAM-N6,SPSA,SPSA,12,0.6978089517232277,42
XAM-N6,SPSA,SPSA,13,0.6978089517232277,42
XAM-N6,SPSA,SPSA,14,0.6978089517232277,42
XAM-N6,SPSA,SPSA,15,0.6978089517232277,42
XAM-N6,SPSA,SPSA,16,0.6978089517232277,42
XAM-N6,SPSA,SPSA,17,0.6978089517232277,42
XAM-N6,SPSA,SPSA,18,0.6978089517232277,42
XAM-N6,SPSA,SPSA,19,0.6592882564506154,42
XAM-N6,SPSA,SPSA,20,0.6592882564506154,42
XAM-N6,SPSA,SPSA,21,0.6592882564506154,42
XAM-N6,SPSA,SPSA,22,0.6592882564506154,42
XAM-N6,SPSA,SPSA,23,0.6592882564506154,42
XAM-N6,SPSA,SPSA,24,0.6592882564506154,42
XAM-N6,SPSA,SPSA,25,0.6592882564506154,42
XAM-N6,SPSA,SPSA,26,0.6592882564506154,42
XAM-N6,SPSA,SPSA,27,0.6592882564506154,42
XAM-N6,SPSA,SPSA,28,0.6592882564506154,42
XAM-N6,SPSA,SPSA,29,0.6592882564506154,42
XAM-N6,SPSA,SPSA,30,0.6242871666543577,42
XAM-N6,SPSA,SPSA,31,0.6242871666543577,42
XAM-N6,SPSA,SPSA,32,0.6242871666543577,42
XAM-N6,SPSA,SPSA,33,0.6242871666543577,42
XAM-N6,SPSA,SPSA,34,0.6242871666543577,42
XAM-N6,SPSA,SPSA,35,0.6242871666543577,42
XAM-N6,SPSA,SPSA,36,0.5998435829865019,42
XAM-N6,SPSA,SPSA,37,0.5998435829865019,42
XAM-N6,SPSA,SPSA,38,0.5998435829865019,42
XAM-N6,SPSA,SPSA,39,0.5998435829865019,42
XAM-N6,SPSA,SPSA,40,0.5998435829865019,42
XAM-N6,SPSA,SPSA,41,0.5998435829865019,42
XAM-N6,SPSA,SPSA,42,0.5998435829865019,42
XAM-N6,SPSA,SPSA,43,0.5998435829865019,42
XAM-N6,SPSA,SPSA,44,0.5877089058352026,42
XAM-N6,SPSA,SPSA,45,0.5877089058352026,42
XAM-N6,SPSA,SPSA,46,0.5877089058352026,42
XAM-N6,SPSA,SPSA,47,0.5877089058352026,42
XAM-N6,SPSA,SPSA,48,0.5877089058352026,42
XAM-N6,SPSA,SPSA,49,0.5877089058352026,42
XAM-N6,SPSA,SPSA,50,0.5877089058352026,42
XAM-N6,SPSA,SPSA,51,0.5877089058352026,42
XAM-N6,SPSA,SPSA,52,0.5877089058352026,42
XAM-N6,SPSA,SPSA,53,0.5877089058352026,42
XAM-N6,SPSA,SPSA,54,0.5877089058352026,42
XAM-N6,SPSA,SPSA,55,0.5877089058352026,42
XAM-N6,SPSA,SPSA,56,0.5877089058352026,42
XAM-N6,SPSA,SPSA,57,0.5877089058352026,42
XAM-N6,SPSA,SPSA,58,0.5877089058352026,42
XAM-N6,SPSA,SPSA,59,0.5877089058352026,42
XAM-N6,SPSA,SPSA,60,0.5877089058352026,42
XAM-N6,SPSA,SPSA,61,0.5877089058352026,42
XAM-N6,SPSA,SPSA,62,0.5877089058352026,42
XAM-N6,SPSA,SPSA,63,0.5877089058352026,42
XAM-N6,SPSA,SPSA,64,0.5618269987441916,42
XAM-N6,SPSA,SPSA,65,0.5618269987441916,42
XAM-N6,SPSA,SPSA,66,0.5618269987441916,42
XAM-N6,SPSA,SPSA,67,0.5618269987441916,42
XAM-N6,SPSA,SPSA,68,0.5409450868397712,42
XAM-N6,SPSA,SPSA,69,0.5409450868397712,42
XAM-N6,SPSA,SPSA,70,0.5409450868397712,42
XAM-N6,SPSA,SPSA,71,0.5409450868397712,42
XAM-N6,SPSA,SPSA,72,0.5409450868397712,42
XAM-N6,SPSA,SPSA,73,0.5409450868397712,42
XAM-N6,SPSA,SPSA,74,0.5409450868397712,42
XAM-N6,SPSA,SPSA,75,0.5409450868397712,42
XAM-N6,SPSA,SPSA,76,0.5409450868397712,42
XAM-N6,SPSA,SPSA,77,0.5409450868397712,42
XAM-N6,SPSA,SPSA,78,0.5409450868397712,42
XAM-N6,SPSA,SPSA,79,0.5409450868397712,42
XAM-N6,SPSA,SPSA,80,0.5409450868397712,42
XAM-N6,SPSA,SPSA,81,0.5409450868397712,42
XAM-N6,SPSA,SPSA,82,0.5409450868397712,42
XAM-N6,SPSA,SPSA,83,0.5409450868397712,42
XAM-N6,SPSA,SPSA,84,0.5409450868397712,42
XAM-N6,SPSA,SPSA,85,0.5409450868397712,42
XAM-N6,SPSA,SPSA,86,0.5409450868397712,42
XAM-N6,SPSA,SPSA,87,0.5409450868397712,42
XAM-N6,SPSA,SPSA,88,0.5409450868397712,42
XAM-N6,SPSA,SPSA,89,0.5409450868397712,42
XAM-N6,SPSA,SPSA,90,0.5409450868397712,42
XAM-N6,SPSA,SPSA,91,0.5409450868397712,42
XAM-N6,SPSA,SPSA,92,0.5409450868397712,42
XAM-N6,SPSA,SPSA,93,0.5409450868397712,42
XAM-N6,SPSA,SPSA,94,0.5409450868397712,42
XAM-N6,SPSA,SPSA,95,0.5409450868397712,42
XAM-N6,SPSA,SPSA,96,0.5409450868397712,42
XAM-N6,SPSA,SPSA,97,0.5162832178573757,42
XAM-N6,SPSA,SPSA,98,0.5162832178573757,42
XAM-N6,SPSA,SPSA,99,0.5162832178573757,42
XAM-N6,SPSA,SPSA,100,0.5162832178573757,42
XAM-N6,SPSA,SPSA,1,0.5271525475704756,101
XAM-N6,SPSA,SPSA,2,0.4288932717767066,101
XAM-N6,SPSA,SPSA,3,0.4288932717767066,101
XAM-N6,SPSA,SPSA,4,0.4288932717767066,101
XAM-N6,SPSA,SPSA,5,0.4288932717767066,101
XAM-N6,SPSA,SPSA,6,0.412926836220672,101
XAM-N6,SPSA,SPSA,7,0.412926836220672,101
XAM-N6,SPSA,SPSA,8,0.412926836220672,101
XAM-N6,SPSA,SPSA,9,0.412926836220672,101
XAM-N6,SPSA,SPSA,10,0.412926836220672,101
XAM-N6,SPSA,SPSA,11,0.412926836220672,101
XAM-N6,SPSA,SPSA,12,0.412926836220672,101
XAM-N6,SPSA,SPSA,13,0.412926836220672,101
XAM-N6,SPSA,SPSA,14,0.412926836220672,101
XAM-N6,SPSA,SPSA,15,0.412926836220672,101
XAM-N6,SPSA,SPSA,16,0.412926836220672,101
XAM-N6,SPSA,SPSA,17,0.412926836220672,101
XAM-N6,SPSA,SPSA,18,0.412926836220672,101
XAM-N6,SPSA,SPSA,19,0.412926836220672,101
XAM-N6,SPSA,SPSA,20,0.412926836220672,101
XAM-N6,SPSA,SPSA,21,0.412926836220672,101
XAM-N6,SPSA,SPSA,22,0.412926836220672,101
XAM-N6,SPSA,SPSA,23,0.412926836220672,101
XAM-N6,SPSA,SPSA,24,0.412926836220672,101
XAM-N6,SPSA,SPSA,25,0.412926836220672,101
XAM-N6,SPSA,SPSA,26,0.412926836220672,101
XAM-N6,SPSA,SPSA,27,0.412926836220672,101
XAM-N6,SPSA,SPSA,28,0.412926836220672,101
XAM-N6,SPSA,SPSA,29,0.412926836220672,101
XAM-N6,SPSA,SPSA,30,0.412926836220672,101
XAM-N6,SPSA,SPSA,31,0.412926836220672,101
XAM-N6,SPSA,SPSA,32,0.412926836220672,101
XAM-N6,SPSA,SPSA,33,0.412926836220672,101
XAM-N6,SPSA,SPSA,34,0.412926836220672,101
XAM-N6,SPSA,SPSA,35,0.412926836220672,101
XAM-N6,SPSA,SPSA,36,0.412926836220672,101
XAM-N6,SPSA,SPSA,37,0.412926836220672,101
XAM-N6,SPSA,SPSA,38,0.412926836220672,101
XAM-N6,SPSA,SPSA,39,0.412926836220672,101
XAM-N6,SPSA,SPSA,40,0.412926836220672,101
XAM-N6,SPSA,SPSA,41,0.412926836220672,101
XAM-N6,SPSA,SPSA,42,0.412926836220672,101
XAM-N6,SPSA,SPSA,43,0.412926836220672,101
XAM-N6,SPSA,SPSA,44,0.412926836220672,101
XAM-N6,SPSA,SPSA,45,0.412926836220672,101
XAM-N6,SPSA,SPSA,46,0.412926836220672,101
XAM-N6,SPSA,SPSA,47,0.412926836220672,101
XAM-N6,SPSA,SPSA,48,0.412926836220672,101
XAM-N6,SPSA,SPSA,49,0.412926836220672,101
XAM-N6,SPSA,SPSA,50,0.412926836220672,101
XAM-N6,SPSA,SPSA,51,0.412926836220672,101
XAM-N6,SPSA,SPSA,52,0.412926836220672,101
XAM-N6,SPSA,SPSA,53,0.412926836220672,101
XAM-N6,SPSA,SPSA,54,0.412926836220672,101
XAM-N6,SPSA,SPSA,55,0.4098725710635915,101
XAM-N6,SPSA,SPSA,56,0.4098725710635915,101
XAM-N6,SPSA,SPSA,57,0.4098725710635915,101
XAM-N6,SPSA,SPSA,58,0.4098725710635915,101
XAM-N6,SPSA,SPSA,59,0.4098725710635915,101
XAM-N6,SPSA,SPSA,60,0.4098725710635915,101
XAM-N6,SPSA,SPSA,61,0.4098725710635915,101
XAM-N6,SPSA,SPSA,62,0.4098725710635915,101
XAM-N6,SPSA,SPSA,63,0.4098725710635915,101
XAM-N6,SPSA,SPSA,64,0.4098725710635915,101
XAM-N6,SPSA,SPSA,65,0.4098725710635915,101
XAM-N6,SPSA,SPSA,66,0.4098725710635915,101
XAM-N6,SPSA,SPSA,67,0.4098725710635915,101
XAM-N6,SPSA,SPSA,68,0.4098725710635915,101
XAM-N6,SPSA,SPSA,69,0.4098725710635915,101
XAM-N6,SPSA,SPSA,70,0.4098725710635915,101
XAM-N6,SPSA,SPSA,71,0.4098725710635915,101
XAM-N6,SPSA,SPSA,72,0.4098725710635915,101
XAM-N6,SPSA,SPSA,73,0.4098725710635915,101
XAM-N6,SPSA,SPSA,74,0.4098725710635915,101
XAM-N6,SPSA,SPSA,75,0.4098725710635915,101
XAM-N6,SPSA,SPSA,76,0.4098725710635915,101
XAM-N6,SPSA,SPSA,77,0.4098725710635915,101
XAM-N6,SPSA,SPSA,78,0.4098725710635915,101
XAM-N6,SPSA,SPSA,79,0.4098725710635915,101
XAM-N6,SPSA,SPSA,80,0.4098725710635915,101
XAM-N6,SPSA,SPSA,81,0.4098725710635915,101
XAM-N6,SPSA,SPSA,82,0.4098725710635915,101
XAM-N6,SPSA,SPSA,83,0.4098725710635915,101
XAM-N6,SPSA,SPSA,84,0.4098725710635915,101
XAM-N6,SPSA,SPSA,85,0.4098725710635915,101
XAM-N6,SPSA,SPSA,86,0.4098725710635915,101
XAM-N6,SPSA,SPSA,87,0.4098725710635915,101
XAM-N6,SPSA,SPSA,88,0.4098725710635915,101
XAM-N6,SPSA,SPSA,89,0.4098725710635915,101
XAM-N6,SPSA,SPSA,90,0.4098725710635915,101
XAM-N6,SPSA,SPSA,91,0.4098725710635915,101
XAM-N6,SPSA,SPSA,92,0.4098725710635915,101
XAM-N6,SPSA,SPSA,93,0.4098725710635915,101
XAM-N6,SPSA,SPSA,94,0.4098725710635915,101
XAM-N6,SPSA,SPSA,95,0.4098725710635915,101
XAM-N6,SPSA,SPSA,96,0.4098725710635915,101
XAM-N6,SPSA,SPSA,97,0.4098725710635915,101
XAM-N6,SPSA,SPSA,98,0.4098725710635915,101
XAM-N6,SPSA,SPSA,99,0.4098725710635915,101
XAM-N6,SPSA,SPSA,100,0.4098725710635915,101
XAM-N6,BF-SAC-MLP,BF-SAC-MLP,1,0.1217,42
XAM-N6,BF-SAC-MLP,BF-SAC-MLP,2,0.1217,42
XAM-N6,BF-SAC-MLP,BF-SAC-MLP,3,0.1217,42
XAM-N6,BF-SAC-MLP,BF-SAC-MLP,4,0.1217,42
XAM-N6,BF-SAC-MLP,BF-SAC-MLP,5,0.1217,42
XAM-N6,BF-SAC-MLP,BF-SAC-MLP,6,0.1217,42
XAM-N6,BF-SAC-MLP,BF-SAC-MLP,7,0.1217,42
XAM-N6,BF-SAC-MLP,BF-SAC-MLP,8,0.1217,42
XAM-N6,BF-SAC-MLP,BF-SAC-MLP,9,0.1217,42
XAM-N6,BF-SAC-MLP,BF-SAC-MLP,10,0.1217,42
XAM-N6,BF-SAC-MLP,BF-SAC-MLP,11,0.1217,42
XAM-N6,BF-SAC-MLP,BF-SAC-MLP,12,0.1217,42
XAM-N6,BF-SAC-MLP,BF-SAC-MLP,13,0.1217,42
XAM-N6,BF-SAC-MLP,BF-SAC-MLP,14,0.1217,42
XAM-N6,BF-SAC-MLP,BF-SAC-MLP,15,0.1217,42
XAM-N6,BF-SAC-MLP,BF-SAC-MLP,16,0.1217,42
XAM-N6,BF-SAC-MLP,BF-SAC-MLP,17,0.1217,42
XAM-N6,BF-SAC-MLP,BF-SAC-MLP,18,0.1217,42
XAM-N6,BF-SAC-MLP,BF-SAC-MLP,19,0.1217,42
XAM-N6,BF-SAC-MLP,BF-SAC-MLP,20,0.1217,42
XAM-N6,BF-SAC-MLP,BF-SAC-MLP,21,0.1217,42
XAM-N6,BF-SAC-MLP,BF-SAC-MLP,22,0.1217,42
XAM-N6,BF-SAC-MLP,BF-SAC-MLP,23,0.1217,42
XAM-N6,BF-SAC-MLP,BF-SAC-MLP,24,0.1217,42
XAM-N6,BF-SAC-MLP,BF-SAC-MLP,25,0.1217,42
XAM-N6,BF-SAC-MLP,BF-SAC-MLP,26,0.1217,42
XAM-N6,BF-SAC-MLP,BF-SAC-MLP,27,0.1217,42
XAM-N6,BF-SAC-MLP,BF-SAC-MLP,28,0.1217,42
XAM-N6,BF-SAC-MLP,BF-SAC-MLP,29,0.1217,42
XAM-N6,BF-SAC-MLP,BF-SAC-MLP,30,0.1217,42
XAM-N6,BF-SAC-MLP,BF-SAC-MLP,31,0.1217,42
XAM-N6,BF-SAC-MLP,BF-SAC-MLP,32,0.1217,42
XAM-N6,BF-SAC-MLP,BF-SAC-MLP,33,0.1217,42
XAM-N6,BF-SAC-MLP,BF-SAC-MLP,34,0.1217,42
XAM-N6,BF-SAC-MLP,BF-SAC-MLP,35,0.1217,42
XAM-N6,BF-SAC-MLP,BF-SAC-MLP,36,0.1217,42
XAM-N6,BF-SAC-MLP,BF-SAC-MLP,37,0.1217,42
XAM-N6,BF-SAC-MLP,BF-SAC-MLP,38,0.1217,42
XAM-N6,BF-SAC-MLP,BF-SAC-MLP,39,0.1217,42
XAM-N6,BF-SAC-MLP,BF-SAC-MLP,40,0.1217,42
XAM-N6,BF-SAC-MLP,BF-SAC-MLP,41,0.1217,42
XAM-N6,BF-SAC-MLP,BF-SAC-MLP,42,0.1217,42
XAM-N6,BF-SAC-MLP,BF-SAC-MLP,43,0.1217,42
XAM-N6,BF-SAC-MLP,BF-SAC-MLP,44,0.1217,42
XAM-N6,BF-SAC-MLP,BF-SAC-MLP,45,0.1217,42
XAM-N6,BF-SAC-MLP,BF-SAC-MLP,46,0.1217,42
XAM-N6,BF-SAC-MLP,BF-SAC-MLP,47,0.1217,42
XAM-N6,BF-SAC-MLP,BF-SAC-MLP,48,0.1217,42
XAM-N6,BF-SAC-MLP,BF-SAC-MLP,49,0.1217,42
XAM-N6,BF-SAC-MLP,BF-SAC-MLP,50,0.1217,42
XAM-N6,BF-SAC-MLP,BF-SAC-MLP,51,0.1217,42
XAM-N6,BF-SAC-MLP,BF-SAC-MLP,52,0.1217,42
XAM-N6,BF-SAC-MLP,BF-SAC-MLP,53,0.1217,42
XAM-N6,BF-SAC-MLP,BF-SAC-MLP,54,0.1217,42
XAM-N6,BF-SAC-MLP,BF-SAC-MLP,55,0.1217,42
XAM-N6,BF-SAC-MLP,BF-SAC-MLP,56,0.1217,42
XAM-N6,BF-SAC-MLP,BF-SAC-MLP,57,0.1217,42
XAM-N6,BF-SAC-MLP,BF-SAC-MLP,58,0.1217,42
XAM-N6,BF-SAC-MLP,BF-SAC-MLP,59,0.1217,42
XAM-N6,BF-SAC-MLP,BF-SAC-MLP,60,0.1217,42
XAM-N6,BF-SAC-MLP,BF-SAC-MLP,61,0.1217,42
XAM-N6,BF-SAC-MLP,BF-SAC-MLP,62,0.1217,42
XAM-N6,BF-SAC-MLP,BF-SAC-MLP,63,0.1217,42
XAM-N6,BF-SAC-MLP,BF-SAC-MLP,64,0.105235,42
XAM-N6,BF-SAC-MLP,BF-SAC-MLP,65,0.105235,42
XAM-N6,BF-SAC-MLP,BF-SAC-MLP,66,0.105235,42
XAM-N6,BF-SAC-MLP,BF-SAC-MLP,67,0.105235,42
XAM-N6,BF-SAC-MLP,BF-SAC-MLP,68,0.105235,42
XAM-N6,BF-SAC-MLP,BF-SAC-MLP,69,0.105235,42
XAM-N6,BF-SAC-MLP,BF-SAC-MLP,70,0.105235,42
XAM-N6,BF-SAC-MLP,BF-SAC-MLP,71,0.105235,42
XAM-N6,BF-SAC-MLP,BF-SAC-MLP,72,0.105235,42
XAM-N6,BF-SAC-MLP,BF-SAC-MLP,73,0.105235,42
XAM-N6,BF-SAC-MLP,BF-SAC-MLP,74,0.105235,42
XAM-N6,BF-SAC-MLP,BF-SAC-MLP,75,0.105235,42
XAM-N6,BF-SAC-MLP,BF-SAC-MLP,76,0.105235,42
XAM-N6,BF-SAC-MLP,BF-SAC-MLP,77,0.105235,42
XAM-N6,BF-SAC-MLP,BF-SAC-MLP,78,0.105235,42
XAM-N6,BF-SAC-MLP,BF-SAC-MLP,79,0.105235,42
XAM-N6,BF-SAC-MLP,BF-SAC-MLP,80,0.105235,42
XAM-N6,BF-SAC-MLP,BF-SAC-MLP,81,0.105235,42
XAM-N6,BF-SAC-MLP,BF-SAC-MLP,82,0.104197,42
XAM-N6,BF-SAC-MLP,BF-SAC-MLP,83,0.104197,42
XAM-N6,BF-SAC-MLP,BF-SAC-MLP,84,0.104197,42
XAM-N6,BF-SAC-MLP,BF-SAC-MLP,85,0.104197,42
XAM-N6,BF-SAC-MLP,BF-SAC-MLP,86,0.104197,42
XAM-N6,BF-SAC-MLP,BF-SAC-MLP,87,0.104197,42
XAM-N6,BF-SAC-MLP,BF-SAC-MLP,88,0.104197,42
XAM-N6,BF-SAC-MLP,BF-SAC-MLP,89,0.104197,42
XAM-N6,BF-SAC-MLP,BF-SAC-MLP,90,0.104197,42
XAM-N6,BF-SAC-MLP,BF-SAC-MLP,91,0.104197,42
XAM-N6,BF-SAC-MLP,BF-SAC-MLP,92,0.104197,42
XAM-N6,BF-SAC-MLP,BF-SAC-MLP,93,0.104197,42
XAM-N6,BF-SAC-MLP,BF-SAC-MLP,94,0.104197,42
XAM-N6,BF-SAC-MLP,BF-SAC-MLP,95,0.104197,42
XAM-N6,BF-SAC-MLP,BF-SAC-MLP,96,0.104197,42
XAM-N6,BF-SAC-MLP,BF-SAC-MLP,97,0.104197,42
XAM-N6,BF-SAC-MLP,BF-SAC-MLP,98,0.086719,42
XAM-N6,BF-SAC-MLP,BF-SAC-MLP,99,0.086719,42
XAM-N6,BF-SAC-MLP,BF-SAC-MLP,100,0.086719,42
XAM-N6,BF-SAC-MLP,BF-SAC-MLP,1,0.236472,101
XAM-N6,BF-SAC-MLP,BF-SAC-MLP,2,0.236472,101
XAM-N6,BF-SAC-MLP,BF-SAC-MLP,3,0.236472,101
XAM-N6,BF-SAC-MLP,BF-SAC-MLP,4,0.236472,101
XAM-N6,BF-SAC-MLP,BF-SAC-MLP,5,0.236472,101
XAM-N6,BF-SAC-MLP,BF-SAC-MLP,6,0.236472,101
XAM-N6,BF-SAC-MLP,BF-SAC-MLP,7,0.236472,101
XAM-N6,BF-SAC-MLP,BF-SAC-MLP,8,0.236472,101
XAM-N6,BF-SAC-MLP,BF-SAC-MLP,9,0.236472,101
XAM-N6,BF-SAC-MLP,BF-SAC-MLP,10,0.236472,101
XAM-N6,BF-SAC-MLP,BF-SAC-MLP,11,0.236472,101
XAM-N6,BF-SAC-MLP,BF-SAC-MLP,12,0.236472,101
XAM-N6,BF-SAC-MLP,BF-SAC-MLP,13,0.230938,101
XAM-N6,BF-SAC-MLP,BF-SAC-MLP,14,0.230938,101
XAM-N6,BF-SAC-MLP,BF-SAC-MLP,15,0.230938,101
XAM-N6,BF-SAC-MLP,BF-SAC-MLP,16,0.230938,101
XAM-N6,BF-SAC-MLP,BF-SAC-MLP,17,0.230938,101
XAM-N6,BF-SAC-MLP,BF-SAC-MLP,18,0.230938,101
XAM-N6,BF-SAC-MLP,BF-SAC-MLP,19,0.230938,101
XAM-N6,BF-SAC-MLP,BF-SAC-MLP,20,0.230938,101
XAM-N6,BF-SAC-MLP,BF-SAC-MLP,21,0.230938,101
XAM-N6,BF-SAC-MLP,BF-SAC-MLP,22,0.230938,101
XAM-N6,BF-SAC-MLP,BF-SAC-MLP,23,0.230938,101
XAM-N6,BF-SAC-MLP,BF-SAC-MLP,24,0.230938,101
XAM-N6,BF-SAC-MLP,BF-SAC-MLP,25,0.230938,101
XAM-N6,BF-SAC-MLP,BF-SAC-MLP,26,0.230938,101
XAM-N6,BF-SAC-MLP,BF-SAC-MLP,27,0.230938,101
XAM-N6,BF-SAC-MLP,BF-SAC-MLP,28,0.230938,101
XAM-N6,BF-SAC-MLP,BF-SAC-MLP,29,0.230938,101
XAM-N6,BF-SAC-MLP,BF-SAC-MLP,30,0.210236,101
XAM-N6,BF-SAC-MLP,BF-SAC-MLP,31,0.210236,101
XAM-N6,BF-SAC-MLP,BF-SAC-MLP,32,0.191164,101
XAM-N6,BF-SAC-MLP,BF-SAC-MLP,33,0.191164,101
XAM-N6,BF-SAC-MLP,BF-SAC-MLP,34,0.191164,101
XAM-N6,BF-SAC-MLP,BF-SAC-MLP,35,0.151673,101
XAM-N6,BF-SAC-MLP,BF-SAC-MLP,36,0.151673,101
XAM-N6,BF-SAC-MLP,BF-SAC-MLP,37,0.151673,101
XAM-N6,BF-SAC-MLP,BF-SAC-MLP,38,0.151673,101
XAM-N6,BF-SAC-MLP,BF-SAC-MLP,39,0.151673,101
XAM-N6,BF-SAC-MLP,BF-SAC-MLP,40,0.151673,101
XAM-N6,BF-SAC-MLP,BF-SAC-MLP,41,0.151673,101
XAM-N6,BF-SAC-MLP,BF-SAC-MLP,42,0.151673,101
XAM-N6,BF-SAC-MLP,BF-SAC-MLP,43,0.151673,101
XAM-N6,BF-SAC-MLP,BF-SAC-MLP,44,0.151673,101
XAM-N6,BF-SAC-MLP,BF-SAC-MLP,45,0.151673,101
XAM-N6,BF-SAC-MLP,BF-SAC-MLP,46,0.151673,101
XAM-N6,BF-SAC-MLP,BF-SAC-MLP,47,0.151673,101
XAM-N6,BF-SAC-MLP,BF-SAC-MLP,48,0.151673,101
XAM-N6,BF-SAC-MLP,BF-SAC-MLP,49,0.151673,101
XAM-N6,BF-SAC-MLP,BF-SAC-MLP,50,0.151673,101
XAM-N6,BF-SAC-MLP,BF-SAC-MLP,51,0.151673,101
XAM-N6,BF-SAC-MLP,BF-SAC-MLP,52,0.151673,101
XAM-N6,BF-SAC-MLP,BF-SAC-MLP,53,0.151673,101
XAM-N6,BF-SAC-MLP,BF-SAC-MLP,54,0.151673,101
XAM-N6,BF-SAC-MLP,BF-SAC-MLP,55,0.151673,101
XAM-N6,BF-SAC-MLP,BF-SAC-MLP,56,0.151673,101
XAM-N6,BF-SAC-MLP,BF-SAC-MLP,57,0.151673,101
XAM-N6,BF-SAC-MLP,BF-SAC-MLP,58,0.150493,101
XAM-N6,BF-SAC-MLP,BF-SAC-MLP,59,0.150493,101
XAM-N6,BF-SAC-MLP,BF-SAC-MLP,60,0.150493,101
XAM-N6,BF-SAC-MLP,BF-SAC-MLP,61,0.150493,101
XAM-N6,BF-SAC-MLP,BF-SAC-MLP,62,0.150493,101
XAM-N6,BF-SAC-MLP,BF-SAC-MLP,63,0.150493,101
XAM-N6,BF-SAC-MLP,BF-SAC-MLP,64,0.150493,101
XAM-N6,BF-SAC-MLP,BF-SAC-MLP,65,0.150493,101
XAM-N6,BF-SAC-MLP,BF-SAC-MLP,66,0.13292,101
XAM-N6,BF-SAC-MLP,BF-SAC-MLP,67,0.13292,101
XAM-N6,BF-SAC-MLP,BF-SAC-MLP,68,0.13292,101
XAM-N6,BF-SAC-MLP,BF-SAC-MLP,69,0.120233,101
XAM-N6,BF-SAC-MLP,BF-SAC-MLP,70,0.120233,101
XAM-N6,BF-SAC-MLP,BF-SAC-MLP,71,0.120233,101
XAM-N6,BF-SAC-MLP,BF-SAC-MLP,72,0.120233,101
XAM-N6,BF-SAC-MLP,BF-SAC-MLP,73,0.120233,101
XAM-N6,BF-SAC-MLP,BF-SAC-MLP,74,0.120233,101
XAM-N6,BF-SAC-MLP,BF-SAC-MLP,75,0.097024,101
XAM-N6,BF-SAC-MLP,BF-SAC-MLP,76,0.097024,101
XAM-N6,BF-SAC-MLP,BF-SAC-MLP,77,0.097024,101
XAM-N6,BF-SAC-MLP,BF-SAC-MLP,78,0.097024,101
XAM-N6,BF-SAC-MLP,BF-SAC-MLP,79,0.097024,101
XAM-N6,BF-SAC-MLP,BF-SAC-MLP,80,0.097024,101
XAM-N6,BF-SAC-MLP,BF-SAC-MLP,81,0.097024,101
XAM-N6,BF-SAC-MLP,BF-SAC-MLP,82,0.097024,101
XAM-N6,BF-SAC-MLP,BF-SAC-MLP,83,0.097024,101
XAM-N6,BF-SAC-MLP,BF-SAC-MLP,84,0.097024,101
XAM-N6,BF-SAC-MLP,BF-SAC-MLP,85,0.097024,101
XAM-N6,BF-SAC-MLP,BF-SAC-MLP,86,0.097024,101
XAM-N6,BF-SAC-MLP,BF-SAC-MLP,87,0.097024,101
XAM-N6,BF-SAC-MLP,BF-SAC-MLP,88,0.097024,101
XAM-N6,BF-SAC-MLP,BF-SAC-MLP,89,0.097024,101
XAM-N6,BF-SAC-MLP,BF-SAC-MLP,90,0.097024,101
XAM-N6,BF-SAC-MLP,BF-SAC-MLP,91,0.097024,101
XAM-N6,BF-SAC-MLP,BF-SAC-MLP,92,0.097024,101
XAM-N6,BF-SAC-MLP,BF-SAC-MLP,93,0.097024,101
XAM-N6,BF-SAC-MLP,BF-SAC-MLP,94,0.097024,101
XAM-N6,BF-SAC-MLP,BF-SAC-MLP,95,0.097024,101
XAM-N6,BF-SAC-MLP,BF-SAC-MLP,96,0.097024,101
XAM-N6,BF-SAC-MLP,BF-SAC-MLP,97,0.097024,101
XAM-N6,BF-SAC-MLP,BF-SAC-MLP,98,0.088927,101
XAM-N6,BF-SAC-MLP,BF-SAC-MLP,99,0.088927,101
XAM-N6,BF-SAC-MLP,BF-SAC-MLP,100,0.088927,101
XAM-N6,BF-SAC-MLP,BF-SAC-MLP,1,0.154619,202
XAM-N6,BF-SAC-MLP,BF-SAC-MLP,2,0.154619,202
XAM-N6,BF-SAC-MLP,BF-SAC-MLP,3,0.154619,202
XAM-N6,BF-SAC-MLP,BF-SAC-MLP,4,0.154619,202
XAM-N6,BF-SAC-MLP,BF-SAC-MLP,5,0.154619,202
XAM-N6,BF-SAC-MLP,BF-SAC-MLP,6,0.154619,202
XAM-N6,BF-SAC-MLP,BF-SAC-MLP,7,0.154619,202
XAM-N6,BF-SAC-MLP,BF-SAC-MLP,8,0.154619,202
XAM-N6,BF-SAC-MLP,BF-SAC-MLP,9,0.154619,202
XAM-N6,BF-SAC-MLP,BF-SAC-MLP,10,0.154619,202
XAM-N6,BF-SAC-MLP,BF-SAC-MLP,11,0.154619,202
XAM-N6,BF-SAC-MLP,BF-SAC-MLP,12,0.154619,202
XAM-N6,BF-SAC-MLP,BF-SAC-MLP,13,0.154619,202
XAM-N6,BF-SAC-MLP,BF-SAC-MLP,14,0.154619,202
XAM-N6,BF-SAC-MLP,BF-SAC-MLP,15,0.154619,202
XAM-N6,BF-SAC-MLP,BF-SAC-MLP,16,0.154619,202
XAM-N6,BF-SAC-MLP,BF-SAC-MLP,17,0.144371,202
XAM-N6,BF-SAC-MLP,BF-SAC-MLP,18,0.144371,202
XAM-N6,BF-SAC-MLP,BF-SAC-MLP,19,0.144371,202
XAM-N6,BF-SAC-MLP,BF-SAC-MLP,20,0.144371,202
XAM-N6,BF-SAC-MLP,BF-SAC-MLP,21,0.144371,202
XAM-N6,BF-SAC-MLP,BF-SAC-MLP,22,0.144371,202
XAM-N6,BF-SAC-MLP,BF-SAC-MLP,23,0.144371,202
XAM-N6,BF-SAC-MLP,BF-SAC-MLP,24,0.144371,202
XAM-N6,BF-SAC-MLP,BF-SAC-MLP,25,0.144371,202
XAM-N6,BF-SAC-MLP,BF-SAC-MLP,26,0.144371,202
XAM-N6,BF-SAC-MLP,BF-SAC-MLP,27,0.144371,202
XAM-N6,BF-SAC-MLP,BF-SAC-MLP,28,0.144371,202
XAM-N6,BF-SAC-MLP,BF-SAC-MLP,29,0.144371,202
XAM-N6,BF-SAC-MLP,BF-SAC-MLP,30,0.144371,202
XAM-N6,BF-SAC-MLP,BF-SAC-MLP,31,0.144371,202
XAM-N6,BF-SAC-MLP,BF-SAC-MLP,32,0.137232,202
XAM-N6,BF-SAC-MLP,BF-SAC-MLP,33,0.137232,202
XAM-N6,BF-SAC-MLP,BF-SAC-MLP,34,0.137232,202
XAM-N6,BF-SAC-MLP,BF-SAC-MLP,35,0.137232,202
XAM-N6,BF-SAC-MLP,BF-SAC-MLP,36,0.137232,202
XAM-N6,BF-SAC-MLP,BF-SAC-MLP,37,0.137232,202
XAM-N6,BF-SAC-MLP,BF-SAC-MLP,38,0.137232,202
XAM-N6,BF-SAC-MLP,BF-SAC-MLP,39,0.137232,202
XAM-N6,BF-SAC-MLP,BF-SAC-MLP,40,0.137232,202
XAM-N6,BF-SAC-MLP,BF-SAC-MLP,41,0.137232,202
XAM-N6,BF-SAC-MLP,BF-SAC-MLP,42,0.137232,202
XAM-N6,BF-SAC-MLP,BF-SAC-MLP,43,0.137232,202
XAM-N6,BF-SAC-MLP,BF-SAC-MLP,44,0.137232,202
XAM-N6,BF-SAC-MLP,BF-SAC-MLP,45,0.137232,202
XAM-N6,BF-SAC-MLP,BF-SAC-MLP,46,0.137232,202
XAM-N6,BF-SAC-MLP,BF-SAC-MLP,47,0.137232,202
XAM-N6,BF-SAC-MLP,BF-SAC-MLP,48,0.137232,202
XAM-N6,BF-SAC-MLP,BF-SAC-MLP,49,0.137232,202
XAM-N6,BF-SAC-MLP,BF-SAC-MLP,50,0.137232,202
XAM-N6,BF-SAC-MLP,BF-SAC-MLP,51,0.137232,202
XAM-N6,BF-SAC-MLP,BF-SAC-MLP,52,0.137232,202
XAM-N6,BF-SAC-MLP,BF-SAC-MLP,53,0.137232,202
XAM-N6,BF-SAC-MLP,BF-SAC-MLP,54,0.137232,202
XAM-N6,BF-SAC-MLP,BF-SAC-MLP,55,0.137232,202
XAM-N6,BF-SAC-MLP,BF-SAC-MLP,56,0.137232,202
XAM-N6,BF-SAC-MLP,BF-SAC-MLP,57,0.137232,202
XAM-N6,BF-SAC-MLP,BF-SAC-MLP,58,0.137232,202
XAM-N6,BF-SAC-MLP,BF-SAC-MLP,59,0.137232,202
XAM-N6,BF-SAC-MLP,BF-SAC-MLP,60,0.137232,202
XAM-N6,BF-SAC-MLP,BF-SAC-MLP,61,0.137232,202
XAM-N6,BF-SAC-MLP,BF-SAC-MLP,62,0.137232,202
XAM-N6,BF-SAC-MLP,BF-SAC-MLP,63,0.137232,202
XAM-N6,BF-SAC-MLP,BF-SAC-MLP,64,0.108877,202
XAM-N6,BF-SAC-MLP,BF-SAC-MLP,65,0.108877,202
XAM-N6,BF-SAC-MLP,BF-SAC-MLP,66,0.108877,202
XAM-N6,BF-SAC-MLP,BF-SAC-MLP,67,0.108877,202
XAM-N6,BF-SAC-MLP,BF-SAC-MLP,68,0.108877,202
XAM-N6,BF-SAC-MLP,BF-SAC-MLP,69,0.108877,202
XAM-N6,BF-SAC-MLP,BF-SAC-MLP,70,0.108877,202
XAM-N6,BF-SAC-MLP,BF-SAC-MLP,71,0.108877,202
XAM-N6,BF-SAC-MLP,BF-SAC-MLP,72,0.108877,202
XAM-N6,BF-SAC-MLP,BF-SAC-MLP,73,0.108877,202
XAM-N6,BF-SAC-MLP,BF-SAC-MLP,74,0.108877,202
XAM-N6,BF-SAC-MLP,BF-SAC-MLP,75,0.108877,202
XAM-N6,BF-SAC-MLP,BF-SAC-MLP,76,0.108877,202
XAM-N6,BF-SAC-MLP,BF-SAC-MLP,77,0.108877,202
XAM-N6,BF-SAC-MLP,BF-SAC-MLP,78,0.108877,202
XAM-N6,BF-SAC-MLP,BF-SAC-MLP,79,0.108877,202
XAM-N6,BF-SAC-MLP,BF-SAC-MLP,80,0.108877,202
XAM-N6,BF-SAC-MLP,BF-SAC-MLP,81,0.108877,202
XAM-N6,BF-SAC-MLP,BF-SAC-MLP,82,0.108877,202
XAM-N6,BF-SAC-MLP,BF-SAC-MLP,83,0.108877,202
XAM-N6,BF-SAC-MLP,BF-SAC-MLP,84,0.108877,202
XAM-N6,BF-SAC-MLP,BF-SAC-MLP,85,0.108877,202
XAM-N6,BF-SAC-MLP,BF-SAC-MLP,86,0.108877,202
XAM-N6,BF-SAC-MLP,BF-SAC-MLP,87,0.108877,202
XAM-N6,BF-SAC-MLP,BF-SAC-MLP,88,0.108877,202
XAM-N6,BF-SAC-MLP,BF-SAC-MLP,89,0.108877,202
XAM-N6,BF-SAC-MLP,BF-SAC-MLP,90,0.108877,202
XAM-N6,BF-SAC-MLP,BF-SAC-MLP,91,0.108877,202
XAM-N6,BF-SAC-MLP,BF-SAC-MLP,92,0.108877,202
XAM-N6,BF-SAC-MLP,BF-SAC-MLP,93,0.108877,202
XAM-N6,BF-SAC-MLP,BF-SAC-MLP,94,0.108877,202
XAM-N6,BF-SAC-MLP,BF-SAC-MLP,95,0.108877,202
XAM-N6,BF-SAC-MLP,BF-SAC-MLP,96,0.108877,202
XAM-N6,BF-SAC-MLP,BF-SAC-MLP,97,0.108877,202
XAM-N6,BF-SAC-MLP,BF-SAC-MLP,98,0.108877,202
XAM-N6,BF-SAC-MLP,BF-SAC-MLP,99,0.108877,202
XAM-N6,BF-SAC-MLP,BF-SAC-MLP,100,0.108877,202
XAM-N6,SPSA,SPSA,1,0.5759270440173085,404
XAM-N6,SPSA,SPSA,2,0.5477904062571142,404
XAM-N6,SPSA,SPSA,3,0.5016743377065067,404
XAM-N6,SPSA,SPSA,4,0.5016743377065067,404
XAM-N6,SPSA,SPSA,5,0.4759555395120834,404
XAM-N6,SPSA,SPSA,6,0.4759555395120834,404
XAM-N6,SPSA,SPSA,7,0.3829245749565537,404
XAM-N6,SPSA,SPSA,8,0.3829245749565537,404
XAM-N6,SPSA,SPSA,9,0.3829245749565537,404
XAM-N6,SPSA,SPSA,10,0.3793046677893562,404
XAM-N6,SPSA,SPSA,11,0.3793046677893562,404
XAM-N6,SPSA,SPSA,12,0.3793046677893562,404
XAM-N6,SPSA,SPSA,13,0.3793046677893562,404
XAM-N6,SPSA,SPSA,14,0.3793046677893562,404
XAM-N6,SPSA,SPSA,15,0.3793046677893562,404
XAM-N6,SPSA,SPSA,16,0.3793046677893562,404
XAM-N6,SPSA,SPSA,17,0.3793046677893562,404
XAM-N6,SPSA,SPSA,18,0.3793046677893562,404
XAM-N6,SPSA,SPSA,19,0.3793046677893562,404
XAM-N6,SPSA,SPSA,20,0.3793046677893562,404
XAM-N6,SPSA,SPSA,21,0.3793046677893562,404
XAM-N6,SPSA,SPSA,22,0.3793046677893562,404
XAM-N6,SPSA,SPSA,23,0.3793046677893562,404
XAM-N6,SPSA,SPSA,24,0.3793046677893562,404
XAM-N6,SPSA,SPSA,25,0.3371778501536809,404
XAM-N6,SPSA,SPSA,26,0.3371778501536809,404
XAM-N6,SPSA,SPSA,27,0.3371778501536809,404
XAM-N6,SPSA,SPSA,28,0.3371778501536809,404
XAM-N6,SPSA,SPSA,29,0.3371778501536809,404
XAM-N6,SPSA,SPSA,30,0.3371778501536809,404
XAM-N6,SPSA,SPSA,31,0.3371778501536809,404
XAM-N6,SPSA,SPSA,32,0.3371778501536809,404
XAM-N6,SPSA,SPSA,33,0.3371778501536809,404
XAM-N6,SPSA,SPSA,34,0.3274891404700079,404
XAM-N6,SPSA,SPSA,35,0.3274891404700079,404
XAM-N6,SPSA,SPSA,36,0.3274891404700079,404
XAM-N6,SPSA,SPSA,37,0.3274891404700079,404
XAM-N6,SPSA,SPSA,38,0.3274891404700079,404
XAM-N6,SPSA,SPSA,39,0.3274891404700079,404
XAM-N6,SPSA,SPSA,40,0.3274891404700079,404
XAM-N6,SPSA,SPSA,41,0.3064410046114129,404
XAM-N6,SPSA,SPSA,42,0.3004137512724237,404
XAM-N6,SPSA,SPSA,43,0.3004137512724237,404
XAM-N6,SPSA,SPSA,44,0.3004137512724237,404
XAM-N6,SPSA,SPSA,45,0.3004137512724237,404
XAM-N6,SPSA,SPSA,46,0.3004137512724237,404
XAM-N6,SPSA,SPSA,47,0.3004137512724237,404
XAM-N6,SPSA,SPSA,48,0.3004137512724237,404
XAM-N6,SPSA,SPSA,49,0.3004137512724237,404
XAM-N6,SPSA,SPSA,50,0.2907252104498901,404
XAM-N6,SPSA,SPSA,51,0.2907252104498901,404
XAM-N6,SPSA,SPSA,52,0.2907252104498901,404
XAM-N6,SPSA,SPSA,53,0.2907252104498901,404
XAM-N6,SPSA,SPSA,54,0.2907252104498901,404
XAM-N6,SPSA,SPSA,55,0.2797158542176581,404
XAM-N6,SPSA,SPSA,56,0.2797158542176581,404
XAM-N6,SPSA,SPSA,57,0.2797158542176581,404
XAM-N6,SPSA,SPSA,58,0.2797158542176581,404
XAM-N6,SPSA,SPSA,59,0.2797158542176581,404
XAM-N6,SPSA,SPSA,60,0.2797158542176581,404
XAM-N6,SPSA,SPSA,61,0.2797158542176581,404
XAM-N6,SPSA,SPSA,62,0.2797158542176581,404
XAM-N6,SPSA,SPSA,63,0.2797158542176581,404
XAM-N6,SPSA,SPSA,64,0.2797158542176581,404
XAM-N6,SPSA,SPSA,65,0.2785797055532767,404
XAM-N6,SPSA,SPSA,66,0.2785797055532767,404
XAM-N6,SPSA,SPSA,67,0.2554804867235883,404
XAM-N6,SPSA,SPSA,68,0.2554804867235883,404
XAM-N6,SPSA,SPSA,69,0.2554804867235883,404
XAM-N6,SPSA,SPSA,70,0.2554804867235883,404
XAM-N6,SPSA,SPSA,71,0.2554804867235883,404
XAM-N6,SPSA,SPSA,72,0.2554804867235883,404
XAM-N6,SPSA,SPSA,73,0.2554804867235883,404
XAM-N6,SPSA,SPSA,74,0.2554804867235883,404
XAM-N6,SPSA,SPSA,75,0.2554804867235883,404
XAM-N6,SPSA,SPSA,76,0.2554804867235883,404
XAM-N6,SPSA,SPSA,77,0.2554804867235883,404
XAM-N6,SPSA,SPSA,78,0.2554804867235883,404
XAM-N6,SPSA,SPSA,79,0.2554804867235883,404
XAM-N6,SPSA,SPSA,80,0.2554804867235883,404
XAM-N6,SPSA,SPSA,81,0.2554804867235883,404
XAM-N6,SPSA,SPSA,82,0.2554804867235883,404
XAM-N6,SPSA,SPSA,83,0.2554804867235883,404
XAM-N6,SPSA,SPSA,84,0.2554804867235883,404
XAM-N6,SPSA,SPSA,85,0.2554804867235883,404
XAM-N6,SPSA,SPSA,86,0.2554804867235883,404
XAM-N6,SPSA,SPSA,87,0.2554804867235883,404
XAM-N6,SPSA,SPSA,88,0.2374801790677239,404
XAM-N6,SPSA,SPSA,89,0.2374801790677239,404
XAM-N6,SPSA,SPSA,90,0.2374801790677239,404
XAM-N6,SPSA,SPSA,91,0.2374801790677239,404
XAM-N6,SPSA,SPSA,92,0.2374801790677239,404
XAM-N6,SPSA,SPSA,93,0.2374801790677239,404
XAM-N6,SPSA,SPSA,94,0.2374801790677239,404
XAM-N6,SPSA,SPSA,95,0.2374801790677239,404
XAM-N6,SPSA,SPSA,96,0.2374801790677239,404
XAM-N6,SPSA,SPSA,97,0.2374801790677239,404
XAM-N6,SPSA,SPSA,98,0.2374801790677239,404
XAM-N6,SPSA,SPSA,99,0.2374801790677239,404
XAM-N6,SPSA,SPSA,100,0.2374801790677239,404
XAM-N6,遗传算法（GA）,GA,1,0.6978618996483416,42
XAM-N6,遗传算法（GA）,GA,2,0.3547186911158158,42
XAM-N6,遗传算法（GA）,GA,3,0.3547186911158158,42
XAM-N6,遗传算法（GA）,GA,4,0.3547186911158158,42
XAM-N6,遗传算法（GA）,GA,5,0.3547186911158158,42
XAM-N6,遗传算法（GA）,GA,6,0.2535626469056907,42
XAM-N6,遗传算法（GA）,GA,7,0.2535626469056907,42
XAM-N6,遗传算法（GA）,GA,8,0.2535626469056907,42
XAM-N6,遗传算法（GA）,GA,9,0.2535626469056907,42
XAM-N6,遗传算法（GA）,GA,10,0.2535626469056907,42
XAM-N6,遗传算法（GA）,GA,11,0.2535626469056907,42
XAM-N6,遗传算法（GA）,GA,12,0.2118891306985374,42
XAM-N6,遗传算法（GA）,GA,13,0.2118891306985374,42
XAM-N6,遗传算法（GA）,GA,14,0.1725956431571236,42
XAM-N6,遗传算法（GA）,GA,15,0.1725956431571236,42
XAM-N6,遗传算法（GA）,GA,16,0.1725956431571236,42
XAM-N6,遗传算法（GA）,GA,17,0.1725956431571236,42
XAM-N6,遗传算法（GA）,GA,18,0.1725956431571236,42
XAM-N6,遗传算法（GA）,GA,19,0.1725956431571236,42
XAM-N6,遗传算法（GA）,GA,20,0.1725956431571236,42
XAM-N6,遗传算法（GA）,GA,21,0.1725956431571236,42
XAM-N6,遗传算法（GA）,GA,22,0.1725956431571236,42
XAM-N6,遗传算法（GA）,GA,23,0.1725956431571236,42
XAM-N6,遗传算法（GA）,GA,24,0.1725956431571236,42
XAM-N6,遗传算法（GA）,GA,25,0.1604938506256455,42
XAM-N6,遗传算法（GA）,GA,26,0.1316272152053838,42
XAM-N6,遗传算法（GA）,GA,27,0.1316272152053838,42
XAM-N6,遗传算法（GA）,GA,28,0.1316272152053838,42
XAM-N6,遗传算法（GA）,GA,29,0.1316272152053838,42
XAM-N6,遗传算法（GA）,GA,30,0.1316272152053838,42
XAM-N6,遗传算法（GA）,GA,31,0.1316272152053838,42
XAM-N6,遗传算法（GA）,GA,32,0.1316272152053838,42
XAM-N6,遗传算法（GA）,GA,33,0.1316272152053838,42
XAM-N6,遗传算法（GA）,GA,34,0.1316272152053838,42
XAM-N6,遗传算法（GA）,GA,35,0.1316272152053838,42
XAM-N6,遗传算法（GA）,GA,36,0.1316272152053838,42
XAM-N6,遗传算法（GA）,GA,37,0.1316272152053838,42
XAM-N6,遗传算法（GA）,GA,38,0.1316272152053838,42
XAM-N6,遗传算法（GA）,GA,39,0.1316272152053838,42
XAM-N6,遗传算法（GA）,GA,40,0.1316272152053838,42
XAM-N6,遗传算法（GA）,GA,41,0.1316272152053838,42
XAM-N6,遗传算法（GA）,GA,42,0.1316272152053838,42
XAM-N6,遗传算法（GA）,GA,43,0.1316272152053838,42
XAM-N6,遗传算法（GA）,GA,44,0.1316272152053838,42
XAM-N6,遗传算法（GA）,GA,45,0.1316272152053838,42
XAM-N6,遗传算法（GA）,GA,46,0.1316272152053838,42
XAM-N6,遗传算法（GA）,GA,47,0.1316272152053838,42
XAM-N6,遗传算法（GA）,GA,48,0.1316272152053838,42
XAM-N6,遗传算法（GA）,GA,49,0.1316272152053838,42
XAM-N6,遗传算法（GA）,GA,50,0.1316272152053838,42
XAM-N6,遗传算法（GA）,GA,51,0.1316272152053838,42
XAM-N6,遗传算法（GA）,GA,52,0.1316272152053838,42
XAM-N6,遗传算法（GA）,GA,53,0.1316272152053838,42
XAM-N6,遗传算法（GA）,GA,54,0.1316272152053838,42
XAM-N6,遗传算法（GA）,GA,55,0.1316272152053838,42
XAM-N6,遗传算法（GA）,GA,56,0.1316272152053838,42
XAM-N6,遗传算法（GA）,GA,57,0.1316272152053838,42
XAM-N6,遗传算法（GA）,GA,58,0.1316272152053838,42
XAM-N6,遗传算法（GA）,GA,59,0.117993281999418,42
XAM-N6,遗传算法（GA）,GA,60,0.117993281999418,42
XAM-N6,遗传算法（GA）,GA,61,0.117993281999418,42
XAM-N6,遗传算法（GA）,GA,62,0.0995585284571605,42
XAM-N6,遗传算法（GA）,GA,63,0.0995585284571605,42
XAM-N6,遗传算法（GA）,GA,64,0.0995585284571605,42
XAM-N6,遗传算法（GA）,GA,65,0.0995585284571605,42
XAM-N6,遗传算法（GA）,GA,66,0.0995585284571605,42
XAM-N6,遗传算法（GA）,GA,67,0.0995585284571605,42
XAM-N6,遗传算法（GA）,GA,68,0.0995585284571605,42
XAM-N6,遗传算法（GA）,GA,69,0.0995585284571605,42
XAM-N6,遗传算法（GA）,GA,70,0.0995585284571605,42
XAM-N6,遗传算法（GA）,GA,71,0.0995585284571605,42
XAM-N6,遗传算法（GA）,GA,72,0.0995585284571605,42
XAM-N6,遗传算法（GA）,GA,73,0.0995585284571605,42
XAM-N6,遗传算法（GA）,GA,74,0.0995585284571605,42
XAM-N6,遗传算法（GA）,GA,75,0.0995585284571605,42
XAM-N6,遗传算法（GA）,GA,76,0.0995585284571605,42
XAM-N6,遗传算法（GA）,GA,77,0.0995585284571605,42
XAM-N6,遗传算法（GA）,GA,78,0.0995585284571605,42
XAM-N6,遗传算法（GA）,GA,79,0.0995585284571605,42
XAM-N6,遗传算法（GA）,GA,80,0.0995585284571605,42
XAM-N6,遗传算法（GA）,GA,81,0.0995585284571605,42
XAM-N6,遗传算法（GA）,GA,82,0.0995585284571605,42
XAM-N6,遗传算法（GA）,GA,83,0.0995585284571605,42
XAM-N6,遗传算法（GA）,GA,84,0.0995585284571605,42
XAM-N6,遗传算法（GA）,GA,85,0.0995585284571605,42
XAM-N6,遗传算法（GA）,GA,86,0.0995585284571605,42
XAM-N6,遗传算法（GA）,GA,87,0.0995585284571605,42
XAM-N6,遗传算法（GA）,GA,88,0.0995585284571605,42
XAM-N6,遗传算法（GA）,GA,89,0.0995585284571605,42
XAM-N6,遗传算法（GA）,GA,90,0.0995585284571605,42
XAM-N6,遗传算法（GA）,GA,91,0.0995585284571605,42
XAM-N6,遗传算法（GA）,GA,92,0.0995585284571605,42
XAM-N6,遗传算法（GA）,GA,93,0.0995585284571605,42
XAM-N6,遗传算法（GA）,GA,94,0.0995585284571605,42
XAM-N6,遗传算法（GA）,GA,95,0.0995585284571605,42
XAM-N6,遗传算法（GA）,GA,96,0.0995585284571605,42
XAM-N6,遗传算法（GA）,GA,97,0.0995585284571605,42
XAM-N6,遗传算法（GA）,GA,98,0.0995585284571605,42
XAM-N6,遗传算法（GA）,GA,99,0.0995585284571605,42
XAM-N6,遗传算法（GA）,GA,100,0.0995585284571605,42
XAM-N6,BF-SAC-MLP,BF-SAC-MLP,1,0.375385,303
XAM-N6,BF-SAC-MLP,BF-SAC-MLP,2,0.241139,303
XAM-N6,BF-SAC-MLP,BF-SAC-MLP,3,0.241139,303
XAM-N6,BF-SAC-MLP,BF-SAC-MLP,4,0.169106,303
XAM-N6,BF-SAC-MLP,BF-SAC-MLP,5,0.169106,303
XAM-N6,BF-SAC-MLP,BF-SAC-MLP,6,0.169106,303
XAM-N6,BF-SAC-MLP,BF-SAC-MLP,7,0.169106,303
XAM-N6,BF-SAC-MLP,BF-SAC-MLP,8,0.169106,303
XAM-N6,BF-SAC-MLP,BF-SAC-MLP,9,0.169106,303
XAM-N6,BF-SAC-MLP,BF-SAC-MLP,10,0.169106,303
XAM-N6,BF-SAC-MLP,BF-SAC-MLP,11,0.169106,303
XAM-N6,BF-SAC-MLP,BF-SAC-MLP,12,0.169106,303
XAM-N6,BF-SAC-MLP,BF-SAC-MLP,13,0.169106,303
XAM-N6,BF-SAC-MLP,BF-SAC-MLP,14,0.169106,303
XAM-N6,BF-SAC-MLP,BF-SAC-MLP,15,0.138412,303
XAM-N6,BF-SAC-MLP,BF-SAC-MLP,16,0.138412,303
XAM-N6,BF-SAC-MLP,BF-SAC-MLP,17,0.138412,303
XAM-N6,BF-SAC-MLP,BF-SAC-MLP,18,0.138412,303
XAM-N6,BF-SAC-MLP,BF-SAC-MLP,19,0.138412,303
XAM-N6,BF-SAC-MLP,BF-SAC-MLP,20,0.138412,303
XAM-N6,BF-SAC-MLP,BF-SAC-MLP,21,0.138412,303
XAM-N6,BF-SAC-MLP,BF-SAC-MLP,22,0.138412,303
XAM-N6,BF-SAC-MLP,BF-SAC-MLP,23,0.131178,303
XAM-N6,BF-SAC-MLP,BF-SAC-MLP,24,0.131178,303
XAM-N6,BF-SAC-MLP,BF-SAC-MLP,25,0.131178,303
XAM-N6,BF-SAC-MLP,BF-SAC-MLP,26,0.131178,303
XAM-N6,BF-SAC-MLP,BF-SAC-MLP,27,0.131178,303
XAM-N6,BF-SAC-MLP,BF-SAC-MLP,28,0.131178,303
XAM-N6,BF-SAC-MLP,BF-SAC-MLP,29,0.131178,303
XAM-N6,BF-SAC-MLP,BF-SAC-MLP,30,0.131178,303
XAM-N6,BF-SAC-MLP,BF-SAC-MLP,31,0.131178,303
XAM-N6,BF-SAC-MLP,BF-SAC-MLP,32,0.131178,303
XAM-N6,BF-SAC-MLP,BF-SAC-MLP,33,0.131178,303
XAM-N6,BF-SAC-MLP,BF-SAC-MLP,34,0.131178,303
XAM-N6,BF-SAC-MLP,BF-SAC-MLP,35,0.131178,303
XAM-N6,BF-SAC-MLP,BF-SAC-MLP,36,0.131178,303
XAM-N6,BF-SAC-MLP,BF-SAC-MLP,37,0.131178,303
XAM-N6,BF-SAC-MLP,BF-SAC-MLP,38,0.131178,303
XAM-N6,BF-SAC-MLP,BF-SAC-MLP,39,0.131178,303
XAM-N6,BF-SAC-MLP,BF-SAC-MLP,40,0.131178,303
XAM-N6,BF-SAC-MLP,BF-SAC-MLP,41,0.131178,303
XAM-N6,BF-SAC-MLP,BF-SAC-MLP,42,0.131178,303
XAM-N6,BF-SAC-MLP,BF-SAC-MLP,43,0.131178,303
XAM-N6,BF-SAC-MLP,BF-SAC-MLP,44,0.131178,303
XAM-N6,BF-SAC-MLP,BF-SAC-MLP,45,0.131178,303
XAM-N6,BF-SAC-MLP,BF-SAC-MLP,46,0.131178,303
XAM-N6,BF-SAC-MLP,BF-SAC-MLP,47,0.131178,303
XAM-N6,BF-SAC-MLP,BF-SAC-MLP,48,0.131178,303
XAM-N6,BF-SAC-MLP,BF-SAC-MLP,49,0.131178,303
XAM-N6,BF-SAC-MLP,BF-SAC-MLP,50,0.131178,303
XAM-N6,BF-SAC-MLP,BF-SAC-MLP,51,0.131178,303
XAM-N6,BF-SAC-MLP,BF-SAC-MLP,52,0.131178,303
XAM-N6,BF-SAC-MLP,BF-SAC-MLP,53,0.131178,303
XAM-N6,BF-SAC-MLP,BF-SAC-MLP,54,0.131178,303
XAM-N6,BF-SAC-MLP,BF-SAC-MLP,55,0.131178,303
XAM-N6,BF-SAC-MLP,BF-SAC-MLP,56,0.131178,303
XAM-N6,BF-SAC-MLP,BF-SAC-MLP,57,0.131178,303
XAM-N6,BF-SAC-MLP,BF-SAC-MLP,58,0.131178,303
XAM-N6,BF-SAC-MLP,BF-SAC-MLP,59,0.131178,303
XAM-N6,BF-SAC-MLP,BF-SAC-MLP,60,0.131178,303
XAM-N6,BF-SAC-MLP,BF-SAC-MLP,61,0.123452,303
XAM-N6,BF-SAC-MLP,BF-SAC-MLP,62,0.123452,303
XAM-N6,BF-SAC-MLP,BF-SAC-MLP,63,0.123452,303
XAM-N6,BF-SAC-MLP,BF-SAC-MLP,64,0.123452,303
XAM-N6,BF-SAC-MLP,BF-SAC-MLP,65,0.123452,303
XAM-N6,BF-SAC-MLP,BF-SAC-MLP,66,0.123452,303
XAM-N6,BF-SAC-MLP,BF-SAC-MLP,67,0.123452,303
XAM-N6,BF-SAC-MLP,BF-SAC-MLP,68,0.123452,303
XAM-N6,BF-SAC-MLP,BF-SAC-MLP,69,0.123452,303
XAM-N6,BF-SAC-MLP,BF-SAC-MLP,70,0.123452,303
XAM-N6,BF-SAC-MLP,BF-SAC-MLP,71,0.117255,303
XAM-N6,BF-SAC-MLP,BF-SAC-MLP,72,0.117255,303
XAM-N6,BF-SAC-MLP,BF-SAC-MLP,73,0.117255,303
XAM-N6,BF-SAC-MLP,BF-SAC-MLP,74,0.117255,303
XAM-N6,BF-SAC-MLP,BF-SAC-MLP,75,0.117255,303
XAM-N6,BF-SAC-MLP,BF-SAC-MLP,76,0.117255,303
XAM-N6,BF-SAC-MLP,BF-SAC-MLP,77,0.117255,303
XAM-N6,BF-SAC-MLP,BF-SAC-MLP,78,0.117255,303
XAM-N6,BF-SAC-MLP,BF-SAC-MLP,79,0.117255,303
XAM-N6,BF-SAC-MLP,BF-SAC-MLP,80,0.117255,303
XAM-N6,BF-SAC-MLP,BF-SAC-MLP,81,0.117255,303
XAM-N6,BF-SAC-MLP,BF-SAC-MLP,82,0.117255,303
XAM-N6,BF-SAC-MLP,BF-SAC-MLP,83,0.117255,303
XAM-N6,BF-SAC-MLP,BF-SAC-MLP,84,0.117255,303
XAM-N6,BF-SAC-MLP,BF-SAC-MLP,85,0.117255,303
XAM-N6,BF-SAC-MLP,BF-SAC-MLP,86,0.103478,303
XAM-N6,BF-SAC-MLP,BF-SAC-MLP,87,0.103478,303
XAM-N6,BF-SAC-MLP,BF-SAC-MLP,88,0.103478,303
XAM-N6,BF-SAC-MLP,BF-SAC-MLP,89,0.103478,303
XAM-N6,BF-SAC-MLP,BF-SAC-MLP,90,0.103478,303
XAM-N6,BF-SAC-MLP,BF-SAC-MLP,91,0.103478,303
XAM-N6,BF-SAC-MLP,BF-SAC-MLP,92,0.103478,303
XAM-N6,BF-SAC-MLP,BF-SAC-MLP,93,0.103478,303
XAM-N6,BF-SAC-MLP,BF-SAC-MLP,94,0.103478,303
XAM-N6,BF-SAC-MLP,BF-SAC-MLP,95,0.103478,303
XAM-N6,BF-SAC-MLP,BF-SAC-MLP,96,0.103478,303
XAM-N6,BF-SAC-MLP,BF-SAC-MLP,97,0.103478,303
XAM-N6,BF-SAC-MLP,BF-SAC-MLP,98,0.103478,303
XAM-N6,BF-SAC-MLP,BF-SAC-MLP,99,0.103478,303
XAM-N6,BF-SAC-MLP,BF-SAC-MLP,100,0.103478,303
XAM-N6,遗传算法（GA）,GA,1,0.6178592499732267,101
XAM-N6,遗传算法（GA）,GA,2,0.6178592499732267,101
XAM-N6,遗传算法（GA）,GA,3,0.3493237727047003,101
XAM-N6,遗传算法（GA）,GA,4,0.3493237727047003,101
XAM-N6,遗传算法（GA）,GA,5,0.3493237727047003,101
XAM-N6,遗传算法（GA）,GA,6,0.2681607396900617,101
XAM-N6,遗传算法（GA）,GA,7,0.2681607396900617,101
XAM-N6,遗传算法（GA）,GA,8,0.2681607396900617,101
XAM-N6,遗传算法（GA）,GA,9,0.2681607396900617,101
XAM-N6,遗传算法（GA）,GA,10,0.2681607396900617,101
XAM-N6,遗传算法（GA）,GA,11,0.2681607396900617,101
XAM-N6,遗传算法（GA）,GA,12,0.2681607396900617,101
XAM-N6,遗传算法（GA）,GA,13,0.2681607396900617,101
XAM-N6,遗传算法（GA）,GA,14,0.2681607396900617,101
XAM-N6,遗传算法（GA）,GA,15,0.2305639966013369,101
XAM-N6,遗传算法（GA）,GA,16,0.2305639966013369,101
XAM-N6,遗传算法（GA）,GA,17,0.2305639966013369,101
XAM-N6,遗传算法（GA）,GA,18,0.2305639966013369,101
XAM-N6,遗传算法（GA）,GA,19,0.2305639966013369,101
XAM-N6,遗传算法（GA）,GA,20,0.2305639966013369,101
XAM-N6,遗传算法（GA）,GA,21,0.2115437901139516,101
XAM-N6,遗传算法（GA）,GA,22,0.2115437901139516,101
XAM-N6,遗传算法（GA）,GA,23,0.2115437901139516,101
XAM-N6,遗传算法（GA）,GA,24,0.1940665860559387,101
XAM-N6,遗传算法（GA）,GA,25,0.1940665860559387,101
XAM-N6,遗传算法（GA）,GA,26,0.1940665860559387,101
XAM-N6,遗传算法（GA）,GA,27,0.1940665860559387,101
XAM-N6,遗传算法（GA）,GA,28,0.1940665860559387,101
XAM-N6,遗传算法（GA）,GA,29,0.1940665860559387,101
XAM-N6,遗传算法（GA）,GA,30,0.1662835251635762,101
XAM-N6,遗传算法（GA）,GA,31,0.1662835251635762,101
XAM-N6,遗传算法（GA）,GA,32,0.1662835251635762,101
XAM-N6,遗传算法（GA）,GA,33,0.1662835251635762,101
XAM-N6,遗传算法（GA）,GA,34,0.1662835251635762,101
XAM-N6,遗传算法（GA）,GA,35,0.1662835251635762,101
XAM-N6,遗传算法（GA）,GA,36,0.1662835251635762,101
XAM-N6,遗传算法（GA）,GA,37,0.1662835251635762,101
XAM-N6,遗传算法（GA）,GA,38,0.1662835251635762,101
XAM-N6,遗传算法（GA）,GA,39,0.1480319736769962,101
XAM-N6,遗传算法（GA）,GA,40,0.1480319736769962,101
XAM-N6,遗传算法（GA）,GA,41,0.1480319736769962,101
XAM-N6,遗传算法（GA）,GA,42,0.1480319736769962,101
XAM-N6,遗传算法（GA）,GA,43,0.1480319736769962,101
XAM-N6,遗传算法（GA）,GA,44,0.1480319736769962,101
XAM-N6,遗传算法（GA）,GA,45,0.1480319736769962,101
XAM-N6,遗传算法（GA）,GA,46,0.13469206435225,101
XAM-N6,遗传算法（GA）,GA,47,0.13469206435225,101
XAM-N6,遗传算法（GA）,GA,48,0.13469206435225,101
XAM-N6,遗传算法（GA）,GA,49,0.13469206435225,101
XAM-N6,遗传算法（GA）,GA,50,0.13469206435225,101
XAM-N6,遗传算法（GA）,GA,51,0.13469206435225,101
XAM-N6,遗传算法（GA）,GA,52,0.1056640715762953,101
XAM-N6,遗传算法（GA）,GA,53,0.1056640715762953,101
XAM-N6,遗传算法（GA）,GA,54,0.1056640715762953,101
XAM-N6,遗传算法（GA）,GA,55,0.1056640715762953,101
XAM-N6,遗传算法（GA）,GA,56,0.1056640715762953,101
XAM-N6,遗传算法（GA）,GA,57,0.1056640715762953,101
XAM-N6,遗传算法（GA）,GA,58,0.1056640715762953,101
XAM-N6,遗传算法（GA）,GA,59,0.1056640715762953,101
XAM-N6,遗传算法（GA）,GA,60,0.1056640715762953,101
XAM-N6,遗传算法（GA）,GA,61,0.1056640715762953,101
XAM-N6,遗传算法（GA）,GA,62,0.1056640715762953,101
XAM-N6,遗传算法（GA）,GA,63,0.1056640715762953,101
XAM-N6,遗传算法（GA）,GA,64,0.1056640715762953,101
XAM-N6,遗传算法（GA）,GA,65,0.1056640715762953,101
XAM-N6,遗传算法（GA）,GA,66,0.1056640715762953,101
XAM-N6,遗传算法（GA）,GA,67,0.1056640715762953,101
XAM-N6,遗传算法（GA）,GA,68,0.1056640715762953,101
XAM-N6,遗传算法（GA）,GA,69,0.1056640715762953,101
XAM-N6,遗传算法（GA）,GA,70,0.1056640715762953,101
XAM-N6,遗传算法（GA）,GA,71,0.1056640715762953,101
XAM-N6,遗传算法（GA）,GA,72,0.1056640715762953,101
XAM-N6,遗传算法（GA）,GA,73,0.1056640715762953,101
XAM-N6,遗传算法（GA）,GA,74,0.1056640715762953,101
XAM-N6,遗传算法（GA）,GA,75,0.1056640715762953,101
XAM-N6,遗传算法（GA）,GA,76,0.1056640715762953,101
XAM-N6,遗传算法（GA）,GA,77,0.1056640715762953,101
XAM-N6,遗传算法（GA）,GA,78,0.1056640715762953,101
XAM-N6,遗传算法（GA）,GA,79,0.1056640715762953,101
XAM-N6,遗传算法（GA）,GA,80,0.1056640715762953,101
XAM-N6,遗传算法（GA）,GA,81,0.1056640715762953,101
XAM-N6,遗传算法（GA）,GA,82,0.1056640715762953,101
XAM-N6,遗传算法（GA）,GA,83,0.1056640715762953,101
XAM-N6,遗传算法（GA）,GA,84,0.1056640715762953,101
XAM-N6,遗传算法（GA）,GA,85,0.1056640715762953,101
XAM-N6,遗传算法（GA）,GA,86,0.1056640715762953,101
XAM-N6,遗传算法（GA）,GA,87,0.1056640715762953,101
XAM-N6,遗传算法（GA）,GA,88,0.1056640715762953,101
XAM-N6,遗传算法（GA）,GA,89,0.1056640715762953,101
XAM-N6,遗传算法（GA）,GA,90,0.1056640715762953,101
XAM-N6,遗传算法（GA）,GA,91,0.1056640715762953,101
XAM-N6,遗传算法（GA）,GA,92,0.1056640715762953,101
XAM-N6,遗传算法（GA）,GA,93,0.1056640715762953,101
XAM-N6,遗传算法（GA）,GA,94,0.1056640715762953,101
XAM-N6,遗传算法（GA）,GA,95,0.1056640715762953,101
XAM-N6,遗传算法（GA）,GA,96,0.1056640715762953,101
XAM-N6,遗传算法（GA）,GA,97,0.1056640715762953,101
XAM-N6,遗传算法（GA）,GA,98,0.1056640715762953,101
XAM-N6,遗传算法（GA）,GA,99,0.1056640715762953,101
XAM-N6,遗传算法（GA）,GA,100,0.1056640715762953,101
XAM-N6,SPSA,SPSA,1,0.5156414921947728,303
XAM-N6,SPSA,SPSA,2,0.3637189531190237,303
XAM-N6,SPSA,SPSA,3,0.3637189531190237,303
XAM-N6,SPSA,SPSA,4,0.3637189531190237,303
XAM-N6,SPSA,SPSA,5,0.3587322569007246,303
XAM-N6,SPSA,SPSA,6,0.3587322569007246,303
XAM-N6,SPSA,SPSA,7,0.3587322569007246,303
XAM-N6,SPSA,SPSA,8,0.3587322569007246,303
XAM-N6,SPSA,SPSA,9,0.3587322569007246,303
XAM-N6,SPSA,SPSA,10,0.3587322569007246,303
XAM-N6,SPSA,SPSA,11,0.3587322569007246,303
XAM-N6,SPSA,SPSA,12,0.3209096964512089,303
XAM-N6,SPSA,SPSA,13,0.3209096964512089,303
XAM-N6,SPSA,SPSA,14,0.3209096964512089,303
XAM-N6,SPSA,SPSA,15,0.3209096964512089,303
XAM-N6,SPSA,SPSA,16,0.3209096964512089,303
XAM-N6,SPSA,SPSA,17,0.3209096964512089,303
XAM-N6,SPSA,SPSA,18,0.3209096964512089,303
XAM-N6,SPSA,SPSA,19,0.3209096964512089,303
XAM-N6,SPSA,SPSA,20,0.3209096964512089,303
XAM-N6,SPSA,SPSA,21,0.3209096964512089,303
XAM-N6,SPSA,SPSA,22,0.3209096964512089,303
XAM-N6,SPSA,SPSA,23,0.3209096964512089,303
XAM-N6,SPSA,SPSA,24,0.3209096964512089,303
XAM-N6,SPSA,SPSA,25,0.3209096964512089,303
XAM-N6,SPSA,SPSA,26,0.3209096964512089,303
XAM-N6,SPSA,SPSA,27,0.3209096964512089,303
XAM-N6,SPSA,SPSA,28,0.3209096964512089,303
XAM-N6,SPSA,SPSA,29,0.3209096964512089,303
XAM-N6,SPSA,SPSA,30,0.3209096964512089,303
XAM-N6,SPSA,SPSA,31,0.3209096964512089,303
XAM-N6,SPSA,SPSA,32,0.3209096964512089,303
XAM-N6,SPSA,SPSA,33,0.3209096964512089,303
XAM-N6,SPSA,SPSA,34,0.3209096964512089,303
XAM-N6,SPSA,SPSA,35,0.3209096964512089,303
XAM-N6,SPSA,SPSA,36,0.3209096964512089,303
XAM-N6,SPSA,SPSA,37,0.3209096964512089,303
XAM-N6,SPSA,SPSA,38,0.3209096964512089,303
XAM-N6,SPSA,SPSA,39,0.3209096964512089,303
XAM-N6,SPSA,SPSA,40,0.3209096964512089,303
XAM-N6,SPSA,SPSA,41,0.3209096964512089,303
XAM-N6,SPSA,SPSA,42,0.3209096964512089,303
XAM-N6,SPSA,SPSA,43,0.3209096964512089,303
XAM-N6,SPSA,SPSA,44,0.3209096964512089,303
XAM-N6,SPSA,SPSA,45,0.3209096964512089,303
XAM-N6,SPSA,SPSA,46,0.3209096964512089,303
XAM-N6,SPSA,SPSA,47,0.3209096964512089,303
XAM-N6,SPSA,SPSA,48,0.3209096964512089,303
XAM-N6,SPSA,SPSA,49,0.3209096964512089,303
XAM-N6,SPSA,SPSA,50,0.3209096964512089,303
XAM-N6,SPSA,SPSA,51,0.3209096964512089,303
XAM-N6,SPSA,SPSA,52,0.3209096964512089,303
XAM-N6,SPSA,SPSA,53,0.3209096964512089,303
XAM-N6,SPSA,SPSA,54,0.3209096964512089,303
XAM-N6,SPSA,SPSA,55,0.3209096964512089,303
XAM-N6,SPSA,SPSA,56,0.3209096964512089,303
XAM-N6,SPSA,SPSA,57,0.3174786556639509,303
XAM-N6,SPSA,SPSA,58,0.3174786556639509,303
XAM-N6,SPSA,SPSA,59,0.3174786556639509,303
XAM-N6,SPSA,SPSA,60,0.3174786556639509,303
XAM-N6,SPSA,SPSA,61,0.3174786556639509,303
XAM-N6,SPSA,SPSA,62,0.3174786556639509,303
XAM-N6,SPSA,SPSA,63,0.3174786556639509,303
XAM-N6,SPSA,SPSA,64,0.3174786556639509,303
XAM-N6,SPSA,SPSA,65,0.3174786556639509,303
XAM-N6,SPSA,SPSA,66,0.3174786556639509,303
XAM-N6,SPSA,SPSA,67,0.3174786556639509,303
XAM-N6,SPSA,SPSA,68,0.3174786556639509,303
XAM-N6,SPSA,SPSA,69,0.3174786556639509,303
XAM-N6,SPSA,SPSA,70,0.3174786556639509,303
XAM-N6,SPSA,SPSA,71,0.3174786556639509,303
XAM-N6,SPSA,SPSA,72,0.3174786556639509,303
XAM-N6,SPSA,SPSA,73,0.3174786556639509,303
XAM-N6,SPSA,SPSA,74,0.3174786556639509,303
XAM-N6,SPSA,SPSA,75,0.3174786556639509,303
XAM-N6,SPSA,SPSA,76,0.3174786556639509,303
XAM-N6,SPSA,SPSA,77,0.3174786556639509,303
XAM-N6,SPSA,SPSA,78,0.3174786556639509,303
XAM-N6,SPSA,SPSA,79,0.3174786556639509,303
XAM-N6,SPSA,SPSA,80,0.3174786556639509,303
XAM-N6,SPSA,SPSA,81,0.3174786556639509,303
XAM-N6,SPSA,SPSA,82,0.3174786556639509,303
XAM-N6,SPSA,SPSA,83,0.3174786556639509,303
XAM-N6,SPSA,SPSA,84,0.3174786556639509,303
XAM-N6,SPSA,SPSA,85,0.3003244301422027,303
XAM-N6,SPSA,SPSA,86,0.3003244301422027,303
XAM-N6,SPSA,SPSA,87,0.3003244301422027,303
XAM-N6,SPSA,SPSA,88,0.3003244301422027,303
XAM-N6,SPSA,SPSA,89,0.3003244301422027,303
XAM-N6,SPSA,SPSA,90,0.3003244301422027,303
XAM-N6,SPSA,SPSA,91,0.3003244301422027,303
XAM-N6,SPSA,SPSA,92,0.3003244301422027,303
XAM-N6,SPSA,SPSA,93,0.3003244301422027,303
XAM-N6,SPSA,SPSA,94,0.3003244301422027,303
XAM-N6,SPSA,SPSA,95,0.3003244301422027,303
XAM-N6,SPSA,SPSA,96,0.3003244301422027,303
XAM-N6,SPSA,SPSA,97,0.3003244301422027,303
XAM-N6,SPSA,SPSA,98,0.3003244301422027,303
XAM-N6,SPSA,SPSA,99,0.3003244301422027,303
XAM-N6,SPSA,SPSA,100,0.3003244301422027,303
XAM-N6,BF-SAC-MLP,BF-SAC-MLP,1,0.39892,404
XAM-N6,BF-SAC-MLP,BF-SAC-MLP,2,0.39892,404
XAM-N6,BF-SAC-MLP,BF-SAC-MLP,3,0.393597,404
XAM-N6,BF-SAC-MLP,BF-SAC-MLP,4,0.346015,404
XAM-N6,BF-SAC-MLP,BF-SAC-MLP,5,0.346015,404
XAM-N6,BF-SAC-MLP,BF-SAC-MLP,6,0.224862,404
XAM-N6,BF-SAC-MLP,BF-SAC-MLP,7,0.224862,404
XAM-N6,BF-SAC-MLP,BF-SAC-MLP,8,0.224862,404
XAM-N6,BF-SAC-MLP,BF-SAC-MLP,9,0.224862,404
XAM-N6,BF-SAC-MLP,BF-SAC-MLP,10,0.224862,404
XAM-N6,BF-SAC-MLP,BF-SAC-MLP,11,0.224862,404
XAM-N6,BF-SAC-MLP,BF-SAC-MLP,12,0.224862,404
XAM-N6,BF-SAC-MLP,BF-SAC-MLP,13,0.224862,404
XAM-N6,BF-SAC-MLP,BF-SAC-MLP,14,0.214064,404
XAM-N6,BF-SAC-MLP,BF-SAC-MLP,15,0.186327,404
XAM-N6,BF-SAC-MLP,BF-SAC-MLP,16,0.186327,404
XAM-N6,BF-SAC-MLP,BF-SAC-MLP,17,0.186327,404
XAM-N6,BF-SAC-MLP,BF-SAC-MLP,18,0.186327,404
XAM-N6,BF-SAC-MLP,BF-SAC-MLP,19,0.186327,404
XAM-N6,BF-SAC-MLP,BF-SAC-MLP,20,0.186327,404
XAM-N6,BF-SAC-MLP,BF-SAC-MLP,21,0.186327,404
XAM-N6,BF-SAC-MLP,BF-SAC-MLP,22,0.186327,404
XAM-N6,BF-SAC-MLP,BF-SAC-MLP,23,0.186327,404
XAM-N6,BF-SAC-MLP,BF-SAC-MLP,24,0.15293,404
XAM-N6,BF-SAC-MLP,BF-SAC-MLP,25,0.15293,404
XAM-N6,BF-SAC-MLP,BF-SAC-MLP,26,0.15293,404
XAM-N6,BF-SAC-MLP,BF-SAC-MLP,27,0.15293,404
XAM-N6,BF-SAC-MLP,BF-SAC-MLP,28,0.15293,404
XAM-N6,BF-SAC-MLP,BF-SAC-MLP,29,0.15293,404
XAM-N6,BF-SAC-MLP,BF-SAC-MLP,30,0.15293,404
XAM-N6,BF-SAC-MLP,BF-SAC-MLP,31,0.15293,404
XAM-N6,BF-SAC-MLP,BF-SAC-MLP,32,0.15293,404
XAM-N6,BF-SAC-MLP,BF-SAC-MLP,33,0.15293,404
XAM-N6,BF-SAC-MLP,BF-SAC-MLP,34,0.15293,404
XAM-N6,BF-SAC-MLP,BF-SAC-MLP,35,0.15293,404
XAM-N6,BF-SAC-MLP,BF-SAC-MLP,36,0.149976,404
XAM-N6,BF-SAC-MLP,BF-SAC-MLP,37,0.149976,404
XAM-N6,BF-SAC-MLP,BF-SAC-MLP,38,0.149976,404
XAM-N6,BF-SAC-MLP,BF-SAC-MLP,39,0.149976,404
XAM-N6,BF-SAC-MLP,BF-SAC-MLP,40,0.149976,404
XAM-N6,BF-SAC-MLP,BF-SAC-MLP,41,0.149976,404
XAM-N6,BF-SAC-MLP,BF-SAC-MLP,42,0.149976,404
XAM-N6,BF-SAC-MLP,BF-SAC-MLP,43,0.125557,404
XAM-N6,BF-SAC-MLP,BF-SAC-MLP,44,0.125557,404
XAM-N6,BF-SAC-MLP,BF-SAC-MLP,45,0.125557,404
XAM-N6,BF-SAC-MLP,BF-SAC-MLP,46,0.125557,404
XAM-N6,BF-SAC-MLP,BF-SAC-MLP,47,0.125557,404
XAM-N6,BF-SAC-MLP,BF-SAC-MLP,48,0.125557,404
XAM-N6,BF-SAC-MLP,BF-SAC-MLP,49,0.125557,404
XAM-N6,BF-SAC-MLP,BF-SAC-MLP,50,0.125557,404
XAM-N6,BF-SAC-MLP,BF-SAC-MLP,51,0.125557,404
XAM-N6,BF-SAC-MLP,BF-SAC-MLP,52,0.125557,404
XAM-N6,BF-SAC-MLP,BF-SAC-MLP,53,0.125557,404
XAM-N6,BF-SAC-MLP,BF-SAC-MLP,54,0.125557,404
XAM-N6,BF-SAC-MLP,BF-SAC-MLP,55,0.125557,404
XAM-N6,BF-SAC-MLP,BF-SAC-MLP,56,0.125557,404
XAM-N6,BF-SAC-MLP,BF-SAC-MLP,57,0.1009,404
XAM-N6,BF-SAC-MLP,BF-SAC-MLP,58,0.1009,404
XAM-N6,BF-SAC-MLP,BF-SAC-MLP,59,0.1009,404
XAM-N6,BF-SAC-MLP,BF-SAC-MLP,60,0.1009,404
XAM-N6,BF-SAC-MLP,BF-SAC-MLP,61,0.1009,404
XAM-N6,BF-SAC-MLP,BF-SAC-MLP,62,0.1009,404
XAM-N6,BF-SAC-MLP,BF-SAC-MLP,63,0.1009,404
XAM-N6,BF-SAC-MLP,BF-SAC-MLP,64,0.1009,404
XAM-N6,BF-SAC-MLP,BF-SAC-MLP,65,0.1009,404
XAM-N6,BF-SAC-MLP,BF-SAC-MLP,66,0.1009,404
XAM-N6,BF-SAC-MLP,BF-SAC-MLP,67,0.1009,404
XAM-N6,BF-SAC-MLP,BF-SAC-MLP,68,0.1009,404
XAM-N6,BF-SAC-MLP,BF-SAC-MLP,69,0.1009,404
XAM-N6,BF-SAC-MLP,BF-SAC-MLP,70,0.1009,404
XAM-N6,BF-SAC-MLP,BF-SAC-MLP,71,0.1009,404
XAM-N6,BF-SAC-MLP,BF-SAC-MLP,72,0.1009,404
XAM-N6,BF-SAC-MLP,BF-SAC-MLP,73,0.1009,404
XAM-N6,BF-SAC-MLP,BF-SAC-MLP,74,0.1009,404
XAM-N6,BF-SAC-MLP,BF-SAC-MLP,75,0.1009,404
XAM-N6,BF-SAC-MLP,BF-SAC-MLP,76,0.1009,404
XAM-N6,BF-SAC-MLP,BF-SAC-MLP,77,0.1009,404
XAM-N6,BF-SAC-MLP,BF-SAC-MLP,78,0.1009,404
XAM-N6,BF-SAC-MLP,BF-SAC-MLP,79,0.1009,404
XAM-N6,BF-SAC-MLP,BF-SAC-MLP,80,0.1009,404
XAM-N6,BF-SAC-MLP,BF-SAC-MLP,81,0.1009,404
XAM-N6,BF-SAC-MLP,BF-SAC-MLP,82,0.1009,404
XAM-N6,BF-SAC-MLP,BF-SAC-MLP,83,0.1009,404
XAM-N6,BF-SAC-MLP,BF-SAC-MLP,84,0.1009,404
XAM-N6,BF-SAC-MLP,BF-SAC-MLP,85,0.1009,404
XAM-N6,BF-SAC-MLP,BF-SAC-MLP,86,0.1009,404
XAM-N6,BF-SAC-MLP,BF-SAC-MLP,87,0.1009,404
XAM-N6,BF-SAC-MLP,BF-SAC-MLP,88,0.1009,404
XAM-N6,BF-SAC-MLP,BF-SAC-MLP,89,0.1009,404
XAM-N6,BF-SAC-MLP,BF-SAC-MLP,90,0.1009,404
XAM-N6,BF-SAC-MLP,BF-SAC-MLP,91,0.1009,404
XAM-N6,BF-SAC-MLP,BF-SAC-MLP,92,0.1009,404
XAM-N6,BF-SAC-MLP,BF-SAC-MLP,93,0.1009,404
XAM-N6,BF-SAC-MLP,BF-SAC-MLP,94,0.1009,404
XAM-N6,BF-SAC-MLP,BF-SAC-MLP,95,0.1009,404
XAM-N6,BF-SAC-MLP,BF-SAC-MLP,96,0.1009,404
XAM-N6,BF-SAC-MLP,BF-SAC-MLP,97,0.1009,404
XAM-N6,BF-SAC-MLP,BF-SAC-MLP,98,0.1009,404
XAM-N6,BF-SAC-MLP,BF-SAC-MLP,99,0.1009,404
XAM-N6,BF-SAC-MLP,BF-SAC-MLP,100,0.1009,404
XAM-N6,遗传算法（GA）,GA,1,0.4278907664505763,202
XAM-N6,遗传算法（GA）,GA,2,0.4278907664505763,202
XAM-N6,遗传算法（GA）,GA,3,0.2121349532391186,202
XAM-N6,遗传算法（GA）,GA,4,0.1978566965136785,202
XAM-N6,遗传算法（GA）,GA,5,0.1962151489119425,202
XAM-N6,遗传算法（GA）,GA,6,0.1962151489119425,202
XAM-N6,遗传算法（GA）,GA,7,0.173210370620629,202
XAM-N6,遗传算法（GA）,GA,8,0.173210370620629,202
XAM-N6,遗传算法（GA）,GA,9,0.173210370620629,202
XAM-N6,遗传算法（GA）,GA,10,0.173210370620629,202
XAM-N6,遗传算法（GA）,GA,11,0.173210370620629,202
XAM-N6,遗传算法（GA）,GA,12,0.173210370620629,202
XAM-N6,遗传算法（GA）,GA,13,0.173210370620629,202
XAM-N6,遗传算法（GA）,GA,14,0.173210370620629,202
XAM-N6,遗传算法（GA）,GA,15,0.1668502752435428,202
XAM-N6,遗传算法（GA）,GA,16,0.1668502752435428,202
XAM-N6,遗传算法（GA）,GA,17,0.1668502752435428,202
XAM-N6,遗传算法（GA）,GA,18,0.1668502752435428,202
XAM-N6,遗传算法（GA）,GA,19,0.1188561921691584,202
XAM-N6,遗传算法（GA）,GA,20,0.1188561921691584,202
XAM-N6,遗传算法（GA）,GA,21,0.1188561921691584,202
XAM-N6,遗传算法（GA）,GA,22,0.1188561921691584,202
XAM-N6,遗传算法（GA）,GA,23,0.1188561921691584,202
XAM-N6,遗传算法（GA）,GA,24,0.1188561921691584,202
XAM-N6,遗传算法（GA）,GA,25,0.1188561921691584,202
XAM-N6,遗传算法（GA）,GA,26,0.1188561921691584,202
XAM-N6,遗传算法（GA）,GA,27,0.1144411197974709,202
XAM-N6,遗传算法（GA）,GA,28,0.1144411197974709,202
XAM-N6,遗传算法（GA）,GA,29,0.1144411197974709,202
XAM-N6,遗传算法（GA）,GA,30,0.1144411197974709,202
XAM-N6,遗传算法（GA）,GA,31,0.1144411197974709,202
XAM-N6,遗传算法（GA）,GA,32,0.1144411197974709,202
XAM-N6,遗传算法（GA）,GA,33,0.1144411197974709,202
XAM-N6,遗传算法（GA）,GA,34,0.1144411197974709,202
XAM-N6,遗传算法（GA）,GA,35,0.1144411197974709,202
XAM-N6,遗传算法（GA）,GA,36,0.1144411197974709,202
XAM-N6,遗传算法（GA）,GA,37,0.1144411197974709,202
XAM-N6,遗传算法（GA）,GA,38,0.1144411197974709,202
XAM-N6,遗传算法（GA）,GA,39,0.1144411197974709,202
XAM-N6,遗传算法（GA）,GA,40,0.1144411197974709,202
XAM-N6,遗传算法（GA）,GA,41,0.1144411197974709,202
XAM-N6,遗传算法（GA）,GA,42,0.1144411197974709,202
XAM-N6,遗传算法（GA）,GA,43,0.1144411197974709,202
XAM-N6,遗传算法（GA）,GA,44,0.1144411197974709,202
XAM-N6,遗传算法（GA）,GA,45,0.1144411197974709,202
XAM-N6,遗传算法（GA）,GA,46,0.1144411197974709,202
XAM-N6,遗传算法（GA）,GA,47,0.1144411197974709,202
XAM-N6,遗传算法（GA）,GA,48,0.1144411197974709,202
XAM-N6,遗传算法（GA）,GA,49,0.1144411197974709,202
XAM-N6,遗传算法（GA）,GA,50,0.1144411197974709,202
XAM-N6,遗传算法（GA）,GA,51,0.1144411197974709,202
XAM-N6,遗传算法（GA）,GA,52,0.1118697074707917,202
XAM-N6,遗传算法（GA）,GA,53,0.1118697074707917,202
XAM-N6,遗传算法（GA）,GA,54,0.1118697074707917,202
XAM-N6,遗传算法（GA）,GA,55,0.1118697074707917,202
XAM-N6,遗传算法（GA）,GA,56,0.1118697074707917,202
XAM-N6,遗传算法（GA）,GA,57,0.1118697074707917,202
XAM-N6,遗传算法（GA）,GA,58,0.1118697074707917,202
XAM-N6,遗传算法（GA）,GA,59,0.1118697074707917,202
XAM-N6,遗传算法（GA）,GA,60,0.1118697074707917,202
XAM-N6,遗传算法（GA）,GA,61,0.1118697074707917,202
XAM-N6,遗传算法（GA）,GA,62,0.1118697074707917,202
XAM-N6,遗传算法（GA）,GA,63,0.1118697074707917,202
XAM-N6,遗传算法（GA）,GA,64,0.1118697074707917,202
XAM-N6,遗传算法（GA）,GA,65,0.1118697074707917,202
XAM-N6,遗传算法（GA）,GA,66,0.1118697074707917,202
XAM-N6,遗传算法（GA）,GA,67,0.1118697074707917,202
XAM-N6,遗传算法（GA）,GA,68,0.105694762241228,202
XAM-N6,遗传算法（GA）,GA,69,0.105694762241228,202
XAM-N6,遗传算法（GA）,GA,70,0.105694762241228,202
XAM-N6,遗传算法（GA）,GA,71,0.105694762241228,202
XAM-N6,遗传算法（GA）,GA,72,0.105694762241228,202
XAM-N6,遗传算法（GA）,GA,73,0.105694762241228,202
XAM-N6,遗传算法（GA）,GA,74,0.105694762241228,202
XAM-N6,遗传算法（GA）,GA,75,0.105694762241228,202
XAM-N6,遗传算法（GA）,GA,76,0.105694762241228,202
XAM-N6,遗传算法（GA）,GA,77,0.105694762241228,202
XAM-N6,遗传算法（GA）,GA,78,0.105694762241228,202
XAM-N6,遗传算法（GA）,GA,79,0.105694762241228,202
XAM-N6,遗传算法（GA）,GA,80,0.105694762241228,202
XAM-N6,遗传算法（GA）,GA,81,0.105694762241228,202
XAM-N6,遗传算法（GA）,GA,82,0.105694762241228,202
XAM-N6,遗传算法（GA）,GA,83,0.105694762241228,202
XAM-N6,遗传算法（GA）,GA,84,0.105694762241228,202
XAM-N6,遗传算法（GA）,GA,85,0.105694762241228,202
XAM-N6,遗传算法（GA）,GA,86,0.105694762241228,202
XAM-N6,遗传算法（GA）,GA,87,0.1056226632609054,202
XAM-N6,遗传算法（GA）,GA,88,0.1056226632609054,202
XAM-N6,遗传算法（GA）,GA,89,0.1056226632609054,202
XAM-N6,遗传算法（GA）,GA,90,0.1056226632609054,202
XAM-N6,遗传算法（GA）,GA,91,0.1056226632609054,202
XAM-N6,遗传算法（GA）,GA,92,0.1056226632609054,202
XAM-N6,遗传算法（GA）,GA,93,0.1056226632609054,202
XAM-N6,遗传算法（GA）,GA,94,0.1056226632609054,202
XAM-N6,遗传算法（GA）,GA,95,0.1056226632609054,202
XAM-N6,遗传算法（GA）,GA,96,0.1056226632609054,202
XAM-N6,遗传算法（GA）,GA,97,0.1056226632609054,202
XAM-N6,遗传算法（GA）,GA,98,0.1056226632609054,202
XAM-N6,遗传算法（GA）,GA,99,0.1056226632609054,202
XAM-N6,遗传算法（GA）,GA,100,0.1056226632609054,202
XAM-N6,遗传算法（GA）,GA,1,0.2082883335885453,303
XAM-N6,遗传算法（GA）,GA,2,0.1753023157433073,303
XAM-N6,遗传算法（GA）,GA,3,0.1753023157433073,303
XAM-N6,遗传算法（GA）,GA,4,0.1753023157433073,303
XAM-N6,遗传算法（GA）,GA,5,0.1753023157433073,303
XAM-N6,遗传算法（GA）,GA,6,0.1753023157433073,303
XAM-N6,遗传算法（GA）,GA,7,0.1737871853051263,303
XAM-N6,遗传算法（GA）,GA,8,0.1737871853051263,303
XAM-N6,遗传算法（GA）,GA,9,0.1737871853051263,303
XAM-N6,遗传算法（GA）,GA,10,0.1737871853051263,303
XAM-N6,遗传算法（GA）,GA,11,0.1737871853051263,303
XAM-N6,遗传算法（GA）,GA,12,0.1737871853051263,303
XAM-N6,遗传算法（GA）,GA,13,0.1594229296465316,303
XAM-N6,遗传算法（GA）,GA,14,0.1594229296465316,303
XAM-N6,遗传算法（GA）,GA,15,0.1594229296465316,303
XAM-N6,遗传算法（GA）,GA,16,0.1594229296465316,303
XAM-N6,遗传算法（GA）,GA,17,0.1594229296465316,303
XAM-N6,遗传算法（GA）,GA,18,0.1594229296465316,303
XAM-N6,遗传算法（GA）,GA,19,0.1594229296465316,303
XAM-N6,遗传算法（GA）,GA,20,0.1594229296465316,303
XAM-N6,遗传算法（GA）,GA,21,0.1367257415032679,303
XAM-N6,遗传算法（GA）,GA,22,0.1367257415032679,303
XAM-N6,遗传算法（GA）,GA,23,0.1367257415032679,303
XAM-N6,遗传算法（GA）,GA,24,0.1367257415032679,303
XAM-N6,遗传算法（GA）,GA,25,0.1367257415032679,303
XAM-N6,遗传算法（GA）,GA,26,0.1367257415032679,303
XAM-N6,遗传算法（GA）,GA,27,0.1367257415032679,303
XAM-N6,遗传算法（GA）,GA,28,0.1227772643974955,303
XAM-N6,遗传算法（GA）,GA,29,0.1227772643974955,303
XAM-N6,遗传算法（GA）,GA,30,0.1227772643974955,303
XAM-N6,遗传算法（GA）,GA,31,0.1227772643974955,303
XAM-N6,遗传算法（GA）,GA,32,0.1227772643974955,303
XAM-N6,遗传算法（GA）,GA,33,0.1227772643974955,303
XAM-N6,遗传算法（GA）,GA,34,0.1227772643974955,303
XAM-N6,遗传算法（GA）,GA,35,0.1227772643974955,303
XAM-N6,遗传算法（GA）,GA,36,0.1227772643974955,303
XAM-N6,遗传算法（GA）,GA,37,0.1227772643974955,303
XAM-N6,遗传算法（GA）,GA,38,0.1227772643974955,303
XAM-N6,遗传算法（GA）,GA,39,0.1227772643974955,303
XAM-N6,遗传算法（GA）,GA,40,0.1227772643974955,303
XAM-N6,遗传算法（GA）,GA,41,0.1227772643974955,303
XAM-N6,遗传算法（GA）,GA,42,0.1227772643974955,303
XAM-N6,遗传算法（GA）,GA,43,0.1227772643974955,303
XAM-N6,遗传算法（GA）,GA,44,0.1227772643974955,303
XAM-N6,遗传算法（GA）,GA,45,0.1227772643974955,303
XAM-N6,遗传算法（GA）,GA,46,0.1227772643974955,303
XAM-N6,遗传算法（GA）,GA,47,0.1171862507920618,303
XAM-N6,遗传算法（GA）,GA,48,0.1171862507920618,303
XAM-N6,遗传算法（GA）,GA,49,0.1171862507920618,303
XAM-N6,遗传算法（GA）,GA,50,0.1171862507920618,303
XAM-N6,遗传算法（GA）,GA,51,0.1171862507920618,303
XAM-N6,遗传算法（GA）,GA,52,0.1171862507920618,303
XAM-N6,遗传算法（GA）,GA,53,0.1171862507920618,303
XAM-N6,遗传算法（GA）,GA,54,0.1099211454121645,303
XAM-N6,遗传算法（GA）,GA,55,0.1099211454121645,303
XAM-N6,遗传算法（GA）,GA,56,0.1099211454121645,303
XAM-N6,遗传算法（GA）,GA,57,0.1099211454121645,303
XAM-N6,遗传算法（GA）,GA,58,0.1099211454121645,303
XAM-N6,遗传算法（GA）,GA,59,0.1099211454121645,303
XAM-N6,遗传算法（GA）,GA,60,0.1099211454121645,303
XAM-N6,遗传算法（GA）,GA,61,0.1099211454121645,303
XAM-N6,遗传算法（GA）,GA,62,0.1099211454121645,303
XAM-N6,遗传算法（GA）,GA,63,0.1067396554579954,303
XAM-N6,遗传算法（GA）,GA,64,0.1067396554579954,303
XAM-N6,遗传算法（GA）,GA,65,0.1067396554579954,303
XAM-N6,遗传算法（GA）,GA,66,0.1067396554579954,303
XAM-N6,遗传算法（GA）,GA,67,0.1033600364674244,303
XAM-N6,遗传算法（GA）,GA,68,0.1033600364674244,303
XAM-N6,遗传算法（GA）,GA,69,0.1033600364674244,303
XAM-N6,遗传算法（GA）,GA,70,0.1033600364674244,303
XAM-N6,遗传算法（GA）,GA,71,0.1033600364674244,303
XAM-N6,遗传算法（GA）,GA,72,0.1033600364674244,303
XAM-N6,遗传算法（GA）,GA,73,0.1033600364674244,303
XAM-N6,遗传算法（GA）,GA,74,0.1033600364674244,303
XAM-N6,遗传算法（GA）,GA,75,0.1033600364674244,303
XAM-N6,遗传算法（GA）,GA,76,0.1033600364674244,303
XAM-N6,遗传算法（GA）,GA,77,0.1033600364674244,303
XAM-N6,遗传算法（GA）,GA,78,0.1033600364674244,303
XAM-N6,遗传算法（GA）,GA,79,0.1033600364674244,303
XAM-N6,遗传算法（GA）,GA,80,0.1033600364674244,303
XAM-N6,遗传算法（GA）,GA,81,0.1033600364674244,303
XAM-N6,遗传算法（GA）,GA,82,0.1033600364674244,303
XAM-N6,遗传算法（GA）,GA,83,0.1033600364674244,303
XAM-N6,遗传算法（GA）,GA,84,0.1033600364674244,303
XAM-N6,遗传算法（GA）,GA,85,0.1033600364674244,303
XAM-N6,遗传算法（GA）,GA,86,0.1033600364674244,303
XAM-N6,遗传算法（GA）,GA,87,0.1033600364674244,303
XAM-N6,遗传算法（GA）,GA,88,0.1033600364674244,303
XAM-N6,遗传算法（GA）,GA,89,0.1033600364674244,303
XAM-N6,遗传算法（GA）,GA,90,0.1033600364674244,303
XAM-N6,遗传算法（GA）,GA,91,0.1033600364674244,303
XAM-N6,遗传算法（GA）,GA,92,0.1033600364674244,303
XAM-N6,遗传算法（GA）,GA,93,0.1033600364674244,303
XAM-N6,遗传算法（GA）,GA,94,0.1033600364674244,303
XAM-N6,遗传算法（GA）,GA,95,0.1033600364674244,303
XAM-N6,遗传算法（GA）,GA,96,0.1033600364674244,303
XAM-N6,遗传算法（GA）,GA,97,0.1033600364674244,303
XAM-N6,遗传算法（GA）,GA,98,0.1033600364674244,303
XAM-N6,遗传算法（GA）,GA,99,0.1033600364674244,303
XAM-N6,遗传算法（GA）,GA,100,0.1033600364674244,303
XAM-N6,遗传算法（GA）,GA,1,0.23340999417338665,404
XAM-N6,遗传算法（GA）,GA,2,0.21385379631991083,404
XAM-N6,遗传算法（GA）,GA,3,0.21385379631991083,404
XAM-N6,遗传算法（GA）,GA,4,0.21385379631991083,404
XAM-N6,遗传算法（GA）,GA,5,0.21385379631991083,404
XAM-N6,遗传算法（GA）,GA,6,0.21385379631991083,404
XAM-N6,遗传算法（GA）,GA,7,0.21385379631991083,404
XAM-N6,遗传算法（GA）,GA,8,0.21385379631991083,404
XAM-N6,遗传算法（GA）,GA,9,0.21385379631991083,404
XAM-N6,遗传算法（GA）,GA,10,0.21385379631991083,404
XAM-N6,遗传算法（GA）,GA,11,0.21385379631991083,404
XAM-N6,遗传算法（GA）,GA,12,0.17314518519050826,404
XAM-N6,遗传算法（GA）,GA,13,0.17314518519050826,404
XAM-N6,遗传算法（GA）,GA,14,0.17314518519050826,404
XAM-N6,遗传算法（GA）,GA,15,0.17314518519050826,404
XAM-N6,遗传算法（GA）,GA,16,0.17314518519050826,404
XAM-N6,遗传算法（GA）,GA,17,0.17314518519050826,404
XAM-N6,遗传算法（GA）,GA,18,0.17314518519050826,404
XAM-N6,遗传算法（GA）,GA,19,0.17314518519050826,404
XAM-N6,遗传算法（GA）,GA,20,0.17314518519050826,404
XAM-N6,遗传算法（GA）,GA,21,0.17314518519050826,404
XAM-N6,遗传算法（GA）,GA,22,0.17314518519050826,404
XAM-N6,遗传算法（GA）,GA,23,0.17314518519050826,404
XAM-N6,遗传算法（GA）,GA,24,0.17314518519050826,404
XAM-N6,遗传算法（GA）,GA,25,0.17314518519050826,404
XAM-N6,遗传算法（GA）,GA,26,0.17314518519050826,404
XAM-N6,遗传算法（GA）,GA,27,0.17314518519050826,404
XAM-N6,遗传算法（GA）,GA,28,0.17314518519050826,404
XAM-N6,遗传算法（GA）,GA,29,0.17314518519050826,404
XAM-N6,遗传算法（GA）,GA,30,0.17314518519050826,404
XAM-N6,遗传算法（GA）,GA,31,0.17314518519050826,404
XAM-N6,遗传算法（GA）,GA,32,0.17314518519050826,404
XAM-N6,遗传算法（GA）,GA,33,0.17314518519050826,404
XAM-N6,遗传算法（GA）,GA,34,0.17314518519050826,404
XAM-N6,遗传算法（GA）,GA,35,0.17314518519050826,404
XAM-N6,遗传算法（GA）,GA,36,0.17314518519050826,404
XAM-N6,遗传算法（GA）,GA,37,0.17314518519050826,404
XAM-N6,遗传算法（GA）,GA,38,0.17314518519050826,404
XAM-N6,遗传算法（GA）,GA,39,0.15616878087087327,404
XAM-N6,遗传算法（GA）,GA,40,0.15616878087087327,404
XAM-N6,遗传算法（GA）,GA,41,0.15616878087087327,404
XAM-N6,遗传算法（GA）,GA,42,0.15616878087087327,404
XAM-N6,遗传算法（GA）,GA,43,0.15616878087087327,404
XAM-N6,遗传算法（GA）,GA,44,0.15616878087087327,404
XAM-N6,遗传算法（GA）,GA,45,0.15616878087087327,404
XAM-N6,遗传算法（GA）,GA,46,0.15616878087087327,404
XAM-N6,遗传算法（GA）,GA,47,0.15616878087087327,404
XAM-N6,遗传算法（GA）,GA,48,0.15616878087087327,404
XAM-N6,遗传算法（GA）,GA,49,0.15616878087087327,404
XAM-N6,遗传算法（GA）,GA,50,0.15616878087087327,404
XAM-N6,遗传算法（GA）,GA,51,0.15616878087087327,404
XAM-N6,遗传算法（GA）,GA,52,0.15616878087087327,404
XAM-N6,遗传算法（GA）,GA,53,0.15616878087087327,404
XAM-N6,遗传算法（GA）,GA,54,0.15616878087087327,404
XAM-N6,遗传算法（GA）,GA,55,0.15616878087087327,404
XAM-N6,遗传算法（GA）,GA,56,0.15616878087087327,404
XAM-N6,遗传算法（GA）,GA,57,0.15616878087087327,404
XAM-N6,遗传算法（GA）,GA,58,0.13940556808248855,404
XAM-N6,遗传算法（GA）,GA,59,0.13940556808248855,404
XAM-N6,遗传算法（GA）,GA,60,0.13940556808248855,404
XAM-N6,遗传算法（GA）,GA,61,0.13940556808248855,404
XAM-N6,遗传算法（GA）,GA,62,0.13940556808248855,404
XAM-N6,遗传算法（GA）,GA,63,0.13940556808248855,404
XAM-N6,遗传算法（GA）,GA,64,0.13940556808248855,404
XAM-N6,遗传算法（GA）,GA,65,0.13940556808248855,404
XAM-N6,遗传算法（GA）,GA,66,0.13940556808248855,404
XAM-N6,遗传算法（GA）,GA,67,0.13940556808248855,404
XAM-N6,遗传算法（GA）,GA,68,0.13940556808248855,404
XAM-N6,遗传算法（GA）,GA,69,0.13940556808248855,404
XAM-N6,遗传算法（GA）,GA,70,0.13940556808248855,404
XAM-N6,遗传算法（GA）,GA,71,0.13940556808248855,404
XAM-N6,遗传算法（GA）,GA,72,0.13940556808248855,404
XAM-N6,遗传算法（GA）,GA,73,0.13940556808248855,404
XAM-N6,遗传算法（GA）,GA,74,0.13940556808248855,404
XAM-N6,遗传算法（GA）,GA,75,0.13940556808248855,404
XAM-N6,遗传算法（GA）,GA,76,0.13684570192506118,404
XAM-N6,遗传算法（GA）,GA,77,0.13684570192506118,404
XAM-N6,遗传算法（GA）,GA,78,0.13684570192506118,404
XAM-N6,遗传算法（GA）,GA,79,0.13684570192506118,404
XAM-N6,遗传算法（GA）,GA,80,0.13684570192506118,404
XAM-N6,遗传算法（GA）,GA,81,0.13684570192506118,404
XAM-N6,遗传算法（GA）,GA,82,0.13684570192506118,404
XAM-N6,遗传算法（GA）,GA,83,0.13684570192506118,404
XAM-N6,遗传算法（GA）,GA,84,0.13684570192506118,404
XAM-N6,遗传算法（GA）,GA,85,0.13684570192506118,404
XAM-N6,遗传算法（GA）,GA,86,0.13684570192506118,404
XAM-N6,遗传算法（GA）,GA,87,0.13684570192506118,404
XAM-N6,遗传算法（GA）,GA,88,0.13684570192506118,404
XAM-N6,遗传算法（GA）,GA,89,0.13684570192506118,404
XAM-N6,遗传算法（GA）,GA,90,0.13684570192506118,404
XAM-N6,遗传算法（GA）,GA,91,0.13684570192506118,404
XAM-N6,遗传算法（GA）,GA,92,0.13684570192506118,404
XAM-N6,遗传算法（GA）,GA,93,0.13684570192506118,404
XAM-N6,遗传算法（GA）,GA,94,0.13684570192506118,404
XAM-N6,遗传算法（GA）,GA,95,0.13684570192506118,404
XAM-N6,遗传算法（GA）,GA,96,0.13684570192506118,404
XAM-N6,遗传算法（GA）,GA,97,0.13684570192506118,404
XAM-N6,遗传算法（GA）,GA,98,0.13049807554339382,404
XAM-N6,遗传算法（GA）,GA,99,0.13049807554339382,404
XAM-N6,遗传算法（GA）,GA,100,0.13049807554339382,404
